Crash_Severity,Crash_Year,Crash_Month,Crash_Day_Of_Week,Crash_Hour,Crash_Nature,Crash_Type,Crash_Longitude,Crash_Latitude,Crash_Street,Crash_Street_Intersecting,State_Road_Name,Loc_Suburb,Loc_Local_Government_Area,Loc_Post_Code,Loc_Police_Division,Loc_Police_District,Loc_Police_Region,Loc_Queensland_Transport_Region,Loc_Main_Roads_Region,Loc_ABS_Statistical_Area_2,Loc_ABS_Statistical_Area_3,Loc_ABS_Statistical_Area_4,Loc_ABS_Remoteness,Loc_State_Electorate,Loc_Federal_Electorate,Crash_Controlling_Authority,Crash_Roadway_Feature,Crash_Traffic_Control,Crash_Speed_Limit,Crash_Road_Surface_Condition,Crash_Atmospheric_Condition,Crash_Lighting_Condition,Crash_Road_Horiz_Align,Crash_Road_Vert_Align,Crash_DCA_Code,Crash_DCA_Description,Crash_DCA_Group_Description,DCA_Key_Approach_Dir,Count_Casualty_Fatality,Count_Casualty_Hospitalised,Count_Casualty_MedicallyTreated,Count_Casualty_MinorInjury,Count_Casualty_Total,Count_Unit_Car,Count_Unit_Motorcycle_Moped,Count_Unit_Truck,Count_Unit_Bus,Count_Unit_Bicycle,Count_Unit_Pedestrian,Count_Unit_Other,
214204,Hospitalisation,2021,June,Saturday,0,Head-on,Multi-Vehicle,152.7089882,-26.3484094,Mary Valley Rd,,Gympie - Brooloo Road,Amamoor,Gympie Region,4570,Imbil,Wide Bay Burnett,North Coast,Southern,Southern Queensland,Gympie Region,Gympie - Cooloola,Wide Bay,Inner Regional,Gympie,Wide Bay,State-controlled,No Roadway Feature,No traffic control,100 - 110 km/h,Sealed - Dry,Clear,Darkness - Not lighted,Curved - view obscured,Crest,201,Veh'S Opposite Approach: Head On,Head-on,N,0,1,0,0,1,2,0,0,0,0,0,0
214364,Hospitalisation,2021,January,Saturday,5,Hit object,Single Vehicle,152.3511963,-25.96084537,Brooweena - Woolooga Rd,,Brooweena - Woolooga Road,Woolooga,Gympie Region,4570,Kilkivan,Wide Bay Burnett,North Coast,Southern,Southern Queensland,Kilkivan,Gympie - Cooloola,Wide Bay,Inner Regional,Nanango,Wide Bay,State-controlled,No Roadway Feature,No traffic control,100 - 110 km/h,Sealed - Dry,Clear,Dawn/Dusk,Straight,Grade,705,Off Path-Straight:Out Of Control On Cway,Out of control on straight,N,0,1,0,0,1,1,0,0,0,0,0,0
214365,Hospitalisation,2021,April,Sunday,15,Hit object,Single Vehicle,152.3823273,-26.01363837,Bauple - Woolooga Rd,,Bauple - Woolooga Road,Woolooga,Gympie Region,4570,Kilkivan,Wide Bay Burnett,North Coast,Southern,Southern Queensland,Kilkivan,Gympie - Cooloola,Wide Bay,Inner Regional,Nanango,Wide Bay,State-controlled,No Roadway Feature,No traffic control,100 - 110 km/h,Sealed - Dry,Clear,Daylight,Curved - view open,Level,800,Off Path-Curve: Other,Other,W,0,2,0,0,2,1,0,0,0,0,0,0
214366,Hospitalisation,2021,May,Tuesday,10,Overturned,Single Vehicle,152.3870381,-25.99870459,Bauple - Woolooga Rd,,Bauple - Woolooga Road,Woolooga,Gympie Region,4570,Kilkivan,Wide Bay Burnett,North Coast,Southern,Southern Queensland,Kilkivan,Gympie - Cooloola,Wide Bay,Inner Regional,Nanango,Wide Bay,State-controlled,No Roadway Feature,No traffic control,100 - 110 km/h,Sealed - Dry,Clear,Daylight,Curved - view open,Grade,804,Off Path-Curve: Off Cway Lt Bend Hit Obj,Off carriageway on curve hit object,W,0,2,0,0,2,1,0,0,0,0,0,0
214367,Medical treatment,2021,May,Tuesday,12,Overturned,Single Vehicle,152.2446093,-26.15500036,Black Snake Rd,,,Black Snake,Gympie Region,4600,Kilkivan,Wide Bay Burnett,North Coast,Southern,Southern Queensland,Kilkivan,Gympie - Cooloola,Wide Bay,Outer Regional,Nanango,Wide Bay,Locally-controlled,No Roadway Feature,No traffic control,60 km/h,Sealed - Dry,Clear,Daylight,Curved - view open,Dip,803,Off Path-Curve: Off Cway Rt Bend Hit Obj,Off carriageway on curve hit object,W,0,0,1,0,1,1,0,0,0,0,0,0
214368,Fatal,2021,May,Saturday,9,Head-on,Multi-Vehicle,152.2603363,-26.08036436,Rossmore Rd,Wide Bay Hwy,Wide Bay Highway (Gympie - Goomeri),Kilkivan,Gympie Region,4600,Kilkivan,Wide Bay Burnett,North Coast,Southern,Southern Queensland,Kilkivan,Gympie - Cooloola,Wide Bay,Outer Regional,Nanango,Wide Bay,State-controlled,Intersection - Cross,No traffic control,100 - 110 km/h,Sealed - Dry,Clear,Daylight,Straight,Dip,202,Veh'S Opposite Approach: Thru-Right,Opposing vehicles turning,E,1,0,0,0,1,1,0,0,0,1,0,0
214369,Medical treatment,2021,May,Saturday,8,Overturned,Single Vehicle,152.3604503,-25.97662937,Brooweena - Woolooga Rd,,Brooweena - Woolooga Road,Woolooga,Gympie Region,4570,Kilkivan,Wide Bay Burnett,North Coast,Southern,Southern Queensland,Kilkivan,Gympie - Cooloola,Wide Bay,Inner Regional,Nanango,Wide Bay,State-controlled,No Roadway Feature,No traffic control,100 - 110 km/h,Sealed - Wet,Clear,Daylight,Straight,Grade,705,Off Path-Straight:Out Of Control On Cway,Out of control on straight,W,0,0,2,0,2,1,0,0,0,0,0,0
215281,Hospitalisation,2021,January,Wednesday,12,Angle,Multi-Vehicle,151.8361553,-26.54060132,Alford St,Youngman St,Bunya Highway (Dalby - Kingaroy),Kingaroy,South Burnett Region,4610,Kingaroy,Darling Downs,Southern,Southern,Southern Queensland,Kingaroy,Burnett,Wide Bay,Inner Regional,Nanango,Maranoa,State-controlled,Intersection - Cross,Operating traffic lights,60 km/h,Sealed - Dry,Clear,Daylight,Straight,Level,101,Veh'S Adjacent Approach: Thru-Thru,Intersection from adjacent approaches,E,0,3,0,0,3,2,0,0,0,0,0,0
215282,Hospitalisation,2021,January,Wednesday,14,Overturned,Single Vehicle,151.9058133,-26.60282333,D'Aguilar Hwy,,D'Aguilar Highway (Yarraman - Kingaroy),Coolabunia,South Burnett Region,4610,Kingaroy,Darling Downs,Southern,Southern,Southern Queensland,Kingaroy Region - South,Burnett,Wide Bay,Inner Regional,Nanango,Maranoa,State-controlled,No Roadway Feature,No traffic control,100 - 110 km/h,Sealed - Dry,Clear,Daylight,Straight,Level,705,Off Path-Straight:Out Of Control On Cway,Out of control on straight,S,0,1,0,0,1,1,0,0,0,0,0,0
215283,Fatal,2021,January,Sunday,4,Overturned,Single Vehicle,151.8175763,-26.59218732,Bunya Hwy,,Bunya Highway (Dalby - Kingaroy),Taabinga,South Burnett Region,4610,Kingaroy,Darling Downs,Southern,Southern,Southern Queensland,Kingaroy Region - South,Burnett,Wide Bay,Inner Regional,Nanango,Maranoa,State-controlled,No Roadway Feature,No traffic control,100 - 110 km/h,Sealed - Dry,Clear,Dawn/Dusk,Curved - view open,Level,803,Off Path-Curve: Off Cway Rt Bend Hit Obj,Off carriageway on curve hit object,S,2,1,0,0,3,1,0,0,0,0,0,0
215284,Hospitalisation,2021,January,Sunday,15,Overturned,Single Vehicle,151.7810165,-26.54713035,River Rd,,,Inverlaw,South Burnett Region,4610,Kingaroy,Darling Downs,Southern,Southern,Southern Queensland,Kingaroy Region - South,Burnett,Wide Bay,Inner Regional,Nanango,Maranoa,Locally-controlled,No Roadway Feature,No traffic control,100 - 110 km/h,Sealed - Dry,Clear,Daylight,Curved - view open,Level,801,Off Path-Curve: Off Cway Right Bend,Off carriageway on curve,E,0,1,1,0,2,1,0,0,0,0,0,0
215285,Hospitalisation,2021,February,Monday,13,Angle,Multi-Vehicle,151.8364493,-26.53889432,Haly St,Youngman St,Bunya Highway (Dalby - Kingaroy),Kingaroy,South Burnett Region,4610,Kingaroy,Darling Downs,Southern,Southern,Southern Queensland,Kingaroy,Burnett,Wide Bay,Inner Regional,Nanango,Maranoa,State-controlled,Intersection - Cross,Operating traffic lights,60 km/h,Sealed - Dry,Clear,Daylight,Straight,Level,101,Veh'S Adjacent Approach: Thru-Thru,Intersection from adjacent approaches,S,0,2,0,0,2,2,0,0,0,0,0,0
215286,Medical treatment,2021,February,Friday,10,Hit object,Single Vehicle,151.8159078,-26.67208541,Kingaroy - Cooyar Rd,,Kingaroy - Cooyar Road,Goodger,South Burnett Region,4610,Kingaroy,Darling Downs,Southern,Southern,Southern Queensland,Kingaroy Region - South,Burnett,Wide Bay,Inner Regional,Nanango,Maranoa,State-controlled,No Roadway Feature,No traffic control,100 - 110 km/h,Sealed - Dry,Clear,Daylight,Curved - view open,Level,803,Off Path-Curve: Off Cway Rt Bend Hit Obj,Off carriageway on curve hit object,S,0,0,1,0,1,1,0,0,0,0,0,0
215287,Hospitalisation,2021,February,Monday,14,Angle,Multi-Vehicle,151.8361553,-26.54060132,Alford St,Youngman St,Bunya Highway (Dalby - Kingaroy),Kingaroy,South Burnett Region,4610,Kingaroy,Darling Downs,Southern,Southern,Southern Queensland,Kingaroy,Burnett,Wide Bay,Inner Regional,Nanango,Maranoa,State-controlled,Intersection - Cross,Operating traffic lights,60 km/h,Sealed - Dry,Clear,Daylight,Straight,Level,101,Veh'S Adjacent Approach: Thru-Thru,Intersection from adjacent approaches,E,0,1,0,0,1,2,0,0,0,0,0,0
215288,Medical treatment,2021,February,Thursday,12,Hit object,Single Vehicle,151.8358803,-26.54231832,Markwell St,Youngman St,Bunya Highway (Dalby - Kingaroy),Kingaroy,South Burnett Region,4610,Kingaroy,Darling Downs,Southern,Southern,Southern Queensland,Kingaroy,Burnett,Wide Bay,Inner Regional,Nanango,Maranoa,State-controlled,Intersection - Cross,Operating traffic lights,60 km/h,Sealed - Dry,Clear,Daylight,Straight,Level,202,Veh'S Opposite Approach: Thru-Right,Opposing vehicles turning,N,0,0,1,0,1,1,0,1,0,0,0,0
215289,Hospitalisation,2021,March,Thursday,11,Angle,Multi-Vehicle,151.8237783,-26.57207932,Bunya Hwy,Geritz Rd,Bunya Highway (Dalby - Kingaroy),Taabinga,South Burnett Region,4610,Kingaroy,Darling Downs,Southern,Southern,Southern Queensland,Kingaroy Region - South,Burnett,Wide Bay,Inner Regional,Nanango,Maranoa,State-controlled,Intersection - Cross,Stop sign,100 - 110 km/h,Sealed - Dry,Clear,Daylight,Straight,Level,104,Veh'S Adjacent Approach: Thru-Right,Intersection from adjacent approaches,S,0,1,0,0,1,2,0,0,0,0,0,0
215290,Hospitalisation,2021,March,Friday,22,Hit object,Single Vehicle,151.8159303,-26.41356132,Bunya Hwy,,Bunya Highway (Kingaroy - Goomeri),Wooroolin,South Burnett Region,4608,Kingaroy,Darling Downs,Southern,Southern,Southern Queensland,Kingaroy Region - South,Burnett,Wide Bay,Outer Regional,Nanango,Maranoa,State-controlled,No Roadway Feature,No traffic control,60 km/h,Sealed - Dry,Clear,Darkness - Not lighted,Curved - view open,Level,804,Off Path-Curve: Off Cway Lt Bend Hit Obj,Off carriageway on curve hit object,S,0,1,0,0,1,1,0,0,0,0,0,0
215291,Hospitalisation,2021,April,Thursday,7,Angle,Multi-Vehicle,151.8397553,-26.51830232,Bunya Hwy,Taylors Rd,Bunya Highway (Kingaroy - Goomeri),Crawford,South Burnett Region,4610,Kingaroy,Darling Downs,Southern,Southern,Southern Queensland,Kingaroy,Burnett,Wide Bay,Inner Regional,Nanango,Maranoa,State-controlled,Intersection - Cross,Give way sign,100 - 110 km/h,Sealed - Dry,Clear,Daylight,Straight,Level,104,Veh'S Adjacent Approach: Thru-Right,Intersection from adjacent approaches,S,0,1,0,0,1,1,1,0,0,0,0,0
215292,Medical treatment,2021,April,Wednesday,8,Rear-end,Multi-Vehicle,151.8396163,-26.55243232,Railway Tce,River Rd,,Kingaroy,South Burnett Region,4610,Kingaroy,Darling Downs,Southern,Southern,Southern Queensland,Kingaroy,Burnett,Wide Bay,Inner Regional,Nanango,Maranoa,Locally-controlled,Intersection - Cross,Give way sign,0 - 50 km/h,Sealed - Dry,Clear,Daylight,Straight,Level,303,Veh'S Same Direction: Right Rear,Rear-end,N,0,0,2,0,2,1,0,0,1,0,0,0
215293,Hospitalisation,2021,April,Wednesday,9,Angle,Multi-Vehicle,151.8404453,-26.53591532,Albert St,Kent St,,Kingaroy,South Burnett Region,4610,Kingaroy,Darling Downs,Southern,Southern,Southern Queensland,Kingaroy,Burnett,Wide Bay,Inner Regional,Nanango,Maranoa,Locally-controlled,Intersection - Cross,Give way sign,0 - 50 km/h,Sealed - Dry,Clear,Daylight,Straight,Level,101,Veh'S Adjacent Approach: Thru-Thru,Intersection from adjacent approaches,N,0,2,0,0,2,2,0,0,0,0,0,0
215294,Medical treatment,2021,April,Wednesday,14,Rear-end,Multi-Vehicle,151.8597273,-26.54016232,Doonkuna St,Tessmans Rd,,Kingaroy,South Burnett Region,4610,Kingaroy,Darling Downs,Southern,Southern,Southern Queensland,Kingaroy,Burnett,Wide Bay,Inner Regional,Nanango,Maranoa,Locally-controlled,Intersection - T-Junction,No traffic control,60 km/h,Sealed - Dry,Clear,Daylight,Straight,Level,303,Veh'S Same Direction: Right Rear,Rear-end,S,0,0,1,0,1,2,0,0,0,0,0,0
215295,Hospitalisation,2021,April,Wednesday,15,Angle,Multi-Vehicle,151.8237783,-26.57207932,Bunya Hwy,Geritz Rd,Bunya Highway (Dalby - Kingaroy),Taabinga,South Burnett Region,4610,Kingaroy,Darling Downs,Southern,Southern,Southern Queensland,Kingaroy Region - South,Burnett,Wide Bay,Inner Regional,Nanango,Maranoa,State-controlled,Intersection - Cross,No traffic control,100 - 110 km/h,Sealed - Dry,Clear,Daylight,Straight,Level,308,Veh'S Same Direction: Right Turn S/Swipe,Parallel lanes turning,E,0,1,1,0,2,2,0,0,0,0,0,0
215296,Medical treatment,2021,May,Monday,20,Hit object,Single Vehicle,151.9178013,-26.51815433,Kingaroy - Barkers Creek Rd,,Kingaroy - Barker'S Creek Road,Booie,South Burnett Region,4610,Kingaroy,Darling Downs,Southern,Southern,Southern Queensland,Kingaroy Region - South,Burnett,Wide Bay,Inner Regional,Nanango,Maranoa,State-controlled,No Roadway Feature,No traffic control,100 - 110 km/h,Sealed - Dry,Clear,Darkness - Not lighted,Curved - view open,Level,803,Off Path-Curve: Off Cway Rt Bend Hit Obj,Off carriageway on curve hit object,E,0,0,1,0,1,1,0,0,0,0,0,0
215297,Hospitalisation,2021,May,Thursday,9,Hit pedestrian,Hit pedestrian,151.8361553,-26.54060132,Alford St,Youngman St,Bunya Highway (Dalby - Kingaroy),Kingaroy,South Burnett Region,4610,Kingaroy,Darling Downs,Southern,Southern,Southern Queensland,Kingaroy,Burnett,Wide Bay,Inner Regional,Nanango,Maranoa,State-controlled,Intersection - Cross,Operating traffic lights,60 km/h,Sealed - Dry,Clear,Daylight,Straight,Level,3,Ped'N: Far Side Vehicle Hit From Left,Pedestrian,E,0,1,0,0,1,1,0,0,0,0,1,0
215298,Hospitalisation,2021,May,Wednesday,5,Fall from vehicle,Single Vehicle,151.8516963,-26.56548932,D'Aguilar Hwy,Edenvale South Rd,D'Aguilar Highway (Yarraman - Kingaroy),Kingaroy,South Burnett Region,4610,Kingaroy,Darling Downs,Southern,Southern,Southern Queensland,Kingaroy,Burnett,Wide Bay,Inner Regional,Nanango,Maranoa,State-controlled,Intersection - T-Junction,No traffic control,80 - 90 km/h,Sealed - Wet,Fog,Darkness - Not lighted,Curved - view open,Level,805,Off Path-Curve: Out Of Control On Cway,Out of control on curve,N,0,1,0,0,1,0,1,0,0,0,0,0
215299,Hospitalisation,2021,June,Tuesday,15,Angle,Multi-Vehicle,151.8397553,-26.51830232,Bunya Hwy,Taylors Rd,Bunya Highway (Kingaroy - Goomeri),Crawford,South Burnett Region,4610,Kingaroy,Darling Downs,Southern,Southern,Southern Queensland,Kingaroy,Burnett,Wide Bay,Inner Regional,Nanango,Maranoa,State-controlled,Intersection - Cross,Give way sign,100 - 110 km/h,Sealed - Dry,Clear,Daylight,Straight,Level,104,Veh'S Adjacent Approach: Thru-Right,Intersection from adjacent approaches,S,0,2,0,0,2,2,0,0,0,0,0,0
215300,Minor injury,2021,June,Wednesday,12,Angle,Multi-Vehicle,151.8382743,-26.54699432,Kingaroy St,,D'Aguilar Highway (Yarraman - Kingaroy),Kingaroy,South Burnett Region,4610,Kingaroy,Darling Downs,Southern,Southern,Southern Queensland,Kingaroy,Burnett,Wide Bay,Inner Regional,Nanango,Maranoa,State-controlled,No Roadway Feature,No traffic control,60 km/h,Sealed - Dry,Clear,Daylight,Straight,Level,408,Veh'S Manoeuvring: Entering From Footway,Vehicle leaving driveway,N,0,0,0,1,1,2,0,0,0,0,0,0
215301,Medical treatment,2021,June,Friday,15,Sideswipe,Multi-Vehicle,151.8383768,-26.54091002,Alford St,,,Kingaroy,South Burnett Region,4610,Kingaroy,Darling Downs,Southern,Southern,Southern Queensland,Kingaroy,Burnett,Wide Bay,Inner Regional,Nanango,Maranoa,Locally-controlled,No Roadway Feature,No traffic control,0 - 50 km/h,Sealed - Dry,Clear,Daylight,Straight,Level,309,Veh'S Same Direction: Left Turn S/Swipe,Parallel lanes turning,E,0,0,1,0,1,1,0,0,0,1,0,0
215302,Hospitalisation,2021,June,Friday,8,Overturned,Single Vehicle,151.7846563,-26.61179032,Bunya Hwy,Stuart Valley Dr,Bunya Highway (Dalby - Kingaroy),Taabinga,South Burnett Region,4610,Kingaroy,Darling Downs,Southern,Southern,Southern Queensland,Kingaroy Region - South,Burnett,Wide Bay,Inner Regional,Nanango,Maranoa,State-controlled,Intersection - Cross,Give way sign,100 - 110 km/h,Sealed - Dry,Clear,Daylight,Straight,Level,707,Off Path-Straight: Right Turn,Off carriageway on straight,N,0,1,0,0,1,0,0,1,0,0,0,0
215390,Hospitalisation,2021,February,Saturday,14,Hit object,Single Vehicle,151.6170273,-26.7319633,Bunya Mountains Rd,,Bunya Mountains Road,Alice Creek,South Burnett Region,4610,Kumbia,Darling Downs,Southern,Southern,Southern Queensland,Kingaroy Region - South,Burnett,Wide Bay,Outer Regional,Nanango,Maranoa,State-controlled,No Roadway Feature,No traffic control,60 km/h,Sealed - Dry,Clear,Daylight,Curved - view obscured,Crest,607,Veh'S On Path: Temporary Object On C'Way,Other,S,0,1,0,0,1,0,1,0,0,0,0,0
215391,Hospitalisation,2021,April,Sunday,16,Hit animal,Other,151.5902123,-26.7625703,Bunya Mountains Rd,,Bunya Mountains Road,Alice Creek,South Burnett Region,4610,Kumbia,Darling Downs,Southern,Southern,Southern Queensland,Kingaroy Region - South,Burnett,Wide Bay,Outer Regional,Nanango,Maranoa,State-controlled,No Roadway Feature,No traffic control,80 - 90 km/h,Sealed - Dry,Clear,Dawn/Dusk,Straight,Grade,609,Pass & Misc: Hit Animal,Hit animal,N,0,1,0,0,1,0,1,0,0,0,0,0
218284,Hospitalisation,2021,March,Wednesday,23,Hit object,Single Vehicle,151.1000418,-25.08824664,Abercorn Rd,,,Kapaldo,North Burnett Region,4630,Monto,Wide Bay Burnett,North Coast,Southern,Southern Queensland,Monto - Eidsvold,Burnett,Wide Bay,Outer Regional,Callide,Flynn,Locally-controlled,No Roadway Feature,No traffic control,100 - 110 km/h,Sealed - Wet,Raining,Darkness - Not lighted,Curved - view obscured,Grade,804,Off Path-Curve: Off Cway Lt Bend Hit Obj,Off carriageway on curve hit object,S,0,1,0,0,1,1,0,0,0,0,0,0
218285,Hospitalisation,2021,June,Thursday,16,Overturned,Single Vehicle,151.2308249,-25.09671437,Monto - Mount Perry Rd,,Monto - Mount Perry Road,Langley,North Burnett Region,4630,Monto,Wide Bay Burnett,North Coast,Southern,Southern Queensland,Monto - Eidsvold,Burnett,Wide Bay,Outer Regional,Callide,Flynn,State-controlled,Bridge/Causeway,No traffic control,0 - 50 km/h,Unsealed - Dry,Clear,Dawn/Dusk,Curved - view open,Dip,801,Off Path-Curve: Off Cway Right Bend,Off carriageway on curve,W,0,1,3,0,4,1,0,0,0,0,0,0
218384,Fatal,2021,February,Monday,8,Overturned,Single Vehicle,151.7631644,-25.2472133,Swindon Rd,,,Mount Perry,North Burnett Region,4671,Mount Perry,Wide Bay Burnett,North Coast,Southern,Southern Queensland,Monto - Eidsvold,Burnett,Wide Bay,Outer Regional,Callide,Flynn,Locally-controlled,No Roadway Feature,No traffic control,70 km/h,Sealed - Dry,Clear,Daylight,Curved - view open,Dip,805,Off Path-Curve: Out Of Control On Cway,Out of control on curve,E,1,0,0,0,1,0,0,1,0,0,0,0
218385,Hospitalisation,2021,April,Saturday,8,Overturned,Single Vehicle,151.6620804,-25.21989729,Gayndah - Mt Perry Rd,,Gayndah - Mount Perry Road,Mount Perry,North Burnett Region,4671,Mount Perry,Wide Bay Burnett,North Coast,Southern,Southern Queensland,Monto - Eidsvold,Burnett,Wide Bay,Outer Regional,Callide,Flynn,State-controlled,No Roadway Feature,No traffic control,100 - 110 km/h,Sealed - Dry,Clear,Daylight,Straight,Crest,705,Off Path-Straight:Out Of Control On Cway,Out of control on straight,N,0,1,1,0,2,0,0,0,1,0,0,0
218597,Hospitalisation,2021,February,Thursday,4,Hit object,Single Vehicle,151.3963704,-25.52909327,Burnett Hwy,,Burnett Highway (Gayndah - Monto),Mundowran,North Burnett Region,4626,Mundubbera,Wide Bay Burnett,North Coast,Southern,Southern Queensland,Gayndah - Mundubbera,Burnett,Wide Bay,Outer Regional,Callide,Flynn,State-controlled,Bridge/Causeway,No traffic control,60 km/h,Sealed - Dry,Clear,Dawn/Dusk,Curved - view open,Level,705,Off Path-Straight:Out Of Control On Cway,Out of control on straight,W,0,1,0,0,1,0,0,1,0,0,0,0
220719,Medical treatment,2021,January,Sunday,18,Hit object,Single Vehicle,152.6157403,-25.81559239,Bauple Rd,Mill St,,Bauple,Fraser Coast Region,4650,Tiaro,Wide Bay Burnett,North Coast,Southern,Southern Queensland,Maryborough Region - South,Maryborough,Wide Bay,Inner Regional,Gympie,Wide Bay,Locally-controlled,Intersection - T-Junction,Give way sign,60 km/h,Sealed - Wet,Clear,Dawn/Dusk,Straight,Dip,700,Off Path-Straight: Other,Other,W,0,0,1,0,1,1,0,0,0,0,0,0
220720,Hospitalisation,2021,January,Saturday,4,Overturned,Single Vehicle,152.5785083,-26.09300839,Bruce Hwy,,Bruce Highway (Gympie - Maryborough),Curra,Gympie Region,4570,Gympie,Wide Bay Burnett,North Coast,Southern,Southern Queensland,Gympie Region,Gympie - Cooloola,Wide Bay,Inner Regional,Gympie,Wide Bay,State-controlled,No Roadway Feature,No traffic control,100 - 110 km/h,Sealed - Dry,Clear,Darkness - Not lighted,Straight,Level,702,Off Path-Straight: Right Off Cway,Off carriageway on straight,N,0,1,0,0,1,0,0,1,0,0,0,0
220721,Hospitalisation,2021,January,Sunday,10,Rear-end,Multi-Vehicle,152.625255,-26.09351403,Harvey Siding Rd,,,Curra,Gympie Region,4570,Gympie,Wide Bay Burnett,North Coast,Southern,Southern Queensland,Gympie Region,Gympie - Cooloola,Wide Bay,Inner Regional,Gympie,Wide Bay,Locally-controlled,No Roadway Feature,No traffic control,100 - 110 km/h,Sealed - Dry,Clear,Daylight,Straight,Crest,302,Veh'S Same Direction: Left Rear,Rear-end,W,0,2,0,1,3,2,0,0,0,0,0,0
220722,Minor injury,2021,February,Monday,12,Head-on,Multi-Vehicle,152.5847162,-25.98293895,Neerdie Rd,,,Gunalda,Gympie Region,4570,Tiaro,Wide Bay Burnett,North Coast,Southern,Southern Queensland,Gympie Region,Gympie - Cooloola,Wide Bay,Inner Regional,Gympie,Wide Bay,Locally-controlled,No Roadway Feature,No traffic control,80 - 90 km/h,Sealed - Dry,Clear,Daylight,Curved - view obscured,Level,201,Veh'S Opposite Approach: Head On,Head-on,W,0,0,0,1,1,2,0,0,0,0,0,0
220723,Hospitalisation,2021,February,Thursday,14,Angle,Multi-Vehicle,152.5532563,-26.07863239,Curra Est Rd,Ian Dr,,Curra,Gympie Region,4570,Gympie,Wide Bay Burnett,North Coast,Southern,Southern Queensland,Gympie Region,Gympie - Cooloola,Wide Bay,Inner Regional,Gympie,Wide Bay,Locally-controlled,Intersection - T-Junction,No traffic control,80 - 90 km/h,Sealed - Dry,Clear,Daylight,Straight,Crest,202,Veh'S Opposite Approach: Thru-Right,Opposing vehicles turning,N,0,1,0,0,1,2,0,0,0,0,0,0
220724,Medical treatment,2021,February,Sunday,5,Hit object,Single Vehicle,152.5758613,-26.04784439,Bruce Hwy,,Bruce Highway (Gympie - Maryborough),Curra,Gympie Region,4570,Gympie,Wide Bay Burnett,North Coast,Southern,Southern Queensland,Gympie Region,Gympie - Cooloola,Wide Bay,Inner Regional,Gympie,Wide Bay,State-controlled,No Roadway Feature,No traffic control,80 - 90 km/h,Sealed - Dry,Clear,Daylight,Curved - view open,Grade,804,Off Path-Curve: Off Cway Lt Bend Hit Obj,Off carriageway on curve hit object,S,0,0,1,0,1,1,0,0,0,0,0,0
220725,Hospitalisation,2021,February,Tuesday,15,Overturned,Single Vehicle,152.5466813,-25.80262938,Netherby Rd,,,Gundiah,Fraser Coast Region,4650,Tiaro,Wide Bay Burnett,North Coast,Southern,Southern Queensland,Maryborough Region - South,Maryborough,Wide Bay,Inner Regional,Gympie,Wide Bay,Locally-controlled,No Roadway Feature,No traffic control,100 - 110 km/h,Sealed - Dry,Clear,Daylight,Straight,Level,705,Off Path-Straight:Out Of Control On Cway,Out of control on straight,N,0,1,0,0,1,1,0,0,0,0,0,0
220726,Medical treatment,2021,March,Wednesday,19,Hit object,Single Vehicle,152.5975823,-25.97067539,Bruce Hwy,,Bruce Highway (Gympie - Maryborough),Gunalda,Gympie Region,4570,Tiaro,Wide Bay Burnett,North Coast,Southern,Southern Queensland,Gympie Region,Gympie - Cooloola,Wide Bay,Inner Regional,Gympie,Wide Bay,State-controlled,No Roadway Feature,No traffic control,100 - 110 km/h,Sealed - Wet,Raining,Darkness - Not lighted,Curved - view open,Crest,803,Off Path-Curve: Off Cway Rt Bend Hit Obj,Off carriageway on curve hit object,S,0,0,1,0,1,1,0,0,0,0,0,0
220727,Fatal,2021,March,Monday,9,Head-on,Multi-Vehicle,152.5922273,-25.71026539,Bruce Hwy,,Bruce Highway (Gympie - Maryborough),Tiaro,Fraser Coast Region,4650,Tiaro,Wide Bay Burnett,North Coast,Southern,Southern Queensland,Maryborough Region - South,Maryborough,Wide Bay,Inner Regional,Maryborough,Wide Bay,State-controlled,No Roadway Feature,No traffic control,100 - 110 km/h,Sealed - Wet,Raining,Daylight,Curved - view open,Level,201,Veh'S Opposite Approach: Head On,Head-on,S,1,2,0,0,3,3,0,0,0,0,0,0
220728,Minor injury,2021,April,Friday,9,Hit object,Single Vehicle,152.5945753,-25.70640039,Bruce Hwy,,Bruce Highway (Gympie - Maryborough),Tiaro,Fraser Coast Region,4650,Tiaro,Wide Bay Burnett,North Coast,Southern,Southern Queensland,Maryborough Region - South,Maryborough,Wide Bay,Inner Regional,Maryborough,Wide Bay,State-controlled,Bridge/Causeway,No traffic control,100 - 110 km/h,Sealed - Dry,Clear,Daylight,Straight,Level,703,Off Path-Straight: Left Off Cway Hit Obj,Off carriageway on straight hit object,N,0,0,0,1,1,1,0,0,0,0,0,0
220729,Hospitalisation,2021,April,Tuesday,17,Sideswipe,Multi-Vehicle,152.5836723,-26.08013439,Atkinson Rd,Bruce Hwy,Bruce Highway (Gympie - Maryborough),Curra,Gympie Region,4570,Gympie,Wide Bay Burnett,North Coast,Southern,Southern Queensland,Gympie Region,Gympie - Cooloola,Wide Bay,Inner Regional,Gympie,Wide Bay,State-controlled,Intersection - T-Junction,No traffic control,100 - 110 km/h,Sealed - Wet,Raining,Dawn/Dusk,Curved - view open,Level,202,Veh'S Opposite Approach: Thru-Right,Opposing vehicles turning,S,0,2,0,0,2,2,0,0,0,0,0,0