Crash_Severity,Crash_Year,Crash_Month,Crash_Day_Of_Week,Crash_Hour,Crash_Nature,Crash_Type,Crash_Longitude,Crash_Latitude,Crash_Street,Crash_Street_Intersecting,State_Road_Name,Loc_Suburb,Loc_Local_Government_Area,Loc_Post_Code,Loc_Police_Division,Loc_Police_District,Loc_Police_Region,Loc_Queensland_Transport_Region,Loc_Main_Roads_Region,Loc_ABS_Statistical_Area_2,Loc_ABS_Statistical_Area_3,Loc_ABS_Statistical_Area_4,Loc_ABS_Remoteness,Loc_State_Electorate,Loc_Federal_Electorate,Crash_Controlling_Authority,Crash_Roadway_Feature,Crash_Traffic_Control,Crash_Speed_Limit,Crash_Road_Surface_Condition,Crash_Atmospheric_Condition,Crash_Lighting_Condition,Crash_Road_Horiz_Align,Crash_Road_Vert_Align,Crash_DCA_Code,Crash_DCA_Description,Crash_DCA_Group_Description,DCA_Key_Approach_Dir,Count_Casualty_Fatality,Count_Casualty_Hospitalised,Count_Casualty_MedicallyTreated,Count_Casualty_MinorInjury,Count_Casualty_Total,Count_Unit_Car,Count_Unit_Motorcycle_Moped,Count_Unit_Truck,Count_Unit_Bus,Count_Unit_Bicycle,Count_Unit_Pedestrian,Count_Unit_Other,
220730,Medical treatment,2021,May,Monday,11,Head-on,Multi-Vehicle,152.5870852,-25.98461294,Neerdie Rd,,,Gunalda,Gympie Region,4570,Tiaro,Wide Bay Burnett,North Coast,Southern,Southern Queensland,Gympie Region,Gympie - Cooloola,Wide Bay,Inner Regional,Gympie,Wide Bay,Locally-controlled,No Roadway Feature,No traffic control,80 - 90 km/h,Sealed - Wet,Clear,Daylight,Curved - view open,Crest,201,Veh'S Opposite Approach: Head On,Head-on,W,0,0,3,0,3,2,0,0,0,0,0,0
220731,Hospitalisation,2021,May,Wednesday,18,Head-on,Multi-Vehicle,152.5419493,-25.73735438,Redbank Rd,,,Tiaro,Fraser Coast Region,4650,Tiaro,Wide Bay Burnett,North Coast,Southern,Southern Queensland,Maryborough Region - South,Maryborough,Wide Bay,Inner Regional,Maryborough,Wide Bay,Locally-controlled,No Roadway Feature,No traffic control,80 - 90 km/h,Sealed - Dry,Clear,Darkness - Not lighted,Straight,Crest,201,Veh'S Opposite Approach: Head On,Head-on,E,0,2,0,0,2,2,0,0,0,0,0,0
220732,Hospitalisation,2021,May,Tuesday,6,Hit animal,Other,152.623462,-25.97640975,Neerdie Rd,,,Gunalda,Fraser Coast Region,4570,Tiaro,Wide Bay Burnett,North Coast,Southern,Southern Queensland,Gympie Region,Gympie - Cooloola,Wide Bay,Inner Regional,Gympie,Wide Bay,Locally-controlled,No Roadway Feature,No traffic control,80 - 90 km/h,Sealed - Dry,Clear,Daylight,Straight,Level,609,Pass & Misc: Hit Animal,Hit animal,N,0,1,0,0,1,0,1,0,0,0,0,0
220733,Minor injury,2021,May,Sunday,18,Angle,Multi-Vehicle,152.6454803,-25.92192739,Arborthree Rd,Beckmanns Rd,,Glenwood,Fraser Coast Region,4570,Tiaro,Wide Bay Burnett,North Coast,Southern,Southern Queensland,Maryborough Region - South,Maryborough,Wide Bay,Inner Regional,Gympie,Wide Bay,Locally-controlled,Intersection - T-Junction,Give way sign,60 km/h,Sealed - Dry,Clear,Darkness - Not lighted,Curved - view obscured,Crest,104,Veh'S Adjacent Approach: Thru-Right,Intersection from adjacent approaches,N,0,0,0,2,2,2,0,0,0,0,0,0
220734,Hospitalisation,2021,May,Tuesday,17,Angle,Multi-Vehicle,152.5817093,-26.08413239,Bruce Hwy,David Dr,Bruce Highway (Gympie - Maryborough),Curra,Gympie Region,4570,Gympie,Wide Bay Burnett,North Coast,Southern,Southern Queensland,Gympie Region,Gympie - Cooloola,Wide Bay,Inner Regional,Gympie,Wide Bay,State-controlled,Intersection - T-Junction,Stop sign,100 - 110 km/h,Sealed - Dry,Clear,Dawn/Dusk,Straight,Level,202,Veh'S Opposite Approach: Thru-Right,Opposing vehicles turning,S,0,2,0,0,2,4,0,0,0,0,0,0
220735,Medical treatment,2021,May,Saturday,19,Overturned,Single Vehicle,152.5936973,-25.70822539,Bruce Hwy,,Bruce Highway (Gympie - Maryborough),Tiaro,Fraser Coast Region,4650,Tiaro,Wide Bay Burnett,North Coast,Southern,Southern Queensland,Maryborough Region - South,Maryborough,Wide Bay,Inner Regional,Maryborough,Wide Bay,State-controlled,No Roadway Feature,No traffic control,100 - 110 km/h,Sealed - Dry,Clear,Darkness - Not lighted,Curved - view obscured,Grade,801,Off Path-Curve: Off Cway Right Bend,Off carriageway on curve,S,0,0,1,0,1,1,0,0,0,0,0,0
220736,Minor injury,2021,May,Saturday,19,Rear-end,Multi-Vehicle,152.5665743,-25.99465839,Bruce Hwy,Queen St,Bruce Highway (Gympie - Maryborough),Gunalda,Gympie Region,4570,Tiaro,Wide Bay Burnett,North Coast,Southern,Southern Queensland,Gympie Region,Gympie - Cooloola,Wide Bay,Inner Regional,Gympie,Wide Bay,State-controlled,Intersection - Cross,No traffic control,100 - 110 km/h,Sealed - Dry,Clear,Darkness - Lighted,Straight,Dip,303,Veh'S Same Direction: Right Rear,Rear-end,S,0,0,0,1,1,2,0,0,0,0,0,0
220737,Hospitalisation,2021,May,Wednesday,6,Hit object,Single Vehicle,152.5213545,-25.99915856,Scotchy Pkt Rd,,,Scotchy Pocket,Gympie Region,4570,Tiaro,Wide Bay Burnett,North Coast,Southern,Southern Queensland,Gympie Region,Gympie - Cooloola,Wide Bay,Inner Regional,Gympie,Wide Bay,Locally-controlled,No Roadway Feature,No traffic control,80 - 90 km/h,Sealed - Dry,Fog,Dawn/Dusk,Curved - view open,Level,804,Off Path-Curve: Off Cway Lt Bend Hit Obj,Off carriageway on curve hit object,S,0,1,0,0,1,1,0,0,0,0,0,0
220738,Hospitalisation,2021,June,Sunday,11,Fall from vehicle,Single Vehicle,152.5747421,-26.10596565,Bruce Hwy,,Bruce Highway (Gympie - Maryborough),Curra,Gympie Region,4570,Gympie,Wide Bay Burnett,North Coast,Southern,Southern Queensland,Gympie Region,Gympie - Cooloola,Wide Bay,Inner Regional,Gympie,Wide Bay,State-controlled,No Roadway Feature,No traffic control,80 - 90 km/h,Sealed - Dry,Clear,Daylight,Straight,Level,705,Off Path-Straight:Out Of Control On Cway,Out of control on straight,S,0,1,1,0,2,0,1,0,0,0,0,0
220739,Hospitalisation,2021,June,Friday,17,Angle,Multi-Vehicle,152.6470853,-25.9687984,Arborthirty Rd,,,Glenwood,Fraser Coast Region,4570,Tiaro,Wide Bay Burnett,North Coast,Southern,Southern Queensland,Maryborough Region - South,Maryborough,Wide Bay,Inner Regional,Gympie,Wide Bay,Locally-controlled,No Roadway Feature,No traffic control,60 km/h,Unsealed - Dry,Clear,Dawn/Dusk,Straight,Level,406,Veh'S Manoeuvring: Leaving Driveway,Vehicle leaving driveway,E,0,1,0,0,1,1,1,0,0,0,0,0
220740,Medical treatment,2021,June,Monday,16,Hit pedestrian,Hit pedestrian,152.5801253,-25.97726639,Bruce Hwy,,Bruce Highway (Gympie - Maryborough),Gunalda,Gympie Region,4570,Tiaro,Wide Bay Burnett,North Coast,Southern,Southern Queensland,Gympie Region,Gympie - Cooloola,Wide Bay,Inner Regional,Gympie,Wide Bay,State-controlled,No Roadway Feature,No traffic control,0 - 50 km/h,Sealed - Dry,Clear,Daylight,Curved - view open,Level,4,Ped'N: Play; Work; Stand; Lie On C'Way,Pedestrian,E,0,0,1,0,1,1,0,0,0,0,1,0
220741,Hospitalisation,2021,June,Tuesday,14,Hit object,Single Vehicle,152.5440419,-25.81981146,Netherby Rd,,,Gundiah,Fraser Coast Region,4650,Tiaro,Wide Bay Burnett,North Coast,Southern,Southern Queensland,Maryborough Region - South,Maryborough,Wide Bay,Inner Regional,Gympie,Wide Bay,Locally-controlled,No Roadway Feature,No traffic control,100 - 110 km/h,Sealed - Dry,Clear,Daylight,Curved - view obscured,Crest,803,Off Path-Curve: Off Cway Rt Bend Hit Obj,Off carriageway on curve hit object,S,0,1,0,0,1,1,0,0,0,0,0,0
230312,Hospitalisation,2021,January,Wednesday,11,Rear-end,Multi-Vehicle,152.0405661,-28.08100435,Hendon-Mt Marshall Rd,New England Hwy,New England Highway (Toowoomba - Warwick),Mount Marshall,Southern Downs Region,4362,Allora,Darling Downs,Southern,Southern,Southern Queensland,Southern Downs - West,Granite Belt,Darling Downs - Maranoa,Inner Regional,Southern Downs,Maranoa,State-controlled,Intersection - Cross,No traffic control,100 - 110 km/h,Sealed - Dry,Clear,Daylight,Straight,Grade,301,Veh'S Same Direction: Rear End,Rear-end,N,0,1,0,0,1,1,0,1,0,0,0,0
230313,Medical treatment,2021,January,Saturday,1,Hit pedestrian,Hit pedestrian,151.9821311,-28.03924635,Herbert St,,,Allora,Southern Downs Region,4362,Allora,Darling Downs,Southern,Southern,Southern Queensland,Southern Downs - West,Granite Belt,Darling Downs - Maranoa,Inner Regional,Southern Downs,Maranoa,Locally-controlled,No Roadway Feature,No traffic control,0 - 50 km/h,Sealed - Dry,Clear,Darkness - Not lighted,Straight,Level,4,Ped'N: Play; Work; Stand; Lie On C'Way,Pedestrian,S,0,0,1,0,1,1,0,0,0,0,1,0
230314,Medical treatment,2021,March,Tuesday,9,Hit object,Single Vehicle,151.9938682,-28.04114347,New England Hwy,,New England Highway (Toowoomba - Warwick),Allora,Southern Downs Region,4362,Allora,Darling Downs,Southern,Southern,Southern Queensland,Southern Downs - West,Granite Belt,Darling Downs - Maranoa,Inner Regional,Southern Downs,Maranoa,State-controlled,No Roadway Feature,No traffic control,70 km/h,Sealed - Dry,Clear,Daylight,Straight,Level,700,Off Path-Straight: Other,Other,E,0,0,1,0,1,1,0,0,0,0,0,0
230315,Fatal,2021,April,Sunday,23,Hit object,Single Vehicle,151.9881641,-28.03616635,Church St,New England Hwy,New England Highway (Toowoomba - Warwick),Allora,Southern Downs Region,4362,Allora,Darling Downs,Southern,Southern,Southern Queensland,Southern Downs - West,Granite Belt,Darling Downs - Maranoa,Inner Regional,Southern Downs,Maranoa,State-controlled,Intersection - Cross,No traffic control,70 km/h,Sealed - Dry,Clear,Darkness - Lighted,Curved - view open,Level,808,Off Path-Curve: Mounts Traffic Island,Off carriageway on curve hit object,S,1,0,0,0,1,1,0,0,0,0,0,0
230416,Fatal,2021,April,Friday,21,Fall from vehicle,Single Vehicle,151.2278642,-27.36099427,Nandi - Tipton Rd,,,Springvale,Western Downs Region,4405,Dalby,South West,Southern,Southern,Southern Queensland,Wambo,Darling Downs - East,Darling Downs - Maranoa,Inner Regional,Warrego,Maranoa,Locally-controlled,No Roadway Feature,No traffic control,100 - 110 km/h,Sealed - Dry,Clear,Darkness - Not lighted,Straight,Level,901,Pass & Misc: Fell In/From Vehicle,Other,S,1,0,0,0,1,1,0,0,0,0,0,0
230605,Hospitalisation,2021,February,Tuesday,13,Overturned,Single Vehicle,152.0956569,-27.89836909,Pilton Rd,,,Upper Pilton,Toowoomba Region,4361,Clifton,Darling Downs,Southern,Southern,Southern Queensland,Clifton - Greenmount,Granite Belt,Darling Downs - Maranoa,Inner Regional,Condamine,Maranoa,Locally-controlled,No Roadway Feature,No traffic control,100 - 110 km/h,Sealed - Dry,Clear,Daylight,Straight,Dip,702,Off Path-Straight: Right Off Cway,Off carriageway on straight,E,0,1,0,0,1,1,0,0,0,0,0,0
230606,Medical treatment,2021,February,Friday,5,Overturned,Single Vehicle,151.5742131,-27.95080631,Millmerran - Leyburn Rd,,Millmerran - Leyburn Road,Leyburn,Toowoomba Region,4365,Leyburn,Darling Downs,Southern,Southern,Southern Queensland,Southern Downs - West,Granite Belt,Darling Downs - Maranoa,Inner Regional,Condamine,Maranoa,State-controlled,No Roadway Feature,No traffic control,100 - 110 km/h,Sealed - Dry,Clear,Daylight,Straight,Level,701,Off Path-Straight: Left Off Cway,Off carriageway on straight,W,0,0,1,0,1,1,0,0,0,0,0,0
230607,Hospitalisation,2021,March,Saturday,13,Overturned,Single Vehicle,151.9939662,-27.95558269,New England Hwy,,New England Highway (Toowoomba - Warwick),Spring Creek,Toowoomba Region,4361,Clifton,Darling Downs,Southern,Southern,Southern Queensland,Clifton - Greenmount,Granite Belt,Darling Downs - Maranoa,Inner Regional,Condamine,Maranoa,State-controlled,No Roadway Feature,No traffic control,100 - 110 km/h,Sealed - Dry,Clear,Daylight,Straight,Level,705,Off Path-Straight:Out Of Control On Cway,Out of control on straight,S,0,2,0,0,2,1,0,0,0,0,0,0
230608,Hospitalisation,2021,April,Monday,15,Overturned,Single Vehicle,151.9082391,-27.90586934,Felton - Clifton Rd,,Felton - Clifton Road,Kings Creek,Toowoomba Region,4361,Clifton,Darling Downs,Southern,Southern,Southern Queensland,Clifton - Greenmount,Granite Belt,Darling Downs - Maranoa,Inner Regional,Condamine,Maranoa,State-controlled,Bridge/Causeway,No traffic control,100 - 110 km/h,Sealed - Dry,Clear,Daylight,Straight,Level,700,Off Path-Straight: Other,Other,N,0,1,0,0,1,1,0,0,0,0,0,0
230609,Hospitalisation,2021,May,Thursday,16,Rear-end,Multi-Vehicle,151.9557161,-27.86544434,New England Hwy,,New England Highway (Toowoomba - Warwick),Nobby,Toowoomba Region,4360,Clifton,Darling Downs,Southern,Southern,Southern Queensland,Clifton - Greenmount,Granite Belt,Darling Downs - Maranoa,Inner Regional,Condamine,Maranoa,State-controlled,No Roadway Feature,No traffic control,100 - 110 km/h,Sealed - Dry,Clear,Dawn/Dusk,Straight,Level,301,Veh'S Same Direction: Rear End,Rear-end,S,0,1,0,0,1,1,0,1,0,0,0,0
231246,Medical treatment,2021,January,Saturday,9,Rear-end,Multi-Vehicle,150.3064954,-28.54693619,Marshall St,,Goondiwindi West Connection Road,Goondiwindi,Goondiwindi Region,4390,Goondiwindi,Darling Downs,Southern,Southern,Southern Queensland,Goondiwindi,Darling Downs (west) - Maranoa,Darling Downs - Maranoa,Outer Regional,Southern Downs,Maranoa,State-controlled,No Roadway Feature,No traffic control,0 - 50 km/h,Sealed - Dry,Clear,Daylight,Straight,Level,301,Veh'S Same Direction: Rear End,Rear-end,W,0,0,1,0,1,2,0,0,0,0,0,0
231247,Medical treatment,2021,May,Monday,8,Hit pedestrian,Hit pedestrian,150.3048562,-28.54660219,Marshall St,,Goondiwindi West Connection Road,Goondiwindi,Goondiwindi Region,4390,Goondiwindi,Darling Downs,Southern,Southern,Southern Queensland,Goondiwindi,Darling Downs (west) - Maranoa,Darling Downs - Maranoa,Outer Regional,Southern Downs,Maranoa,State-controlled,No Roadway Feature,No traffic control,0 - 50 km/h,Sealed - Dry,Clear,Daylight,Straight,Level,0,Ped'N: Hit Other,Other,N,0,0,1,0,1,1,0,0,0,0,1,0
231248,Hospitalisation,2021,June,Wednesday,2,Hit object,Single Vehicle,150.3230502,-28.5521452,Cunningham Hwy,,Cunningham Highway (Inglewood - Goondiwindi),Goondiwindi,Goondiwindi Region,4390,Goondiwindi,Darling Downs,Southern,Southern,Southern Queensland,Goondiwindi,Darling Downs (west) - Maranoa,Darling Downs - Maranoa,Outer Regional,Southern Downs,Maranoa,State-controlled,Intersection - Roundabout,Give way sign,0 - 50 km/h,Sealed - Dry,Clear,Darkness - Lighted,Curved - view open,Level,805,Off Path-Curve: Out Of Control On Cway,Out of control on curve,W,0,2,0,0,2,1,1,0,0,0,0,0
231393,Medical treatment,2021,April,Thursday,15,Overturned,Single Vehicle,151.7518171,-28.06229132,Tralee Rd,,,Pratten,Southern Downs Region,4370,Leyburn,Darling Downs,Southern,Southern,Southern Queensland,Southern Downs - West,Granite Belt,Darling Downs - Maranoa,Inner Regional,Southern Downs,Maranoa,Locally-controlled,No Roadway Feature,No traffic control,80 - 90 km/h,Unsealed - Dry,Clear,Daylight,Curved - view obscured,Dip,802,Off Path-Curve: Off Cway Left Bend,Off carriageway on curve,E,0,0,1,0,1,1,0,0,0,0,0,0
232333,Hospitalisation,2021,January,Sunday,0,Hit object,Single Vehicle,151.681067,-28.62687532,Texas Rd,,Stanthorpe - Texas Road,Pikedale,Southern Downs Region,4380,Stanthorpe,Darling Downs,Southern,Southern,Southern Queensland,Stanthorpe Region,Granite Belt,Darling Downs - Maranoa,Outer Regional,Southern Downs,Maranoa,State-controlled,No Roadway Feature,No traffic control,100 - 110 km/h,Sealed - Dry,Clear,Darkness - Not lighted,Curved - view open,Crest,803,Off Path-Curve: Off Cway Rt Bend Hit Obj,Off carriageway on curve hit object,E,0,1,0,0,1,1,0,0,0,0,0,0
232334,Medical treatment,2021,March,Thursday,4,Overturned,Single Vehicle,152.026926,-28.69020636,Sugarloaf Rd,,,Sugarloaf,Southern Downs Region,4380,Stanthorpe,Darling Downs,Southern,Southern,Southern Queensland,Stanthorpe Region,Granite Belt,Darling Downs - Maranoa,Outer Regional,Southern Downs,Maranoa,Locally-controlled,No Roadway Feature,No traffic control,100 - 110 km/h,Sealed - Wet,Raining,Darkness - Not lighted,Curved - view obscured,Level,801,Off Path-Curve: Off Cway Right Bend,Off carriageway on curve,E,0,0,1,0,1,1,0,0,0,0,0,0
232335,Hospitalisation,2021,March,Monday,8,Overturned,Single Vehicle,152.026081,-28.69036836,Sugarloaf Rd,,,Sugarloaf,Southern Downs Region,4380,Stanthorpe,Darling Downs,Southern,Southern,Southern Queensland,Stanthorpe Region,Granite Belt,Darling Downs - Maranoa,Outer Regional,Southern Downs,Maranoa,Locally-controlled,No Roadway Feature,No traffic control,100 - 110 km/h,Sealed - Wet,Raining,Daylight,Curved - view open,Level,804,Off Path-Curve: Off Cway Lt Bend Hit Obj,Off carriageway on curve hit object,W,0,1,0,0,1,1,0,0,0,0,0,0
232336,Fatal,2021,March,Monday,22,Head-on,Multi-Vehicle,151.9310866,-28.64366968,New England Hwy,,New England Highway (Warwick - Wallangarra),Stanthorpe,Southern Downs Region,4380,Stanthorpe,Darling Downs,Southern,Southern,Southern Queensland,Stanthorpe,Granite Belt,Darling Downs - Maranoa,Outer Regional,Southern Downs,Maranoa,State-controlled,No Roadway Feature,No traffic control,100 - 110 km/h,Sealed - Wet,Raining,Darkness - Lighted,Straight,Dip,201,Veh'S Opposite Approach: Head On,Head-on,S,1,1,0,1,3,1,0,1,0,0,0,0
232337,Hospitalisation,2021,March,Wednesday,10,Hit pedestrian,Hit pedestrian,151.85482,-28.66309134,Nundubbermere Rd,Texas Rd,Stanthorpe - Texas Road,Broadwater,Southern Downs Region,4380,Stanthorpe,Darling Downs,Southern,Southern,Southern Queensland,Stanthorpe Region,Granite Belt,Darling Downs - Maranoa,Outer Regional,Southern Downs,Maranoa,State-controlled,Intersection - T-Junction,No traffic control,100 - 110 km/h,Sealed - Dry,Clear,Daylight,Curved - view open,Level,8,Ped'N: On Ftway Hit By Vehicle On Ftway,Pedestrian,W,0,1,0,0,1,1,0,0,0,0,1,0
232338,Hospitalisation,2021,March,Sunday,7,Rear-end,Multi-Vehicle,151.880791,-28.65581634,Marino Rd,Texas Rd,Stanthorpe - Texas Road,Broadwater,Southern Downs Region,4380,Stanthorpe,Darling Downs,Southern,Southern,Southern Queensland,Stanthorpe Region,Granite Belt,Darling Downs - Maranoa,Outer Regional,Southern Downs,Maranoa,State-controlled,Intersection - T-Junction,No traffic control,100 - 110 km/h,Sealed - Dry,Clear,Daylight,Straight,Level,303,Veh'S Same Direction: Right Rear,Rear-end,S,0,2,0,0,2,3,0,0,0,0,0,0
232339,Hospitalisation,2021,April,Wednesday,11,Hit pedestrian,Hit pedestrian,151.933764,-28.65821835,Folkestone St,Maryland St,Stanthorpe Connection Road,Stanthorpe,Southern Downs Region,4380,Stanthorpe,Darling Downs,Southern,Southern,Southern Queensland,Stanthorpe,Granite Belt,Darling Downs - Maranoa,Outer Regional,Southern Downs,Maranoa,State-controlled,Intersection - Roundabout,Give way sign,0 - 50 km/h,Sealed - Dry,Clear,Daylight,Straight,Grade,0,Ped'N: Hit Other,Other,S,0,1,0,0,1,1,0,0,0,0,1,0
232340,Fatal,2021,May,Friday,23,Hit object,Single Vehicle,151.997924,-28.70940935,Sommerville La,,,Storm King,Southern Downs Region,4380,Stanthorpe,Darling Downs,Southern,Southern,Southern Queensland,Stanthorpe Region,Granite Belt,Darling Downs - Maranoa,Outer Regional,Southern Downs,Maranoa,Locally-controlled,Forestry/National Park Road,No traffic control,100 - 110 km/h,Unsealed - Dry,Clear,Darkness - Not lighted,Straight,Level,705,Off Path-Straight:Out Of Control On Cway,Out of control on straight,,1,1,1,1,4,1,0,0,0,0,0,0
232341,Hospitalisation,2021,May,Monday,15,Hit object,Single Vehicle,151.544944,-28.92300731,Glenlyon Dam Rd,,,Mingoola,Southern Downs Region,4380,Stanthorpe,Darling Downs,Southern,Southern,Southern Queensland,Stanthorpe Region,Granite Belt,Darling Downs - Maranoa,Outer Regional,Southern Downs,Maranoa,Locally-controlled,No Roadway Feature,No traffic control,100 - 110 km/h,Sealed - Dry,Clear,Darkness - Lighted,Curved - view open,Dip,801,Off Path-Curve: Off Cway Right Bend,Off carriageway on curve,S,0,1,0,0,1,1,0,0,0,0,0,0
232342,Medical treatment,2021,May,Monday,14,Hit object,Single Vehicle,151.786341,-28.58159433,Goldfields Rd,,,Amiens,Southern Downs Region,4380,Stanthorpe,Darling Downs,Southern,Southern,Southern Queensland,Stanthorpe Region,Granite Belt,Darling Downs - Maranoa,Outer Regional,Southern Downs,Maranoa,Locally-controlled,Intersection - T-Junction,Give way sign,100 - 110 km/h,Sealed - Dry,Clear,Daylight,Curved - view open,Level,804,Off Path-Curve: Off Cway Lt Bend Hit Obj,Off carriageway on curve hit object,E,0,0,4,0,4,1,0,0,0,0,0,0
232343,Hospitalisation,2021,June,Thursday,23,Hit parked vehicle,Single Vehicle,151.94857,-28.57377435,Teal Rd,,,The Summit,Southern Downs Region,4377,Stanthorpe,Darling Downs,Southern,Southern,Southern Queensland,Stanthorpe Region,Granite Belt,Darling Downs - Maranoa,Outer Regional,Southern Downs,Maranoa,Locally-controlled,No Roadway Feature,No traffic control,60 km/h,Sealed - Dry,Clear,Darkness - Not lighted,Straight,Level,200,Veh'S Opposite Approach: Other,Other,W,0,1,0,0,1,2,0,0,0,0,0,0
233026,Medical treatment,2021,March,Monday,8,Head-on,Multi-Vehicle,150.0601482,-26.32204022,Leichhardt Hwy,,Leichhardt Highway (Taroom - Miles),Guluguba,Western Downs Region,4418,Wandoan,South West,Southern,Southern,Southern Queensland,Miles - Wandoan,Darling Downs (west) - Maranoa,Darling Downs - Maranoa,Remote,Callide,Maranoa,State-controlled,No Roadway Feature,No traffic control,100 - 110 km/h,Sealed - Dry,Clear,Daylight,Straight,Level,201,Veh'S Opposite Approach: Head On,Head-on,S,0,0,1,0,1,1,0,1,0,0,0,0
233027,Medical treatment,2021,May,Monday,14,Overturned,Single Vehicle,149.8402405,-26.25197214,Jackson - Wandoan Rd,,Jackson - Wandoan Road,Woleebee,Western Downs Region,4419,Wandoan,South West,Southern,Southern,Southern Queensland,Miles - Wandoan,Darling Downs (west) - Maranoa,Darling Downs - Maranoa,Remote,Callide,Maranoa,State-controlled,No Roadway Feature,No traffic control,100 - 110 km/h,Sealed - Dry,Clear,Daylight,Curved - view open,Crest,801,Off Path-Curve: Off Cway Right Bend,Off carriageway on curve,E,0,0,1,0,1,0,0,1,0,0,0,0
235569,Hospitalisation,2021,February,Friday,8,Hit object,Single Vehicle,150.3532153,-27.29178719,Surat Developmental Rd,,Surat Developmental Road (Surat - Tara),Tara,Western Downs Region,4421,Tara,South West,Southern,Southern,Southern Queensland,Tara,Darling Downs (west) - Maranoa,Darling Downs - Maranoa,Outer Regional,Warrego,Maranoa,State-controlled,No Roadway Feature,No traffic control,100 - 110 km/h,Sealed - Dry,Clear,Daylight,Straight,Level,703,Off Path-Straight: Left Off Cway Hit Obj,Off carriageway on straight hit object,W,0,1,0,0,1,1,0,0,0,0,0,0
235570,Fatal,2021,March,Sunday,16,Hit object,Single Vehicle,150.5299463,-27.28530721,Surat Developmental Rd,,Surat Developmental Road (Tara - Dalby),Tara,Western Downs Region,4421,Tara,South West,Southern,Southern,Southern Queensland,Tara,Darling Downs (west) - Maranoa,Darling Downs - Maranoa,Outer Regional,Warrego,Maranoa,State-controlled,No Roadway Feature,No traffic control,100 - 110 km/h,Sealed - Dry,Clear,Daylight,Straight,Level,703,Off Path-Straight: Left Off Cway Hit Obj,Off carriageway on straight hit object,E,1,0,0,0,1,1,0,0,0,0,0,0
235571,Medical treatment,2021,April,Thursday,16,Angle,Multi-Vehicle,149.8745024,-27.34208615,Meandarra - Talwood Rd,Surat Developmental Rd,Meandarra - Talwood Road,Meandarra,Western Downs Region,4422,Meandarra,South West,Southern,Southern,Southern Queensland,Tara,Darling Downs (west) - Maranoa,Darling Downs - Maranoa,Remote,Warrego,Maranoa,State-controlled,Intersection - Cross,Give way sign,100 - 110 km/h,Sealed - Dry,Clear,Daylight,Straight,Level,101,Veh'S Adjacent Approach: Thru-Thru,Intersection from adjacent approaches,N,0,0,1,0,1,1,0,1,0,0,0,0
235572,Hospitalisation,2021,May,Sunday,14,Hit object,Single Vehicle,150.4567113,-27.2742722,Bilton St,,,Tara,Western Downs Region,4421,Tara,South West,Southern,Southern,Southern Queensland,Tara,Darling Downs (west) - Maranoa,Darling Downs - Maranoa,Outer Regional,Warrego,Maranoa,Locally-controlled,No Roadway Feature,No traffic control,0 - 50 km/h,Sealed - Dry,Clear,Daylight,Straight,Level,700,Off Path-Straight: Other,Other,E,0,1,0,0,1,1,0,0,0,0,0,0
235573,Hospitalisation,2021,May,Monday,10,Overturned,Single Vehicle,150.7030773,-27.09967722,Tara - Kogan Rd,,Tara - Kogan Road,Kogan,Western Downs Region,4406,Tara,South West,Southern,Southern,Southern Queensland,Tara,Darling Downs (west) - Maranoa,Darling Downs - Maranoa,Outer Regional,Warrego,Maranoa,State-controlled,No Roadway Feature,No traffic control,100 - 110 km/h,Sealed - Dry,Clear,Daylight,Straight,Level,705,Off Path-Straight:Out Of Control On Cway,Out of control on straight,E,0,1,0,0,1,1,0,0,0,0,0,0
235574,Medical treatment,2021,May,Wednesday,11,Angle,Multi-Vehicle,150.4564953,-27.2766672,Day St,,Surat Developmental Road (Surat - Tara),Tara,Western Downs Region,4421,Tara,South West,Southern,Southern,Southern Queensland,Tara,Darling Downs (west) - Maranoa,Darling Downs - Maranoa,Outer Regional,Warrego,Maranoa,State-controlled,No Roadway Feature,No traffic control,60 km/h,Sealed - Dry,Clear,Daylight,Straight,Level,401,Veh'S Manoeuvring: Leaving Parking,Vehicle leaving driveway,S,0,0,1,0,1,1,0,1,0,0,0,0
235575,Hospitalisation,2021,June,Friday,8,Angle,Multi-Vehicle,150.1756194,-27.25282417,Leichhardt Hwy,Western Rd,Leichhardt Highway (Miles - Goondiwindi),The Gums,Western Downs Region,4406,Meandarra,South West,Southern,Southern,Southern Queensland,Tara,Darling Downs (west) - Maranoa,Darling Downs - Maranoa,Remote,Warrego,Maranoa,State-controlled,Intersection - Cross,Stop sign,100 - 110 km/h,Sealed - Wet,Raining,Daylight,Straight,Level,101,Veh'S Adjacent Approach: Thru-Thru,Intersection from adjacent approaches,W,0,1,1,0,2,2,0,0,0,0,0,0