Crash_Severity,Crash_Year,Crash_Month,Crash_Day_Of_Week,Crash_Hour,Crash_Nature,Crash_Type,Crash_Longitude,Crash_Latitude,Crash_Street,Crash_Street_Intersecting,State_Road_Name,Loc_Suburb,Loc_Local_Government_Area,Loc_Post_Code,Loc_Police_Division,Loc_Police_District,Loc_Police_Region,Loc_Queensland_Transport_Region,Loc_Main_Roads_Region,Loc_ABS_Statistical_Area_2,Loc_ABS_Statistical_Area_3,Loc_ABS_Statistical_Area_4,Loc_ABS_Remoteness,Loc_State_Electorate,Loc_Federal_Electorate,Crash_Controlling_Authority,Crash_Roadway_Feature,Crash_Traffic_Control,Crash_Speed_Limit,Crash_Road_Surface_Condition,Crash_Atmospheric_Condition,Crash_Lighting_Condition,Crash_Road_Horiz_Align,Crash_Road_Vert_Align,Crash_DCA_Code,Crash_DCA_Description,Crash_DCA_Group_Description,DCA_Key_Approach_Dir,Count_Casualty_Fatality,Count_Casualty_Hospitalised,Count_Casualty_MedicallyTreated,Count_Casualty_MinorInjury,Count_Casualty_Total,Count_Unit_Car,Count_Unit_Motorcycle_Moped,Count_Unit_Truck,Count_Unit_Bus,Count_Unit_Bicycle,Count_Unit_Pedestrian,Count_Unit_Other,
236606,Medical treatment,2021,January,Friday,16,Hit object,Single Vehicle,151.2768213,-27.19752327,Drayton St,,Warrego Highway (Toowoomba - Dalby),Dalby,Western Downs Region,4405,Dalby,South West,Southern,Southern,Southern Queensland,Wambo,Darling Downs - East,Darling Downs - Maranoa,Inner Regional,Warrego,Maranoa,State-controlled,No Roadway Feature,No traffic control,60 km/h,Sealed - Dry,Clear,Daylight,Straight,Level,708,Off Path-Straight: Mounts Traffic Island,Off carriageway on straight hit object,W,0,0,1,0,1,1,0,0,0,0,0,0
236607,Medical treatment,2021,January,Tuesday,5,Sideswipe,Multi-Vehicle,151.2623133,-27.18254027,Drayton St,,Warrego Highway (Toowoomba - Dalby),Dalby,Western Downs Region,4405,Dalby,South West,Southern,Southern,Southern Queensland,Wambo,Darling Downs - East,Darling Downs - Maranoa,Inner Regional,Warrego,Maranoa,State-controlled,No Roadway Feature,No traffic control,60 km/h,Sealed - Dry,Clear,Daylight,Straight,Level,306,Veh'S Same Direction: Lane Change Right,Lane changes,W,0,0,1,0,1,1,0,1,0,0,0,0
236608,Hospitalisation,2021,January,Wednesday,5,Overturned,Single Vehicle,151.3714303,-26.97103528,Bunya Hwy,,Bunya Highway (Dalby - Kingaroy),Kaimkillenbun,Western Downs Region,4406,Bell,South West,Southern,Southern,Southern Queensland,Wambo,Darling Downs - East,Darling Downs - Maranoa,Outer Regional,Warrego,Maranoa,State-controlled,No Roadway Feature,No traffic control,100 - 110 km/h,Sealed - Dry,Clear,Dawn/Dusk,Curved - view open,Level,800,Off Path-Curve: Other,Other,S,0,1,0,0,1,1,0,0,0,0,0,0
236609,Medical treatment,2021,January,Friday,14,Rear-end,Multi-Vehicle,151.2695493,-27.19004127,Drayton St,,Warrego Highway (Toowoomba - Dalby),Dalby,Western Downs Region,4405,Dalby,South West,Southern,Southern,Southern Queensland,Wambo,Darling Downs - East,Darling Downs - Maranoa,Inner Regional,Warrego,Maranoa,State-controlled,No Roadway Feature,No traffic control,60 km/h,Sealed - Dry,Clear,Daylight,Straight,Level,305,Veh'S Same Direction: Lane Side Swipe,Lane changes,W,0,0,2,0,2,3,0,0,0,0,0,0
236610,Minor injury,2021,January,Thursday,12,Rear-end,Multi-Vehicle,151.1175583,-27.25514026,Kupunn Rd,Moonie Hwy,Moonie Highway (Dalby - St George),Nandi,Western Downs Region,4405,Dalby,South West,Southern,Southern,Southern Queensland,Wambo,Darling Downs - East,Darling Downs - Maranoa,Inner Regional,Warrego,Maranoa,State-controlled,Intersection - T-Junction,No traffic control,100 - 110 km/h,Sealed - Dry,Clear,Daylight,Straight,Level,303,Veh'S Same Direction: Right Rear,Rear-end,N,0,0,0,2,2,2,0,0,0,0,0,0
236611,Medical treatment,2021,January,Sunday,14,Rear-end,Multi-Vehicle,151.2724743,-27.18804627,Blaxland Rd,Patrick St,,Dalby,Western Downs Region,4405,Dalby,South West,Southern,Southern,Southern Queensland,Wambo,Darling Downs - East,Darling Downs - Maranoa,Inner Regional,Warrego,Maranoa,Locally-controlled,Intersection - Y-Junction,Give way sign,0 - 50 km/h,Sealed - Dry,Clear,Daylight,Straight,Level,301,Veh'S Same Direction: Rear End,Rear-end,E,0,0,2,0,2,2,0,0,0,0,0,0
236612,Medical treatment,2021,February,Friday,17,Angle,Multi-Vehicle,151.2613403,-27.18786427,Edward St,Jimbour St,,Dalby,Western Downs Region,4405,Dalby,South West,Southern,Southern,Southern Queensland,Wambo,Darling Downs - East,Darling Downs - Maranoa,Inner Regional,Warrego,Maranoa,Locally-controlled,Intersection - Cross,Give way sign,0 - 50 km/h,Sealed - Dry,Clear,Daylight,Straight,Level,102,Veh'S Adjacent Approach: Right-Thru,Intersection from adjacent approaches,S,0,0,1,1,2,2,0,0,0,0,0,0
236613,Medical treatment,2021,February,Wednesday,10,Angle,Multi-Vehicle,151.2667363,-27.19444027,Charles St,,,Dalby,Western Downs Region,4405,Dalby,South West,Southern,Southern,Southern Queensland,Wambo,Darling Downs - East,Darling Downs - Maranoa,Inner Regional,Warrego,Maranoa,Locally-controlled,No Roadway Feature,No traffic control,0 - 50 km/h,Sealed - Dry,Clear,Daylight,Straight,Level,406,Veh'S Manoeuvring: Leaving Driveway,Vehicle leaving driveway,S,0,0,1,0,1,1,1,0,0,0,0,0
236614,Minor injury,2021,April,Thursday,14,Sideswipe,Multi-Vehicle,151.2552773,-27.18160627,Edward St,Nicholson St,Moonie Highway (Dalby - St George),Dalby,Western Downs Region,4405,Dalby,South West,Southern,Southern,Southern Queensland,Wambo,Darling Downs - East,Darling Downs - Maranoa,Inner Regional,Warrego,Maranoa,State-controlled,No Roadway Feature,No traffic control,0 - 50 km/h,Sealed - Dry,Clear,Darkness - Lighted,Straight,Level,305,Veh'S Same Direction: Lane Side Swipe,Lane changes,N,0,0,0,1,1,1,0,0,0,0,0,1
236615,Hospitalisation,2021,April,Saturday,11,Angle,Multi-Vehicle,151.2646393,-27.17988327,Condamine St,Patrick St,Bunya Highway (Dalby - Kingaroy),Dalby,Western Downs Region,4405,Dalby,South West,Southern,Southern,Southern Queensland,Wambo,Darling Downs - East,Darling Downs - Maranoa,Inner Regional,Warrego,Maranoa,State-controlled,Intersection - Cross,Operating traffic lights,0 - 50 km/h,Sealed - Dry,Clear,Daylight,Straight,Level,202,Veh'S Opposite Approach: Thru-Right,Opposing vehicles turning,N,0,1,0,0,1,2,0,0,0,0,0,0
236616,Hospitalisation,2021,April,Wednesday,16,Angle,Multi-Vehicle,151.2620993,-27.17907527,Archibald St,Pratten St,,Dalby,Western Downs Region,4405,Dalby,South West,Southern,Southern,Southern Queensland,Wambo,Darling Downs - East,Darling Downs - Maranoa,Inner Regional,Warrego,Maranoa,Locally-controlled,Intersection - Cross,Give way sign,0 - 50 km/h,Sealed - Dry,Clear,Daylight,Straight,Level,101,Veh'S Adjacent Approach: Thru-Thru,Intersection from adjacent approaches,S,0,1,0,0,1,2,0,0,0,0,0,0
236617,Medical treatment,2021,April,Thursday,9,Hit object,Single Vehicle,151.0341313,-27.27144625,Moonie Hwy,,Moonie Highway (Dalby - St George),Ducklo,Western Downs Region,4405,Dalby,South West,Southern,Southern,Southern Queensland,Wambo,Darling Downs - East,Darling Downs - Maranoa,Inner Regional,Warrego,Maranoa,State-controlled,No Roadway Feature,No traffic control,100 - 110 km/h,Sealed - Dry,Clear,Daylight,Curved - view open,Level,804,Off Path-Curve: Off Cway Lt Bend Hit Obj,Off carriageway on curve hit object,S,0,0,1,0,1,0,0,1,0,0,0,0
236618,Medical treatment,2021,May,Tuesday,8,Overturned,Single Vehicle,151.2916593,-27.20914327,Warrego Hwy,,Warrego Highway (Toowoomba - Dalby),Dalby,Western Downs Region,4405,Dalby,South West,Southern,Southern,Southern Queensland,Wambo,Darling Downs - East,Darling Downs - Maranoa,Inner Regional,Warrego,Maranoa,State-controlled,No Roadway Feature,No traffic control,100 - 110 km/h,Sealed - Dry,Clear,Daylight,Straight,Level,701,Off Path-Straight: Left Off Cway,Off carriageway on straight,W,0,0,1,0,1,0,0,0,0,0,0,1
236619,Hospitalisation,2021,May,Thursday,8,Angle,Multi-Vehicle,151.2622673,-27.18156027,Condamine St,,Bunya Highway (Dalby - Kingaroy),Dalby,Western Downs Region,4405,Dalby,South West,Southern,Southern,Southern Queensland,Wambo,Darling Downs - East,Darling Downs - Maranoa,Inner Regional,Warrego,Maranoa,State-controlled,No Roadway Feature,No traffic control,60 km/h,Sealed - Dry,Clear,Daylight,Straight,Level,400,Veh'S Manoeuvring: Other,Other,E,0,1,0,0,1,1,0,0,0,1,0,0
236620,Medical treatment,2021,June,Tuesday,16,Angle,Multi-Vehicle,151.2515663,-27.17682627,Dalby - Jandowae Rd,Warrego Hwy,Dalby - Jandowae Road,Dalby,Western Downs Region,4405,Dalby,South West,Southern,Southern,Southern Queensland,Wambo,Darling Downs - East,Darling Downs - Maranoa,Inner Regional,Warrego,Maranoa,State-controlled,Intersection - T-Junction,Operating traffic lights,70 km/h,Sealed - Dry,Clear,Daylight,Straight,Level,202,Veh'S Opposite Approach: Thru-Right,Opposing vehicles turning,N,0,0,1,0,1,2,0,0,0,0,0,0
236621,Medical treatment,2021,June,Thursday,11,Rear-end,Multi-Vehicle,151.2574293,-27.18062727,Bunya St,,,Dalby,Western Downs Region,4405,Dalby,South West,Southern,Southern,Southern Queensland,Wambo,Darling Downs - East,Darling Downs - Maranoa,Inner Regional,Warrego,Maranoa,Locally-controlled,No Roadway Feature,No traffic control,0 - 50 km/h,Sealed - Dry,Clear,Daylight,Straight,Level,301,Veh'S Same Direction: Rear End,Rear-end,U,0,0,1,0,1,0,0,0,0,1,0,1
237154,Hospitalisation,2021,March,Saturday,15,Hit object,Single Vehicle,151.1493761,-26.82834511,Dalby - Jandowae Rd,,Dalby - Jandowae Road,Cooranga,Western Downs Region,4408,Jandowae,South West,Southern,Southern,Southern Queensland,Wambo,Darling Downs - East,Darling Downs - Maranoa,Outer Regional,Callide,Maranoa,State-controlled,No Roadway Feature,No traffic control,100 - 110 km/h,Sealed - Dry,Clear,Daylight,Straight,Level,703,Off Path-Straight: Left Off Cway Hit Obj,Off carriageway on straight hit object,W,0,1,0,0,1,0,1,0,0,0,0,0
237155,Medical treatment,2021,April,Tuesday,17,Hit object,Single Vehicle,150.4515324,-26.8750432,Kogan - Condamine Rd,,Kogan - Condamine Road,Crossroads,Western Downs Region,4413,Chinchilla,South West,Southern,Southern,Southern Queensland,Chinchilla,Darling Downs (west) - Maranoa,Darling Downs - Maranoa,Outer Regional,Callide,Maranoa,State-controlled,No Roadway Feature,No traffic control,100 - 110 km/h,Sealed - Dry,Clear,Darkness - Not lighted,Curved - view open,Level,804,Off Path-Curve: Off Cway Lt Bend Hit Obj,Off carriageway on curve hit object,S,0,0,1,0,1,1,0,0,0,0,0,0
237156,Hospitalisation,2021,April,Saturday,6,Hit pedestrian,Hit pedestrian,150.6288754,-26.73880621,Chinchilla St,,Warrego Highway (Dalby - Miles),Chinchilla,Western Downs Region,4413,Chinchilla,South West,Southern,Southern,Southern Queensland,Chinchilla,Darling Downs (west) - Maranoa,Darling Downs - Maranoa,Outer Regional,Callide,Maranoa,State-controlled,No Roadway Feature,No traffic control,0 - 50 km/h,Sealed - Dry,Clear,Daylight,Curved - view obscured,Dip,7,Ped'N: Hit By Vehicle Enter/Leave D'Way,Pedestrian,S,0,2,0,0,2,1,0,0,0,0,2,0
237157,Hospitalisation,2021,May,Monday,16,Angle,Multi-Vehicle,150.6198794,-26.74717821,Glasson St,Heeney St,Chinchilla - Tara Road,Chinchilla,Western Downs Region,4413,Chinchilla,South West,Southern,Southern,Southern Queensland,Chinchilla,Darling Downs (west) - Maranoa,Darling Downs - Maranoa,Outer Regional,Callide,Maranoa,State-controlled,Intersection - T-Junction,No traffic control,60 km/h,Sealed - Dry,Clear,Daylight,Straight,Level,202,Veh'S Opposite Approach: Thru-Right,Opposing vehicles turning,N,0,2,0,0,2,2,0,0,0,0,0,0
237158,Hospitalisation,2021,June,Friday,11,Angle,Multi-Vehicle,150.6437358,-26.74866936,Warrego Hwy,,Warrego Highway (Dalby - Miles),Chinchilla,Western Downs Region,4413,Chinchilla,South West,Southern,Southern,Southern Queensland,Chinchilla,Darling Downs (west) - Maranoa,Darling Downs - Maranoa,Outer Regional,Callide,Maranoa,State-controlled,No Roadway Feature,No traffic control,60 km/h,Sealed - Dry,Clear,Daylight,Straight,Level,408,Veh'S Manoeuvring: Entering From Footway,Vehicle leaving driveway,E,0,1,0,0,1,1,0,1,0,0,0,0
237159,Hospitalisation,2021,June,Monday,12,Hit object,Single Vehicle,150.4960574,-26.8320232,Chinchilla - Tara Rd,,Chinchilla - Tara Road,Crossroads,Western Downs Region,4413,Chinchilla,South West,Southern,Southern,Southern Queensland,Chinchilla,Darling Downs (west) - Maranoa,Darling Downs - Maranoa,Outer Regional,Callide,Maranoa,State-controlled,No Roadway Feature,No traffic control,100 - 110 km/h,Sealed - Dry,Clear,Daylight,Curved - view open,Level,804,Off Path-Curve: Off Cway Lt Bend Hit Obj,Off carriageway on curve hit object,S,0,1,0,0,1,1,0,0,0,0,0,0
237508,Hospitalisation,2021,February,Tuesday,6,Rear-end,Multi-Vehicle,150.7039982,-28.53988623,Cunningham Hwy,,Cunningham Highway (Inglewood - Goondiwindi),Yelarbon,Goondiwindi Region,4388,Yelarbon,Darling Downs,Southern,Southern,Southern Queensland,Inglewood - Waggamba,Darling Downs (west) - Maranoa,Darling Downs - Maranoa,Outer Regional,Southern Downs,Maranoa,State-controlled,No Roadway Feature,Operating traffic lights,60 km/h,Sealed - Dry,Clear,Daylight,Straight,Level,301,Veh'S Same Direction: Rear End,Rear-end,E,0,1,0,1,2,1,0,1,0,0,0,0
237509,Hospitalisation,2021,March,Sunday,6,Hit object,Single Vehicle,150.4295862,-28.56677721,Boggabilla La,,,Goondiwindi,Goondiwindi Region,4390,Goondiwindi,Darling Downs,Southern,Southern,Southern Queensland,Goondiwindi,Darling Downs (west) - Maranoa,Darling Downs - Maranoa,Outer Regional,Southern Downs,Maranoa,Locally-controlled,No Roadway Feature,No traffic control,100 - 110 km/h,Unsealed - Dry,Clear,Daylight,Straight,Level,703,Off Path-Straight: Left Off Cway Hit Obj,Off carriageway on straight hit object,S,0,1,0,0,1,1,0,0,0,0,0,0
237510,Hospitalisation,2021,June,Thursday,14,Overturned,Single Vehicle,151.2262273,-28.58358469,Limevale - Greenup Rd,,,Brush Creek,Goondiwindi Region,4387,Inglewood,Darling Downs,Southern,Southern,Southern Queensland,Inglewood - Waggamba,Darling Downs (west) - Maranoa,Darling Downs - Maranoa,Outer Regional,Southern Downs,Maranoa,Locally-controlled,No Roadway Feature,No traffic control,100 - 110 km/h,Sealed - Wet,Raining,Daylight,Curved - view open,Dip,802,Off Path-Curve: Off Cway Left Bend,Off carriageway on curve,N,0,1,0,0,1,0,0,1,0,0,0,0
238575,Hospitalisation,2021,March,Tuesday,14,Hit object,Single Vehicle,151.3534368,-27.82316309,Gore Hwy,,Gore Highway (Toowoomba - Millmerran),Yandilla,Toowoomba Region,4352,Millmerran,Darling Downs,Southern,Southern,Southern Queensland,Millmerran,Darling Downs - East,Darling Downs - Maranoa,Inner Regional,Southern Downs,Maranoa,State-controlled,Intersection - T-Junction,No traffic control,100 - 110 km/h,Sealed - Wet,Raining,Daylight,Straight,Level,607,Veh'S On Path: Temporary Object On C'Way,Other,N,0,1,0,1,2,0,0,1,0,0,0,0
238576,Hospitalisation,2021,March,Tuesday,14,Hit object,Single Vehicle,151.2310427,-27.86273116,Turallin Rd,,,Millmerran,Toowoomba Region,4357,Millmerran,Darling Downs,Southern,Southern,Southern Queensland,Millmerran,Darling Downs - East,Darling Downs - Maranoa,Outer Regional,Southern Downs,Maranoa,Locally-controlled,No Roadway Feature,No traffic control,100 - 110 km/h,Sealed - Wet,Raining,Daylight,Straight,Level,201,Veh'S Opposite Approach: Head On,Head-on,E,0,4,0,0,4,2,0,0,0,0,0,0
238577,Hospitalisation,2021,May,Sunday,17,Overturned,Single Vehicle,150.9732262,-27.98426725,Gore Hwy,,Gore Highway (Millmerran - Goondiwindi),Wattle Ridge,Toowoomba Region,4357,Millmerran,Darling Downs,Southern,Southern,Southern Queensland,Millmerran,Darling Downs - East,Darling Downs - Maranoa,Outer Regional,Southern Downs,Maranoa,State-controlled,No Roadway Feature,No traffic control,100 - 110 km/h,Sealed - Dry,Clear,Dawn/Dusk,Straight,Level,705,Off Path-Straight:Out Of Control On Cway,Out of control on straight,N,0,1,0,0,1,0,0,1,0,0,0,0
238734,Hospitalisation,2021,February,Wednesday,9,Hit object,Single Vehicle,148.8938637,-25.81873005,Injune Taroom Rd,,,Pony Hills,Maranoa Region,4454,Injune,South West,Southern,Southern,Southern Queensland,Roma Region,Darling Downs (west) - Maranoa,Darling Downs - Maranoa,Remote,Warrego,Maranoa,Locally-controlled,No Roadway Feature,No traffic control,100 - 110 km/h,Unsealed - Dry,Clear,Daylight,Straight,Grade,607,Veh'S On Path: Temporary Object On C'Way,Other,W,0,1,0,0,1,1,0,0,0,0,0,0
238735,Hospitalisation,2021,April,Thursday,7,Overturned,Single Vehicle,148.6998197,-25.61406403,Carnarvon Hwy,,Carnarvon Highway (Injune - Rolleston),Baffle West,Maranoa Region,4454,Injune,South West,Southern,Southern,Southern Queensland,Roma Region,Darling Downs (west) - Maranoa,Darling Downs - Maranoa,Remote,Warrego,Maranoa,State-controlled,No Roadway Feature,No traffic control,100 - 110 km/h,Sealed - Dry,Clear,Daylight,Straight,Grade,705,Off Path-Straight:Out Of Control On Cway,Out of control on straight,N,0,1,0,0,1,1,0,0,0,0,0,0
238736,Hospitalisation,2021,April,Saturday,12,Overturned,Single Vehicle,148.5553647,-25.85558002,Carnarvon Hwy,,Carnarvon Highway (Roma - Injune),Injune,Maranoa Region,4454,Injune,South West,Southern,Southern,Southern Queensland,Roma Region,Darling Downs (west) - Maranoa,Darling Downs - Maranoa,Remote,Warrego,Maranoa,State-controlled,No Roadway Feature,No traffic control,100 - 110 km/h,Sealed - Dry,Clear,Daylight,Curved - view open,Grade,805,Off Path-Curve: Out Of Control On Cway,Out of control on curve,N,0,1,0,1,2,1,0,0,0,0,0,0
238737,Fatal,2021,May,Friday,22,Sideswipe,Multi-Vehicle,148.5479687,-25.96922902,Carnarvon Hwy,,,Gunnewin,Maranoa Region,4455,Injune,South West,Southern,Southern,Southern Queensland,Roma Region,Darling Downs (west) - Maranoa,Darling Downs - Maranoa,Remote,Warrego,Maranoa,Locally-controlled,No Roadway Feature,No traffic control,100 - 110 km/h,Sealed - Dry,Clear,Darkness - Not lighted,Curved - view obscured,Level,201,Veh'S Opposite Approach: Head On,Head-on,,1,1,0,0,2,0,0,2,0,0,0,0
238738,Minor injury,2021,June,Friday,10,Rear-end,Multi-Vehicle,148.5511467,-25.87938302,Carnarvon Hwy,,Carnarvon Highway (Roma - Injune),Injune,Maranoa Region,4454,Injune,South West,Southern,Southern,Southern Queensland,Roma Region,Darling Downs (west) - Maranoa,Darling Downs - Maranoa,Remote,Warrego,Maranoa,State-controlled,No Roadway Feature,No traffic control,100 - 110 km/h,Sealed - Dry,Clear,Darkness - Lighted,Straight,Level,302,Veh'S Same Direction: Left Rear,Rear-end,S,0,0,0,1,1,1,0,1,0,0,0,0
239082,Hospitalisation,2021,January,Saturday,11,Overturned,Single Vehicle,148.8107524,-26.53988165,Short St,,,Roma,Maranoa Region,4455,Roma,South West,Southern,Southern,Southern Queensland,Roma,Darling Downs (west) - Maranoa,Darling Downs - Maranoa,Outer Regional,Warrego,Maranoa,Locally-controlled,No Roadway Feature,No traffic control,100 - 110 km/h,Unsealed - Dry,Clear,Daylight,Curved - view obscured,Dip,802,Off Path-Curve: Off Cway Left Bend,Off carriageway on curve,S,0,1,0,0,1,1,0,0,0,0,0,0
239083,Hospitalisation,2021,March,Tuesday,16,Angle,Multi-Vehicle,148.7935436,-26.57216905,Gregory St,Mcdowall St,,Roma,Maranoa Region,4455,Roma,South West,Southern,Southern,Southern Queensland,Roma,Darling Downs (west) - Maranoa,Darling Downs - Maranoa,Outer Regional,Warrego,Maranoa,Locally-controlled,Intersection - Cross,Give way sign,0 - 50 km/h,Sealed - Wet,Raining,Daylight,Straight,Level,101,Veh'S Adjacent Approach: Thru-Thru,Intersection from adjacent approaches,N,0,1,0,1,2,2,0,0,0,0,0,0
239084,Hospitalisation,2021,May,Tuesday,8,Sideswipe,Multi-Vehicle,148.7873016,-26.57766805,Chrystal St,Hawthorne St,,Roma,Maranoa Region,4455,Roma,South West,Southern,Southern,Southern Queensland,Roma,Darling Downs (west) - Maranoa,Darling Downs - Maranoa,Outer Regional,Warrego,Maranoa,Locally-controlled,Intersection - Cross,Give way sign,60 km/h,Sealed - Dry,Clear,Daylight,Straight,Level,101,Veh'S Adjacent Approach: Thru-Thru,Intersection from adjacent approaches,E,0,2,0,0,2,2,0,0,0,0,0,0
239085,Hospitalisation,2021,June,Tuesday,16,Sideswipe,Multi-Vehicle,148.7867736,-26.56235005,Miscamble St,Northern Rd,Carnarvon Highway (Roma - Injune),Roma,Maranoa Region,4455,Roma,South West,Southern,Southern,Southern Queensland,Roma,Darling Downs (west) - Maranoa,Darling Downs - Maranoa,Outer Regional,Warrego,Maranoa,State-controlled,Intersection - Cross,Give way sign,60 km/h,Sealed - Dry,Clear,Daylight,Straight,Level,101,Veh'S Adjacent Approach: Thru-Thru,Intersection from adjacent approaches,N,0,1,0,0,1,2,0,0,0,0,0,0
239144,Hospitalisation,2021,February,Friday,16,Fall from vehicle,Single Vehicle,148.5796825,-28.04468704,Taylor St,Wilson Av,,St George,Balonne Shire,4487,Saint George,South West,Southern,Southern,Southern Queensland,Balonne,Darling Downs (west) - Maranoa,Darling Downs - Maranoa,Remote,Warrego,Maranoa,Locally-controlled,Intersection - T-Junction,No traffic control,0 - 50 km/h,Sealed - Dry,Clear,Daylight,Straight,Level,705,Off Path-Straight:Out Of Control On Cway,Out of control on straight,E,0,1,0,0,1,0,1,0,0,0,0,0
239145,Hospitalisation,2021,March,Saturday,23,Hit object,Single Vehicle,148.5827525,-28.04168804,Munro St,,,St George,Balonne Shire,4487,Saint George,South West,Southern,Southern,Southern Queensland,Balonne,Darling Downs (west) - Maranoa,Darling Downs - Maranoa,Remote,Warrego,Maranoa,Locally-controlled,No Roadway Feature,No traffic control,0 - 50 km/h,Sealed - Dry,Clear,Darkness - Not lighted,Straight,Level,703,Off Path-Straight: Left Off Cway Hit Obj,Off carriageway on straight hit object,E,0,5,0,0,5,1,0,0,0,0,0,0
239361,Fatal,2021,February,Sunday,19,Overturned,Single Vehicle,148.1397327,-26.53022599,Warrego Hwy,,Warrego Highway (Roma - Mitchell),Amby,Maranoa Region,4462,Mitchell,South West,Southern,Southern,Southern Queensland,Roma Region,Darling Downs (west) - Maranoa,Darling Downs - Maranoa,Remote,Warrego,Maranoa,State-controlled,No Roadway Feature,No traffic control,100 - 110 km/h,Sealed - Dry,Clear,Darkness - Not lighted,Curved - view open,Level,801,Off Path-Curve: Off Cway Right Bend,Off carriageway on curve,W,1,0,0,0,1,1,0,0,0,0,0,0
239362,Hospitalisation,2021,February,Friday,10,Hit object,Single Vehicle,147.7984557,-26.48788597,Warrego Hwy,,Warrego Highway (Mitchell - Morven),Womalilla,Maranoa Region,4465,Mitchell,South West,Southern,Southern,Southern Queensland,Roma Region,Darling Downs (west) - Maranoa,Darling Downs - Maranoa,Very Remote,Warrego,Maranoa,State-controlled,Bridge/Causeway,No traffic control,100 - 110 km/h,Sealed - Dry,Clear,Daylight,Straight,Level,703,Off Path-Straight: Left Off Cway Hit Obj,Off carriageway on straight hit object,W,0,1,0,0,1,1,0,0,0,0,0,0
239515,Hospitalisation,2021,April,Saturday,23,Hit object,Single Vehicle,149.3300595,-26.60154509,Warrego Hwy,,Warrego Highway (Miles - Roma),Yuleba,Maranoa Region,4427,Yuleba,South West,Southern,Southern,Southern Queensland,Roma Region,Darling Downs (west) - Maranoa,Darling Downs - Maranoa,Remote,Warrego,Maranoa,State-controlled,No Roadway Feature,No traffic control,100 - 110 km/h,Sealed - Dry,Clear,Darkness - Not lighted,Straight,Level,703,Off Path-Straight: Left Off Cway Hit Obj,Off carriageway on straight hit object,W,0,1,0,0,1,1,0,0,0,0,0,0
239516,Fatal,2021,May,Friday,15,Head-on,Multi-Vehicle,149.2718065,-26.59538709,Warrego Hwy,,,Wallumbilla North,Maranoa Region,4428,Wallumbilla,South West,Southern,Southern,Southern Queensland,Roma Region,Darling Downs (west) - Maranoa,Darling Downs - Maranoa,Remote,Warrego,Maranoa,Locally-controlled,No Roadway Feature,No traffic control,100 - 110 km/h,Sealed - Dry,Clear,Daylight,Straight,Level,201,Veh'S Opposite Approach: Head On,Head-on,,1,15,1,0,17,1,0,0,1,0,0,0
239669,Hospitalisation,2021,January,Wednesday,7,Hit object,Single Vehicle,148.9064256,-26.73187106,Carnarvon Hwy,,Carnarvon Highway (Surat - Roma),Tingun,Maranoa Region,4455,Roma,South West,Southern,Southern,Southern Queensland,Roma Region,Darling Downs (west) - Maranoa,Darling Downs - Maranoa,Remote,Warrego,Maranoa,State-controlled,No Roadway Feature,No traffic control,100 - 110 km/h,Sealed - Dry,Clear,Daylight,Straight,Level,703,Off Path-Straight: Left Off Cway Hit Obj,Off carriageway on straight hit object,N,0,1,0,0,1,1,0,0,0,0,0,0
239670,Hospitalisation,2021,March,Sunday,16,Overturned,Single Vehicle,148.7441556,-26.57662404,Warrego Hwy,,Warrego Highway (Roma - Mitchell),Bungil,Maranoa Region,4455,Roma,South West,Southern,Southern,Southern Queensland,Roma Region,Darling Downs (west) - Maranoa,Darling Downs - Maranoa,Remote,Warrego,Maranoa,State-controlled,No Roadway Feature,No traffic control,100 - 110 km/h,Sealed - Dry,Clear,Daylight,Straight,Level,701,Off Path-Straight: Left Off Cway,Off carriageway on straight,W,0,1,0,0,1,1,0,0,0,0,0,0
239671,Hospitalisation,2021,April,Thursday,17,Overturned,Single Vehicle,148.9516365,-26.80597706,Carnarvon Hwy,,Carnarvon Highway (Surat - Roma),Tingun,Maranoa Region,4455,Roma,South West,Southern,Southern,Southern Queensland,Roma Region,Darling Downs (west) - Maranoa,Darling Downs - Maranoa,Remote,Warrego,Maranoa,State-controlled,No Roadway Feature,No traffic control,100 - 110 km/h,Sealed - Dry,Clear,Daylight,Straight,Level,702,Off Path-Straight: Right Off Cway,Off carriageway on straight,N,0,1,0,0,1,1,0,0,0,0,0,0
239672,Hospitalisation,2021,April,Tuesday,10,Overturned,Single Vehicle,148.7902336,-26.42180705,Carnarvon Hwy,Roma - Taroom Rd,Carnarvon Highway (Roma - Injune),Euthulla,Maranoa Region,4455,Roma,South West,Southern,Southern,Southern Queensland,Roma Region,Darling Downs (west) - Maranoa,Darling Downs - Maranoa,Outer Regional,Warrego,Maranoa,State-controlled,Intersection - T-Junction,No traffic control,100 - 110 km/h,Sealed - Dry,Clear,Daylight,Straight,Crest,707,Off Path-Straight: Right Turn,Off carriageway on straight,N,0,1,0,0,1,0,0,1,0,0,0,0