Crash_Severity,Crash_Year,Crash_Month,Crash_Day_Of_Week,Crash_Hour,Crash_Nature,Crash_Type,Crash_Longitude,Crash_Latitude,Crash_Street,Crash_Street_Intersecting,State_Road_Name,Loc_Suburb,Loc_Local_Government_Area,Loc_Post_Code,Loc_Police_Division,Loc_Police_District,Loc_Police_Region,Loc_Queensland_Transport_Region,Loc_Main_Roads_Region,Loc_ABS_Statistical_Area_2,Loc_ABS_Statistical_Area_3,Loc_ABS_Statistical_Area_4,Loc_ABS_Remoteness,Loc_State_Electorate,Loc_Federal_Electorate,Crash_Controlling_Authority,Crash_Roadway_Feature,Crash_Traffic_Control,Crash_Speed_Limit,Crash_Road_Surface_Condition,Crash_Atmospheric_Condition,Crash_Lighting_Condition,Crash_Road_Horiz_Align,Crash_Road_Vert_Align,Crash_DCA_Code,Crash_DCA_Description,Crash_DCA_Group_Description,DCA_Key_Approach_Dir,Count_Casualty_Fatality,Count_Casualty_Hospitalised,Count_Casualty_MedicallyTreated,Count_Casualty_MinorInjury,Count_Casualty_Total,Count_Unit_Car,Count_Unit_Motorcycle_Moped,Count_Unit_Truck,Count_Unit_Bus,Count_Unit_Bicycle,Count_Unit_Pedestrian,Count_Unit_Other,
239966,Hospitalisation,2021,February,Wednesday,7,Overturned,Single Vehicle,148.8595884,-27.98084707,Moonie Hwy,,Moonie Highway (Dalby - St George),St George,Balonne Shire,4487,Saint George,South West,Southern,Southern,Southern Queensland,Balonne,Darling Downs (west) - Maranoa,Darling Downs - Maranoa,Remote,Warrego,Maranoa,State-controlled,No Roadway Feature,No traffic control,100 - 110 km/h,Sealed - Dry,Clear,Daylight,Straight,Level,701,Off Path-Straight: Left Off Cway,Off carriageway on straight,E,0,1,0,0,1,1,0,0,0,0,0,0
239967,Hospitalisation,2021,April,Monday,13,Overturned,Single Vehicle,148.8307708,-28.33540501,Carnarvon Hwy,,Carnarvon Highway (Mungindi - St George),Thallon,Balonne Shire,4497,Thallon,South West,Southern,Southern,Southern Queensland,Balonne,Darling Downs (west) - Maranoa,Darling Downs - Maranoa,Remote,Warrego,Maranoa,State-controlled,No Roadway Feature,No traffic control,100 - 110 km/h,Sealed - Dry,Clear,Daylight,Curved - view open,Level,801,Off Path-Curve: Off Cway Right Bend,Off carriageway on curve,S,0,1,0,0,1,1,0,0,0,0,0,0
240444,Hospitalisation,2021,April,Sunday,19,Overturned,Single Vehicle,145.356544,-25.98968578,Ambathella Rd,,,Adavale,Quilpie Shire,4474,Adavale,South West,Southern,Southern,Southern Queensland,Far South West,Outback - South,Queensland - Outback,Very Remote,Warrego,Maranoa,Locally-controlled,No Roadway Feature,No traffic control,100 - 110 km/h,Unsealed - Dry,Clear,Darkness - Not lighted,Curved - view open,Level,801,Off Path-Curve: Off Cway Right Bend,Off carriageway on curve,N,0,2,0,0,2,1,0,0,0,0,0,0
240755,Hospitalisation,2021,January,Wednesday,20,Hit animal,Other,146.2687366,-26.40727251,Warrego Hwy,,Warrego Highway (Morven - Charleville),Charleville,Murweh Shire,4470,Charleville,South West,Southern,Southern,Southern Queensland,Charleville,Outback - South,Queensland - Outback,Very Remote,Warrego,Maranoa,State-controlled,No Roadway Feature,No traffic control,100 - 110 km/h,Sealed - Dry,Clear,Darkness - Not lighted,Straight,Level,609,Pass & Misc: Hit Animal,Hit animal,E,0,2,0,0,2,1,0,0,0,0,0,0
240756,Hospitalisation,2021,June,Monday,13,Hit object,Single Vehicle,147.0138779,-26.41327051,Warrego Hwy,,Warrego Highway (Morven - Charleville),Morven,Murweh Shire,4468,Morven,South West,Southern,Southern,Southern Queensland,Charleville,Outback - South,Queensland - Outback,Very Remote,Warrego,Maranoa,State-controlled,No Roadway Feature,No traffic control,100 - 110 km/h,Sealed - Dry,Clear,Daylight,Curved - view open,Level,803,Off Path-Curve: Off Cway Rt Bend Hit Obj,Off carriageway on curve hit object,E,0,1,1,0,2,1,0,0,0,0,0,0
241038,Hospitalisation,2021,January,Wednesday,16,Hit object,Single Vehicle,150.0380877,-24.12142514,Baileys Rd,Baralaba - Rannes Rd,Baralaba - Rannes Road,Kokotungo,Banana Shire,4702,Baralaba,Capricornia,Central,Central,Central Queensland,Banana,Biloela,Central Queensland,Outer Regional,Callide,Flynn,State-controlled,No Roadway Feature,No traffic control,100 - 110 km/h,Sealed - Dry,Clear,Daylight,Curved - view open,Level,803,Off Path-Curve: Off Cway Rt Bend Hit Obj,Off carriageway on curve hit object,E,0,2,0,0,2,1,0,0,0,0,0,0
241039,Medical treatment,2021,January,Friday,11,Hit object,Single Vehicle,150.0980127,-24.49677814,Dawson Hwy,,Dawson Highway (Banana - Rolleston),Banana,Banana Shire,4702,Moura,Capricornia,Central,Central,Central Queensland,Banana,Biloela,Central Queensland,Outer Regional,Callide,Flynn,State-controlled,No Roadway Feature,No traffic control,100 - 110 km/h,Sealed - Dry,Clear,Daylight,Curved - view open,Level,803,Off Path-Curve: Off Cway Rt Bend Hit Obj,Off carriageway on curve hit object,W,0,0,2,0,2,1,0,1,0,0,0,0
241040,Hospitalisation,2021,May,Thursday,11,Hit object,Single Vehicle,150.1004947,-24.13128914,Baralaba - Rannes Rd,,Baralaba - Rannes Road,Kokotungo,Banana Shire,4702,Baralaba,Capricornia,Central,Central,Central Queensland,Banana,Biloela,Central Queensland,Outer Regional,Callide,Flynn,State-controlled,Bridge/Causeway,No traffic control,100 - 110 km/h,Sealed - Dry,Clear,Daylight,Straight,Grade,704,Off Path-Straight:Right Off Cway Hit Obj,Off carriageway on straight hit object,E,0,1,0,1,2,0,0,1,0,0,0,0
241515,Hospitalisation,2021,January,Thursday,16,Hit object,Single Vehicle,150.6068201,-24.23009929,Dawson Hwy,,Dawson Highway (Gladstone - Biloela),Dumgree,Banana Shire,4715,Biloela,Capricornia,Central,Central,Central Queensland,Banana,Biloela,Central Queensland,Outer Regional,Callide,Flynn,State-controlled,No Roadway Feature,No traffic control,100 - 110 km/h,Sealed - Wet,Clear,Daylight,Curved - view obscured,Level,803,Off Path-Curve: Off Cway Rt Bend Hit Obj,Off carriageway on curve hit object,W,0,1,0,1,2,1,0,0,0,0,0,0
241516,Hospitalisation,2021,January,Saturday,19,Rear-end,Multi-Vehicle,150.5219716,-24.39163718,Clarke Dr,Dawson Hwy,Dawson Highway (Gladstone - Biloela),Biloela,Banana Shire,4715,Biloela,Capricornia,Central,Central,Central Queensland,Biloela,Biloela,Central Queensland,Outer Regional,Callide,Flynn,State-controlled,Intersection - T-Junction,No traffic control,60 km/h,Sealed - Dry,Clear,Dawn/Dusk,Straight,Grade,303,Veh'S Same Direction: Right Rear,Rear-end,S,0,1,0,0,1,2,0,0,0,0,0,0
241517,Hospitalisation,2021,February,Saturday,1,Overturned,Single Vehicle,150.5642516,-24.45722319,Mullers Rd,,,Thangool,Banana Shire,4716,Biloela,Capricornia,Central,Central,Central Queensland,Banana,Biloela,Central Queensland,Outer Regional,Callide,Flynn,Locally-controlled,No Roadway Feature,No traffic control,100 - 110 km/h,Unsealed - Dry,Clear,Darkness - Not lighted,Straight,Grade,702,Off Path-Straight: Right Off Cway,Off carriageway on straight,N,0,1,0,0,1,1,0,0,0,0,0,0
241518,Medical treatment,2021,March,Saturday,10,Angle,Multi-Vehicle,150.5133236,-24.39050618,State Farm Rd,Washpool St,,Biloela,Banana Shire,4715,Biloela,Capricornia,Central,Central,Central Queensland,Biloela,Biloela,Central Queensland,Outer Regional,Callide,Flynn,Locally-controlled,Intersection - T-Junction,No traffic control,0 - 50 km/h,Sealed - Dry,Clear,Daylight,Curved - view open,Grade,104,Veh'S Adjacent Approach: Thru-Right,Intersection from adjacent approaches,W,0,0,1,0,1,2,0,0,0,0,0,0
241519,Minor injury,2021,March,Sunday,18,Angle,Multi-Vehicle,150.5131349,-24.39543455,Rainbow St,,,Biloela,Banana Shire,4715,Biloela,Capricornia,Central,Central,Central Queensland,Biloela,Biloela,Central Queensland,Outer Regional,Callide,Flynn,Locally-controlled,No Roadway Feature,No traffic control,0 - 50 km/h,Sealed - Dry,Clear,Darkness - Lighted,Straight,Level,200,Veh'S Opposite Approach: Other,Other,E,0,0,0,1,1,2,0,0,0,0,0,0
241520,Hospitalisation,2021,March,Monday,7,Overturned,Single Vehicle,150.5859779,-24.49029937,Burnett Hwy,,Burnett Highway (Monto - Biloela),Thangool,Banana Shire,4716,Biloela,Capricornia,Central,Central,Central Queensland,Banana,Biloela,Central Queensland,Outer Regional,Callide,Flynn,State-controlled,No Roadway Feature,No traffic control,100 - 110 km/h,Sealed - Dry,Clear,Daylight,Curved - view open,Level,801,Off Path-Curve: Off Cway Right Bend,Off carriageway on curve,S,0,1,0,0,1,1,0,0,0,0,0,0
241521,Medical treatment,2021,April,Tuesday,7,Angle,Multi-Vehicle,150.5112576,-24.39827718,Grevillea St,Prairie St,,Biloela,Banana Shire,4715,Biloela,Capricornia,Central,Central,Central Queensland,Biloela,Biloela,Central Queensland,Outer Regional,Callide,Flynn,Locally-controlled,Intersection - Cross,Stop sign,0 - 50 km/h,Sealed - Dry,Clear,Daylight,Straight,Level,101,Veh'S Adjacent Approach: Thru-Thru,Intersection from adjacent approaches,N,0,0,1,0,1,3,0,0,0,0,0,0
241522,Fatal,2021,April,Tuesday,14,Hit object,Single Vehicle,150.5978856,-24.36967519,Calvale Rd,,,Valentine Plains,Banana Shire,4715,Biloela,Capricornia,Central,Central,Central Queensland,Banana,Biloela,Central Queensland,Outer Regional,Callide,Flynn,Locally-controlled,No Roadway Feature,No traffic control,80 - 90 km/h,Sealed - Dry,Clear,Daylight,Straight,Level,704,Off Path-Straight:Right Off Cway Hit Obj,Off carriageway on straight hit object,,1,0,0,0,1,1,0,0,0,0,0,0
241523,Hospitalisation,2021,May,Tuesday,8,Angle,Multi-Vehicle,150.5032706,-24.38658218,Auburn St,Halberstater Cl,,Biloela,Banana Shire,4715,Biloela,Capricornia,Central,Central,Central Queensland,Biloela,Biloela,Central Queensland,Outer Regional,Callide,Flynn,Locally-controlled,Intersection - T-Junction,No traffic control,60 km/h,Sealed - Dry,Clear,Daylight,Straight,Grade,104,Veh'S Adjacent Approach: Thru-Right,Intersection from adjacent approaches,W,0,1,0,0,1,2,0,0,0,0,0,0
241524,Hospitalisation,2021,June,Friday,8,Fall from vehicle,Single Vehicle,150.5026186,-24.39001118,Quarrie Rd,,,Biloela,Banana Shire,4715,Biloela,Capricornia,Central,Central,Central Queensland,Biloela,Biloela,Central Queensland,Outer Regional,Callide,Flynn,Locally-controlled,No Roadway Feature,No traffic control,70 km/h,Sealed - Dry,Clear,Daylight,Straight,Level,705,Off Path-Straight:Out Of Control On Cway,Out of control on straight,S,0,1,0,0,1,0,1,0,0,0,0,0
241525,Hospitalisation,2021,June,Friday,20,Angle,Multi-Vehicle,150.5129616,-24.39695818,Bell St,Prairie St,,Biloela,Banana Shire,4715,Biloela,Capricornia,Central,Central,Central Queensland,Biloela,Biloela,Central Queensland,Outer Regional,Callide,Flynn,Locally-controlled,Intersection - Cross,Stop sign,0 - 50 km/h,Sealed - Dry,Clear,Darkness - Lighted,Straight,Level,101,Veh'S Adjacent Approach: Thru-Thru,Intersection from adjacent approaches,W,0,1,1,0,2,2,0,0,0,0,0,0
241526,Hospitalisation,2021,June,Sunday,18,Angle,Multi-Vehicle,150.5091096,-24.39451618,Kroombit St,Washpool St,,Biloela,Banana Shire,4715,Biloela,Capricornia,Central,Central,Central Queensland,Biloela,Biloela,Central Queensland,Outer Regional,Callide,Flynn,Locally-controlled,Intersection - Roundabout,Give way sign,0 - 50 km/h,Sealed - Dry,Clear,Darkness - Lighted,Straight,Level,101,Veh'S Adjacent Approach: Thru-Thru,Intersection from adjacent approaches,N,0,1,0,0,1,2,0,0,0,0,0,0
241792,Minor injury,2021,February,Monday,18,Angle,Multi-Vehicle,148.8771648,-23.61872481,Tantallon Rd,,Blackwater - Rolleston Road,Stewarton,Central Highlands Region,4702,Blackwater,Capricornia,Central,Central,Central Queensland,Central Highlands - East,Central Highlands (qld),Central Queensland,Outer Regional,Gregory,Flynn,State-controlled,No Roadway Feature,No traffic control,0 - 50 km/h,Sealed - Dry,Clear,Dawn/Dusk,Straight,Level,408,Veh'S Manoeuvring: Entering From Footway,Vehicle leaving driveway,W,0,0,0,1,1,1,1,0,0,0,0,0
241793,Minor injury,2021,March,Sunday,15,Overturned,Single Vehicle,149.0635069,-23.58235405,Capricorn Hwy,,Capricorn Highway (Duaringa - Emerald),Bluff,Central Highlands Region,4702,Blackwater,Capricornia,Central,Central,Central Queensland,Central Highlands - East,Central Highlands (qld),Central Queensland,Outer Regional,Gregory,Flynn,State-controlled,No Roadway Feature,No traffic control,60 km/h,Sealed - Wet,Raining,Daylight,Curved - view open,Level,802,Off Path-Curve: Off Cway Left Bend,Off carriageway on curve,W,0,0,0,1,1,1,0,0,0,0,0,0
241794,Medical treatment,2021,June,Monday,0,Overturned,Single Vehicle,149.0629089,-23.58261105,Capricorn Hwy,,Capricorn Highway (Duaringa - Emerald),Bluff,Central Highlands Region,4702,Blackwater,Capricornia,Central,Central,Central Queensland,Central Highlands - East,Central Highlands (qld),Central Queensland,Outer Regional,Gregory,Flynn,State-controlled,Bridge/Causeway,No traffic control,60 km/h,Sealed - Dry,Clear,Darkness - Not lighted,Curved - view obscured,Level,802,Off Path-Curve: Off Cway Left Bend,Off carriageway on curve,W,0,0,1,0,1,1,0,0,0,0,0,0
242230,Hospitalisation,2021,February,Tuesday,4,Hit object,Single Vehicle,151.1851186,-24.12838924,Gladstone - Monto Rd,,Gladstone - Monto Road,Calliope,Gladstone Region,4680,Calliope,Capricornia,Central,Central,Central Queensland,Gladstone Hinterland,Gladstone,Central Queensland,Inner Regional,Callide,Flynn,State-controlled,No Roadway Feature,No traffic control,100 - 110 km/h,Sealed - Dry,Clear,Dawn/Dusk,Curved - view open,Crest,804,Off Path-Curve: Off Cway Lt Bend Hit Obj,Off carriageway on curve hit object,W,0,1,0,0,1,0,0,1,0,0,0,0
242231,Fatal,2021,February,Wednesday,0,Hit object,Single Vehicle,151.0719339,-23.83461823,Gladstone - Mt Larcom Rd,,Gladstone - Mount Larcom Road,Aldoga,Gladstone Region,4694,Mount Larcom,Capricornia,Central,Central,Central Queensland,Gladstone Hinterland,Gladstone,Central Queensland,Outer Regional,Gladstone,Flynn,State-controlled,No Roadway Feature,No traffic control,100 - 110 km/h,Sealed - Dry,Clear,Darkness - Not lighted,Curved - view open,Level,803,Off Path-Curve: Off Cway Rt Bend Hit Obj,Off carriageway on curve hit object,E,1,0,0,0,1,0,1,0,0,0,0,0
242232,Hospitalisation,2021,March,Sunday,17,Fall from vehicle,Single Vehicle,151.2122266,-23.99616724,Drynan Dr,,,Calliope,Gladstone Region,4680,Calliope,Capricornia,Central,Central,Central Queensland,Gladstone Hinterland,Gladstone,Central Queensland,Inner Regional,Callide,Flynn,Locally-controlled,No Roadway Feature,No traffic control,60 km/h,Sealed - Wet,Raining,Daylight,Straight,Grade,705,Off Path-Straight:Out Of Control On Cway,Out of control on straight,E,0,1,0,0,1,0,1,0,0,0,0,0
242233,Hospitalisation,2021,April,Sunday,8,Angle,Multi-Vehicle,151.3137016,-23.99761925,Bruce Hwy,Gladstone - Benaraby Rd,Bruce Highway (Benaraby - Rockhampton),Benaraby,Gladstone Region,4680,Tannum Sands,Capricornia,Central,Central,Central Queensland,Gladstone Hinterland,Gladstone,Central Queensland,Inner Regional,Gladstone,Flynn,State-controlled,Intersection - T-Junction,No traffic control,80 - 90 km/h,Sealed - Wet,Clear,Daylight,Curved - view open,Level,202,Veh'S Opposite Approach: Thru-Right,Opposing vehicles turning,N,0,2,0,1,3,2,0,0,0,0,0,0
242234,Minor injury,2021,April,Friday,16,Rear-end,Multi-Vehicle,151.1461936,-23.96126124,Bruce Hwy,,Bruce Highway (Benaraby - Rockhampton),River Ranch,Gladstone Region,4680,Mount Larcom,Capricornia,Central,Central,Central Queensland,Gladstone Hinterland,Gladstone,Central Queensland,Inner Regional,Gladstone,Flynn,State-controlled,No Roadway Feature,Operating traffic lights,100 - 110 km/h,Sealed - Dry,Clear,Daylight,Straight,Level,301,Veh'S Same Direction: Rear End,Rear-end,W,0,0,0,1,1,2,0,0,0,0,0,0
242235,Fatal,2021,June,Wednesday,23,Rear-end,Multi-Vehicle,151.3363106,-24.00600825,Bruce Hwy,,Bruce Highway (Gin Gin - Benaraby),Benaraby,Gladstone Region,4680,Tannum Sands,Capricornia,Central,Central,Central Queensland,Gladstone Hinterland,Gladstone,Central Queensland,Inner Regional,Gladstone,Flynn,State-controlled,No Roadway Feature,No traffic control,80 - 90 km/h,Sealed - Wet,Fog,Darkness - Lighted,Straight,Level,303,Veh'S Same Direction: Right Rear,Rear-end,E,1,1,0,1,3,1,0,1,0,0,0,0
242293,Hospitalisation,2021,January,Monday,14,Overturned,Single Vehicle,147.9816082,-23.06036094,Gregory Hwy,,Gregory Highway (Emerald - Clermont),Hibernia,Central Highlands Region,4723,Capella,Capricornia,Central,Central,Central Queensland,Central Highlands - West,Central Highlands (qld),Central Queensland,Remote,Gregory,Flynn,State-controlled,No Roadway Feature,No traffic control,100 - 110 km/h,Sealed - Dry,Clear,Daylight,Curved - view obscured,Crest,801,Off Path-Curve: Off Cway Right Bend,Off carriageway on curve,W,0,1,0,0,1,1,0,0,0,0,0,0
242294,Minor injury,2021,May,Friday,10,Overturned,Single Vehicle,148.150569,-22.81936297,Cotherstone Rd,,Cotherstone Road,Lowestoff,Central Highlands Region,4723,Capella,Capricornia,Central,Central,Central Queensland,Central Highlands - West,Central Highlands (qld),Central Queensland,Remote,Gregory,Flynn,State-controlled,No Roadway Feature,No traffic control,100 - 110 km/h,Unsealed - Dry,Clear,Daylight,Curved - view obscured,Crest,801,Off Path-Curve: Off Cway Right Bend,Off carriageway on curve,S,0,0,0,1,1,1,0,0,0,0,0,0
242698,Hospitalisation,2021,January,Sunday,11,Hit object,Single Vehicle,149.7342704,-23.78018642,Duaringa - Baralaba Rd,,Capricorn Highway (Rockhampton - Duaringa),Duaringa,Central Highlands Region,4712,Duaringa,Capricornia,Central,Central,Central Queensland,Central Highlands - East,Central Highlands (qld),Central Queensland,Outer Regional,Gregory,Flynn,State-controlled,No Roadway Feature,No traffic control,60 km/h,Sealed - Dry,Clear,Daylight,Curved - view obscured,Grade,804,Off Path-Curve: Off Cway Lt Bend Hit Obj,Off carriageway on curve hit object,N,0,1,0,0,1,0,1,0,0,0,0,0
242699,Hospitalisation,2021,March,Friday,14,Hit object,Single Vehicle,149.5628361,-23.70619932,Capricorn Hwy,,Capricorn Highway (Duaringa - Emerald),Wallaroo,Central Highlands Region,4702,Duaringa,Capricornia,Central,Central,Central Queensland,Central Highlands - East,Central Highlands (qld),Central Queensland,Outer Regional,Gregory,Flynn,State-controlled,No Roadway Feature,No traffic control,100 - 110 km/h,Sealed - Dry,Clear,Daylight,Curved - view obscured,Level,803,Off Path-Curve: Off Cway Rt Bend Hit Obj,Off carriageway on curve hit object,W,0,1,0,0,1,0,0,1,0,0,0,1
242700,Hospitalisation,2021,March,Sunday,7,Rear-end,Multi-Vehicle,149.5625592,-23.70605332,Capricorn Hwy,,Capricorn Highway (Duaringa - Emerald),Wallaroo,Central Highlands Region,4702,Duaringa,Capricornia,Central,Central,Central Queensland,Central Highlands - East,Central Highlands (qld),Central Queensland,Outer Regional,Gregory,Flynn,State-controlled,No Roadway Feature,No traffic control,100 - 110 km/h,Sealed - Dry,Clear,Daylight,Curved - view obscured,Level,302,Veh'S Same Direction: Left Rear,Rear-end,W,0,3,0,0,3,1,0,2,0,0,0,0
242701,Hospitalisation,2021,March,Tuesday,10,Angle,Multi-Vehicle,149.6828228,-23.7487841,Capricorn Hwy,,Capricorn Highway (Rockhampton - Duaringa),Duaringa,Central Highlands Region,4712,Duaringa,Capricornia,Central,Central,Central Queensland,Central Highlands - East,Central Highlands (qld),Central Queensland,Outer Regional,Gregory,Flynn,State-controlled,No Roadway Feature,No traffic control,100 - 110 km/h,Sealed - Dry,Clear,Daylight,Straight,Dip,201,Veh'S Opposite Approach: Head On,Head-on,E,0,1,0,0,1,1,0,1,0,0,0,0
242702,Hospitalisation,2021,April,Saturday,7,Hit object,Single Vehicle,149.8594838,-23.75936312,Capricorn Hwy,,Capricorn Highway (Rockhampton - Duaringa),Boolburra,Central Highlands Region,4702,Duaringa,Capricornia,Central,Central,Central Queensland,Central Highlands - East,Central Highlands (qld),Central Queensland,Outer Regional,Gregory,Flynn,State-controlled,No Roadway Feature,No traffic control,100 - 110 km/h,Sealed - Dry,Clear,Daylight,Curved - view obscured,Level,803,Off Path-Curve: Off Cway Rt Bend Hit Obj,Off carriageway on curve hit object,E,0,1,0,0,1,1,0,0,0,0,0,0
242703,Hospitalisation,2021,April,Tuesday,11,Hit object,Single Vehicle,149.1554589,-23.59983006,Capricorn Hwy,,Capricorn Highway (Duaringa - Emerald),Bluff,Central Highlands Region,4702,Duaringa,Capricornia,Central,Central,Central Queensland,Central Highlands - East,Central Highlands (qld),Central Queensland,Outer Regional,Gregory,Flynn,State-controlled,No Roadway Feature,No traffic control,100 - 110 km/h,Sealed - Dry,Clear,Daylight,Straight,Crest,704,Off Path-Straight:Right Off Cway Hit Obj,Off carriageway on straight hit object,E,0,1,0,0,1,0,0,1,0,0,0,0
242704,Medical treatment,2021,June,Wednesday,10,Hit object,Single Vehicle,149.6033778,-23.71441709,Fitzroy Developmental Rd,,Fitzroy Developmental Road (Bauhinia - Duaringa),Duaringa,Central Highlands Region,4712,Duaringa,Capricornia,Central,Central,Central Queensland,Central Highlands - East,Central Highlands (qld),Central Queensland,Outer Regional,Gregory,Flynn,State-controlled,No Roadway Feature,No traffic control,100 - 110 km/h,Unsealed - Dry,Clear,Daylight,Straight,Dip,704,Off Path-Straight:Right Off Cway Hit Obj,Off carriageway on straight hit object,S,0,0,1,0,1,1,0,0,0,0,0,0
243701,Hospitalisation,2021,January,Friday,13,Overturned,Single Vehicle,150.6419775,-23.37328525,Emu Park Rd,,Rockhampton - Emu Park Road,Nankin,Livingstone Shire,4701,Lakes Creek,Capricornia,Central,Central,Central Queensland,Rockhampton Region - East,Rockhampton,Central Queensland,Outer Regional,Keppel,Capricornia,State-controlled,No Roadway Feature,No traffic control,100 - 110 km/h,Sealed - Dry,Clear,Daylight,Curved - view open,Level,803,Off Path-Curve: Off Cway Rt Bend Hit Obj,Off carriageway on curve hit object,W,0,2,0,0,2,1,0,0,0,0,0,0
243702,Minor injury,2021,April,Sunday,13,Hit object,Single Vehicle,150.8277927,-23.2568932,Emu St,,,Emu Park,Livingstone Shire,4710,Emu Park,Capricornia,Central,Central,Central Queensland,Emu Park,Rockhampton,Central Queensland,Inner Regional,Keppel,Capricornia,Locally-controlled,No Roadway Feature,No traffic control,0 - 50 km/h,Sealed - Dry,Clear,Daylight,Straight,Level,0,Ped'N: Hit Other,Other,S,0,0,0,1,1,1,0,0,0,0,1,0
243703,Hospitalisation,2021,May,Sunday,1,Overturned,Single Vehicle,150.7541187,-23.24579419,Emu Park Rd,,Rockhampton - Emu Park Road,Tanby,Livingstone Shire,4703,Emu Park,Capricornia,Central,Central,Central Queensland,Rockhampton Region - East,Rockhampton,Central Queensland,Inner Regional,Keppel,Capricornia,State-controlled,No Roadway Feature,No traffic control,100 - 110 km/h,Sealed - Dry,Clear,Darkness - Not lighted,Curved - view open,Level,803,Off Path-Curve: Off Cway Rt Bend Hit Obj,Off carriageway on curve hit object,E,0,1,0,0,1,1,0,0,0,0,0,0
243704,Medical treatment,2021,May,Monday,10,Rear-end,Multi-Vehicle,150.7588177,-23.24833219,Delandelles Rd,Emu Park Rd,Rockhampton - Emu Park Road,Tanby,Livingstone Shire,4703,Emu Park,Capricornia,Central,Central,Central Queensland,Rockhampton Region - East,Rockhampton,Central Queensland,Inner Regional,Keppel,Capricornia,State-controlled,Intersection - T-Junction,No traffic control,100 - 110 km/h,Sealed - Dry,Clear,Daylight,Straight,Level,303,Veh'S Same Direction: Right Rear,Rear-end,W,0,0,3,0,3,2,0,0,0,0,0,0
243705,Medical treatment,2021,May,Friday,15,Angle,Multi-Vehicle,150.8193687,-23.2730512,Claude St,Hartley St,,Zilzie,Livingstone Shire,4710,Emu Park,Capricornia,Central,Central,Central Queensland,Emu Park,Rockhampton,Central Queensland,Inner Regional,Keppel,Capricornia,Locally-controlled,Intersection - T-Junction,Give way sign,60 km/h,Sealed - Dry,Clear,Daylight,Curved - view open,Level,104,Veh'S Adjacent Approach: Thru-Right,Intersection from adjacent approaches,S,0,0,1,0,1,2,0,0,0,0,0,0
243706,Hospitalisation,2021,May,Thursday,17,Hit pedestrian,Hit pedestrian,150.7798047,-23.2988092,Valley Park Rd,,,Zilzie,Livingstone Shire,4710,Emu Park,Capricornia,Central,Central,Central Queensland,Emu Park,Rockhampton,Central Queensland,Inner Regional,Keppel,Capricornia,Locally-controlled,No Roadway Feature,No traffic control,0 - 50 km/h,Sealed - Dry,Clear,Darkness - Not lighted,Straight,Level,1,Ped'N: Near Side Vehicle Hit From Right,Pedestrian,W,0,1,0,0,1,1,0,0,0,0,1,0
243707,Medical treatment,2021,June,Monday,12,Hit parked vehicle,Single Vehicle,150.8138043,-23.23740629,Scenic Hwy,,Western Yeppoon - Emu Park Road,Emu Park,Livingstone Shire,4710,Emu Park,Capricornia,Central,Central,Central Queensland,Emu Park,Rockhampton,Central Queensland,Inner Regional,Keppel,Capricornia,State-controlled,No Roadway Feature,No traffic control,60 km/h,Sealed - Dry,Clear,Daylight,Straight,Level,601,Veh'S On Path: Parked,Hit parked vehicle,E,0,0,1,1,2,2,0,0,0,0,0,0
246254,Medical treatment,2021,January,Saturday,14,Hit object,Single Vehicle,150.4062173,-24.25591897,Burnett Hwy,,Burnett Highway (Biloela - Mount Morgan),Jambin,Banana Shire,4715,Goovigen,Capricornia,Central,Central,Central Queensland,Banana,Biloela,Central Queensland,Outer Regional,Callide,Flynn,State-controlled,No Roadway Feature,No traffic control,100 - 110 km/h,Sealed - Wet,Raining,Daylight,Curved - view open,Level,607,Veh'S On Path: Temporary Object On C'Way,Other,N,0,0,1,0,1,1,0,0,0,0,0,0
246834,Medical treatment,2021,January,Wednesday,11,Overturned,Single Vehicle,151.3037548,-24.35276804,Norton Rd,,,Boyne Valley,Gladstone Region,4680,Many Peaks,Capricornia,Central,Central,Central Queensland,Gladstone Hinterland,Gladstone,Central Queensland,Outer Regional,Callide,Flynn,Locally-controlled,Bridge/Causeway,No traffic control,100 - 110 km/h,Unsealed - Dry,Clear,Daylight,Curved - view open,Dip,801,Off Path-Curve: Off Cway Right Bend,Off carriageway on curve,E,0,0,1,0,1,1,0,0,0,0,0,0