Crash_Severity,Crash_Year,Crash_Month,Crash_Day_Of_Week,Crash_Hour,Crash_Nature,Crash_Type,Crash_Longitude,Crash_Latitude,Crash_Street,Crash_Street_Intersecting,State_Road_Name,Loc_Suburb,Loc_Local_Government_Area,Loc_Post_Code,Loc_Police_Division,Loc_Police_District,Loc_Police_Region,Loc_Queensland_Transport_Region,Loc_Main_Roads_Region,Loc_ABS_Statistical_Area_2,Loc_ABS_Statistical_Area_3,Loc_ABS_Statistical_Area_4,Loc_ABS_Remoteness,Loc_State_Electorate,Loc_Federal_Electorate,Crash_Controlling_Authority,Crash_Roadway_Feature,Crash_Traffic_Control,Crash_Speed_Limit,Crash_Road_Surface_Condition,Crash_Atmospheric_Condition,Crash_Lighting_Condition,Crash_Road_Horiz_Align,Crash_Road_Vert_Align,Crash_DCA_Code,Crash_DCA_Description,Crash_DCA_Group_Description,DCA_Key_Approach_Dir,Count_Casualty_Fatality,Count_Casualty_Hospitalised,Count_Casualty_MedicallyTreated,Count_Casualty_MinorInjury,Count_Casualty_Total,Count_Unit_Car,Count_Unit_Motorcycle_Moped,Count_Unit_Truck,Count_Unit_Bus,Count_Unit_Bicycle,Count_Unit_Pedestrian,Count_Unit_Other,
247494,Fatal,2021,February,Monday,1,Hit pedestrian,Hit pedestrian,150.5588997,-23.53512718,Invalid Street From Police,,Bruce Highway (Benaraby - Rockhampton),Midgee,Rockhampton Region,4702,Gracemere,Capricornia,Central,Central,Central Queensland,Bouldercombe,Rockhampton,Central Queensland,Outer Regional,Mirani,Flynn,State-controlled,No Roadway Feature,No traffic control,100 - 110 km/h,Sealed - Wet,Raining,Darkness - Not lighted,Straight,Level,4,Ped'N: Play; Work; Stand; Lie On C'Way,Pedestrian,U,1,0,0,0,1,0,0,1,0,0,1,0
247495,Medical treatment,2021,February,Friday,9,Rear-end,Multi-Vehicle,150.7430067,-23.6890452,Bruce Hwy,,Bruce Highway (Benaraby - Rockhampton),Marmor,Rockhampton Region,4702,Marmor,Capricornia,Central,Central,Central Queensland,Bouldercombe,Rockhampton,Central Queensland,Outer Regional,Mirani,Flynn,State-controlled,No Roadway Feature,No traffic control,0 - 50 km/h,Sealed - Dry,Clear,Daylight,Straight,Level,301,Veh'S Same Direction: Rear End,Rear-end,W,0,0,1,0,1,2,0,0,0,0,0,0
247496,Medical treatment,2021,April,Saturday,7,Overturned,Single Vehicle,150.7613132,-23.69440519,Bruce Hwy,,Bruce Highway (Benaraby - Rockhampton),Marmor,Rockhampton Region,4702,Marmor,Capricornia,Central,Central,Central Queensland,Bouldercombe,Rockhampton,Central Queensland,Outer Regional,Mirani,Flynn,State-controlled,No Roadway Feature,No traffic control,60 km/h,Sealed - Dry,Clear,Daylight,Straight,Level,704,Off Path-Straight:Right Off Cway Hit Obj,Off carriageway on straight hit object,N,0,0,1,0,1,1,0,0,0,0,0,0
247497,Hospitalisation,2021,May,Monday,15,Hit object,Single Vehicle,150.5357487,-23.47097118,Bruce Hwy,,Bruce Highway (Benaraby - Rockhampton),Midgee,Rockhampton Region,4702,Gracemere,Capricornia,Central,Central,Central Queensland,Bouldercombe,Rockhampton,Central Queensland,Outer Regional,Mirani,Flynn,State-controlled,No Roadway Feature,No traffic control,100 - 110 km/h,Sealed - Dry,Clear,Daylight,Straight,Level,704,Off Path-Straight:Right Off Cway Hit Obj,Off carriageway on straight hit object,N,0,2,0,0,2,0,0,1,0,0,0,0
247498,Hospitalisation,2021,June,Thursday,4,Hit object,Single Vehicle,150.6485757,-23.65948319,Bruce Hwy,,Bruce Highway (Benaraby - Rockhampton),Bajool,Rockhampton Region,4699,Marmor,Capricornia,Central,Central,Central Queensland,Bouldercombe,Rockhampton,Central Queensland,Outer Regional,Mirani,Flynn,State-controlled,No Roadway Feature,No traffic control,100 - 110 km/h,Sealed - Wet,Raining,Darkness - Not lighted,Straight,Level,705,Off Path-Straight:Out Of Control On Cway,Out of control on straight,S,0,1,0,0,1,0,0,1,0,0,0,0
247742,Hospitalisation,2021,January,Tuesday,1,Hit object,Single Vehicle,150.1267137,-24.47757015,Bowen St,Dawson Hwy,Leichhardt Highway (Westwood - Taroom),Banana,Banana Shire,4702,Moura,Capricornia,Central,Central,Central Queensland,Banana,Biloela,Central Queensland,Outer Regional,Callide,Flynn,State-controlled,Intersection - T-Junction,Give way sign,60 km/h,Sealed - Dry,Clear,Darkness - Lighted,Curved - view open,Level,808,Off Path-Curve: Mounts Traffic Island,Off carriageway on curve hit object,N,0,1,0,0,1,0,0,1,0,0,0,0
247743,Hospitalisation,2021,January,Thursday,7,Overturned,Single Vehicle,150.1247447,-24.59986415,Leichhardt Hwy,,Leichhardt Highway (Westwood - Taroom),Banana,Banana Shire,4702,Moura,Capricornia,Central,Central,Central Queensland,Banana,Biloela,Central Queensland,Outer Regional,Callide,Flynn,State-controlled,No Roadway Feature,No traffic control,100 - 110 km/h,Sealed - Dry,Clear,Daylight,Curved - view open,Grade,801,Off Path-Curve: Off Cway Right Bend,Off carriageway on curve,S,0,1,3,0,4,1,0,0,0,0,0,0
248068,Hospitalisation,2021,January,Thursday,3,Hit object,Single Vehicle,150.9776707,-23.80799022,Raglan St,,Bruce Highway (Benaraby - Rockhampton),Mount Larcom,Gladstone Region,4695,Mount Larcom,Capricornia,Central,Central,Central Queensland,Gladstone Hinterland,Gladstone,Central Queensland,Outer Regional,Gladstone,Flynn,State-controlled,No Roadway Feature,No traffic control,70 km/h,Sealed - Dry,Clear,Darkness - Not lighted,Curved - view open,Level,803,Off Path-Curve: Off Cway Rt Bend Hit Obj,Off carriageway on curve hit object,S,0,1,0,0,1,1,0,0,0,0,0,0
248069,Hospitalisation,2021,January,Wednesday,20,Rear-end,Multi-Vehicle,150.8359406,-23.73956485,Bruce Hwy,,Bruce Highway (Benaraby - Rockhampton),Raglan,Gladstone Region,4697,Mount Larcom,Capricornia,Central,Central,Central Queensland,Gladstone Hinterland,Gladstone,Central Queensland,Outer Regional,Gladstone,Flynn,State-controlled,No Roadway Feature,Operating traffic lights,60 km/h,Sealed - Dry,Clear,Darkness - Not lighted,Straight,Level,301,Veh'S Same Direction: Rear End,Rear-end,W,0,2,0,0,2,1,0,1,0,0,0,0
248070,Medical treatment,2021,February,Wednesday,14,Hit object,Single Vehicle,150.9565967,-23.80067722,Bruce Hwy,,Bruce Highway (Benaraby - Rockhampton),Machine Creek,Gladstone Region,4695,Mount Larcom,Capricornia,Central,Central,Central Queensland,Gladstone Hinterland,Gladstone,Central Queensland,Outer Regional,Gladstone,Flynn,State-controlled,No Roadway Feature,No traffic control,100 - 110 km/h,Sealed - Dry,Clear,Daylight,Straight,Level,703,Off Path-Straight: Left Off Cway Hit Obj,Off carriageway on straight hit object,W,0,0,2,0,2,0,0,1,0,0,0,0
248071,Minor injury,2021,March,Monday,14,Hit object,Single Vehicle,151.1699266,-23.83317524,Gladstone - Mt Larcom Rd,Reid Rd,Gladstone - Mount Larcom Road,Yarwun,Gladstone Region,4694,Gladstone,Capricornia,Central,Central,Central Queensland,Gladstone Hinterland,Gladstone,Central Queensland,Outer Regional,Gladstone,Flynn,State-controlled,Intersection - T-Junction,Road/Rail worker,80 - 90 km/h,Sealed - Dry,Raining,Daylight,Straight,Level,708,Off Path-Straight: Mounts Traffic Island,Off carriageway on straight hit object,W,0,0,0,1,1,1,0,0,0,0,0,0
248072,Hospitalisation,2021,March,Tuesday,15,Hit object,Single Vehicle,150.9310312,-23.78596932,Bruce Hwy,,Bruce Highway (Benaraby - Rockhampton),Ambrose,Gladstone Region,4695,Mount Larcom,Capricornia,Central,Central,Central Queensland,Gladstone Hinterland,Gladstone,Central Queensland,Outer Regional,Gladstone,Flynn,State-controlled,No Roadway Feature,No traffic control,100 - 110 km/h,Sealed - Wet,Raining,Dawn/Dusk,Curved - view obscured,Crest,607,Veh'S On Path: Temporary Object On C'Way,Other,S,0,1,0,1,2,1,0,0,0,0,0,0
248073,Hospitalisation,2021,May,Sunday,12,Angle,Multi-Vehicle,150.9825857,-23.81320922,Bruce Hwy,Gladstone - Mt Larcom Rd,Bruce Highway (Benaraby - Rockhampton),Mount Larcom,Gladstone Region,4695,Mount Larcom,Capricornia,Central,Central,Central Queensland,Gladstone Hinterland,Gladstone,Central Queensland,Outer Regional,Gladstone,Flynn,State-controlled,Intersection - T-Junction,Stop sign,70 km/h,Sealed - Dry,Clear,Daylight,Curved - view open,Level,104,Veh'S Adjacent Approach: Thru-Right,Intersection from adjacent approaches,S,0,1,0,0,1,1,0,1,0,0,0,0
248074,Hospitalisation,2021,June,Wednesday,15,Angle,Multi-Vehicle,151.1222447,-23.83944423,Calliope River Rd,Gladstone - Mt Larcom Rd,Gladstone - Mount Larcom Road,Yarwun,Gladstone Region,4694,Gladstone,Capricornia,Central,Central,Central Queensland,Gladstone Hinterland,Gladstone,Central Queensland,Outer Regional,Gladstone,Flynn,State-controlled,Intersection - Cross,Give way sign,100 - 110 km/h,Sealed - Dry,Clear,Daylight,Straight,Level,104,Veh'S Adjacent Approach: Thru-Right,Intersection from adjacent approaches,W,0,2,0,0,2,2,0,0,0,0,0,0
248230,Hospitalisation,2021,January,Saturday,9,Overturned,Single Vehicle,150.3696087,-23.72225316,Burnett Hwy,,Burnett Highway (Biloela - Mount Morgan),Walmul,Rockhampton Region,4714,Mount Morgan,Capricornia,Central,Central,Central Queensland,Mount Morgan,Rockhampton,Central Queensland,Outer Regional,Mirani,Flynn,State-controlled,No Roadway Feature,No traffic control,100 - 110 km/h,Sealed - Dry,Clear,Daylight,Curved - view open,Grade,801,Off Path-Curve: Off Cway Right Bend,Off carriageway on curve,N,0,1,1,1,3,1,0,0,0,0,0,0
248231,Hospitalisation,2021,February,Monday,14,Angle,Multi-Vehicle,150.3936617,-23.61379016,Razorback Rd,,,Baree,Rockhampton Region,4714,Mount Morgan,Capricornia,Central,Central,Central Queensland,Mount Morgan,Rockhampton,Central Queensland,Inner Regional,Mirani,Flynn,Locally-controlled,No Roadway Feature,No traffic control,70 km/h,Sealed - Dry,Clear,Daylight,Curved - view obscured,Crest,803,Off Path-Curve: Off Cway Rt Bend Hit Obj,Off carriageway on curve hit object,S,0,1,0,0,1,1,0,0,0,0,0,0
254645,Hospitalisation,2021,April,Thursday,15,Hit animal,Other,150.5385493,-24.83562411,Rawbelle Rd,,,Camboon,Banana Shire,4719,Theodore,Capricornia,Central,Central,Central Queensland,Banana,Biloela,Central Queensland,Remote,Callide,Flynn,Locally-controlled,No Roadway Feature,No traffic control,80 - 90 km/h,Unsealed - Dry,Clear,Daylight,Straight,Dip,609,Pass & Misc: Hit Animal,Hit animal,E,0,1,0,0,1,0,1,0,0,0,0,0
254856,Fatal,2021,January,Wednesday,9,Hit object,Single Vehicle,148.185386,-23.07382397,Crinum Rd,,,Belcong,Central Highlands Region,4723,Tieri,Capricornia,Central,Central,Central Queensland,Central Highlands - West,Central Highlands (qld),Central Queensland,Remote,Gregory,Flynn,Locally-controlled,Bridge/Causeway,No traffic control,100 - 110 km/h,Sealed - Dry,Clear,Daylight,Straight,Grade,704,Off Path-Straight:Right Off Cway Hit Obj,Off carriageway on straight hit object,,1,0,0,0,1,0,1,0,0,0,0,0
254857,Medical treatment,2021,May,Tuesday,17,Head-on,Multi-Vehicle,148.5395129,-22.89722205,Dysart - Middlemount Rd,,Dysart - Middlemount Road,Bundoora,Central Highlands Region,4746,Middlemount,Mackay,Central,Central,Central Queensland,Central Highlands - West,Central Highlands (qld),Central Queensland,Remote,Gregory,Flynn,State-controlled,No Roadway Feature,No traffic control,100 - 110 km/h,Sealed - Dry,Clear,Darkness - Not lighted,Straight,Grade,201,Veh'S Opposite Approach: Head On,Head-on,S,0,0,1,0,1,1,0,1,0,0,0,0
254858,Hospitalisation,2021,May,Thursday,16,Hit object,Single Vehicle,148.0735726,-23.2176399,Gregory Hwy,,Gregory Highway (Emerald - Clermont),Chirnside,Central Highlands Region,4723,Capella,Capricornia,Central,Central,Central Queensland,Central Highlands - West,Central Highlands (qld),Central Queensland,Remote,Gregory,Flynn,State-controlled,No Roadway Feature,No traffic control,100 - 110 km/h,Sealed - Dry,Clear,Daylight,Straight,Level,502,Veh'S Overtaking: Out Of Control,Off carriageway on straight,S,0,1,1,0,2,1,0,0,0,0,0,0
255033,Hospitalisation,2021,May,Tuesday,19,Hit object,Single Vehicle,150.2637868,-23.40774715,Stanwell - Waroula Rd,,,Dalma,Rockhampton Region,4702,Westwood,Capricornia,Central,Central,Central Queensland,Rockhampton Region - West,Rockhampton,Central Queensland,Inner Regional,Mirani,Flynn,Locally-controlled,No Roadway Feature,No traffic control,100 - 110 km/h,Unsealed - Dry,Clear,Darkness - Not lighted,Straight,Grade,705,Off Path-Straight:Out Of Control On Cway,Out of control on straight,E,0,2,0,0,2,1,0,0,0,0,0,0
255132,Hospitalisation,2021,January,Friday,1,Overturned,Single Vehicle,150.1317328,-23.66272814,Capricorn Hwy,,Capricorn Highway (Rockhampton - Duaringa),Westwood,Banana Shire,4702,Westwood,Capricornia,Central,Central,Central Queensland,Banana,Biloela,Central Queensland,Outer Regional,Callide,Flynn,State-controlled,No Roadway Feature,No traffic control,100 - 110 km/h,Sealed - Dry,Clear,Darkness - Not lighted,Curved - view open,Level,702,Off Path-Straight: Right Off Cway,Off carriageway on straight,S,0,1,0,0,1,1,0,0,0,0,0,0
255133,Hospitalisation,2021,March,Wednesday,13,Head-on,Multi-Vehicle,150.2663447,-23.85051315,Burnett Hwy,,Burnett Highway (Biloela - Mount Morgan),Dululu,Banana Shire,4702,Wowan,Capricornia,Central,Central,Central Queensland,Banana,Biloela,Central Queensland,Outer Regional,Callide,Flynn,State-controlled,Bridge/Causeway,No traffic control,60 km/h,Sealed - Dry,Clear,Daylight,Curved - view open,Dip,201,Veh'S Opposite Approach: Head On,Head-on,S,0,1,0,0,1,0,0,2,0,0,0,0
256567,Hospitalisation,2021,January,Sunday,22,Overturned,Single Vehicle,150.4507377,-23.56867917,Burnett Hwy,,Burnett Highway (Mount Morgan - Rockhampton),Bouldercombe,Rockhampton Region,4702,Mount Morgan,Capricornia,Central,Central,Central Queensland,Bouldercombe,Rockhampton,Central Queensland,Inner Regional,Mirani,Flynn,State-controlled,No Roadway Feature,No traffic control,100 - 110 km/h,Sealed - Dry,Clear,Darkness - Not lighted,Straight,Dip,704,Off Path-Straight:Right Off Cway Hit Obj,Off carriageway on straight hit object,W,0,1,0,0,1,1,0,0,0,0,0,0
256568,Medical treatment,2021,January,Saturday,11,Hit object,Single Vehicle,150.4377758,-23.48326117,Goodwin Rd,,,Gracemere,Rockhampton Region,4702,Gracemere,Capricornia,Central,Central,Central Queensland,Gracemere,Rockhampton,Central Queensland,Inner Regional,Rockhampton,Flynn,Locally-controlled,No Roadway Feature,No traffic control,80 - 90 km/h,Unsealed - Dry,Clear,Daylight,Curved - view open,Level,803,Off Path-Curve: Off Cway Rt Bend Hit Obj,Off carriageway on curve hit object,E,0,0,1,0,1,1,0,0,0,0,0,0
256569,Hospitalisation,2021,January,Saturday,5,Hit object,Single Vehicle,150.3964417,-23.59161116,Razorback Rd,,,Bouldercombe,Rockhampton Region,4702,Gracemere,Capricornia,Central,Central,Central Queensland,Bouldercombe,Rockhampton,Central Queensland,Inner Regional,Mirani,Flynn,Locally-controlled,Bridge/Causeway,No traffic control,60 km/h,Sealed - Dry,Clear,Dawn/Dusk,Curved - view open,Dip,705,Off Path-Straight:Out Of Control On Cway,Out of control on straight,N,0,1,0,0,1,1,0,0,0,0,0,0
256570,Hospitalisation,2021,February,Tuesday,15,Hit object,Single Vehicle,150.3981648,-23.47200216,Morgan St,,,Kabra,Rockhampton Region,4702,Gracemere,Capricornia,Central,Central,Central Queensland,Gracemere,Rockhampton,Central Queensland,Inner Regional,Mirani,Flynn,Locally-controlled,No Roadway Feature,No traffic control,60 km/h,Sealed - Dry,Clear,Daylight,Curved - view open,Level,803,Off Path-Curve: Off Cway Rt Bend Hit Obj,Off carriageway on curve hit object,W,0,1,0,1,2,1,0,0,0,0,0,0
256571,Minor injury,2021,February,Friday,15,Rear-end,Multi-Vehicle,150.4548216,-23.42940889,Capricorn Hwy,,Capricorn Highway (Rockhampton - Duaringa),Gracemere,Rockhampton Region,4702,Gracemere,Capricornia,Central,Central,Central Queensland,Gracemere,Rockhampton,Central Queensland,Inner Regional,Rockhampton,Flynn,State-controlled,No Roadway Feature,No traffic control,60 km/h,Sealed - Dry,Clear,Daylight,Curved - view open,Grade,301,Veh'S Same Direction: Rear End,Rear-end,S,0,0,0,1,1,2,0,0,0,0,0,0
256572,Hospitalisation,2021,March,Monday,5,Angle,Multi-Vehicle,150.4553338,-23.44086317,Mark St,Ranger St,,Gracemere,Rockhampton Region,4702,Gracemere,Capricornia,Central,Central,Central Queensland,Gracemere,Rockhampton,Central Queensland,Inner Regional,Rockhampton,Flynn,Locally-controlled,Intersection - T-Junction,Give way sign,60 km/h,Sealed - Wet,Clear,Dawn/Dusk,Straight,Level,104,Veh'S Adjacent Approach: Thru-Right,Intersection from adjacent approaches,W,0,1,0,0,1,2,0,0,0,0,0,0
256573,Hospitalisation,2021,March,Monday,18,Hit object,Single Vehicle,150.3965303,-23.59109599,Razorback Rd,,,Bouldercombe,Rockhampton Region,4702,Gracemere,Capricornia,Central,Central,Central Queensland,Bouldercombe,Rockhampton,Central Queensland,Inner Regional,Mirani,Flynn,Locally-controlled,No Roadway Feature,No traffic control,60 km/h,Sealed - Dry,Clear,Darkness - Not lighted,Curved - view open,Dip,803,Off Path-Curve: Off Cway Rt Bend Hit Obj,Off carriageway on curve hit object,N,0,1,0,0,1,1,0,0,0,0,0,0
256574,Hospitalisation,2021,April,Monday,16,Hit object,Single Vehicle,150.4540779,-23.44613234,Bland St,,,Gracemere,Rockhampton Region,4702,Gracemere,Capricornia,Central,Central,Central Queensland,Gracemere,Rockhampton,Central Queensland,Inner Regional,Rockhampton,Flynn,Locally-controlled,No Roadway Feature,No traffic control,0 - 50 km/h,Sealed - Wet,Raining,Daylight,Straight,Level,703,Off Path-Straight: Left Off Cway Hit Obj,Off carriageway on straight hit object,S,0,1,0,0,1,1,0,0,0,0,0,0
256575,Hospitalisation,2021,May,Saturday,18,Fall from vehicle,Single Vehicle,150.4673738,-23.45362917,Donovan Cr,Isabel Ct,,Gracemere,Rockhampton Region,4702,Gracemere,Capricornia,Central,Central,Central Queensland,Gracemere,Rockhampton,Central Queensland,Inner Regional,Rockhampton,Flynn,Locally-controlled,Intersection - T-Junction,No traffic control,0 - 50 km/h,Sealed - Dry,Clear,Darkness - Lighted,Straight,Level,400,Veh'S Manoeuvring: Other,Other,N,0,1,0,0,1,0,1,0,0,0,0,0
256576,Medical treatment,2021,May,Tuesday,23,Hit parked vehicle,Single Vehicle,150.4547868,-23.44122717,Ranger St,,,Gracemere,Rockhampton Region,4702,Gracemere,Capricornia,Central,Central,Central Queensland,Gracemere,Rockhampton,Central Queensland,Inner Regional,Rockhampton,Flynn,Locally-controlled,No Roadway Feature,No traffic control,60 km/h,Sealed - Dry,Clear,Darkness - Lighted,Curved - view open,Level,803,Off Path-Curve: Off Cway Rt Bend Hit Obj,Off carriageway on curve hit object,N,0,0,1,0,1,2,0,0,0,0,0,0
256577,Hospitalisation,2021,May,Monday,5,Hit pedestrian,Hit pedestrian,150.4363458,-23.44526917,Saleyards Rd,,,Gracemere,Rockhampton Region,4702,Gracemere,Capricornia,Central,Central,Central Queensland,Gracemere,Rockhampton,Central Queensland,Inner Regional,Rockhampton,Flynn,Locally-controlled,No Roadway Feature,No traffic control,60 km/h,Sealed - Dry,Clear,Darkness - Lighted,Straight,Level,0,Ped'N: Hit Other,Other,N,0,1,0,0,1,1,0,0,0,0,1,0
256584,Hospitalisation,2021,May,Thursday,17,Hit object,Single Vehicle,145.2192023,-22.94861397,Muttaburra - Aramac Rd,,Muttaburra - Aramac Road,Aramac,Barcaldine Region,4726,Aramac,Capricornia,Central,Central,Central Queensland,Barcaldine - Blackall,Outback - South,Queensland - Outback,Very Remote,Gregory,Maranoa,State-controlled,No Roadway Feature,No traffic control,100 - 110 km/h,Unsealed - Dry,Clear,Daylight,Straight,Level,400,Veh'S Manoeuvring: Other,Other,E,0,1,0,0,1,0,1,0,0,0,0,0
256697,Medical treatment,2021,January,Tuesday,19,Hit animal,Other,145.8599037,-23.56760816,Capricorn Hwy,,Capricorn Highway (Alpha - Barcaldine),Grant,Barcaldine Region,4725,Barcaldine,Capricornia,Central,Central,Central Queensland,Barcaldine - Blackall,Outback - South,Queensland - Outback,Very Remote,Gregory,Maranoa,State-controlled,No Roadway Feature,No traffic control,100 - 110 km/h,Sealed - Dry,Clear,Darkness - Not lighted,Straight,Level,609,Pass & Misc: Hit Animal,Hit animal,W,0,0,1,0,1,1,0,0,0,0,0,0
256698,Hospitalisation,2021,April,Friday,10,Hit object,Single Vehicle,145.2961862,-23.74950276,Landsborough Hwy,,Landsborough Highway (Blackall - Barcaldine),Narbethong,Barcaldine Region,4725,Barcaldine,Capricornia,Central,Central,Central Queensland,Barcaldine - Blackall,Outback - South,Queensland - Outback,Very Remote,Gregory,Maranoa,State-controlled,Bridge/Causeway,No traffic control,100 - 110 km/h,Sealed - Dry,Clear,Daylight,Straight,Level,703,Off Path-Straight: Left Off Cway Hit Obj,Off carriageway on straight hit object,N,0,1,0,0,1,1,0,0,0,0,0,0
256797,Hospitalisation,2021,April,Wednesday,9,Fall from vehicle,Single Vehicle,139.6614646,-25.80045845,Birdsville Development Rd,,Birdsville Developmental Road (Morney - Birdsville),Birdsville,Diamantina Shire,4482,Birdsville,Mount Isa,Northern,Central,Central Queensland,Far Central West,Outback - South,Queensland - Outback,Very Remote,Gregory,Maranoa,State-controlled,No Roadway Feature,No traffic control,100 - 110 km/h,Unsealed - Dry,Clear,Daylight,Straight,Level,705,Off Path-Straight:Out Of Control On Cway,Out of control on straight,W,0,1,0,0,1,0,1,0,0,0,0,0
256969,Medical treatment,2021,February,Saturday,18,Overturned,Single Vehicle,144.5765853,-23.50484171,Landsborough Hwy,,Landsborough Highway (Barcaldine - Longreach),Ilfracombe,Longreach Region,4727,Ilfracombe,Capricornia,Central,Central,Central Queensland,Longreach,Outback - South,Queensland - Outback,Very Remote,Gregory,Maranoa,State-controlled,No Roadway Feature,No traffic control,100 - 110 km/h,Sealed - Dry,Clear,Darkness - Not lighted,Straight,Level,701,Off Path-Straight: Left Off Cway,Off carriageway on straight,E,0,0,2,0,2,1,0,0,0,0,0,0
256970,Hospitalisation,2021,April,Thursday,7,Hit object,Single Vehicle,144.4446173,-23.4732567,Landsborough Hwy,,Landsborough Highway (Barcaldine - Longreach),Ilfracombe,Longreach Region,4727,Ilfracombe,Capricornia,Central,Central,Central Queensland,Longreach,Outback - South,Queensland - Outback,Very Remote,Gregory,Maranoa,State-controlled,No Roadway Feature,No traffic control,100 - 110 km/h,Sealed - Wet,Raining,Daylight,Straight,Crest,502,Veh'S Overtaking: Out Of Control,Off carriageway on straight,E,0,2,0,0,2,1,0,0,0,0,0,0
257023,Minor injury,2021,June,Wednesday,21,Overturned,Single Vehicle,142.7780693,-25.40027561,Diamantina Development Rd,,Diamantina Developmental Road (Quilpie - Windorah),Windorah,Barcoo Shire,4481,Windorah,Capricornia,Central,Central,Central Queensland,Far Central West,Outback - South,Queensland - Outback,Very Remote,Gregory,Maranoa,State-controlled,No Roadway Feature,No traffic control,100 - 110 km/h,Sealed - Dry,Clear,Darkness - Not lighted,Straight,Level,705,Off Path-Straight:Out Of Control On Cway,Out of control on straight,E,0,0,0,1,1,0,0,1,0,0,0,0
257274,Hospitalisation,2021,February,Sunday,0,Angle,Multi-Vehicle,144.2330098,-23.42685587,Landsborough Hwy,,Landsborough Highway (Longreach - Winton),Longreach,Longreach Region,4730,Longreach,Capricornia,Central,Central,Central Queensland,Longreach,Outback - South,Queensland - Outback,Very Remote,Gregory,Maranoa,State-controlled,No Roadway Feature,No traffic control,80 - 90 km/h,Sealed - Dry,Clear,Darkness - Not lighted,Straight,Level,201,Veh'S Opposite Approach: Head On,Head-on,N,0,1,0,0,1,0,0,2,0,0,0,0
257275,Hospitalisation,2021,February,Monday,7,Overturned,Single Vehicle,144.3819713,-23.4570427,Landsborough Hwy,,Landsborough Highway (Barcaldine - Longreach),Ilfracombe,Longreach Region,4727,Ilfracombe,Capricornia,Central,Central,Central Queensland,Longreach,Outback - South,Queensland - Outback,Very Remote,Gregory,Maranoa,State-controlled,No Roadway Feature,No traffic control,100 - 110 km/h,Sealed - Dry,Clear,Daylight,Straight,Level,701,Off Path-Straight: Left Off Cway,Off carriageway on straight,E,0,1,0,0,1,1,0,0,0,0,0,0
257276,Hospitalisation,2021,April,Thursday,11,Angle,Multi-Vehicle,144.2616343,-23.44070369,Jabiru St,Landsborough Hwy,Landsborough Highway (Barcaldine - Longreach),Longreach,Longreach Region,4730,Longreach,Capricornia,Central,Central,Central Queensland,Longreach,Outback - South,Queensland - Outback,Very Remote,Gregory,Maranoa,State-controlled,Intersection - T-Junction,No traffic control,60 km/h,Sealed - Dry,Clear,Daylight,Straight,Level,308,Veh'S Same Direction: Right Turn S/Swipe,Parallel lanes turning,W,0,1,1,0,2,1,0,0,0,0,0,1
257277,Hospitalisation,2021,May,Saturday,16,Hit object,Single Vehicle,144.2421483,-23.39049169,Muttaburra - Westside Rd,,Cramsie - Muttaburra Road,Longreach,Longreach Region,4730,Longreach,Capricornia,Central,Central,Central Queensland,Longreach,Outback - South,Queensland - Outback,Very Remote,Gregory,Maranoa,State-controlled,No Roadway Feature,No traffic control,100 - 110 km/h,Unsealed - Dry,Clear,Daylight,Straight,Grade,703,Off Path-Straight: Left Off Cway Hit Obj,Off carriageway on straight hit object,E,0,2,0,0,2,1,0,0,0,0,0,0
257278,Hospitalisation,2021,May,Friday,16,Angle,Multi-Vehicle,144.2819503,-23.44105169,Landsborough Hwy,,Landsborough Highway (Barcaldine - Longreach),Longreach,Longreach Region,4730,Longreach,Capricornia,Central,Central,Central Queensland,Longreach,Outback - South,Queensland - Outback,Very Remote,Gregory,Maranoa,State-controlled,No Roadway Feature,No traffic control,100 - 110 km/h,Sealed - Dry,Clear,Daylight,Straight,Level,408,Veh'S Manoeuvring: Entering From Footway,Vehicle leaving driveway,W,0,2,0,0,2,2,0,0,0,0,0,0