Crash_Severity,Crash_Year,Crash_Month,Crash_Day_Of_Week,Crash_Hour,Crash_Nature,Crash_Type,Crash_Longitude,Crash_Latitude,Crash_Street,Crash_Street_Intersecting,State_Road_Name,Loc_Suburb,Loc_Local_Government_Area,Loc_Post_Code,Loc_Police_Division,Loc_Police_District,Loc_Police_Region,Loc_Queensland_Transport_Region,Loc_Main_Roads_Region,Loc_ABS_Statistical_Area_2,Loc_ABS_Statistical_Area_3,Loc_ABS_Statistical_Area_4,Loc_ABS_Remoteness,Loc_State_Electorate,Loc_Federal_Electorate,Crash_Controlling_Authority,Crash_Roadway_Feature,Crash_Traffic_Control,Crash_Speed_Limit,Crash_Road_Surface_Condition,Crash_Atmospheric_Condition,Crash_Lighting_Condition,Crash_Road_Horiz_Align,Crash_Road_Vert_Align,Crash_DCA_Code,Crash_DCA_Description,Crash_DCA_Group_Description,DCA_Key_Approach_Dir,Count_Casualty_Fatality,Count_Casualty_Hospitalised,Count_Casualty_MedicallyTreated,Count_Casualty_MinorInjury,Count_Casualty_Total,Count_Unit_Car,Count_Unit_Motorcycle_Moped,Count_Unit_Truck,Count_Unit_Bus,Count_Unit_Bicycle,Count_Unit_Pedestrian,Count_Unit_Other,
257949,Hospitalisation,2021,March,Saturday,7,Hit object,Single Vehicle,148.6109042,-20.77177999,Bruce Hwy,,Bruce Highway (Mackay - Proserpine),Bloomsbury,Mackay Region,4799,Calen,Mackay,Central,Central,Central Queensland,Seaforth - Calen,Mackay,Mackay - Isaac - Whitsunday,Outer Regional,Whitsunday,Dawson,State-controlled,No Roadway Feature,No traffic control,100 - 110 km/h,Sealed - Dry,Clear,Daylight,Curved - view open,Level,803,Off Path-Curve: Off Cway Rt Bend Hit Obj,Off carriageway on curve hit object,N,0,1,0,0,1,1,0,0,0,0,0,0
257950,Hospitalisation,2021,April,Friday,5,Overturned,Single Vehicle,148.5860842,-20.68096798,Bruce Hwy,,Bruce Highway (Mackay - Proserpine),Bloomsbury,Mackay Region,4799,Proserpine,Mackay,Central,Central,Central Queensland,Seaforth - Calen,Mackay,Mackay - Isaac - Whitsunday,Outer Regional,Whitsunday,Dawson,State-controlled,No Roadway Feature,No traffic control,100 - 110 km/h,Sealed - Dry,Clear,Darkness - Not lighted,Straight,Grade,702,Off Path-Straight: Right Off Cway,Off carriageway on straight,S,0,1,0,0,1,1,0,0,0,0,0,0
257951,Hospitalisation,2021,April,Friday,15,Head-on,Multi-Vehicle,148.6131472,-20.59287698,Bruce Hwy,,Bruce Highway (Mackay - Proserpine),Bloomsbury,Mackay Region,4799,Proserpine,Mackay,Central,Central,Central Queensland,Seaforth - Calen,Mackay,Mackay - Isaac - Whitsunday,Outer Regional,Whitsunday,Dawson,State-controlled,No Roadway Feature,No traffic control,100 - 110 km/h,Sealed - Dry,Clear,Daylight,Straight,Grade,201,Veh'S Opposite Approach: Head On,Head-on,N,0,2,0,0,2,2,0,0,0,0,0,0
257952,Hospitalisation,2021,April,Saturday,22,Overturned,Single Vehicle,148.7138252,-20.852842,Bruce Hwy,,Bruce Highway (Mackay - Proserpine),Pindi Pindi,Mackay Region,4798,Calen,Mackay,Central,Central,Central Queensland,Seaforth - Calen,Mackay,Mackay - Isaac - Whitsunday,Outer Regional,Whitsunday,Dawson,State-controlled,No Roadway Feature,No traffic control,100 - 110 km/h,Sealed - Dry,Clear,Darkness - Not lighted,Curved - view obscured,Grade,805,Off Path-Curve: Out Of Control On Cway,Out of control on curve,W,0,1,0,0,1,1,0,0,0,0,0,0
257953,Medical treatment,2021,April,Friday,16,Overturned,Single Vehicle,148.6105272,-20.69017699,Midge Point Rd,,,Bloomsbury,Mackay Region,4799,Proserpine,Mackay,Central,Central,Central Queensland,Seaforth - Calen,Mackay,Mackay - Isaac - Whitsunday,Outer Regional,Whitsunday,Dawson,Locally-controlled,No Roadway Feature,No traffic control,100 - 110 km/h,Sealed - Wet,Raining,Daylight,Straight,Level,701,Off Path-Straight: Left Off Cway,Off carriageway on straight,S,0,0,1,0,1,1,0,0,0,0,0,0
257954,Hospitalisation,2021,April,Tuesday,9,Hit object,Single Vehicle,148.6132398,-20.78119674,Bruce Hwy,,Bruce Highway (Mackay - Proserpine),Bloomsbury,Mackay Region,4799,Calen,Mackay,Central,Central,Central Queensland,Seaforth - Calen,Mackay,Mackay - Isaac - Whitsunday,Outer Regional,Whitsunday,Dawson,State-controlled,No Roadway Feature,No traffic control,0 - 50 km/h,Sealed - Dry,Clear,Daylight,Curved - view open,Level,803,Off Path-Curve: Off Cway Rt Bend Hit Obj,Off carriageway on curve hit object,N,0,1,0,0,1,1,0,0,0,0,0,0
257955,Medical treatment,2021,April,Wednesday,8,Rear-end,Multi-Vehicle,148.6091962,-20.76541999,Bruce Hwy,,Bruce Highway (Mackay - Proserpine),Bloomsbury,Mackay Region,4799,Calen,Mackay,Central,Central,Central Queensland,Seaforth - Calen,Mackay,Mackay - Isaac - Whitsunday,Outer Regional,Whitsunday,Dawson,State-controlled,No Roadway Feature,Operating traffic lights,80 - 90 km/h,Sealed - Dry,Clear,Daylight,Straight,Level,301,Veh'S Same Direction: Rear End,Rear-end,N,0,0,1,0,1,2,0,0,0,0,0,0
257956,Hospitalisation,2021,May,Sunday,2,Hit object,Single Vehicle,148.7820601,-20.905079,Bruce Hwy,,,Calen,Mackay Region,4798,Calen,Mackay,Central,Central,Central Queensland,Seaforth - Calen,Mackay,Mackay - Isaac - Whitsunday,Outer Regional,Whitsunday,Dawson,Locally-controlled,No Roadway Feature,No traffic control,80 - 90 km/h,Sealed - Dry,Clear,Darkness - Not lighted,Curved - view open,Level,803,Off Path-Curve: Off Cway Rt Bend Hit Obj,Off carriageway on curve hit object,S,0,1,0,0,1,1,0,0,0,0,0,0
257957,Hospitalisation,2021,May,Thursday,9,Angle,Multi-Vehicle,148.9671151,-20.90227302,George St,Prince Charles Ave,Yakapari - Seaforth Road,Seaforth,Mackay Region,4741,Seaforth,Mackay,Central,Central,Central Queensland,Seaforth - Calen,Mackay,Mackay - Isaac - Whitsunday,Outer Regional,Whitsunday,Dawson,State-controlled,Intersection - T-Junction,No traffic control,60 km/h,Sealed - Dry,Clear,Daylight,Straight,Level,308,Veh'S Same Direction: Right Turn S/Swipe,Parallel lanes turning,N,0,2,0,0,2,2,0,0,0,0,0,0
257958,Hospitalisation,2021,June,Sunday,1,Head-on,Multi-Vehicle,148.6080288,-20.73086333,Bruce Hwy,,Bruce Highway (Mackay - Proserpine),Bloomsbury,Mackay Region,4799,Calen,Mackay,Central,Central,Central Queensland,Seaforth - Calen,Mackay,Mackay - Isaac - Whitsunday,Outer Regional,Whitsunday,Dawson,State-controlled,No Roadway Feature,No traffic control,100 - 110 km/h,Sealed - Dry,Clear,Darkness - Not lighted,Curved - view open,Level,201,Veh'S Opposite Approach: Head On,Head-on,S,0,1,0,0,1,1,0,1,0,0,0,0
258605,Hospitalisation,2021,January,Thursday,13,Fall from vehicle,Single Vehicle,148.6725224,-20.25970327,Pringle Rd,,,Woodwark,Whitsunday Region,4802,Whitsunday,Mackay,Central,Central,Central Queensland,Airlie - Whitsundays,Whitsunday,Mackay - Isaac - Whitsunday,Outer Regional,Whitsunday,Dawson,Locally-controlled,No Roadway Feature,No traffic control,60 km/h,Sealed - Wet,Raining,Daylight,Curved - view open,Crest,800,Off Path-Curve: Other,Other,N,0,1,0,0,1,0,1,0,0,0,0,0
258606,Hospitalisation,2021,February,Sunday,19,Hit object,Single Vehicle,148.7155846,-20.2644886,Ocean View Ave,,,Airlie Beach,Whitsunday Region,4802,Whitsunday,Mackay,Central,Central,Central Queensland,Airlie - Whitsundays,Whitsunday,Mackay - Isaac - Whitsunday,Outer Regional,Whitsunday,Dawson,Locally-controlled,No Roadway Feature,No traffic control,0 - 50 km/h,Sealed - Dry,Clear,Darkness - Lighted,Curved - view obscured,Crest,0,Ped'N: Hit Other,Other,S,0,2,0,0,2,4,0,0,0,0,1,0
258607,Hospitalisation,2021,February,Sunday,17,Angle,Multi-Vehicle,148.7290072,-20.28078999,Jubilee Pocket Rd,Proserpine - Shute Harbour Rd,Proserpine - Shute Harbour Road,Jubilee Pocket,Whitsunday Region,4802,Whitsunday,Mackay,Central,Central,Central Queensland,Airlie - Whitsundays,Whitsunday,Mackay - Isaac - Whitsunday,Outer Regional,Whitsunday,Dawson,State-controlled,Intersection - T-Junction,Give way sign,70 km/h,Sealed - Dry,Clear,Daylight,Curved - view open,Level,107,Veh'S Adjacent Approach: Thru-Left,Intersection from adjacent approaches,N,0,1,1,0,2,2,0,0,0,0,0,0
258608,Medical treatment,2021,February,Monday,9,Rear-end,Multi-Vehicle,148.7288052,-20.28133399,Jubilee Pocket Rd,,,Jubilee Pocket,Whitsunday Region,4802,Whitsunday,Mackay,Central,Central,Central Queensland,Airlie - Whitsundays,Whitsunday,Mackay - Isaac - Whitsunday,Outer Regional,Whitsunday,Dawson,Locally-controlled,No Roadway Feature,No traffic control,60 km/h,Sealed - Dry,Clear,Daylight,Straight,Level,302,Veh'S Same Direction: Left Rear,Rear-end,S,0,0,1,0,1,2,0,0,0,0,0,0
258609,Hospitalisation,2021,February,Thursday,13,Rear-end,Multi-Vehicle,148.6564082,-20.31313799,Proserpine - Shute Harbour Rd,,Proserpine - Shute Harbour Road,Cannon Valley,Whitsunday Region,4800,Whitsunday,Mackay,Central,Central,Central Queensland,Airlie - Whitsundays,Whitsunday,Mackay - Isaac - Whitsunday,Outer Regional,Whitsunday,Dawson,State-controlled,No Roadway Feature,No traffic control,80 - 90 km/h,Sealed - Dry,Clear,Daylight,Straight,Level,303,Veh'S Same Direction: Right Rear,Rear-end,N,0,1,0,0,1,2,0,0,0,0,0,0
258610,Hospitalisation,2021,March,Tuesday,12,Fall from vehicle,Single Vehicle,148.5469511,-20.29739925,Gregory River Rd,,,Gregory River,Whitsunday Region,4800,Proserpine,Mackay,Central,Central,Central Queensland,Proserpine,Whitsunday,Mackay - Isaac - Whitsunday,Outer Regional,Whitsunday,Dawson,Locally-controlled,No Roadway Feature,No traffic control,0 - 50 km/h,Sealed - Dry,Clear,Daylight,Curved - view open,Level,802,Off Path-Curve: Off Cway Left Bend,Off carriageway on curve,W,0,1,0,0,1,0,1,0,0,0,0,0
258611,Hospitalisation,2021,March,Monday,17,Hit object,Single Vehicle,148.6999942,-20.27916599,Eshelby Dr,Hazelwood Cres,,Cannonvale,Whitsunday Region,4802,Whitsunday,Mackay,Central,Central,Central Queensland,Airlie - Whitsundays,Whitsunday,Mackay - Isaac - Whitsunday,Outer Regional,Whitsunday,Dawson,Locally-controlled,Intersection - Roundabout,No traffic control,0 - 50 km/h,Sealed - Dry,Clear,Dawn/Dusk,Straight,Grade,708,Off Path-Straight: Mounts Traffic Island,Off carriageway on straight hit object,E,0,1,0,0,1,0,0,0,0,0,0,1
258875,Hospitalisation,2021,February,Thursday,5,Hit object,Single Vehicle,149.43228,-21.96523907,Bruce Hwy,,Bruce Highway (St Lawrence - Mackay),Carmila,Isaac Region,4739,Carmila,Mackay,Central,Central,Central Queensland,Broadsound - Nebo,Bowen Basin - North,Mackay - Isaac - Whitsunday,Outer Regional,Mirani,Capricornia,State-controlled,No Roadway Feature,No traffic control,100 - 110 km/h,Sealed - Wet,Raining,Dawn/Dusk,Curved - view open,Level,803,Off Path-Curve: Off Cway Rt Bend Hit Obj,Off carriageway on curve hit object,N,0,1,0,0,1,1,0,0,0,0,0,0
258876,Hospitalisation,2021,February,Thursday,10,Hit object,Single Vehicle,149.534719,-22.12123608,Bruce Hwy,,Bruce Highway (St Lawrence - Mackay),Clairview,Isaac Region,4741,Saint Lawrence,Mackay,Central,Central,Central Queensland,Broadsound - Nebo,Bowen Basin - North,Mackay - Isaac - Whitsunday,Remote,Mirani,Capricornia,State-controlled,No Roadway Feature,No traffic control,100 - 110 km/h,Sealed - Dry,Clear,Daylight,Curved - view open,Level,804,Off Path-Curve: Off Cway Lt Bend Hit Obj,Off carriageway on curve hit object,N,0,1,0,0,1,1,0,0,0,0,0,0
258877,Hospitalisation,2021,April,Monday,6,Head-on,Multi-Vehicle,149.5307381,-22.14921228,Bruce Hwy,,Bruce Highway (St Lawrence - Mackay),St Lawrence,Isaac Region,4707,Saint Lawrence,Mackay,Central,Central,Central Queensland,Broadsound - Nebo,Bowen Basin - North,Mackay - Isaac - Whitsunday,Remote,Mirani,Capricornia,State-controlled,No Roadway Feature,No traffic control,100 - 110 km/h,Sealed - Dry,Clear,Daylight,Curved - view open,Level,201,Veh'S Opposite Approach: Head On,Head-on,N,0,1,0,0,1,1,0,1,0,0,0,0
259299,Hospitalisation,2021,June,Wednesday,18,Angle,Multi-Vehicle,148.75182,-22.76638601,Dysart - Middlemount Rd,Fitzroy Developmental Rd,Dysart - Middlemount Road,May Downs,Isaac Region,4746,Middlemount,Mackay,Central,Central,Central Queensland,Broadsound - Nebo,Bowen Basin - North,Mackay - Isaac - Whitsunday,Remote,Burdekin,Capricornia,State-controlled,Intersection - T-Junction,Give way sign,100 - 110 km/h,Sealed - Dry,Clear,Darkness - Not lighted,Straight,Level,104,Veh'S Adjacent Approach: Thru-Right,Intersection from adjacent approaches,W,0,1,0,0,1,2,0,0,0,0,0,0
260232,Hospitalisation,2021,January,Thursday,15,Rear-end,Multi-Vehicle,149.1587671,-21.10789003,Mackay - Bucasia Rd,,Mackay - Bucasia Road,Mount Pleasant,Mackay Region,4740,Mackay,Mackay,Central,Central,Central Queensland,Mount Pleasant - Glenella,Mackay,Mackay - Isaac - Whitsunday,Inner Regional,Whitsunday,Dawson,State-controlled,Bridge/Causeway,No traffic control,80 - 90 km/h,Sealed - Dry,Clear,Daylight,Straight,Crest,301,Veh'S Same Direction: Rear End,Rear-end,N,0,4,0,0,4,2,0,0,0,0,0,0
260233,Hospitalisation,2021,February,Friday,15,Angle,Multi-Vehicle,149.1523221,-21.09896203,Holts Rd,Pioneer St,,Richmond,Mackay Region,4740,Mackay Northern Beaches,Mackay,Central,Central,Central Queensland,Mount Pleasant - Glenella,Mackay,Mackay - Isaac - Whitsunday,Inner Regional,Whitsunday,Dawson,Locally-controlled,Intersection - T-Junction,Stop sign,60 km/h,Sealed - Dry,Clear,Daylight,Straight,Level,104,Veh'S Adjacent Approach: Thru-Right,Intersection from adjacent approaches,W,0,1,0,0,1,2,0,0,0,0,0,0
260234,Medical treatment,2021,February,Saturday,17,Rear-end,Multi-Vehicle,149.1568721,-21.06694503,Mackay - Bucasia Rd,,Mackay - Bucasia Road,Rural View,Mackay Region,4740,Mackay Northern Beaches,Mackay,Central,Central,Central Queensland,Eimeo - Rural View,Mackay,Mackay - Isaac - Whitsunday,Inner Regional,Whitsunday,Dawson,State-controlled,No Roadway Feature,No traffic control,60 km/h,Sealed - Dry,Clear,Daylight,Straight,Level,301,Veh'S Same Direction: Rear End,Rear-end,N,0,0,1,0,1,3,0,0,0,0,0,0
260235,Hospitalisation,2021,March,Wednesday,17,Angle,Multi-Vehicle,149.0746031,-21.09543803,Bruce Hwy,Knobels Rd,Bruce Highway (Mackay - Proserpine),Farleigh,Mackay Region,4741,Farleigh,Mackay,Central,Central,Central Queensland,Seaforth - Calen,Mackay,Mackay - Isaac - Whitsunday,Outer Regional,Whitsunday,Dawson,State-controlled,Intersection - Cross,Give way sign,100 - 110 km/h,Sealed - Dry,Clear,Daylight,Straight,Level,104,Veh'S Adjacent Approach: Thru-Right,Intersection from adjacent approaches,W,0,1,0,1,2,2,0,0,0,0,0,0
260236,Medical treatment,2021,March,Wednesday,15,Rear-end,Multi-Vehicle,149.1226631,-21.09718703,Holts Rd,Palm Ridge Dr,,Richmond,Mackay Region,4740,Farleigh,Mackay,Central,Central,Central Queensland,Mount Pleasant - Glenella,Mackay,Mackay - Isaac - Whitsunday,Inner Regional,Whitsunday,Dawson,Locally-controlled,Intersection - T-Junction,No traffic control,80 - 90 km/h,Sealed - Dry,Clear,Daylight,Straight,Crest,301,Veh'S Same Direction: Rear End,Rear-end,W,0,0,1,0,1,3,0,0,0,0,0,0
260237,Hospitalisation,2021,March,Friday,8,Hit object,Single Vehicle,149.0360371,-21.12429602,Maraju - Yakapari Rd,,Maraju - Yakapari Road,Balnagowan,Mackay Region,4740,Farleigh,Mackay,Central,Central,Central Queensland,Seaforth - Calen,Mackay,Mackay - Isaac - Whitsunday,Outer Regional,Whitsunday,Dawson,State-controlled,No Roadway Feature,No traffic control,80 - 90 km/h,Sealed - Dry,Clear,Daylight,Curved - view open,Level,803,Off Path-Curve: Off Cway Rt Bend Hit Obj,Off carriageway on curve hit object,W,0,1,0,0,1,1,0,0,0,0,0,0
260238,Hospitalisation,2021,March,Saturday,3,Overturned,Single Vehicle,149.0452348,-21.08528042,Mapalo Rd,,,The Leap,Mackay Region,4740,Farleigh,Mackay,Central,Central,Central Queensland,Seaforth - Calen,Mackay,Mackay - Isaac - Whitsunday,Outer Regional,Whitsunday,Dawson,Locally-controlled,No Roadway Feature,No traffic control,60 km/h,Sealed - Dry,Clear,Darkness - Not lighted,Curved - view open,Level,804,Off Path-Curve: Off Cway Lt Bend Hit Obj,Off carriageway on curve hit object,N,0,1,0,0,1,1,0,0,0,0,0,0
260239,Hospitalisation,2021,March,Tuesday,17,Rear-end,Multi-Vehicle,149.1570019,-21.06575118,Mackay - Bucasia Rd,,Mackay - Bucasia Road,Rural View,Mackay Region,4740,Mackay Northern Beaches,Mackay,Central,Central,Central Queensland,Eimeo - Rural View,Mackay,Mackay - Isaac - Whitsunday,Inner Regional,Whitsunday,Dawson,State-controlled,No Roadway Feature,No traffic control,60 km/h,Sealed - Dry,Clear,Dawn/Dusk,Straight,Level,301,Veh'S Same Direction: Rear End,Rear-end,N,0,1,0,0,1,3,0,0,0,0,0,0
260240,Hospitalisation,2021,March,Wednesday,11,Head-on,Multi-Vehicle,149.1605497,-21.09632609,Mackay - Bucasia Rd,,Mackay - Bucasia Road,Richmond,Mackay Region,4740,Mackay Northern Beaches,Mackay,Central,Central,Central Queensland,Mount Pleasant - Glenella,Mackay,Mackay - Isaac - Whitsunday,Inner Regional,Whitsunday,Dawson,State-controlled,No Roadway Feature,No traffic control,80 - 90 km/h,Sealed - Wet,Raining,Daylight,Straight,Level,201,Veh'S Opposite Approach: Head On,Head-on,N,0,2,0,0,2,2,0,0,0,0,0,0
260241,Hospitalisation,2021,April,Tuesday,19,Fall from vehicle,Single Vehicle,149.0145631,-21.06947302,Bruce Hwy,,Bruce Highway (Mackay - Proserpine),The Leap,Mackay Region,4740,Farleigh,Mackay,Central,Central,Central Queensland,Seaforth - Calen,Mackay,Mackay - Isaac - Whitsunday,Outer Regional,Whitsunday,Dawson,State-controlled,No Roadway Feature,No traffic control,60 km/h,Sealed - Wet,Raining,Darkness - Not lighted,Straight,Grade,901,Pass & Misc: Fell In/From Vehicle,Other,E,0,1,0,0,1,0,0,0,1,0,0,0
260242,Hospitalisation,2021,April,Saturday,17,Angle,Multi-Vehicle,149.1545851,-21.08431703,Mackay - Habana Rd,Shuttlewood Dr,Mackay - Habana Road,Richmond,Mackay Region,4740,Mackay Northern Beaches,Mackay,Central,Central,Central Queensland,Mount Pleasant - Glenella,Mackay,Mackay - Isaac - Whitsunday,Inner Regional,Whitsunday,Dawson,State-controlled,Intersection - T-Junction,No traffic control,80 - 90 km/h,Sealed - Dry,Clear,Daylight,Straight,Level,202,Veh'S Opposite Approach: Thru-Right,Opposing vehicles turning,W,0,3,0,0,3,2,0,0,0,0,0,0
260243,Hospitalisation,2021,April,Tuesday,16,Angle,Multi-Vehicle,149.1428621,-21.09783403,Glenella - Richmond Rd,Holts Rd,,Glenella,Mackay Region,4740,Mackay Northern Beaches,Mackay,Central,Central,Central Queensland,Mount Pleasant - Glenella,Mackay,Mackay - Isaac - Whitsunday,Inner Regional,Whitsunday,Dawson,Locally-controlled,Intersection - T-Junction,Give way sign,80 - 90 km/h,Sealed - Dry,Clear,Daylight,Straight,Grade,104,Veh'S Adjacent Approach: Thru-Right,Intersection from adjacent approaches,W,0,1,1,0,2,2,0,0,0,0,0,0
260244,Hospitalisation,2021,April,Thursday,16,Hit object,Single Vehicle,149.1570461,-21.08243403,Mackay - Bucasia Rd,,Mackay - Bucasia Road,Beaconsfield,Mackay Region,4740,Mackay Northern Beaches,Mackay,Central,Central,Central Queensland,Andergrove - Beaconsfield,Mackay,Mackay - Isaac - Whitsunday,Inner Regional,Whitsunday,Dawson,State-controlled,No Roadway Feature,No traffic control,80 - 90 km/h,Sealed - Dry,Clear,Daylight,Straight,Dip,400,Veh'S Manoeuvring: Other,Other,S,0,1,0,0,1,0,1,0,0,0,0,0
260245,Minor injury,2021,June,Monday,22,Hit object,Single Vehicle,149.1586719,-21.10809527,Mackay - Bucasia Rd,,Mackay - Bucasia Road,Mount Pleasant,Mackay Region,4740,Mackay,Mackay,Central,Central,Central Queensland,Mount Pleasant - Glenella,Mackay,Mackay - Isaac - Whitsunday,Inner Regional,Mackay,Dawson,State-controlled,Bridge/Causeway,No traffic control,80 - 90 km/h,Sealed - Dry,Clear,Darkness - Lighted,Straight,Crest,703,Off Path-Straight: Left Off Cway Hit Obj,Off carriageway on straight hit object,N,0,0,0,2,2,1,0,0,0,0,0,0
266325,Hospitalisation,2021,January,Thursday,9,Angle,Multi-Vehicle,148.9454311,-21.06896202,Bruce Hwy,Marian - Hampden Rd,Marian - Hampden Road,Hampden,Mackay Region,4741,Marian,Mackay,Central,Central,Central Queensland,Seaforth - Calen,Mackay,Mackay - Isaac - Whitsunday,Outer Regional,Whitsunday,Dawson,State-controlled,Intersection - T-Junction,Give way sign,100 - 110 km/h,Sealed - Wet,Raining,Daylight,Straight,Level,104,Veh'S Adjacent Approach: Thru-Right,Intersection from adjacent approaches,W,0,5,0,0,5,2,0,0,0,0,0,0
266326,Medical treatment,2021,January,Saturday,16,Rear-end,Multi-Vehicle,148.9454311,-21.06896202,Bruce Hwy,Marian - Hampden Rd,Marian - Hampden Road,Hampden,Mackay Region,4741,Marian,Mackay,Central,Central,Central Queensland,Seaforth - Calen,Mackay,Mackay - Isaac - Whitsunday,Outer Regional,Whitsunday,Dawson,State-controlled,Intersection - T-Junction,Stop sign,100 - 110 km/h,Sealed - Dry,Clear,Daylight,Straight,Level,302,Veh'S Same Direction: Left Rear,Rear-end,N,0,0,1,0,1,2,0,0,0,0,0,0
266327,Hospitalisation,2021,February,Thursday,17,Hit object,Single Vehicle,148.9596541,-20.94426702,Yakapari - Seaforth Rd,,Yakapari - Seaforth Road,Mount Jukes,Mackay Region,4740,Seaforth,Mackay,Central,Central,Central Queensland,Seaforth - Calen,Mackay,Mackay - Isaac - Whitsunday,Outer Regional,Whitsunday,Dawson,State-controlled,No Roadway Feature,No traffic control,100 - 110 km/h,Sealed - Dry,Clear,Daylight,Curved - view open,Grade,803,Off Path-Curve: Off Cway Rt Bend Hit Obj,Off carriageway on curve hit object,N,0,1,0,0,1,1,0,0,0,0,0,0
266328,Fatal,2021,March,Saturday,19,Hit object,Single Vehicle,148.8854821,-21.16131001,Mackay - Eungella Rd,,Mackay - Eungella Road,Mirani,Mackay Region,4754,Mirani,Mackay,Central,Central,Central Queensland,Pioneer Valley,Mackay,Mackay - Isaac - Whitsunday,Outer Regional,Mirani,Capricornia,State-controlled,No Roadway Feature,No traffic control,100 - 110 km/h,Sealed - Dry,Clear,Darkness - Not lighted,Curved - view open,Level,803,Off Path-Curve: Off Cway Rt Bend Hit Obj,Off carriageway on curve hit object,S,1,1,0,0,2,2,0,0,0,0,0,0
266329,Hospitalisation,2021,April,Friday,5,Hit parked vehicle,Single Vehicle,148.9563431,-21.15764802,Kennys Rd,,,Marian,Mackay Region,4753,Marian,Mackay,Central,Central,Central Queensland,Pioneer Valley,Mackay,Mackay - Isaac - Whitsunday,Outer Regional,Mirani,Capricornia,Locally-controlled,No Roadway Feature,No traffic control,0 - 50 km/h,Sealed - Dry,Clear,Dawn/Dusk,Straight,Level,601,Veh'S On Path: Parked,Hit parked vehicle,N,0,1,0,0,1,1,0,0,0,0,0,1
266330,Medical treatment,2021,April,Monday,17,Rear-end,Multi-Vehicle,148.9578481,-21.14550202,Anzac Ave,Kennys Rd,Mackay - Eungella Road,Marian,Mackay Region,4753,Marian,Mackay,Central,Central,Central Queensland,Pioneer Valley,Mackay,Mackay - Isaac - Whitsunday,Outer Regional,Mirani,Capricornia,State-controlled,Intersection - T-Junction,Operating traffic lights,60 km/h,Sealed - Dry,Clear,Daylight,Straight,Level,301,Veh'S Same Direction: Rear End,Rear-end,S,0,0,1,0,1,2,0,0,0,0,0,0
266331,Hospitalisation,2021,April,Monday,15,Fall from vehicle,Single Vehicle,148.9951171,-20.95018702,Old Hillsborough Rd,,,Ball Bay,Mackay Region,4741,Seaforth,Mackay,Central,Central,Central Queensland,Seaforth - Calen,Mackay,Mackay - Isaac - Whitsunday,Outer Regional,Whitsunday,Dawson,Locally-controlled,Forestry/National Park Road,No traffic control,100 - 110 km/h,Unsealed - Dry,Clear,Daylight,Curved - view open,Level,805,Off Path-Curve: Out Of Control On Cway,Out of control on curve,N,0,1,1,0,2,0,1,0,0,0,0,0
266332,Hospitalisation,2021,May,Saturday,9,Fall from vehicle,Single Vehicle,149.0127626,-21.10861558,Maraju - Yakapari Rd,,Maraju - Yakapari Road,Balnagowan,Mackay Region,4740,Farleigh,Mackay,Central,Central,Central Queensland,Seaforth - Calen,Mackay,Mackay - Isaac - Whitsunday,Outer Regional,Whitsunday,Dawson,State-controlled,No Roadway Feature,No traffic control,100 - 110 km/h,Sealed - Dry,Clear,Daylight,Straight,Grade,502,Veh'S Overtaking: Out Of Control,Off carriageway on straight,N,0,1,0,0,1,0,1,0,0,0,0,0
267745,Medical treatment,2021,January,Monday,14,Hit object,Single Vehicle,148.6564032,-20.39470599,Conway Rd,,,Preston,Whitsunday Region,4800,Proserpine,Mackay,Central,Central,Central Queensland,Proserpine,Whitsunday,Mackay - Isaac - Whitsunday,Outer Regional,Whitsunday,Dawson,Locally-controlled,No Roadway Feature,No traffic control,100 - 110 km/h,Sealed - Wet,Raining,Daylight,Curved - view open,Level,803,Off Path-Curve: Off Cway Rt Bend Hit Obj,Off carriageway on curve hit object,E,0,0,1,0,1,1,0,0,0,0,0,0
267746,Hospitalisation,2021,January,Monday,22,Hit object,Single Vehicle,148.6881054,-20.42079112,Conway Rd,,,Preston,Whitsunday Region,4800,Proserpine,Mackay,Central,Central,Central Queensland,Proserpine,Whitsunday,Mackay - Isaac - Whitsunday,Outer Regional,Whitsunday,Dawson,Locally-controlled,No Roadway Feature,No traffic control,80 - 90 km/h,Sealed - Dry,Clear,Darkness - Not lighted,Straight,Level,700,Off Path-Straight: Other,Other,E,0,1,0,0,1,1,0,0,0,0,0,0
267747,Hospitalisation,2021,February,Wednesday,14,Fall from vehicle,Single Vehicle,148.5504002,-20.37621098,Crystal Brook Rd,Nielson Rd,Crystal Brook Road,Crystal Brook,Whitsunday Region,4800,Proserpine,Mackay,Central,Central,Central Queensland,Proserpine,Whitsunday,Mackay - Isaac - Whitsunday,Outer Regional,Whitsunday,Dawson,State-controlled,No Roadway Feature,No traffic control,100 - 110 km/h,Sealed - Dry,Clear,Daylight,Curved - view obscured,Level,801,Off Path-Curve: Off Cway Right Bend,Off carriageway on curve,N,0,1,0,0,1,0,1,0,0,0,0,0
267748,Hospitalisation,2021,February,Monday,3,Hit object,Single Vehicle,148.6466102,-20.34026499,Proserpine - Shute Harbour Rd,,Proserpine - Shute Harbour Road,Mount Marlow,Whitsunday Region,4800,Proserpine,Mackay,Central,Central,Central Queensland,Proserpine,Whitsunday,Mackay - Isaac - Whitsunday,Outer Regional,Whitsunday,Dawson,State-controlled,No Roadway Feature,No traffic control,100 - 110 km/h,Sealed - Dry,Clear,Darkness - Not lighted,Curved - view open,Level,800,Off Path-Curve: Other,Other,N,0,1,0,0,1,1,0,0,0,0,0,0