Crash_Severity,Crash_Year,Crash_Month,Crash_Day_Of_Week,Crash_Hour,Crash_Nature,Crash_Type,Crash_Longitude,Crash_Latitude,Crash_Street,Crash_Street_Intersecting,State_Road_Name,Loc_Suburb,Loc_Local_Government_Area,Loc_Post_Code,Loc_Police_Division,Loc_Police_District,Loc_Police_Region,Loc_Queensland_Transport_Region,Loc_Main_Roads_Region,Loc_ABS_Statistical_Area_2,Loc_ABS_Statistical_Area_3,Loc_ABS_Statistical_Area_4,Loc_ABS_Remoteness,Loc_State_Electorate,Loc_Federal_Electorate,Crash_Controlling_Authority,Crash_Roadway_Feature,Crash_Traffic_Control,Crash_Speed_Limit,Crash_Road_Surface_Condition,Crash_Atmospheric_Condition,Crash_Lighting_Condition,Crash_Road_Horiz_Align,Crash_Road_Vert_Align,Crash_DCA_Code,Crash_DCA_Description,Crash_DCA_Group_Description,DCA_Key_Approach_Dir,Count_Casualty_Fatality,Count_Casualty_Hospitalised,Count_Casualty_MedicallyTreated,Count_Casualty_MinorInjury,Count_Casualty_Total,Count_Unit_Car,Count_Unit_Motorcycle_Moped,Count_Unit_Truck,Count_Unit_Bus,Count_Unit_Bicycle,Count_Unit_Pedestrian,Count_Unit_Other,
267749,Medical treatment,2021,March,Tuesday,9,Hit object,Single Vehicle,148.5903192,-20.47079998,Bruce Hwy,,Bruce Highway (Mackay - Proserpine),Goorganga Plains,Whitsunday Region,4800,Proserpine,Mackay,Central,Central,Central Queensland,Proserpine,Whitsunday,Mackay - Isaac - Whitsunday,Outer Regional,Whitsunday,Dawson,State-controlled,No Roadway Feature,No traffic control,100 - 110 km/h,Sealed - Dry,Clear,Daylight,Straight,Level,703,Off Path-Straight: Left Off Cway Hit Obj,Off carriageway on straight hit object,N,0,0,3,0,3,0,0,1,0,0,0,0
267750,Medical treatment,2021,April,Tuesday,12,Overturned,Single Vehicle,148.5336703,-20.30765292,Bruce Hwy,,Bruce Highway (Proserpine - Bowen),Myrtlevale,Whitsunday Region,4800,Proserpine,Mackay,Central,Central,Central Queensland,Proserpine,Whitsunday,Mackay - Isaac - Whitsunday,Outer Regional,Whitsunday,Dawson,State-controlled,No Roadway Feature,No traffic control,100 - 110 km/h,Sealed - Dry,Clear,Daylight,Straight,Level,701,Off Path-Straight: Left Off Cway,Off carriageway on straight,N,0,0,1,0,1,1,0,0,0,0,0,0
267751,Medical treatment,2021,May,Wednesday,7,Angle,Multi-Vehicle,148.5852952,-20.40203798,Herbert St,Main St,Crystal Brook Road,Proserpine,Whitsunday Region,4800,Proserpine,Mackay,Central,Central,Central Queensland,Proserpine,Whitsunday,Mackay - Isaac - Whitsunday,Outer Regional,Whitsunday,Dawson,State-controlled,Intersection - Roundabout,Give way sign,0 - 50 km/h,Sealed - Dry,Clear,Daylight,Straight,Level,101,Veh'S Adjacent Approach: Thru-Thru,Intersection from adjacent approaches,S,0,0,1,0,1,2,0,0,0,0,0,0
267752,Medical treatment,2021,May,Thursday,12,Rear-end,Multi-Vehicle,148.5969152,-20.37954598,Proserpine - Shute Harbour Rd,Tyree Rd,Proserpine - Shute Harbour Road,Mount Julian,Whitsunday Region,4800,Proserpine,Mackay,Central,Central,Central Queensland,Proserpine,Whitsunday,Mackay - Isaac - Whitsunday,Outer Regional,Whitsunday,Dawson,State-controlled,Intersection - T-Junction,No traffic control,100 - 110 km/h,Sealed - Dry,Clear,Daylight,Curved - view obscured,Level,301,Veh'S Same Direction: Rear End,Rear-end,W,0,0,1,1,2,2,0,0,0,0,0,0
267753,Hospitalisation,2021,May,Friday,11,Rear-end,Multi-Vehicle,148.5859342,-20.39183698,Daisy Rd,Proserpine - Shute Harbour Rd,Proserpine - Shute Harbour Road,Hamilton Plains,Whitsunday Region,4800,Proserpine,Mackay,Central,Central,Central Queensland,Proserpine,Whitsunday,Mackay - Isaac - Whitsunday,Outer Regional,Whitsunday,Dawson,State-controlled,Intersection - T-Junction,No traffic control,80 - 90 km/h,Sealed - Dry,Clear,Daylight,Straight,Level,301,Veh'S Same Direction: Rear End,Rear-end,S,0,1,0,0,1,3,0,0,0,0,0,0
267754,Medical treatment,2021,May,Friday,16,Angle,Multi-Vehicle,148.5885872,-20.40314598,Bruce Hwy,Main St,Bruce Highway (Proserpine - Bowen),Proserpine,Whitsunday Region,4800,Proserpine,Mackay,Central,Central,Central Queensland,Proserpine,Whitsunday,Mackay - Isaac - Whitsunday,Outer Regional,Whitsunday,Dawson,State-controlled,Intersection - T-Junction,No traffic control,60 km/h,Sealed - Dry,Clear,Daylight,Straight,Level,202,Veh'S Opposite Approach: Thru-Right,Opposing vehicles turning,S,0,0,1,0,1,2,0,0,0,0,0,0
267755,Minor injury,2021,June,Tuesday,19,Hit object,Single Vehicle,148.6713049,-20.40550781,Conway Rd,,,Preston,Whitsunday Region,4800,Proserpine,Mackay,Central,Central,Central Queensland,Proserpine,Whitsunday,Mackay - Isaac - Whitsunday,Outer Regional,Whitsunday,Dawson,Locally-controlled,No Roadway Feature,No traffic control,80 - 90 km/h,Sealed - Wet,Raining,Darkness - Not lighted,Curved - view open,Level,804,Off Path-Curve: Off Cway Lt Bend Hit Obj,Off carriageway on curve hit object,W,0,0,0,1,1,1,0,0,0,0,0,0
267756,Hospitalisation,2021,June,Tuesday,20,Hit pedestrian,Hit pedestrian,148.6604952,-20.39771599,Conway Rd,,,Preston,Whitsunday Region,4800,Proserpine,Mackay,Central,Central,Central Queensland,Proserpine,Whitsunday,Mackay - Isaac - Whitsunday,Outer Regional,Whitsunday,Dawson,Locally-controlled,No Roadway Feature,No traffic control,80 - 90 km/h,Sealed - Wet,Raining,Darkness - Not lighted,Curved - view open,Level,6,Ped'N: Hit Facing Traffic,Pedestrian,E,0,2,0,0,2,1,0,0,0,0,1,0
267757,Fatal,2021,June,Wednesday,18,Hit object,Single Vehicle,148.6276202,-20.37563198,Conway Rd,,,Preston,Whitsunday Region,4800,Proserpine,Mackay,Central,Central,Central Queensland,Proserpine,Whitsunday,Mackay - Isaac - Whitsunday,Outer Regional,Whitsunday,Dawson,Locally-controlled,No Roadway Feature,No traffic control,100 - 110 km/h,Sealed - Dry,Clear,Darkness - Not lighted,Straight,Grade,703,Off Path-Straight: Left Off Cway Hit Obj,Off carriageway on straight hit object,,1,1,0,0,2,1,0,0,0,0,0,0
268674,Hospitalisation,2021,January,Tuesday,5,Sideswipe,Multi-Vehicle,149.1918221,-21.32062904,Bruce Hwy,,Bruce Highway (St Lawrence - Mackay),Alligator Creek,Mackay Region,4740,Sarina,Mackay,Central,Central,Central Queensland,Sarina,Mackay,Mackay - Isaac - Whitsunday,Outer Regional,Mirani,Capricornia,State-controlled,No Roadway Feature,No traffic control,60 km/h,Sealed - Dry,Clear,Daylight,Straight,Level,306,Veh'S Same Direction: Lane Change Right,Lane changes,N,0,1,0,0,1,1,0,1,0,0,0,0
268675,Hospitalisation,2021,January,Wednesday,19,Hit object,Single Vehicle,149.2701561,-21.36905905,Grasstree Rd,,,Sarina,Mackay Region,4737,Sarina,Mackay,Central,Central,Central Queensland,Sarina,Mackay,Mackay - Isaac - Whitsunday,Outer Regional,Mirani,Capricornia,Locally-controlled,No Roadway Feature,No traffic control,100 - 110 km/h,Sealed - Dry,Clear,Darkness - Not lighted,Straight,Level,705,Off Path-Straight:Out Of Control On Cway,Out of control on straight,N,0,1,0,0,1,1,0,0,0,0,0,0
268676,Hospitalisation,2021,February,Monday,21,Angle,Multi-Vehicle,149.2868281,-21.38169105,Sarina - Coast Rd,,Sarina - Coast Road,Sarina Beach,Mackay Region,4737,Sarina,Mackay,Central,Central,Central Queensland,Sarina,Mackay,Mackay - Isaac - Whitsunday,Outer Regional,Mirani,Capricornia,State-controlled,No Roadway Feature,No traffic control,100 - 110 km/h,Sealed - Wet,Clear,Darkness - Not lighted,Straight,Level,406,Veh'S Manoeuvring: Leaving Driveway,Vehicle leaving driveway,W,0,1,0,0,1,2,0,0,0,0,0,0
268677,Minor injury,2021,March,Thursday,10,Angle,Multi-Vehicle,149.2141551,-21.42345904,Brandon St,Central St,Marlborough - Sarina Road,Sarina,Mackay Region,4737,Sarina,Mackay,Central,Central,Central Queensland,Sarina,Mackay,Mackay - Isaac - Whitsunday,Outer Regional,Mirani,Capricornia,State-controlled,Intersection - T-Junction,No traffic control,0 - 50 km/h,Sealed - Dry,Clear,Daylight,Curved - view open,Level,202,Veh'S Opposite Approach: Thru-Right,Opposing vehicles turning,W,0,0,0,2,2,2,0,0,0,0,0,0
268678,Hospitalisation,2021,March,Saturday,15,Hit object,Single Vehicle,149.1682631,-21.46311204,Marlborough - Sarina Rd,,Marlborough - Sarina Road,Sarina,Mackay Region,4737,Sarina,Mackay,Central,Central,Central Queensland,Sarina,Mackay,Mackay - Isaac - Whitsunday,Outer Regional,Mirani,Capricornia,State-controlled,No Roadway Feature,No traffic control,100 - 110 km/h,Sealed - Dry,Clear,Daylight,Straight,Grade,703,Off Path-Straight: Left Off Cway Hit Obj,Off carriageway on straight hit object,N,0,1,0,0,1,1,0,0,0,0,0,0
268679,Medical treatment,2021,March,Wednesday,7,Hit object,Single Vehicle,149.1966551,-21.34840304,Bruce Hwy,,Bruce Highway (St Lawrence - Mackay),Alligator Creek,Mackay Region,4740,Sarina,Mackay,Central,Central,Central Queensland,Sarina,Mackay,Mackay - Isaac - Whitsunday,Outer Regional,Mirani,Capricornia,State-controlled,No Roadway Feature,No traffic control,100 - 110 km/h,Sealed - Wet,Raining,Daylight,Curved - view open,Level,803,Off Path-Curve: Off Cway Rt Bend Hit Obj,Off carriageway on curve hit object,S,0,0,1,0,1,1,0,0,0,0,0,0
268680,Hospitalisation,2021,April,Monday,11,Hit object,Single Vehicle,149.1263399,-21.46734936,Middle Creek Rd,,,Sarina,Mackay Region,4737,Sarina,Mackay,Central,Central,Central Queensland,Sarina,Mackay,Mackay - Isaac - Whitsunday,Outer Regional,Mirani,Capricornia,Locally-controlled,No Roadway Feature,No traffic control,100 - 110 km/h,Sealed - Wet,Clear,Daylight,Curved - view open,Level,704,Off Path-Straight:Right Off Cway Hit Obj,Off carriageway on straight hit object,S,0,1,0,0,1,1,0,0,0,0,0,0
268681,Hospitalisation,2021,April,Wednesday,13,Overturned,Single Vehicle,149.2011661,-21.36657749,Bruce Hwy,,Bruce Highway (St Lawrence - Mackay),Alligator Creek,Mackay Region,4740,Sarina,Mackay,Central,Central,Central Queensland,Sarina,Mackay,Mackay - Isaac - Whitsunday,Outer Regional,Mirani,Capricornia,State-controlled,No Roadway Feature,No traffic control,100 - 110 km/h,Sealed - Dry,Clear,Daylight,Straight,Level,705,Off Path-Straight:Out Of Control On Cway,Out of control on straight,N,0,1,0,0,1,0,0,1,0,0,0,0
268682,Hospitalisation,2021,May,Thursday,22,Hit object,Single Vehicle,149.2595591,-21.29237104,Hay Point Rd,,Hay Point Road,Hay Point,Mackay Region,4740,Sarina,Mackay,Central,Central,Central Queensland,Sarina,Mackay,Mackay - Isaac - Whitsunday,Outer Regional,Mirani,Capricornia,State-controlled,No Roadway Feature,No traffic control,80 - 90 km/h,Sealed - Wet,Clear,Darkness - Not lighted,Curved - view open,Dip,803,Off Path-Curve: Off Cway Rt Bend Hit Obj,Off carriageway on curve hit object,W,0,1,0,0,1,1,0,0,0,0,0,0
268683,Hospitalisation,2021,May,Friday,5,Overturned,Single Vehicle,149.2350611,-21.37991004,Eversleigh Rd,,,Sarina,Mackay Region,4737,Sarina,Mackay,Central,Central,Central Queensland,Sarina,Mackay,Mackay - Isaac - Whitsunday,Outer Regional,Mirani,Capricornia,Locally-controlled,Bridge/Causeway,No traffic control,100 - 110 km/h,Sealed - Dry,Clear,Darkness - Not lighted,Curved - view open,Level,805,Off Path-Curve: Out Of Control On Cway,Out of control on curve,S,0,1,0,0,1,1,0,0,0,0,0,0
268684,Hospitalisation,2021,May,Sunday,5,Hit object,Single Vehicle,149.2259031,-21.43847304,Armstrong Beach Rd,,,Sarina,Mackay Region,4737,Sarina,Mackay,Central,Central,Central Queensland,Sarina,Mackay,Mackay - Isaac - Whitsunday,Outer Regional,Mirani,Capricornia,Locally-controlled,No Roadway Feature,No traffic control,100 - 110 km/h,Sealed - Dry,Clear,Daylight,Curved - view open,Level,803,Off Path-Curve: Off Cway Rt Bend Hit Obj,Off carriageway on curve hit object,N,0,1,0,0,1,1,0,0,0,0,0,0
268685,Hospitalisation,2021,May,Monday,23,Overturned,Single Vehicle,149.0724308,-21.58748668,Marlborough - Sarina Rd,,Marlborough - Sarina Road,Sarina Range,Mackay Region,4737,Sarina,Mackay,Central,Central,Central Queensland,Sarina,Mackay,Mackay - Isaac - Whitsunday,Outer Regional,Mirani,Capricornia,State-controlled,No Roadway Feature,No traffic control,100 - 110 km/h,Sealed - Dry,Clear,Darkness - Not lighted,Curved - view open,Grade,805,Off Path-Curve: Out Of Control On Cway,Out of control on curve,S,0,1,0,0,1,1,0,0,0,0,0,0
268816,Hospitalisation,2021,April,Monday,6,Hit object,Single Vehicle,149.5358354,-22.60260708,Bruce Hwy,,Bruce Highway (Rockhampton - St Lawrence),St Lawrence,Isaac Region,4707,Saint Lawrence,Mackay,Central,Central,Central Queensland,Broadsound - Nebo,Bowen Basin - North,Mackay - Isaac - Whitsunday,Remote,Mirani,Capricornia,State-controlled,No Roadway Feature,No traffic control,100 - 110 km/h,Sealed - Dry,Clear,Daylight,Straight,Level,704,Off Path-Straight:Right Off Cway Hit Obj,Off carriageway on straight hit object,N,0,4,0,0,4,1,0,0,0,0,0,0
268817,Hospitalisation,2021,May,Sunday,8,Hit object,Single Vehicle,149.5298819,-22.55796608,Bruce Hwy,,Bruce Highway (Rockhampton - St Lawrence),St Lawrence,Isaac Region,4707,Saint Lawrence,Mackay,Central,Central,Central Queensland,Broadsound - Nebo,Bowen Basin - North,Mackay - Isaac - Whitsunday,Remote,Mirani,Capricornia,State-controlled,No Roadway Feature,No traffic control,100 - 110 km/h,Sealed - Dry,Clear,Daylight,Straight,Level,705,Off Path-Straight:Out Of Control On Cway,Out of control on straight,N,0,1,0,0,1,0,0,1,0,0,0,0
268818,Hospitalisation,2021,June,Monday,7,Hit object,Single Vehicle,149.5236129,-22.34657908,St Lawrence Connection Rd,,St. Lawrence Connection Road,St Lawrence,Isaac Region,4707,Saint Lawrence,Mackay,Central,Central,Central Queensland,Broadsound - Nebo,Bowen Basin - North,Mackay - Isaac - Whitsunday,Remote,Mirani,Capricornia,State-controlled,Railway Crossing,Railway crossing sign,60 km/h,Sealed - Dry,Clear,Dawn/Dusk,Curved - view open,Level,803,Off Path-Curve: Off Cway Rt Bend Hit Obj,Off carriageway on curve hit object,N,0,1,0,0,1,1,0,0,0,0,0,0
268819,Hospitalisation,2021,June,Monday,15,Head-on,Multi-Vehicle,149.4636259,-22.41664607,Bruce Hwy,,Bruce Highway (Rockhampton - St Lawrence),St Lawrence,Isaac Region,4707,Saint Lawrence,Mackay,Central,Central,Central Queensland,Broadsound - Nebo,Bowen Basin - North,Mackay - Isaac - Whitsunday,Remote,Mirani,Capricornia,State-controlled,No Roadway Feature,No traffic control,100 - 110 km/h,Sealed - Wet,Raining,Daylight,Straight,Level,201,Veh'S Opposite Approach: Head On,Head-on,N,0,2,0,0,2,0,0,2,0,0,0,0
269150,Hospitalisation,2021,February,Tuesday,4,Hit object,Single Vehicle,149.1120025,-21.16603869,Hansens Rd,,,Te Kowai,Mackay Region,4740,Walkerston,Mackay,Central,Central,Central Queensland,Walkerston - Eton,Mackay,Mackay - Isaac - Whitsunday,Inner Regional,Mirani,Capricornia,Locally-controlled,No Roadway Feature,No traffic control,80 - 90 km/h,Sealed - Wet,Fog,Darkness - Not lighted,Straight,Level,703,Off Path-Straight: Left Off Cway Hit Obj,Off carriageway on straight hit object,S,0,1,0,0,1,1,0,0,0,0,0,0
269151,Minor injury,2021,February,Tuesday,9,Rear-end,Multi-Vehicle,149.0453091,-21.17443603,Peak Downs Hwy,,Peak Downs Highway (Nebo - Mackay),Greenmount,Mackay Region,4751,Walkerston,Mackay,Central,Central,Central Queensland,Walkerston - Eton,Mackay,Mackay - Isaac - Whitsunday,Outer Regional,Mirani,Capricornia,State-controlled,No Roadway Feature,No traffic control,80 - 90 km/h,Sealed - Dry,Clear,Daylight,Straight,Crest,301,Veh'S Same Direction: Rear End,Rear-end,N,0,0,0,2,2,2,0,0,0,0,0,0
269152,Medical treatment,2021,March,Wednesday,13,Angle,Multi-Vehicle,149.0919581,-21.16205703,Mackay - Eungella Rd,Peak Downs Hwy,Peak Downs Highway (Nebo - Mackay),Alexandra,Mackay Region,4740,Walkerston,Mackay,Central,Central,Central Queensland,Walkerston - Eton,Mackay,Mackay - Isaac - Whitsunday,Outer Regional,Mirani,Capricornia,State-controlled,Intersection - T-Junction,No traffic control,80 - 90 km/h,Sealed - Dry,Clear,Daylight,Straight,Level,202,Veh'S Opposite Approach: Thru-Right,Opposing vehicles turning,W,0,0,1,0,1,2,0,0,0,0,0,0
269153,Hospitalisation,2021,March,Wednesday,8,Rear-end,Multi-Vehicle,149.0263141,-21.14323002,Mackay - Eungella Rd,Pleystowe School Rd,Mackay - Eungella Road,Pleystowe,Mackay Region,4741,Walkerston,Mackay,Central,Central,Central Queensland,Walkerston - Eton,Mackay,Mackay - Isaac - Whitsunday,Outer Regional,Mirani,Capricornia,State-controlled,Intersection - T-Junction,No traffic control,80 - 90 km/h,Sealed - Dry,Raining,Daylight,Straight,Level,303,Veh'S Same Direction: Right Rear,Rear-end,E,0,1,0,0,1,2,0,0,0,0,0,0
269154,Hospitalisation,2021,April,Wednesday,17,Angle,Multi-Vehicle,149.0590691,-21.16101703,Kellys Rd,Pugsley St,Peak Downs Highway (Nebo - Mackay),Walkerston,Mackay Region,4751,Walkerston,Mackay,Central,Central,Central Queensland,Walkerston - Eton,Mackay,Mackay - Isaac - Whitsunday,Outer Regional,Mirani,Capricornia,State-controlled,Intersection - T-Junction,Give way sign,60 km/h,Sealed - Dry,Clear,Dawn/Dusk,Straight,Level,107,Veh'S Adjacent Approach: Thru-Left,Intersection from adjacent approaches,W,0,1,0,0,1,2,0,0,0,0,0,0
269155,Hospitalisation,2021,June,Tuesday,16,Rear-end,Multi-Vehicle,149.1057754,-21.16381644,Peak Downs Hwy,,Peak Downs Highway (Nebo - Mackay),Te Kowai,Mackay Region,4740,Walkerston,Mackay,Central,Central,Central Queensland,Walkerston - Eton,Mackay,Mackay - Isaac - Whitsunday,Inner Regional,Mirani,Capricornia,State-controlled,No Roadway Feature,No traffic control,70 km/h,Sealed - Dry,Clear,Daylight,Straight,Level,301,Veh'S Same Direction: Rear End,Rear-end,W,0,1,0,0,1,2,0,1,0,0,0,0
269156,Hospitalisation,2021,June,Sunday,13,Angle,Multi-Vehicle,149.1390851,-21.15751303,Gibsons Rd,Horse And Jockey Rd,,Racecourse,Mackay Region,4740,Mackay,Mackay,Central,Central,Central Queensland,Ooralea - Bakers Creek,Mackay,Mackay - Isaac - Whitsunday,Inner Regional,Mirani,Capricornia,Locally-controlled,Intersection - Cross,Give way sign,100 - 110 km/h,Sealed - Wet,Clear,Daylight,Straight,Level,101,Veh'S Adjacent Approach: Thru-Thru,Intersection from adjacent approaches,E,0,4,0,0,4,2,0,0,0,0,0,0
269157,Hospitalisation,2021,June,Monday,17,Angle,Multi-Vehicle,149.1390851,-21.15751303,Gibsons Rd,Horse And Jockey Rd,,Racecourse,Mackay Region,4740,Mackay,Mackay,Central,Central,Central Queensland,Ooralea - Bakers Creek,Mackay,Mackay - Isaac - Whitsunday,Inner Regional,Mirani,Capricornia,Locally-controlled,Intersection - Cross,Give way sign,80 - 90 km/h,Sealed - Dry,Clear,Dawn/Dusk,Straight,Level,101,Veh'S Adjacent Approach: Thru-Thru,Intersection from adjacent approaches,N,0,2,0,0,2,2,0,0,0,0,0,0
271437,Hospitalisation,2021,January,Friday,0,Hit object,Single Vehicle,146.2759694,-20.0956028,Aberdeen Rd,Bluff Rd,,Millchester,Charters Towers Region,4820,Charters Towers,Townsville,Northern,Northern,North Queensland,Charters Towers,Charters Towers - Ayr - Ingham,Townsville,Outer Regional,Traeger,Kennedy,Locally-controlled,Intersection - Cross,Stop sign,80 - 90 km/h,Sealed - Wet,Raining,Darkness - Not lighted,Straight,Level,705,Off Path-Straight:Out Of Control On Cway,Out of control on straight,S,0,3,0,0,3,1,0,0,0,0,0,0
271438,Medical treatment,2021,January,Monday,11,Angle,Multi-Vehicle,146.2609224,-20.0812528,Church St,Towers St,,Charters Towers City,Charters Towers Region,4820,Charters Towers,Townsville,Northern,Northern,North Queensland,Charters Towers,Charters Towers - Ayr - Ingham,Townsville,Outer Regional,Traeger,Kennedy,Locally-controlled,Intersection - Cross,Give way sign,0 - 50 km/h,Sealed - Dry,Clear,Daylight,Straight,Level,101,Veh'S Adjacent Approach: Thru-Thru,Intersection from adjacent approaches,S,0,0,2,0,2,2,0,0,0,0,0,0
271439,Hospitalisation,2021,February,Monday,8,Hit object,Single Vehicle,146.2324984,-20.0011428,Lynd Hwy,,Gregory Developmental Road (Charters Towers - The Lynd),Southern Cross,Charters Towers Region,4820,Charters Towers,Townsville,Northern,Northern,North Queensland,Dalrymple,Charters Towers - Ayr - Ingham,Townsville,Outer Regional,Traeger,Kennedy,State-controlled,No Roadway Feature,No traffic control,100 - 110 km/h,Sealed - Dry,Clear,Daylight,Straight,Level,704,Off Path-Straight:Right Off Cway Hit Obj,Off carriageway on straight hit object,S,0,1,0,0,1,1,0,0,0,0,0,0
271440,Hospitalisation,2021,March,Monday,19,Hit pedestrian,Hit pedestrian,146.2474714,-20.1035118,Flinders Hwy,,Flinders Highway (Charters Towers - Hughenden),Black Jack,Charters Towers Region,4820,Charters Towers,Townsville,Northern,Northern,North Queensland,Dalrymple,Charters Towers - Ayr - Ingham,Townsville,Very Remote,Traeger,Kennedy,State-controlled,No Roadway Feature,No traffic control,80 - 90 km/h,Sealed - Dry,Clear,Darkness - Not lighted,Straight,Level,5,Ped'N: Hit Walking With Traffic,Pedestrian,N,0,1,0,0,1,1,0,0,0,0,1,0
271441,Hospitalisation,2021,March,Thursday,14,Angle,Multi-Vehicle,146.2637084,-20.0654028,Hackett Tce,Peek St,Gregory Developmental Road (Charters Towers - The Lynd),Richmond Hill,Charters Towers Region,4820,Charters Towers,Townsville,Northern,Northern,North Queensland,Charters Towers,Charters Towers - Ayr - Ingham,Townsville,Outer Regional,Traeger,Kennedy,State-controlled,Intersection - Cross,Give way sign,60 km/h,Sealed - Dry,Clear,Daylight,Straight,Level,101,Veh'S Adjacent Approach: Thru-Thru,Intersection from adjacent approaches,E,0,2,0,3,5,2,0,0,0,0,0,0
271442,Hospitalisation,2021,April,Tuesday,15,Hit object,Single Vehicle,146.6921033,-21.47470184,Gregory Developmental Rd,,Gregory Developmental Road (Belyando Crossing - Charters Towers),Llanarth,Charters Towers Region,4820,Charters Towers,Townsville,Northern,Northern,North Queensland,Dalrymple,Charters Towers - Ayr - Ingham,Townsville,Very Remote,Traeger,Kennedy,State-controlled,No Roadway Feature,No traffic control,100 - 110 km/h,Sealed - Dry,Clear,Daylight,Straight,Level,704,Off Path-Straight:Right Off Cway Hit Obj,Off carriageway on straight hit object,N,0,1,0,0,1,1,0,0,0,0,0,0
271443,Hospitalisation,2021,April,Sunday,15,Hit object,Single Vehicle,146.0473414,-20.15436578,Flinders Hwy,,Flinders Highway (Charters Towers - Hughenden),Basalt,Charters Towers Region,4820,Charters Towers,Townsville,Northern,Northern,North Queensland,Dalrymple,Charters Towers - Ayr - Ingham,Townsville,Remote,Traeger,Kennedy,State-controlled,No Roadway Feature,No traffic control,100 - 110 km/h,Sealed - Dry,Clear,Daylight,Straight,Crest,502,Veh'S Overtaking: Out Of Control,Off carriageway on straight,W,0,1,0,0,1,1,0,0,0,0,0,0
271444,Hospitalisation,2021,April,Wednesday,14,Rear-end,Multi-Vehicle,146.2898874,-20.0634958,Flinders Hwy,Gregory Developmental Rd,Gregory Developmental Road (Charters Towers - The Lynd),Richmond Hill,Charters Towers Region,4820,Charters Towers,Townsville,Northern,Northern,North Queensland,Charters Towers,Charters Towers - Ayr - Ingham,Townsville,Outer Regional,Traeger,Kennedy,State-controlled,Intersection - T-Junction,Stop sign,80 - 90 km/h,Sealed - Dry,Clear,Daylight,Straight,Level,303,Veh'S Same Direction: Right Rear,Rear-end,N,0,1,0,0,1,2,0,0,0,0,0,0
271445,Hospitalisation,2021,May,Sunday,9,Angle,Multi-Vehicle,146.2578754,-20.0617108,Dalrymple Rd,Hicks St,Gregory Developmental Road (Charters Towers - The Lynd),Richmond Hill,Charters Towers Region,4820,Charters Towers,Townsville,Northern,Northern,North Queensland,Charters Towers,Charters Towers - Ayr - Ingham,Townsville,Outer Regional,Traeger,Kennedy,State-controlled,Intersection - Cross,Stop sign,60 km/h,Sealed - Dry,Clear,Daylight,Straight,Level,101,Veh'S Adjacent Approach: Thru-Thru,Intersection from adjacent approaches,W,0,1,0,0,1,2,0,0,0,0,0,0
271446,Medical treatment,2021,May,Monday,12,Rear-end,Multi-Vehicle,146.3112969,-20.05382639,Flinders Hwy,,Flinders Highway (Townsville - Charters Towers),Broughton,Charters Towers Region,4820,Charters Towers,Townsville,Northern,Northern,North Queensland,Dalrymple,Charters Towers - Ayr - Ingham,Townsville,Outer Regional,Traeger,Kennedy,State-controlled,No Roadway Feature,No traffic control,100 - 110 km/h,Sealed - Dry,Clear,Daylight,Straight,Grade,301,Veh'S Same Direction: Rear End,Rear-end,S,0,0,1,0,1,2,0,0,0,0,0,0
271447,Medical treatment,2021,May,Thursday,16,Angle,Multi-Vehicle,146.2651824,-20.0769938,Boundary St,Gill St,,Charters Towers City,Charters Towers Region,4820,Charters Towers,Townsville,Northern,Northern,North Queensland,Charters Towers,Charters Towers - Ayr - Ingham,Townsville,Outer Regional,Traeger,Kennedy,Locally-controlled,Intersection - Roundabout,Give way sign,0 - 50 km/h,Sealed - Dry,Clear,Daylight,Straight,Level,101,Veh'S Adjacent Approach: Thru-Thru,Intersection from adjacent approaches,S,0,0,1,0,1,1,1,0,0,0,0,0
271448,Medical treatment,2021,May,Friday,10,Hit object,Single Vehicle,146.2085744,-20.2107378,Gregory Developmental Rd,,Gregory Developmental Road (Belyando Crossing - Charters Towers),Seventy Mile,Charters Towers Region,4820,Charters Towers,Townsville,Northern,Northern,North Queensland,Dalrymple,Charters Towers - Ayr - Ingham,Townsville,Remote,Traeger,Kennedy,State-controlled,No Roadway Feature,No traffic control,100 - 110 km/h,Sealed - Dry,Clear,Daylight,Straight,Level,704,Off Path-Straight:Right Off Cway Hit Obj,Off carriageway on straight hit object,N,0,0,1,0,1,1,0,0,0,0,0,0
271449,Medical treatment,2021,May,Sunday,15,Angle,Multi-Vehicle,146.2595204,-20.0735818,Anne St,Deane St,,Charters Towers City,Charters Towers Region,4820,Charters Towers,Townsville,Northern,Northern,North Queensland,Charters Towers,Charters Towers - Ayr - Ingham,Townsville,Outer Regional,Traeger,Kennedy,Locally-controlled,Intersection - Cross,Give way sign,0 - 50 km/h,Sealed - Dry,Clear,Daylight,Straight,Level,101,Veh'S Adjacent Approach: Thru-Thru,Intersection from adjacent approaches,W,0,0,1,0,1,2,0,0,0,0,0,0