Crash_Severity,Crash_Year,Crash_Month,Crash_Day_Of_Week,Crash_Hour,Crash_Nature,Crash_Type,Crash_Longitude,Crash_Latitude,Crash_Street,Crash_Street_Intersecting,State_Road_Name,Loc_Suburb,Loc_Local_Government_Area,Loc_Post_Code,Loc_Police_Division,Loc_Police_District,Loc_Police_Region,Loc_Queensland_Transport_Region,Loc_Main_Roads_Region,Loc_ABS_Statistical_Area_2,Loc_ABS_Statistical_Area_3,Loc_ABS_Statistical_Area_4,Loc_ABS_Remoteness,Loc_State_Electorate,Loc_Federal_Electorate,Crash_Controlling_Authority,Crash_Roadway_Feature,Crash_Traffic_Control,Crash_Speed_Limit,Crash_Road_Surface_Condition,Crash_Atmospheric_Condition,Crash_Lighting_Condition,Crash_Road_Horiz_Align,Crash_Road_Vert_Align,Crash_DCA_Code,Crash_DCA_Description,Crash_DCA_Group_Description,DCA_Key_Approach_Dir,Count_Casualty_Fatality,Count_Casualty_Hospitalised,Count_Casualty_MedicallyTreated,Count_Casualty_MinorInjury,Count_Casualty_Total,Count_Unit_Car,Count_Unit_Motorcycle_Moped,Count_Unit_Truck,Count_Unit_Bus,Count_Unit_Bicycle,Count_Unit_Pedestrian,Count_Unit_Other,
271450,Medical treatment,2021,May,Monday,9,Hit object,Single Vehicle,146.2621504,-20.07152245,Church St,,,Charters Towers City,Charters Towers Region,4820,Charters Towers,Townsville,Northern,Northern,North Queensland,Charters Towers,Charters Towers - Ayr - Ingham,Townsville,Outer Regional,Traeger,Kennedy,Locally-controlled,No Roadway Feature,No traffic control,0 - 50 km/h,Sealed - Dry,Clear,Daylight,Straight,Level,703,Off Path-Straight: Left Off Cway Hit Obj,Off carriageway on straight hit object,S,0,0,1,0,1,1,0,0,0,0,0,0
271451,Hospitalisation,2021,June,Thursday,12,Angle,Multi-Vehicle,146.2512184,-20.0777488,Towers St,,,Charters Towers City,Charters Towers Region,4820,Charters Towers,Townsville,Northern,Northern,North Queensland,Charters Towers,Charters Towers - Ayr - Ingham,Townsville,Outer Regional,Traeger,Kennedy,Locally-controlled,No Roadway Feature,No traffic control,0 - 50 km/h,Sealed - Dry,Clear,Daylight,Curved - view open,Grade,308,Veh'S Same Direction: Right Turn S/Swipe,Parallel lanes turning,E,0,1,0,0,1,1,0,1,0,0,0,0
271668,Hospitalisation,2021,April,Saturday,13,Overturned,Single Vehicle,147.0737952,-21.49717387,Bowen Developmental Rd,,Bowen Developmental Road (Collinsville - Belyando Crossing),Mount Coolon,Whitsunday Region,4804,Collinsville,Mackay,Central,Central,Central Queensland,Collinsville,Bowen Basin - North,Mackay - Isaac - Whitsunday,Remote,Burdekin,Capricornia,State-controlled,No Roadway Feature,No traffic control,80 - 90 km/h,Unsealed - Dry,Clear,Daylight,Straight,Level,702,Off Path-Straight: Right Off Cway,Off carriageway on straight,S,0,1,0,0,1,1,0,0,0,0,0,0
271669,Hospitalisation,2021,April,Wednesday,17,Hit object,Single Vehicle,147.4433399,-21.33621516,Bowen Developmental Rd,,Bowen Developmental Road (Collinsville - Belyando Crossing),Mount Coolon,Whitsunday Region,4804,Collinsville,Mackay,Central,Central,Central Queensland,Collinsville,Bowen Basin - North,Mackay - Isaac - Whitsunday,Remote,Burdekin,Capricornia,State-controlled,No Roadway Feature,No traffic control,80 - 90 km/h,Unsealed - Dry,Clear,Dawn/Dusk,Straight,Level,703,Off Path-Straight: Left Off Cway Hit Obj,Off carriageway on straight hit object,S,0,1,0,0,1,1,0,0,0,0,0,0
272065,Hospitalisation,2021,January,Thursday,13,Hit object,Single Vehicle,144.6899076,-18.99471668,Welcome Downs Rd,,,Conjuboy,Etheridge Shire,4871,Greenvale,Townsville,Northern,Northern,North Queensland,Croydon - Etheridge,Far North,Queensland - Outback,Very Remote,Traeger,Kennedy,Locally-controlled,No Roadway Feature,No traffic control,100 - 110 km/h,Unsealed - Wet,Clear,Daylight,Straight,Level,607,Veh'S On Path: Temporary Object On C'Way,Other,E,0,2,1,0,3,1,0,0,0,0,0,0
272066,Medical treatment,2021,June,Saturday,9,Angle,Multi-Vehicle,145.7404315,-19.52449276,Gregory Developmental Rd,Hervey Range Rd,Gregory Developmental Road (Charters Towers - The Lynd),Basalt,Charters Towers Region,4820,Greenvale,Townsville,Northern,Northern,North Queensland,Dalrymple,Charters Towers - Ayr - Ingham,Townsville,Remote,Traeger,Kennedy,State-controlled,Intersection - T-Junction,No traffic control,80 - 90 km/h,Sealed - Dry,Clear,Daylight,Straight,Level,907,Pass & Misc: Vehicle Movements Not Known,Other,E,0,0,1,0,1,1,1,0,0,0,0,0
272121,Minor injury,2021,June,Thursday,7,Hit object,Single Vehicle,146.3232655,-18.52564779,Dungeness Rd,,,Lucinda,Hinchinbrook Shire,4850,Halifax,Townsville,Northern,Northern,North Queensland,Ingham Region,Charters Towers - Ayr - Ingham,Townsville,Remote,Hinchinbrook,Kennedy,Locally-controlled,No Roadway Feature,No traffic control,60 km/h,Sealed - Dry,Clear,Daylight,Curved - view open,Level,804,Off Path-Curve: Off Cway Lt Bend Hit Obj,Off carriageway on curve hit object,W,0,0,0,1,1,1,0,0,0,0,0,0
272372,Hospitalisation,2021,February,Saturday,14,Head-on,Multi-Vehicle,147.4912014,-19.68072589,Coppo Rd,Groper Ck Rd,,Inkerman,Burdekin Shire,4806,Home Hill,Townsville,Northern,Northern,North Queensland,Burdekin,Charters Towers - Ayr - Ingham,Townsville,Outer Regional,Burdekin,Dawson,Locally-controlled,Intersection - Cross,No traffic control,100 - 110 km/h,Sealed - Wet,Raining,Daylight,Curved - view open,Level,201,Veh'S Opposite Approach: Head On,Head-on,S,0,1,0,0,1,2,0,0,0,0,0,0
272373,Fatal,2021,March,Tuesday,20,Head-on,Multi-Vehicle,147.4649674,-19.73067689,Bruce Hwy,,Bruce Highway (Bowen - Ayr),Inkerman,Burdekin Shire,4806,Home Hill,Townsville,Northern,Northern,North Queensland,Burdekin,Charters Towers - Ayr - Ingham,Townsville,Outer Regional,Burdekin,Dawson,State-controlled,No Roadway Feature,No traffic control,100 - 110 km/h,Sealed - Dry,Clear,Darkness - Not lighted,Straight,Level,201,Veh'S Opposite Approach: Head On,Head-on,S,1,0,0,0,1,1,0,1,0,0,0,0
272374,Hospitalisation,2021,May,Sunday,23,Hit object,Single Vehicle,147.4117564,-19.66004288,Eighth Ave,Twelfth St,Bruce Highway (Bowen - Ayr),Home Hill,Burdekin Shire,4806,Home Hill,Townsville,Northern,Northern,North Queensland,Burdekin,Charters Towers - Ayr - Ingham,Townsville,Outer Regional,Burdekin,Dawson,State-controlled,Intersection - T-Junction,No traffic control,60 km/h,Sealed - Dry,Clear,Darkness - Lighted,Straight,Level,708,Off Path-Straight: Mounts Traffic Island,Off carriageway on straight hit object,S,0,1,0,0,1,1,0,0,0,0,0,0
272375,Hospitalisation,2021,June,Friday,22,Hit object,Single Vehicle,147.4113414,-19.66264588,Fifth Ave,Tenth St,,Home Hill,Burdekin Shire,4806,Home Hill,Townsville,Northern,Northern,North Queensland,Burdekin,Charters Towers - Ayr - Ingham,Townsville,Outer Regional,Burdekin,Dawson,Locally-controlled,Intersection - Cross,No traffic control,0 - 50 km/h,Sealed - Dry,Clear,Darkness - Lighted,Straight,Level,703,Off Path-Straight: Left Off Cway Hit Obj,Off carriageway on straight hit object,W,0,2,1,0,3,1,0,0,0,0,0,0
278548,Hospitalisation,2021,February,Thursday,14,Hit object,Single Vehicle,145.6881289,-20.33807456,Flinders Hwy,,Flinders Highway (Charters Towers - Hughenden),Homestead,Charters Towers Region,4816,Pentland,Townsville,Northern,Northern,North Queensland,Dalrymple,Charters Towers - Ayr - Ingham,Townsville,Remote,Traeger,Kennedy,State-controlled,No Roadway Feature,No traffic control,100 - 110 km/h,Sealed - Dry,Clear,Daylight,Straight,Level,704,Off Path-Straight:Right Off Cway Hit Obj,Off carriageway on straight hit object,N,0,1,0,0,1,1,0,0,0,0,0,0
278549,Hospitalisation,2021,March,Tuesday,5,Overturned,Single Vehicle,146.4483322,-21.15507322,Gregory Developmental Rd,,Gregory Developmental Road (Belyando Crossing - Charters Towers),Llanarth,Charters Towers Region,4820,Charters Towers,Townsville,Northern,Northern,North Queensland,Dalrymple,Charters Towers - Ayr - Ingham,Townsville,Very Remote,Traeger,Kennedy,State-controlled,No Roadway Feature,No traffic control,100 - 110 km/h,Sealed - Dry,Clear,Dawn/Dusk,Curved - view open,Level,800,Off Path-Curve: Other,Other,S,0,1,0,0,1,1,0,0,0,0,0,0
278550,Fatal,2021,April,Wednesday,23,Overturned,Single Vehicle,145.8442574,-20.24977677,Flinders Hwy,,Flinders Highway (Charters Towers - Hughenden),Campaspe,Charters Towers Region,4820,Charters Towers,Townsville,Northern,Northern,North Queensland,Dalrymple,Charters Towers - Ayr - Ingham,Townsville,Very Remote,Traeger,Kennedy,State-controlled,No Roadway Feature,No traffic control,100 - 110 km/h,Sealed - Wet,Raining,Darkness - Not lighted,Straight,Level,702,Off Path-Straight: Right Off Cway,Off carriageway on straight,N,1,0,0,0,1,1,0,0,0,0,0,0
278551,Medical treatment,2021,June,Tuesday,18,Hit animal,Other,145.3351344,-20.60092274,Flinders Hwy,,Flinders Highway (Charters Towers - Hughenden),Pentland,Charters Towers Region,4816,Pentland,Townsville,Northern,Northern,North Queensland,Dalrymple,Charters Towers - Ayr - Ingham,Townsville,Very Remote,Traeger,Kennedy,State-controlled,No Roadway Feature,No traffic control,100 - 110 km/h,Sealed - Dry,Clear,Darkness - Not lighted,Straight,Level,609,Pass & Misc: Hit Animal,Hit animal,N,0,0,1,0,1,1,0,0,0,0,0,0
278552,Hospitalisation,2021,June,Thursday,14,Overturned,Single Vehicle,146.3154674,-20.70347681,Gregory Developmental Rd,,Gregory Developmental Road (Belyando Crossing - Charters Towers),Campaspe,Charters Towers Region,4820,Charters Towers,Townsville,Northern,Northern,North Queensland,Dalrymple,Charters Towers - Ayr - Ingham,Townsville,Very Remote,Traeger,Kennedy,State-controlled,No Roadway Feature,No traffic control,100 - 110 km/h,Sealed - Dry,Clear,Daylight,Straight,Level,703,Off Path-Straight: Left Off Cway Hit Obj,Off carriageway on straight hit object,N,0,2,0,0,2,1,0,0,0,0,0,0
284935,Hospitalisation,2021,May,Sunday,20,Hit object,Single Vehicle,146.3617166,-19.00794817,Bruce Hwy,,Bruce Highway (Townsville - Ingham),Crystal Creek,Townsville City,4816,Rollingstone,Townsville,Northern,Northern,North Queensland,Northern Beaches,Townsville,Townsville,Outer Regional,Hinchinbrook,Kennedy,State-controlled,No Roadway Feature,No traffic control,100 - 110 km/h,Sealed - Dry,Clear,Darkness - Not lighted,Straight,Level,704,Off Path-Straight:Right Off Cway Hit Obj,Off carriageway on straight hit object,S,0,3,0,0,3,1,0,0,0,0,0,0
284936,Hospitalisation,2021,June,Thursday,8,Hit object,Single Vehicle,146.3997495,-19.0554418,Bruce Hwy,,Bruce Highway (Townsville - Ingham),Rollingstone,Townsville City,4816,Rollingstone,Townsville,Northern,Northern,North Queensland,Northern Beaches,Townsville,Townsville,Outer Regional,Hinchinbrook,Kennedy,State-controlled,No Roadway Feature,No traffic control,100 - 110 km/h,Sealed - Dry,Clear,Daylight,Straight,Level,704,Off Path-Straight:Right Off Cway Hit Obj,Off carriageway on straight hit object,N,0,1,0,0,1,1,0,0,0,0,0,0
284937,Fatal,2021,June,Tuesday,18,Head-on,Multi-Vehicle,146.3333275,-18.98109379,Bruce Hwy,,Bruce Highway (Townsville - Ingham),Mutarnee,Townsville City,4816,Rollingstone,Townsville,Northern,Northern,North Queensland,Northern Beaches,Townsville,Townsville,Outer Regional,Hinchinbrook,Kennedy,State-controlled,Bridge/Causeway,No traffic control,100 - 110 km/h,Sealed - Dry,Clear,Darkness - Not lighted,Straight,Level,201,Veh'S Opposite Approach: Head On,Head-on,N,1,1,0,0,2,1,0,1,0,0,0,0
284938,Fatal,2021,June,Wednesday,0,Hit parked vehicle,Single Vehicle,146.3174425,-18.96758979,Bruce Hwy,,Bruce Highway (Townsville - Ingham),Mutarnee,Townsville City,4816,Rollingstone,Townsville,Northern,Northern,North Queensland,Northern Beaches,Townsville,Townsville,Outer Regional,Hinchinbrook,Kennedy,State-controlled,No Roadway Feature,No traffic control,100 - 110 km/h,Sealed - Dry,Clear,Darkness - Not lighted,Straight,Level,300,Veh'S Same Direction: Other,Other,S,2,1,0,0,3,4,0,0,0,0,1,0
286812,Medical treatment,2021,January,Tuesday,13,Angle,Multi-Vehicle,145.4942867,-17.25846972,Gillies Range Rd,Tinaroo Falls Dam Rd,Gillies Range Road,Atherton,Tablelands Region,4883,Atherton,Far North,Far Northern,Northern,North Queensland,Atherton,Tablelands (east) - Kuranda,Cairns,Outer Regional,Hill,Kennedy,State-controlled,Intersection - T-Junction,Give way sign,60 km/h,Sealed - Dry,Clear,Daylight,Curved - view open,Grade,104,Veh'S Adjacent Approach: Thru-Right,Intersection from adjacent approaches,E,0,0,1,0,1,1,1,0,0,0,0,0
286813,Hospitalisation,2021,February,Saturday,17,Overturned,Single Vehicle,145.4742585,-17.20055632,Kennedy Hwy,,Kennedy Highway (Mareeba - Ravenshoe),Tolga,Tablelands Region,4882,Atherton,Far North,Far Northern,Northern,North Queensland,Atherton,Tablelands (east) - Kuranda,Cairns,Outer Regional,Hill,Kennedy,State-controlled,No Roadway Feature,No traffic control,100 - 110 km/h,Sealed - Wet,Raining,Daylight,Straight,Level,702,Off Path-Straight: Right Off Cway,Off carriageway on straight,N,0,1,0,0,1,1,0,0,0,0,0,0
286814,Medical treatment,2021,March,Friday,21,Overturned,Single Vehicle,145.4378277,-17.32854872,Atherton - Herberton Rd,,Atherton - Herberton Road,Wongabel,Tablelands Region,4883,Atherton,Far North,Far Northern,Northern,North Queensland,Malanda - Yungaburra,Tablelands (east) - Kuranda,Cairns,Outer Regional,Hill,Kennedy,State-controlled,No Roadway Feature,No traffic control,100 - 110 km/h,Sealed - Wet,Clear,Darkness - Not lighted,Curved - view open,Level,801,Off Path-Curve: Off Cway Right Bend,Off carriageway on curve,S,0,0,1,0,1,1,0,0,0,0,0,0
286815,Medical treatment,2021,March,Saturday,17,Rear-end,Multi-Vehicle,145.5789027,-17.27499673,Curtain Fig Tree Rd,Gillies Range Rd,Gillies Range Road,East Barron,Tablelands Region,4883,Yungaburra,Far North,Far Northern,Northern,North Queensland,Malanda - Yungaburra,Tablelands (east) - Kuranda,Cairns,Outer Regional,Hill,Kennedy,State-controlled,Intersection - T-Junction,No traffic control,60 km/h,Sealed - Dry,Clear,Daylight,Curved - view open,Level,303,Veh'S Same Direction: Right Rear,Rear-end,E,0,0,2,0,2,2,0,0,0,0,0,0
286816,Hospitalisation,2021,March,Tuesday,6,Rear-end,Multi-Vehicle,145.5015637,-17.25508972,Tinaroo Falls Dam Rd,,Tinaroo Falls Dam Road,Atherton,Tablelands Region,4883,Atherton,Far North,Far Northern,Northern,North Queensland,Atherton,Tablelands (east) - Kuranda,Cairns,Outer Regional,Hill,Kennedy,State-controlled,No Roadway Feature,No traffic control,100 - 110 km/h,Sealed - Dry,Clear,Daylight,Straight,Level,303,Veh'S Same Direction: Right Rear,Rear-end,N,0,1,0,0,1,1,1,0,0,0,0,0
286817,Hospitalisation,2021,March,Saturday,13,Rear-end,Multi-Vehicle,145.4748886,-17.26786936,Main St,,Kennedy Highway (Mareeba - Ravenshoe),Atherton,Tablelands Region,4883,Atherton,Far North,Far Northern,Northern,North Queensland,Atherton,Tablelands (east) - Kuranda,Cairns,Outer Regional,Hill,Kennedy,State-controlled,Intersection - Roundabout,Give way sign,0 - 50 km/h,Sealed - Dry,Clear,Daylight,Straight,Level,301,Veh'S Same Direction: Rear End,Rear-end,S,0,1,1,1,3,3,0,0,0,0,0,0
286818,Medical treatment,2021,May,Tuesday,13,Head-on,Multi-Vehicle,145.5087623,-17.43290253,Kennedy Hwy,,Kennedy Highway (Mareeba - Ravenshoe),Upper Barron,Tablelands Region,4883,Malanda,Far North,Far Northern,Northern,North Queensland,Malanda - Yungaburra,Tablelands (east) - Kuranda,Cairns,Outer Regional,Hill,Kennedy,State-controlled,No Roadway Feature,No traffic control,100 - 110 km/h,Sealed - Dry,Clear,Daylight,Curved - view obscured,Grade,201,Veh'S Opposite Approach: Head On,Head-on,S,0,0,2,0,2,2,0,0,0,0,0,0
286819,Medical treatment,2021,May,Sunday,22,Overturned,Single Vehicle,145.4047717,-17.14398771,Channel Rd,,,Walkamin,Tablelands Region,4872,Mareeba,Far North,Far Northern,Northern,North Queensland,Atherton,Tablelands (east) - Kuranda,Cairns,Outer Regional,Hill,Kennedy,Locally-controlled,No Roadway Feature,No traffic control,60 km/h,Sealed - Wet,Clear,Darkness - Not lighted,Curved - view open,Level,805,Off Path-Curve: Out Of Control On Cway,Out of control on curve,W,0,0,1,1,2,1,0,0,0,0,0,0
286820,Hospitalisation,2021,June,Thursday,11,Angle,Multi-Vehicle,145.4773517,-17.26300672,Main St,,Kennedy Highway (Mareeba - Ravenshoe),Atherton,Tablelands Region,4883,Atherton,Far North,Far Northern,Northern,North Queensland,Atherton,Tablelands (east) - Kuranda,Cairns,Outer Regional,Hill,Kennedy,State-controlled,No Roadway Feature,No traffic control,0 - 50 km/h,Sealed - Dry,Clear,Daylight,Curved - view open,Level,400,Veh'S Manoeuvring: Other,Other,N,0,2,0,0,2,1,0,0,0,0,0,1
286821,Medical treatment,2021,June,Thursday,15,Fall from vehicle,Single Vehicle,145.4261547,-17.12384871,Hansen Rd,Kennedy Hwy,Kennedy Highway (Mareeba - Ravenshoe),Walkamin,Tablelands Region,4872,Mareeba,Far North,Far Northern,Northern,North Queensland,Atherton,Tablelands (east) - Kuranda,Cairns,Outer Regional,Hill,Kennedy,State-controlled,Intersection - T-Junction,Give way sign,60 km/h,Sealed - Dry,Clear,Daylight,Straight,Level,705,Off Path-Straight:Out Of Control On Cway,Out of control on straight,E,0,0,1,0,1,1,1,0,0,0,0,0
286822,Hospitalisation,2021,June,Thursday,17,Rear-end,Multi-Vehicle,145.5380307,-17.21741572,Tinaroo Falls Dam Rd,,Tinaroo Falls Dam Road,Kairi,Tablelands Region,4872,Atherton,Far North,Far Northern,Northern,North Queensland,Malanda - Yungaburra,Tablelands (east) - Kuranda,Cairns,Outer Regional,Hill,Kennedy,State-controlled,No Roadway Feature,No traffic control,60 km/h,Sealed - Dry,Clear,Dawn/Dusk,Straight,Crest,301,Veh'S Same Direction: Rear End,Rear-end,N,0,1,0,0,1,1,1,0,0,0,0,0
287292,Medical treatment,2021,June,Thursday,2,Overturned,Single Vehicle,142.3238778,-10.90737414,Mcdonnel Rd,,,Injinoo,Northern Peninsula Area Region,4876,Bamaga,Far North,Far Northern,Northern,North Queensland,Northern Peninsula,Far North,Queensland - Outback,Very Remote,Cook,Leichhardt,Locally-controlled,No Roadway Feature,No traffic control,60 km/h,Sealed - Dry,Clear,Darkness - Not lighted,Straight,Level,700,Off Path-Straight: Other,Other,,0,0,1,0,1,1,0,0,0,0,0,0
293594,Hospitalisation,2021,April,Friday,22,Overturned,Single Vehicle,144.6217281,-17.47063633,Almaden - Gingerella Rd,,,Almaden,Mareeba Shire,4871,Chillagoe,Far North,Far Northern,Northern,North Queensland,Tablelands,Far North,Queensland - Outback,Very Remote,Cook,Kennedy,Locally-controlled,Bridge/Causeway,No traffic control,60 km/h,Sealed - Dry,Clear,Darkness - Not lighted,Straight,Level,804,Off Path-Curve: Off Cway Lt Bend Hit Obj,Off carriageway on curve hit object,N,0,3,0,0,3,0,0,0,0,0,0,1
293595,Hospitalisation,2021,June,Thursday,11,Overturned,Single Vehicle,144.3618578,-17.06803664,Burke Developmental Rd,,Burke Developmental Road (Normanton - Dimbulah),Rookwood,Mareeba Shire,4871,Chillagoe,Far North,Far Northern,Northern,North Queensland,Tablelands,Far North,Queensland - Outback,Very Remote,Cook,Kennedy,State-controlled,No Roadway Feature,No traffic control,100 - 110 km/h,Unsealed - Dry,Clear,Daylight,Straight,Level,705,Off Path-Straight:Out Of Control On Cway,Out of control on straight,E,0,1,0,0,1,1,0,0,0,0,0,0
293681,Hospitalisation,2021,May,Monday,12,Fall from vehicle,Single Vehicle,143.506008,-14.77498657,Peninsula Developmental Rd,,Peninsula Developmental Road (Laura - Coen),Yarraden,Cook Shire,4892,Laura,Far North,Far Northern,Northern,North Queensland,Cape York,Far North,Queensland - Outback,Very Remote,Cook,Leichhardt,State-controlled,No Roadway Feature,No traffic control,100 - 110 km/h,Sealed - Dry,Clear,Daylight,Straight,Level,705,Off Path-Straight:Out Of Control On Cway,Out of control on straight,N,0,1,0,0,1,0,1,0,0,0,0,0
293949,Hospitalisation,2021,January,Friday,1,Hit object,Single Vehicle,145.1089254,-15.29425734,Muni St,,,Hope Vale,Hope Vale Aboriginal Shire,4895,Hope Vale,Far North,Far Northern,Northern,North Queensland,Cape York,Far North,Queensland - Outback,Remote,Cook,Leichhardt,Locally-controlled,No Roadway Feature,No traffic control,0 - 50 km/h,Sealed - Dry,Clear,Darkness - Lighted,Straight,Level,708,Off Path-Straight: Mounts Traffic Island,Off carriageway on straight hit object,E,0,1,0,0,1,1,0,0,0,0,0,0
293950,Fatal,2021,February,Monday,10,Overturned,Single Vehicle,145.0991926,-15.69461458,Mulligan Hwy,,Mulligan Highway (Lakeland - Cooktown),Lakeland,Cook Shire,4871,Cooktown,Far North,Far Northern,Northern,North Queensland,Cape York,Far North,Queensland - Outback,Remote,Cook,Leichhardt,State-controlled,No Roadway Feature,No traffic control,100 - 110 km/h,Sealed - Dry,Clear,Daylight,Straight,Level,705,Off Path-Straight:Out Of Control On Cway,Out of control on straight,N,1,0,0,0,1,1,0,0,0,0,0,0
293951,Hospitalisation,2021,April,Sunday,1,Hit animal,Other,145.219381,-15.61983125,Mulligan Hwy,,Mulligan Highway (Lakeland - Cooktown),Cooktown,Cook Shire,4895,Cooktown,Far North,Far Northern,Northern,North Queensland,Cape York,Far North,Queensland - Outback,Remote,Cook,Leichhardt,State-controlled,No Roadway Feature,No traffic control,100 - 110 km/h,Sealed - Dry,Clear,Darkness - Not lighted,Curved - view open,Level,609,Pass & Misc: Hit Animal,Hit animal,N,0,1,0,0,1,1,0,0,0,0,0,0
293952,Hospitalisation,2021,May,Sunday,12,Hit object,Single Vehicle,145.2502048,-15.47417169,Hope St,,,Cooktown,Cook Shire,4895,Cooktown,Far North,Far Northern,Northern,North Queensland,Cape York,Far North,Queensland - Outback,Remote,Cook,Leichhardt,Locally-controlled,No Roadway Feature,No traffic control,0 - 50 km/h,Sealed - Dry,Clear,Daylight,Straight,Level,704,Off Path-Straight:Right Off Cway Hit Obj,Off carriageway on straight hit object,N,0,1,0,0,1,1,0,0,0,0,0,0
293953,Hospitalisation,2021,June,Saturday,11,Hit object,Single Vehicle,145.3248086,-15.87490362,Rossville Bloomfield Rd,,,Bloomfield,Cook Shire,4895,Cooktown,Far North,Far Northern,Northern,North Queensland,Cape York,Far North,Queensland - Outback,Remote,Cook,Leichhardt,Locally-controlled,No Roadway Feature,No traffic control,60 km/h,Sealed - Dry,Clear,Daylight,Curved - view obscured,Grade,803,Off Path-Curve: Off Cway Rt Bend Hit Obj,Off carriageway on curve hit object,N,0,1,0,0,1,1,0,0,0,0,0,0
293954,Hospitalisation,2021,June,Sunday,1,Hit animal,Other,145.2277642,-15.50838599,Mulligan Hwy,,Mulligan Highway (Lakeland - Cooktown),Cooktown,Cook Shire,4895,Cooktown,Far North,Far Northern,Northern,North Queensland,Cape York,Far North,Queensland - Outback,Remote,Cook,Leichhardt,State-controlled,No Roadway Feature,No traffic control,100 - 110 km/h,Sealed - Dry,Clear,Darkness - Not lighted,Curved - view open,Dip,609,Pass & Misc: Hit Animal,Hit animal,N,0,2,0,0,2,1,0,0,0,0,0,0
296228,Hospitalisation,2021,March,Monday,7,Overturned,Single Vehicle,143.3085432,-18.28386964,Gulf Developmental Rd,,Gulf Developmental Road (Croydon - Georgetown),Georgetown,Etheridge Shire,4871,Georgetown,Far North,Far Northern,Northern,North Queensland,Croydon - Etheridge,Far North,Queensland - Outback,Very Remote,Traeger,Kennedy,State-controlled,No Roadway Feature,No traffic control,100 - 110 km/h,Sealed - Dry,Clear,Daylight,Straight,Level,705,Off Path-Straight:Out Of Control On Cway,Out of control on straight,E,0,1,0,0,1,1,0,0,0,0,0,0
296229,Medical treatment,2021,April,Tuesday,8,Hit object,Single Vehicle,143.6817527,-18.55428761,Mt Talbot Rd,,,Forsayth,Etheridge Shire,4871,Forsayth,Far North,Far Northern,Northern,North Queensland,Croydon - Etheridge,Far North,Queensland - Outback,Very Remote,Traeger,Kennedy,Locally-controlled,No Roadway Feature,No traffic control,0 - 50 km/h,Unsealed - Dry,Clear,Daylight,Curved - view open,Level,804,Off Path-Curve: Off Cway Lt Bend Hit Obj,Off carriageway on curve hit object,N,0,0,1,0,1,1,0,0,0,0,0,0
296230,Hospitalisation,2021,April,Thursday,2,Hit object,Single Vehicle,143.3240322,-18.28715659,Gulf Developmental Rd,,Gulf Developmental Road (Croydon - Georgetown),Georgetown,Etheridge Shire,4871,Georgetown,Far North,Far Northern,Northern,North Queensland,Croydon - Etheridge,Far North,Queensland - Outback,Very Remote,Traeger,Kennedy,State-controlled,No Roadway Feature,No traffic control,100 - 110 km/h,Sealed - Wet,Raining,Darkness - Not lighted,Straight,Dip,607,Veh'S On Path: Temporary Object On C'Way,Other,W,0,1,0,0,1,1,0,0,0,0,0,0
296231,Medical treatment,2021,June,Monday,10,Fall from vehicle,Single Vehicle,144.2990156,-19.43557866,Kennedy Developmental Rd,,Kennedy Developmental Road (The Lynd - Hughenden),Lyndhurst,Etheridge Shire,4871,Greenvale,Townsville,Northern,Northern,North Queensland,Croydon - Etheridge,Far North,Queensland - Outback,Very Remote,Traeger,Kennedy,State-controlled,No Roadway Feature,No traffic control,100 - 110 km/h,Unsealed - Dry,Smoke/Dust,Daylight,Straight,Level,705,Off Path-Straight:Out Of Control On Cway,Out of control on straight,N,0,0,1,0,1,0,1,0,0,0,0,0
296232,Minor injury,2021,June,Monday,12,Overturned,Single Vehicle,144.0543647,-18.23790463,Invalid Street From Police,,Gregory Developmental Road (The Lynd - Quartz Blow Creek),Mount Surprise,Etheridge Shire,4871,Mount Surprise,Far North,Far Northern,Northern,North Queensland,Croydon - Etheridge,Far North,Queensland - Outback,Very Remote,Traeger,Kennedy,State-controlled,No Roadway Feature,No traffic control,100 - 110 km/h,Unsealed - Dry,Clear,Daylight,Curved - view open,Level,805,Off Path-Curve: Out Of Control On Cway,Out of control on curve,S,0,0,0,2,2,1,0,0,0,0,0,0