Crash_Severity,Crash_Year,Crash_Month,Crash_Day_Of_Week,Crash_Hour,Crash_Nature,Crash_Type,Crash_Longitude,Crash_Latitude,Crash_Street,Crash_Street_Intersecting,State_Road_Name,Loc_Suburb,Loc_Local_Government_Area,Loc_Post_Code,Loc_Police_Division,Loc_Police_District,Loc_Police_Region,Loc_Queensland_Transport_Region,Loc_Main_Roads_Region,Loc_ABS_Statistical_Area_2,Loc_ABS_Statistical_Area_3,Loc_ABS_Statistical_Area_4,Loc_ABS_Remoteness,Loc_State_Electorate,Loc_Federal_Electorate,Crash_Controlling_Authority,Crash_Roadway_Feature,Crash_Traffic_Control,Crash_Speed_Limit,Crash_Road_Surface_Condition,Crash_Atmospheric_Condition,Crash_Lighting_Condition,Crash_Road_Horiz_Align,Crash_Road_Vert_Align,Crash_DCA_Code,Crash_DCA_Description,Crash_DCA_Group_Description,DCA_Key_Approach_Dir,Count_Casualty_Fatality,Count_Casualty_Hospitalised,Count_Casualty_MedicallyTreated,Count_Casualty_MinorInjury,Count_Casualty_Total,Count_Unit_Car,Count_Unit_Motorcycle_Moped,Count_Unit_Truck,Count_Unit_Bus,Count_Unit_Bicycle,Count_Unit_Pedestrian,Count_Unit_Other,
296926,Hospitalisation,2021,January,Tuesday,1,Hit object,Single Vehicle,145.7060065,-17.15095237,Gillies Range Rd,,Gillies Range Road,Lamb Range,Cairns Region,4870,Gordonvale,Far North,Far Northern,Northern,North Queensland,Lamb Range,Cairns - South,Cairns,Outer Regional,Mulgrave,Kennedy,State-controlled,No Roadway Feature,No traffic control,60 km/h,Sealed - Wet,Raining,Darkness - Not lighted,Curved - view obscured,Crest,804,Off Path-Curve: Off Cway Lt Bend Hit Obj,Off carriageway on curve hit object,W,0,1,0,0,1,1,0,0,0,0,0,0
296927,Hospitalisation,2021,January,Monday,11,Rear-end,Multi-Vehicle,145.7683377,-17.05018274,Bruce Hwy,,Bruce Highway (Innisfail - Cairns),Wrights Creek,Cairns Region,4869,Edmonton,Far North,Far Northern,Northern,North Queensland,Gordonvale - Trinity,Cairns - South,Cairns,Outer Regional,Mulgrave,Kennedy,State-controlled,No Roadway Feature,No traffic control,80 - 90 km/h,Sealed - Dry,Clear,Daylight,Straight,Level,301,Veh'S Same Direction: Rear End,Rear-end,S,0,1,0,0,1,1,0,1,0,0,0,0
296928,Hospitalisation,2021,January,Saturday,5,Hit object,Single Vehicle,145.7810337,-17.08657474,Cairns Rd,Clarke St,,Gordonvale,Cairns Region,4865,Gordonvale,Far North,Far Northern,Northern,North Queensland,Gordonvale - Trinity,Cairns - South,Cairns,Outer Regional,Mulgrave,Kennedy,Locally-controlled,No Roadway Feature,No traffic control,60 km/h,Sealed - Dry,Clear,Dawn/Dusk,Straight,Level,704,Off Path-Straight:Right Off Cway Hit Obj,Off carriageway on straight hit object,W,0,1,0,0,1,1,0,0,0,0,0,0
296929,Hospitalisation,2021,January,Tuesday,6,Overturned,Single Vehicle,145.7891797,-17.05176074,Warner Rd,,Pine Creek - Yarrabah Road,Gordonvale,Cairns Region,4865,Gordonvale,Far North,Far Northern,Northern,North Queensland,Gordonvale - Trinity,Cairns - South,Cairns,Outer Regional,Mulgrave,Kennedy,State-controlled,No Roadway Feature,No traffic control,80 - 90 km/h,Sealed - Dry,Clear,Dawn/Dusk,Straight,Level,705,Off Path-Straight:Out Of Control On Cway,Out of control on straight,E,0,2,1,0,3,1,0,0,0,0,0,0
296930,Hospitalisation,2021,February,Tuesday,9,Angle,Multi-Vehicle,145.7694957,-17.06022574,Bruce Hwy,Maitland Rd,Bruce Highway (Innisfail - Cairns),Gordonvale,Cairns Region,4865,Edmonton,Far North,Far Northern,Northern,North Queensland,Gordonvale - Trinity,Cairns - South,Cairns,Outer Regional,Mulgrave,Kennedy,State-controlled,Intersection - T-Junction,Give way sign,80 - 90 km/h,Sealed - Wet,Raining,Daylight,Straight,Level,104,Veh'S Adjacent Approach: Thru-Right,Intersection from adjacent approaches,N,0,1,0,1,2,2,0,0,0,0,0,0
296931,Minor injury,2021,February,Friday,13,Rear-end,Multi-Vehicle,145.7871887,-17.05161174,Warner Rd,,Pine Creek - Yarrabah Road,Wrights Creek,Cairns Region,4865,Gordonvale,Far North,Far Northern,Northern,North Queensland,Gordonvale - Trinity,Cairns - South,Cairns,Outer Regional,Mulgrave,Kennedy,State-controlled,No Roadway Feature,Operating traffic lights,60 km/h,Sealed - Wet,Raining,Daylight,Curved - view obscured,Level,301,Veh'S Same Direction: Rear End,Rear-end,W,0,0,0,1,1,2,0,1,0,0,0,0
296932,Hospitalisation,2021,April,Friday,14,Hit object,Single Vehicle,145.7553797,-17.13812274,Gillies Range Rd,,Gillies Range Road,Little Mulgrave,Cairns Region,4865,Gordonvale,Far North,Far Northern,Northern,North Queensland,Gordonvale - Trinity,Cairns - South,Cairns,Outer Regional,Mulgrave,Kennedy,State-controlled,No Roadway Feature,No traffic control,80 - 90 km/h,Sealed - Wet,Raining,Daylight,Curved - view obscured,Level,803,Off Path-Curve: Off Cway Rt Bend Hit Obj,Off carriageway on curve hit object,N,0,1,1,0,2,1,0,0,0,0,0,0
296933,Hospitalisation,2021,April,Monday,20,Overturned,Single Vehicle,145.7694327,-17.05984174,Bruce Hwy,,Bruce Highway (Innisfail - Cairns),Gordonvale,Cairns Region,4865,Edmonton,Far North,Far Northern,Northern,North Queensland,Gordonvale - Trinity,Cairns - South,Cairns,Outer Regional,Mulgrave,Kennedy,State-controlled,No Roadway Feature,No traffic control,80 - 90 km/h,Sealed - Dry,Clear,Darkness - Lighted,Curved - view open,Level,805,Off Path-Curve: Out Of Control On Cway,Out of control on curve,N,0,1,0,0,1,1,0,0,0,0,0,0
296934,Medical treatment,2021,April,Sunday,23,Hit object,Single Vehicle,145.7549897,-17.13894974,Gillies Range Rd,,Gillies Range Road,Little Mulgrave,Cairns Region,4865,Gordonvale,Far North,Far Northern,Northern,North Queensland,Gordonvale - Trinity,Cairns - South,Cairns,Outer Regional,Mulgrave,Kennedy,State-controlled,No Roadway Feature,No traffic control,80 - 90 km/h,Sealed - Wet,Raining,Darkness - Not lighted,Curved - view obscured,Grade,805,Off Path-Curve: Out Of Control On Cway,Out of control on curve,N,0,0,1,0,1,1,0,0,0,0,0,0
296935,Medical treatment,2021,May,Monday,13,Angle,Multi-Vehicle,145.7847867,-17.09433274,Church St,George St,,Gordonvale,Cairns Region,4865,Gordonvale,Far North,Far Northern,Northern,North Queensland,Gordonvale - Trinity,Cairns - South,Cairns,Outer Regional,Mulgrave,Kennedy,Locally-controlled,Intersection - Cross,Give way sign,60 km/h,Sealed - Dry,Clear,Daylight,Straight,Level,101,Veh'S Adjacent Approach: Thru-Thru,Intersection from adjacent approaches,W,0,0,1,0,1,2,0,0,0,0,0,0
296936,Hospitalisation,2021,June,Tuesday,17,Hit object,Single Vehicle,145.7714717,-17.06644474,Bruce Hwy,Hall Rd,Bruce Highway (Innisfail - Cairns),Gordonvale,Cairns Region,4865,Gordonvale,Far North,Far Northern,Northern,North Queensland,Gordonvale - Trinity,Cairns - South,Cairns,Outer Regional,Mulgrave,Kennedy,State-controlled,No Roadway Feature,No traffic control,80 - 90 km/h,Sealed - Dry,Clear,Daylight,Straight,Level,704,Off Path-Straight:Right Off Cway Hit Obj,Off carriageway on straight hit object,N,0,1,0,0,1,1,0,0,0,0,0,0
298606,Medical treatment,2021,May,Monday,15,Fall from vehicle,Single Vehicle,143.2019528,-13.95103215,Port Stewart Rd,,,Coen,Cook Shire,4892,Coen,Far North,Far Northern,Northern,North Queensland,Cape York,Far North,Queensland - Outback,Very Remote,Cook,Leichhardt,Locally-controlled,No Roadway Feature,No traffic control,80 - 90 km/h,Unsealed - Dry,Clear,Daylight,Straight,Dip,705,Off Path-Straight:Out Of Control On Cway,Out of control on straight,E,0,0,1,0,1,0,1,0,0,0,0,0
298876,Hospitalisation,2021,January,Saturday,23,Hit object,Single Vehicle,145.6216077,-17.33823673,Lake Barrine Rd,,Malanda - Lake Barrine Road,Malanda,Tablelands Region,4885,Malanda,Far North,Far Northern,Northern,North Queensland,Malanda - Yungaburra,Tablelands (east) - Kuranda,Cairns,Outer Regional,Hill,Kennedy,State-controlled,No Roadway Feature,No traffic control,100 - 110 km/h,Sealed - Dry,Clear,Darkness - Not lighted,Curved - view open,Level,803,Off Path-Curve: Off Cway Rt Bend Hit Obj,Off carriageway on curve hit object,N,0,1,0,0,1,1,0,0,0,0,0,0
298877,Hospitalisation,2021,January,Sunday,0,Hit object,Single Vehicle,145.5937911,-17.37229294,Millaa Millaa - Malanda Rd,,Millaa Millaa - Malanda Road,Malanda,Tablelands Region,4885,Malanda,Far North,Far Northern,Northern,North Queensland,Malanda - Yungaburra,Tablelands (east) - Kuranda,Cairns,Outer Regional,Hill,Kennedy,State-controlled,No Roadway Feature,No traffic control,100 - 110 km/h,Sealed - Dry,Clear,Darkness - Not lighted,Curved - view open,Dip,805,Off Path-Curve: Out Of Control On Cway,Out of control on curve,N,0,1,1,0,2,1,0,0,0,0,0,0
298878,Medical treatment,2021,June,Tuesday,10,Hit object,Single Vehicle,145.5768797,-17.48990073,Millaa Millaa - Malanda Rd,,Millaa Millaa - Malanda Road,Moregatta,Tablelands Region,4886,Millaa Millaa,Far North,Far Northern,Northern,North Queensland,Malanda - Yungaburra,Tablelands (east) - Kuranda,Cairns,Outer Regional,Hill,Kennedy,State-controlled,No Roadway Feature,No traffic control,100 - 110 km/h,Sealed - Dry,Clear,Daylight,Curved - view open,Level,803,Off Path-Curve: Off Cway Rt Bend Hit Obj,Off carriageway on curve hit object,N,0,0,1,0,1,1,0,0,0,0,0,0
299827,Fatal,2021,January,Monday,14,Angle,Multi-Vehicle,145.4233167,-17.00425271,Basalt St,Kennedy St,,Mareeba,Mareeba Shire,4880,Mareeba,Far North,Far Northern,Northern,North Queensland,Mareeba,Tablelands (east) - Kuranda,Cairns,Outer Regional,Cook,Kennedy,Locally-controlled,Intersection - Cross,Give way sign,0 - 50 km/h,Sealed - Wet,Raining,Daylight,Straight,Level,101,Veh'S Adjacent Approach: Thru-Thru,Intersection from adjacent approaches,S,1,0,0,0,1,0,1,1,0,0,0,0
299828,Hospitalisation,2021,January,Friday,20,Hit object,Single Vehicle,145.3357257,-17.02197671,Mareeba - Dimbulah Rd,,Mareeba - Dimbulah Road,Paddys Green,Mareeba Shire,4880,Mareeba,Far North,Far Northern,Northern,North Queensland,Tablelands,Far North,Queensland - Outback,Outer Regional,Cook,Kennedy,State-controlled,No Roadway Feature,No traffic control,100 - 110 km/h,Sealed - Dry,Clear,Darkness - Not lighted,Straight,Grade,704,Off Path-Straight:Right Off Cway Hit Obj,Off carriageway on straight hit object,N,0,1,0,0,1,1,0,0,0,0,0,0
299829,Hospitalisation,2021,January,Monday,12,Hit pedestrian,Hit pedestrian,145.4221637,-16.99195071,Byrnes St,,Mareeba - Dimbulah Road,Mareeba,Mareeba Shire,4880,Mareeba,Far North,Far Northern,Northern,North Queensland,Mareeba,Tablelands (east) - Kuranda,Cairns,Outer Regional,Cook,Kennedy,State-controlled,No Roadway Feature,Pedestrian crossing sign,0 - 50 km/h,Sealed - Dry,Clear,Daylight,Straight,Level,3,Ped'N: Far Side Vehicle Hit From Left,Pedestrian,N,0,2,0,0,2,1,0,0,0,0,2,0
299830,Fatal,2021,February,Monday,16,Overturned,Single Vehicle,145.3281267,-17.02796871,Mareeba - Dimbulah Rd,,Mareeba - Dimbulah Road,Arriga,Mareeba Shire,4880,Mareeba,Far North,Far Northern,Northern,North Queensland,Tablelands,Far North,Queensland - Outback,Outer Regional,Cook,Kennedy,State-controlled,No Roadway Feature,No traffic control,100 - 110 km/h,Sealed - Dry,Clear,Daylight,Curved - view open,Level,803,Off Path-Curve: Off Cway Rt Bend Hit Obj,Off carriageway on curve hit object,E,1,1,0,2,4,1,0,0,0,0,0,0
299831,Hospitalisation,2021,February,Tuesday,20,Hit object,Single Vehicle,145.3721005,-16.98668871,Springs Rd,,,Paddys Green,Mareeba Shire,4880,Mareeba,Far North,Far Northern,Northern,North Queensland,Tablelands,Far North,Queensland - Outback,Outer Regional,Cook,Kennedy,Locally-controlled,No Roadway Feature,No traffic control,80 - 90 km/h,Sealed - Dry,Clear,Darkness - Not lighted,Straight,Level,704,Off Path-Straight:Right Off Cway Hit Obj,Off carriageway on straight hit object,W,0,1,0,0,1,1,0,0,0,0,0,0
299832,Hospitalisation,2021,March,Monday,9,Angle,Multi-Vehicle,145.4075857,-17.00935871,Chewko Rd,Roiko Rd,,Mareeba,Mareeba Shire,4880,Mareeba,Far North,Far Northern,Northern,North Queensland,Mareeba,Tablelands (east) - Kuranda,Cairns,Outer Regional,Cook,Kennedy,Locally-controlled,Intersection - T-Junction,Give way sign,60 km/h,Sealed - Dry,Clear,Daylight,Straight,Level,106,Veh'S Adjacent Approach: Left-Right,Intersection from adjacent approaches,E,0,1,0,0,1,2,0,0,0,0,0,0
299833,Medical treatment,2021,March,Wednesday,15,Hit object,Single Vehicle,145.3718367,-17.00279071,Carmen Rd,,Mareeba - Dimbulah Road,Paddys Green,Mareeba Shire,4880,Mareeba,Far North,Far Northern,Northern,North Queensland,Tablelands,Far North,Queensland - Outback,Outer Regional,Cook,Kennedy,State-controlled,No Roadway Feature,No traffic control,100 - 110 km/h,Sealed - Dry,Clear,Daylight,Curved - view open,Level,803,Off Path-Curve: Off Cway Rt Bend Hit Obj,Off carriageway on curve hit object,N,0,0,1,0,1,1,0,0,0,0,0,0
299834,Hospitalisation,2021,April,Wednesday,11,Rear-end,Multi-Vehicle,145.4298529,-17.0423189,Kennedy Hwy,,Kennedy Highway (Mareeba - Ravenshoe),Mareeba,Mareeba Shire,4880,Mareeba,Far North,Far Northern,Northern,North Queensland,Mareeba,Tablelands (east) - Kuranda,Cairns,Outer Regional,Cook,Kennedy,State-controlled,No Roadway Feature,No traffic control,100 - 110 km/h,Sealed - Dry,Clear,Daylight,Straight,Level,301,Veh'S Same Direction: Rear End,Rear-end,N,0,1,0,2,3,3,0,0,0,0,0,0
299835,Hospitalisation,2021,April,Wednesday,7,Rear-end,Multi-Vehicle,145.4351057,-17.10565071,Kennedy Hwy,,Kennedy Highway (Mareeba - Ravenshoe),Mareeba,Mareeba Shire,4880,Mareeba,Far North,Far Northern,Northern,North Queensland,Mareeba,Tablelands (east) - Kuranda,Cairns,Outer Regional,Cook,Kennedy,State-controlled,No Roadway Feature,No traffic control,100 - 110 km/h,Sealed - Dry,Clear,Daylight,Curved - view open,Grade,301,Veh'S Same Direction: Rear End,Rear-end,N,0,1,0,1,2,2,0,0,0,0,0,1
299836,Minor injury,2021,April,Thursday,10,Angle,Multi-Vehicle,145.4242247,-17.00405971,Basalt St,Byrnes St,Mareeba - Dimbulah Road,Mareeba,Mareeba Shire,4880,Mareeba,Far North,Far Northern,Northern,North Queensland,Mareeba,Tablelands (east) - Kuranda,Cairns,Outer Regional,Cook,Kennedy,State-controlled,Intersection - Cross,Stop sign,60 km/h,Sealed - Dry,Clear,Daylight,Straight,Level,101,Veh'S Adjacent Approach: Thru-Thru,Intersection from adjacent approaches,E,0,0,0,1,1,2,0,0,0,0,0,0
299837,Medical treatment,2021,May,Sunday,10,Fall from vehicle,Single Vehicle,145.5315487,-16.97961072,Kennedy Hwy,,Kennedy Highway (Cairns - Mareeba),Mareeba,Mareeba Shire,4880,Mareeba,Far North,Far Northern,Northern,North Queensland,Mareeba,Tablelands (east) - Kuranda,Cairns,Outer Regional,Cook,Kennedy,State-controlled,No Roadway Feature,No traffic control,100 - 110 km/h,Sealed - Dry,Clear,Daylight,Curved - view open,Grade,705,Off Path-Straight:Out Of Control On Cway,Out of control on straight,N,0,0,1,0,1,0,1,0,0,0,0,0
299838,Medical treatment,2021,May,Thursday,16,Rear-end,Multi-Vehicle,145.4247487,-17.01151271,Byrnes St,,Mareeba - Dimbulah Road,Mareeba,Mareeba Shire,4880,Mareeba,Far North,Far Northern,Northern,North Queensland,Mareeba,Tablelands (east) - Kuranda,Cairns,Outer Regional,Cook,Kennedy,State-controlled,No Roadway Feature,No traffic control,60 km/h,Sealed - Dry,Clear,Daylight,Straight,Level,301,Veh'S Same Direction: Rear End,Rear-end,N,0,0,1,0,1,3,0,0,0,0,0,0
299839,Hospitalisation,2021,May,Friday,15,Fall from vehicle,Single Vehicle,145.4322561,-16.89691481,Bilwon Rd,,,Biboohra,Mareeba Shire,4880,Mareeba,Far North,Far Northern,Northern,North Queensland,Tablelands,Far North,Queensland - Outback,Outer Regional,Cook,Kennedy,Locally-controlled,No Roadway Feature,No traffic control,80 - 90 km/h,Sealed - Dry,Clear,Daylight,Curved - view open,Level,802,Off Path-Curve: Off Cway Left Bend,Off carriageway on curve,N,0,1,0,0,1,0,1,0,0,0,0,0
299840,Hospitalisation,2021,May,Wednesday,6,Hit object,Single Vehicle,145.3470457,-17.01499071,Mareeba - Dimbulah Rd,,Mareeba - Dimbulah Road,Paddys Green,Mareeba Shire,4880,Mareeba,Far North,Far Northern,Northern,North Queensland,Tablelands,Far North,Queensland - Outback,Outer Regional,Cook,Kennedy,State-controlled,No Roadway Feature,No traffic control,100 - 110 km/h,Sealed - Dry,Clear,Daylight,Curved - view open,Crest,803,Off Path-Curve: Off Cway Rt Bend Hit Obj,Off carriageway on curve hit object,E,0,1,0,0,1,1,0,0,0,0,0,0
299841,Medical treatment,2021,May,Sunday,20,Overturned,Single Vehicle,145.3687657,-16.81941971,Mulligan Hwy,,Mulligan Highway (Mareeba - Mount Molloy),Southedge,Mareeba Shire,4871,Mareeba,Far North,Far Northern,Northern,North Queensland,Tablelands,Far North,Queensland - Outback,Outer Regional,Cook,Kennedy,State-controlled,No Roadway Feature,No traffic control,100 - 110 km/h,Sealed - Wet,Clear,Darkness - Not lighted,Straight,Level,701,Off Path-Straight: Left Off Cway,Off carriageway on straight,S,0,0,1,0,1,1,0,0,0,0,0,0
299842,Minor injury,2021,June,Tuesday,16,Head-on,Multi-Vehicle,145.4504277,-17.08219671,Henry Hannam Dr,,,Mareeba,Mareeba Shire,4880,Mareeba,Far North,Far Northern,Northern,North Queensland,Mareeba,Tablelands (east) - Kuranda,Cairns,Outer Regional,Cook,Kennedy,Locally-controlled,No Roadway Feature,No traffic control,0 - 50 km/h,Unsealed - Dry,Clear,Daylight,Curved - view obscured,Crest,201,Veh'S Opposite Approach: Head On,Head-on,W,0,0,0,1,1,2,0,0,0,0,0,0
299843,Minor injury,2021,June,Wednesday,12,Fall from vehicle,Single Vehicle,145.3810387,-16.98651771,Springs Rd,,,Paddys Green,Mareeba Shire,4880,Mareeba,Far North,Far Northern,Northern,North Queensland,Tablelands,Far North,Queensland - Outback,Outer Regional,Cook,Kennedy,Locally-controlled,Intersection - T-Junction,No traffic control,80 - 90 km/h,Sealed - Dry,Clear,Daylight,Curved - view open,Level,805,Off Path-Curve: Out Of Control On Cway,Out of control on curve,E,0,0,0,1,1,0,1,0,0,0,0,0
299934,Minor injury,2021,January,Tuesday,14,Hit object,Single Vehicle,145.6161576,-17.5106211,Innisfail Rd,,Palmerston Highway (Innisfail-Ravenshoe),Millaa Millaa,Tablelands Region,4886,Millaa Millaa,Far North,Far Northern,Northern,North Queensland,Malanda - Yungaburra,Tablelands (east) - Kuranda,Cairns,Outer Regional,Hill,Kennedy,State-controlled,No Roadway Feature,No traffic control,70 km/h,Sealed - Dry,Clear,Daylight,Straight,Level,703,Off Path-Straight: Left Off Cway Hit Obj,Off carriageway on straight hit object,W,0,0,0,1,1,1,0,0,0,0,0,0
300463,Hospitalisation,2021,January,Tuesday,15,Angle,Multi-Vehicle,145.4539779,-16.5226043,Captain Cook Hwy,,Captain Cook Highway (Cairns - Mossman),Craiglie,Douglas Shire,4877,Port Douglas,Far North,Far Northern,Northern,North Queensland,Port Douglas,Port Douglas - Daintree,Cairns,Outer Regional,Cook,Leichhardt,State-controlled,No Roadway Feature,No traffic control,100 - 110 km/h,Sealed - Dry,Clear,Daylight,Curved - view open,Level,408,Veh'S Manoeuvring: Entering From Footway,Vehicle leaving driveway,N,0,4,2,0,6,2,0,0,0,0,0,0
300464,Medical treatment,2021,April,Friday,14,Sideswipe,Multi-Vehicle,145.4580228,-16.10258471,Bloomfield Rd,,,Cape Tribulation,Douglas Shire,4873,Mossman,Far North,Far Northern,Northern,North Queensland,Daintree,Port Douglas - Daintree,Cairns,Remote,Cook,Leichhardt,Locally-controlled,No Roadway Feature,No traffic control,60 km/h,Sealed - Dry,Clear,Daylight,Curved - view open,Level,201,Veh'S Opposite Approach: Head On,Head-on,N,0,0,1,0,1,1,1,0,0,0,0,0
300465,Medical treatment,2021,April,Monday,9,Rear-end,Multi-Vehicle,145.3767748,-16.4803467,Alchera Dr,,Captain Cook Highway (Cairns - Mossman),Mossman,Douglas Shire,4873,Mossman,Far North,Far Northern,Northern,North Queensland,Daintree,Port Douglas - Daintree,Cairns,Outer Regional,Cook,Leichhardt,State-controlled,No Roadway Feature,No traffic control,60 km/h,Sealed - Dry,Clear,Daylight,Straight,Level,301,Veh'S Same Direction: Rear End,Rear-end,S,0,0,1,0,1,3,0,0,0,0,0,0
300466,Hospitalisation,2021,May,Sunday,0,Hit object,Single Vehicle,145.4614748,-16.52822171,Captain Cook Hwy,Port Douglas Rd,Captain Cook Highway (Cairns - Mossman),Craiglie,Douglas Shire,4877,Port Douglas,Far North,Far Northern,Northern,North Queensland,Port Douglas,Port Douglas - Daintree,Cairns,Outer Regional,Cook,Leichhardt,State-controlled,Intersection - Roundabout,No traffic control,60 km/h,Sealed - Dry,Clear,Darkness - Lighted,Straight,Level,708,Off Path-Straight: Mounts Traffic Island,Off carriageway on straight hit object,W,0,1,0,0,1,0,1,0,0,0,0,0
300467,Hospitalisation,2021,May,Monday,13,Fall from vehicle,Single Vehicle,145.4614748,-16.52822171,Captain Cook Hwy,Port Douglas Rd,Captain Cook Highway (Cairns - Mossman),Craiglie,Douglas Shire,4877,Port Douglas,Far North,Far Northern,Northern,North Queensland,Port Douglas,Port Douglas - Daintree,Cairns,Outer Regional,Cook,Leichhardt,State-controlled,Intersection - Roundabout,No traffic control,60 km/h,Sealed - Dry,Clear,Daylight,Straight,Level,705,Off Path-Straight:Out Of Control On Cway,Out of control on straight,S,0,1,0,0,1,0,1,0,0,0,0,0
300468,Hospitalisation,2021,May,Monday,17,Fall from vehicle,Single Vehicle,145.3655018,-16.4712247,Coral Sea Dr,,,Mossman Gorge,Douglas Shire,4873,Mossman,Far North,Far Northern,Northern,North Queensland,Daintree,Port Douglas - Daintree,Cairns,Outer Regional,Cook,Leichhardt,Locally-controlled,No Roadway Feature,No traffic control,0 - 50 km/h,Sealed - Dry,Clear,Daylight,Curved - view obscured,Dip,805,Off Path-Curve: Out Of Control On Cway,Out of control on curve,S,0,1,0,0,1,0,1,0,0,0,0,0
300469,Hospitalisation,2021,May,Tuesday,7,Hit object,Single Vehicle,145.3781305,-16.45104392,Bonnie Doon Rd,,,Mossman,Douglas Shire,4873,Mossman,Far North,Far Northern,Northern,North Queensland,Daintree,Port Douglas - Daintree,Cairns,Outer Regional,Cook,Leichhardt,Locally-controlled,No Roadway Feature,No traffic control,0 - 50 km/h,Sealed - Wet,Clear,Daylight,Curved - view open,Dip,600,Veh'S On Path: Other,Other,E,0,1,0,0,1,0,0,0,0,1,0,0
300470,Hospitalisation,2021,May,Friday,1,Hit object,Single Vehicle,145.3858598,-16.4177697,Mossman - Daintree Rd,,Mossman - Daintree Road,Miallo,Douglas Shire,4873,Mossman,Far North,Far Northern,Northern,North Queensland,Daintree,Port Douglas - Daintree,Cairns,Outer Regional,Cook,Leichhardt,State-controlled,No Roadway Feature,No traffic control,100 - 110 km/h,Sealed - Dry,Clear,Darkness - Not lighted,Straight,Level,704,Off Path-Straight:Right Off Cway Hit Obj,Off carriageway on straight hit object,N,0,1,0,0,1,1,0,0,0,0,0,0
300471,Hospitalisation,2021,May,Tuesday,21,Hit object,Single Vehicle,145.3810458,-16.48520271,Captain Cook Hwy,,Captain Cook Highway (Cairns - Mossman),Shannonvale,Douglas Shire,4873,Mossman,Far North,Far Northern,Northern,North Queensland,Daintree,Port Douglas - Daintree,Cairns,Outer Regional,Cook,Leichhardt,State-controlled,No Roadway Feature,Railway - lights only,80 - 90 km/h,Sealed - Dry,Clear,Darkness - Not lighted,Curved - view open,Grade,904,Pass & Misc: Hit Railway Xing Furniture,Off carriageway on straight hit object,W,0,1,0,0,1,1,0,0,0,0,0,0
300638,Medical treatment,2021,January,Monday,8,Hit pedestrian,Hit pedestrian,146.0436536,-17.71215176,Bruce Hwy,,Bruce Highway (Ingham - Innisfail),Cowley,Cassowary Coast Region,4871,Mourilyan,Far North,Far Northern,Northern,North Queensland,Johnstone,Innisfail - Cassowary Coast,Cairns,Outer Regional,Hill,Kennedy,State-controlled,No Roadway Feature,Road/Rail worker,60 km/h,Sealed - Dry,Clear,Daylight,Curved - view open,Level,0,Ped'N: Hit Other,Other,N,0,0,1,0,1,1,0,0,0,0,1,0
300639,Hospitalisation,2021,March,Monday,12,Rear-end,Multi-Vehicle,146.0378776,-17.67055276,Bruce Hwy,,Bruce Highway (Ingham - Innisfail),Cowley,Cassowary Coast Region,4871,Mourilyan,Far North,Far Northern,Northern,North Queensland,Johnstone,Innisfail - Cassowary Coast,Cairns,Outer Regional,Hill,Kennedy,State-controlled,No Roadway Feature,No traffic control,100 - 110 km/h,Sealed - Dry,Clear,Daylight,Straight,Level,304,Veh'S Same Direction: U-Turn,U-turn,S,0,2,0,2,4,2,0,0,0,0,0,0
300768,Hospitalisation,2021,January,Tuesday,9,Overturned,Single Vehicle,144.9514971,-17.82923845,Kennedy Hwy,,Kennedy Highway (Mount Garnet - The Lynd),Gunnawarra,Tablelands Region,4872,Mount Garnet,Far North,Far Northern,Northern,North Queensland,Herberton,Tablelands (east) - Kuranda,Cairns,Remote,Hill,Kennedy,State-controlled,No Roadway Feature,No traffic control,100 - 110 km/h,Sealed - Dry,Clear,Daylight,Straight,Level,702,Off Path-Straight: Right Off Cway,Off carriageway on straight,S,0,1,0,0,1,1,0,0,0,0,0,0
300769,Hospitalisation,2021,March,Thursday,10,Hit object,Single Vehicle,145.2367907,-17.67483171,Kennedy Hwy,,Kennedy Highway (Ravenshoe - Mount Garnet),Innot Hot Springs,Tablelands Region,4872,Mount Garnet,Far North,Far Northern,Northern,North Queensland,Herberton,Tablelands (east) - Kuranda,Cairns,Remote,Hill,Kennedy,State-controlled,No Roadway Feature,No traffic control,100 - 110 km/h,Sealed - Dry,Clear,Daylight,Straight,Level,703,Off Path-Straight: Left Off Cway Hit Obj,Off carriageway on straight hit object,S,0,1,0,0,1,1,0,0,0,0,0,0
300770,Hospitalisation,2021,March,Monday,10,Overturned,Single Vehicle,145.2413167,-17.66536571,Kennedy Hwy,,Kennedy Highway (Ravenshoe - Mount Garnet),Innot Hot Springs,Tablelands Region,4872,Mount Garnet,Far North,Far Northern,Northern,North Queensland,Herberton,Tablelands (east) - Kuranda,Cairns,Remote,Hill,Kennedy,State-controlled,No Roadway Feature,No traffic control,60 km/h,Sealed - Dry,Clear,Daylight,Curved - view open,Dip,803,Off Path-Curve: Off Cway Rt Bend Hit Obj,Off carriageway on curve hit object,W,0,1,0,0,1,0,0,1,0,0,0,0