Crash_Severity,Crash_Year,Crash_Month,Crash_Day_Of_Week,Crash_Hour,Crash_Nature,Crash_Type,Crash_Longitude,Crash_Latitude,Crash_Street,Crash_Street_Intersecting,State_Road_Name,Loc_Suburb,Loc_Local_Government_Area,Loc_Post_Code,Loc_Police_Division,Loc_Police_District,Loc_Police_Region,Loc_Queensland_Transport_Region,Loc_Main_Roads_Region,Loc_ABS_Statistical_Area_2,Loc_ABS_Statistical_Area_3,Loc_ABS_Statistical_Area_4,Loc_ABS_Remoteness,Loc_State_Electorate,Loc_Federal_Electorate,Crash_Controlling_Authority,Crash_Roadway_Feature,Crash_Traffic_Control,Crash_Speed_Limit,Crash_Road_Surface_Condition,Crash_Atmospheric_Condition,Crash_Lighting_Condition,Crash_Road_Horiz_Align,Crash_Road_Vert_Align,Crash_DCA_Code,Crash_DCA_Description,Crash_DCA_Group_Description,DCA_Key_Approach_Dir,Count_Casualty_Fatality,Count_Casualty_Hospitalised,Count_Casualty_MedicallyTreated,Count_Casualty_MinorInjury,Count_Casualty_Total,Count_Unit_Car,Count_Unit_Motorcycle_Moped,Count_Unit_Truck,Count_Unit_Bus,Count_Unit_Bicycle,Count_Unit_Pedestrian,Count_Unit_Other,
300771,Hospitalisation,2021,March,Saturday,9,Hit object,Single Vehicle,145.1487077,-17.6895167,Kennedy Hwy,,Kennedy Highway (Ravenshoe - Mount Garnet),Innot Hot Springs,Tablelands Region,4872,Mount Garnet,Far North,Far Northern,Northern,North Queensland,Herberton,Tablelands (east) - Kuranda,Cairns,Remote,Hill,Kennedy,State-controlled,No Roadway Feature,No traffic control,100 - 110 km/h,Sealed - Dry,Clear,Darkness - Not lighted,Straight,Level,703,Off Path-Straight: Left Off Cway Hit Obj,Off carriageway on straight hit object,W,0,1,0,0,1,1,0,0,0,0,0,0
300772,Fatal,2021,April,Friday,5,Overturned,Single Vehicle,145.1584257,-17.6923727,Kennedy Hwy,,Kennedy Highway (Ravenshoe - Mount Garnet),Innot Hot Springs,Tablelands Region,4872,Mount Garnet,Far North,Far Northern,Northern,North Queensland,Herberton,Tablelands (east) - Kuranda,Cairns,Remote,Hill,Kennedy,State-controlled,No Roadway Feature,No traffic control,100 - 110 km/h,Sealed - Dry,Clear,Darkness - Not lighted,Straight,Level,705,Off Path-Straight:Out Of Control On Cway,Out of control on straight,E,1,0,0,0,1,1,0,0,0,0,0,0
300773,Medical treatment,2021,April,Friday,18,Hit object,Single Vehicle,145.1393147,-17.6853727,Kennedy Hwy,,Kennedy Highway (Ravenshoe - Mount Garnet),Mount Garnet,Tablelands Region,4872,Mount Garnet,Far North,Far Northern,Northern,North Queensland,Herberton,Tablelands (east) - Kuranda,Cairns,Remote,Hill,Kennedy,State-controlled,No Roadway Feature,No traffic control,100 - 110 km/h,Sealed - Dry,Clear,Daylight,Straight,Dip,704,Off Path-Straight:Right Off Cway Hit Obj,Off carriageway on straight hit object,E,0,0,1,0,1,1,0,0,0,0,0,0
300774,Fatal,2021,May,Thursday,10,Hit object,Single Vehicle,145.0156377,-17.74716669,Kennedy Hwy,,Kennedy Highway (Mount Garnet - The Lynd),Mount Garnet,Tablelands Region,4872,Mount Garnet,Far North,Far Northern,Northern,North Queensland,Herberton,Tablelands (east) - Kuranda,Cairns,Remote,Hill,Kennedy,State-controlled,No Roadway Feature,No traffic control,100 - 110 km/h,Sealed - Dry,Clear,Daylight,Straight,Level,704,Off Path-Straight:Right Off Cway Hit Obj,Off carriageway on straight hit object,N,1,0,0,0,1,1,0,0,0,0,0,0
300775,Fatal,2021,June,Friday,0,Hit object,Single Vehicle,144.9478477,-17.84576669,Kennedy Hwy,,Kennedy Highway (Mount Garnet - The Lynd),Gunnawarra,Tablelands Region,4872,Mount Garnet,Far North,Far Northern,Northern,North Queensland,Herberton,Tablelands (east) - Kuranda,Cairns,Remote,Hill,Kennedy,State-controlled,No Roadway Feature,No traffic control,100 - 110 km/h,Sealed - Dry,Clear,Darkness - Not lighted,Straight,Level,703,Off Path-Straight: Left Off Cway Hit Obj,Off carriageway on straight hit object,S,1,0,0,0,1,1,0,0,0,0,0,0
301036,Medical treatment,2021,February,Wednesday,8,Hit object,Single Vehicle,145.3933909,-16.52763252,Mossman - Mt Molloy Rd,,Mossman - Mount Molloy Road,Julatten,Mareeba Shire,4871,Mount Molloy,Far North,Far Northern,Northern,North Queensland,Tablelands,Far North,Queensland - Outback,Outer Regional,Cook,Kennedy,State-controlled,No Roadway Feature,No traffic control,60 km/h,Sealed - Wet,Clear,Daylight,Curved - view obscured,Grade,804,Off Path-Curve: Off Cway Lt Bend Hit Obj,Off carriageway on curve hit object,N,0,0,1,0,1,1,0,0,0,0,0,0
301037,Minor injury,2021,March,Thursday,15,Hit object,Single Vehicle,145.3280567,-16.6650097,Mulligan Hwy,,Mulligan Highway (Mount Molloy - Lakeland),Mount Molloy,Mareeba Shire,4871,Mount Molloy,Far North,Far Northern,Northern,North Queensland,Tablelands,Far North,Queensland - Outback,Outer Regional,Cook,Kennedy,State-controlled,No Roadway Feature,No traffic control,70 km/h,Sealed - Dry,Clear,Daylight,Curved - view open,Level,804,Off Path-Curve: Off Cway Lt Bend Hit Obj,Off carriageway on curve hit object,N,0,0,0,1,1,1,0,0,0,0,0,0
301038,Fatal,2021,June,Sunday,14,Overturned,Single Vehicle,144.7268678,-16.35416666,Mulligan Hwy,,Mulligan Highway (Mount Molloy - Lakeland),Desailly,Mareeba Shire,4871,Mount Molloy,Far North,Far Northern,Northern,North Queensland,Tablelands,Far North,Queensland - Outback,Very Remote,Cook,Leichhardt,State-controlled,No Roadway Feature,No traffic control,100 - 110 km/h,Sealed - Dry,Clear,Daylight,Curved - view open,Grade,805,Off Path-Curve: Out Of Control On Cway,Out of control on curve,S,1,2,0,0,3,1,0,0,0,0,0,0
301039,Hospitalisation,2021,June,Saturday,6,Hit object,Single Vehicle,145.2344078,-16.6287067,Mulligan Hwy,,Mulligan Highway (Mount Molloy - Lakeland),Mount Carbine,Mareeba Shire,4871,Mount Molloy,Far North,Far Northern,Northern,North Queensland,Tablelands,Far North,Queensland - Outback,Very Remote,Cook,Kennedy,State-controlled,Bridge/Causeway,No traffic control,100 - 110 km/h,Sealed - Dry,Clear,Daylight,Straight,Level,705,Off Path-Straight:Out Of Control On Cway,Out of control on straight,S,0,1,0,0,1,1,0,0,0,0,0,0
301040,Hospitalisation,2021,June,Thursday,10,Hit object,Single Vehicle,145.4176107,-16.60280871,Black Mountain Rd,,,Julatten,Mareeba Shire,4871,Mount Molloy,Far North,Far Northern,Northern,North Queensland,Tablelands,Far North,Queensland - Outback,Outer Regional,Cook,Kennedy,Locally-controlled,No Roadway Feature,No traffic control,70 km/h,Unsealed - Dry,Clear,Daylight,Curved - view obscured,Grade,803,Off Path-Curve: Off Cway Rt Bend Hit Obj,Off carriageway on curve hit object,W,0,1,0,0,1,1,0,0,0,0,0,0
301041,Hospitalisation,2021,June,Monday,14,Overturned,Single Vehicle,144.9392758,-16.49182868,Mulligan Hwy,,Mulligan Highway (Mount Molloy - Lakeland),Desailly,Mareeba Shire,4871,Mount Molloy,Far North,Far Northern,Northern,North Queensland,Tablelands,Far North,Queensland - Outback,Very Remote,Cook,Leichhardt,State-controlled,No Roadway Feature,No traffic control,100 - 110 km/h,Sealed - Dry,Clear,Daylight,Straight,Level,702,Off Path-Straight: Right Off Cway,Off carriageway on straight,W,0,2,0,0,2,1,0,0,0,0,0,0
301733,Hospitalisation,2021,January,Tuesday,10,Fall from vehicle,Single Vehicle,145.4630208,-16.50646471,Port Douglas Rd,,Port Douglas Road,Port Douglas,Douglas Shire,4877,Port Douglas,Far North,Far Northern,Northern,North Queensland,Port Douglas,Port Douglas - Daintree,Cairns,Outer Regional,Cook,Leichhardt,State-controlled,Intersection - Roundabout,Give way sign,60 km/h,Sealed - Dry,Clear,Daylight,Straight,Level,705,Off Path-Straight:Out Of Control On Cway,Out of control on straight,S,0,1,0,0,1,0,1,0,0,0,0,0
301734,Hospitalisation,2021,January,Sunday,10,Hit object,Single Vehicle,145.5484357,-16.62760472,Captain Cook Hwy,,Captain Cook Highway (Cairns - Mossman),Wangetti,Douglas Shire,4877,Port Douglas,Far North,Far Northern,Northern,North Queensland,Port Douglas,Port Douglas - Daintree,Cairns,Outer Regional,Cook,Leichhardt,State-controlled,No Roadway Feature,No traffic control,80 - 90 km/h,Sealed - Dry,Clear,Daylight,Curved - view open,Grade,805,Off Path-Curve: Out Of Control On Cway,Out of control on curve,N,0,1,0,0,1,1,0,0,0,0,0,0
301735,Medical treatment,2021,February,Thursday,6,Overturned,Single Vehicle,145.4791577,-16.55291671,Captain Cook Hwy,,Captain Cook Highway (Cairns - Mossman),Mowbray,Douglas Shire,4877,Port Douglas,Far North,Far Northern,Northern,North Queensland,Port Douglas,Port Douglas - Daintree,Cairns,Outer Regional,Cook,Leichhardt,State-controlled,No Roadway Feature,No traffic control,100 - 110 km/h,Sealed - Wet,Raining,Daylight,Straight,Level,701,Off Path-Straight: Left Off Cway,Off carriageway on straight,E,0,0,1,0,1,1,0,0,0,0,0,0
301736,Hospitalisation,2021,March,Monday,1,Hit object,Single Vehicle,145.6254317,-16.70443872,Captain Cook Hwy,,Captain Cook Highway (Cairns - Mossman),Wangetti,Douglas Shire,4877,Smithfield,Far North,Far Northern,Northern,North Queensland,Port Douglas,Port Douglas - Daintree,Cairns,Outer Regional,Cook,Leichhardt,State-controlled,No Roadway Feature,No traffic control,80 - 90 km/h,Sealed - Dry,Clear,Darkness - Not lighted,Curved - view open,Level,803,Off Path-Curve: Off Cway Rt Bend Hit Obj,Off carriageway on curve hit object,N,0,1,0,0,1,1,0,0,0,0,0,0
301737,Hospitalisation,2021,March,Wednesday,6,Overturned,Single Vehicle,145.5947167,-16.69274272,Captain Cook Hwy,,Captain Cook Highway (Cairns - Mossman),Wangetti,Douglas Shire,4877,Smithfield,Far North,Far Northern,Northern,North Queensland,Port Douglas,Port Douglas - Daintree,Cairns,Outer Regional,Cook,Leichhardt,State-controlled,No Roadway Feature,No traffic control,80 - 90 km/h,Sealed - Wet,Raining,Darkness - Lighted,Curved - view open,Level,803,Off Path-Curve: Off Cway Rt Bend Hit Obj,Off carriageway on curve hit object,S,0,1,0,0,1,1,0,0,0,0,0,0
301738,Hospitalisation,2021,April,Monday,17,Head-on,Multi-Vehicle,145.6152067,-16.69827472,Captain Cook Hwy,,Captain Cook Highway (Cairns - Mossman),Wangetti,Douglas Shire,4877,Smithfield,Far North,Far Northern,Northern,North Queensland,Port Douglas,Port Douglas - Daintree,Cairns,Outer Regional,Cook,Leichhardt,State-controlled,No Roadway Feature,No traffic control,80 - 90 km/h,Sealed - Wet,Raining,Dawn/Dusk,Straight,Level,201,Veh'S Opposite Approach: Head On,Head-on,N,0,2,1,0,3,1,0,0,1,0,0,0
301739,Hospitalisation,2021,May,Thursday,8,Angle,Multi-Vehicle,145.4677378,-16.52193371,Old Port Rd,Port Douglas Rd,Port Douglas Road,Port Douglas,Douglas Shire,4877,Port Douglas,Far North,Far Northern,Northern,North Queensland,Port Douglas,Port Douglas - Daintree,Cairns,Outer Regional,Cook,Leichhardt,State-controlled,Intersection - T-Junction,Give way sign,60 km/h,Sealed - Dry,Clear,Daylight,Curved - view open,Level,104,Veh'S Adjacent Approach: Thru-Right,Intersection from adjacent approaches,S,0,1,0,0,1,2,0,0,0,0,0,0
301740,Hospitalisation,2021,May,Thursday,8,Angle,Multi-Vehicle,145.4640788,-16.52759471,Sanderling Cl,Sandpiper Cl,,Port Douglas,Douglas Shire,4877,Port Douglas,Far North,Far Northern,Northern,North Queensland,Port Douglas,Port Douglas - Daintree,Cairns,Outer Regional,Cook,Leichhardt,Locally-controlled,Intersection - Roundabout,Give way sign,0 - 50 km/h,Sealed - Dry,Clear,Daylight,Straight,Level,102,Veh'S Adjacent Approach: Right-Thru,Intersection from adjacent approaches,N,0,1,0,0,1,1,0,0,0,1,0,0
301741,Hospitalisation,2021,June,Wednesday,2,Hit object,Single Vehicle,145.4678557,-16.53520571,Davidson St,Dickson St,Captain Cook Highway (Cairns - Mossman),Craiglie,Douglas Shire,4877,Port Douglas,Far North,Far Northern,Northern,North Queensland,Port Douglas,Port Douglas - Daintree,Cairns,Outer Regional,Cook,Leichhardt,State-controlled,Intersection - T-Junction,No traffic control,60 km/h,Sealed - Dry,Clear,Daylight,Curved - view open,Dip,804,Off Path-Curve: Off Cway Lt Bend Hit Obj,Off carriageway on curve hit object,E,0,1,0,0,1,1,0,0,0,0,0,0
301742,Minor injury,2021,June,Wednesday,8,Overturned,Single Vehicle,145.5553548,-16.63372359,Captain Cook Hwy,,Captain Cook Highway (Cairns - Mossman),Wangetti,Douglas Shire,4877,Port Douglas,Far North,Far Northern,Northern,North Queensland,Port Douglas,Port Douglas - Daintree,Cairns,Outer Regional,Cook,Leichhardt,State-controlled,Forestry/National Park Road,No traffic control,80 - 90 km/h,Sealed - Dry,Clear,Daylight,Straight,Grade,705,Off Path-Straight:Out Of Control On Cway,Out of control on straight,E,0,0,0,1,1,1,0,0,0,0,0,0
304407,Hospitalisation,2021,February,Monday,14,Hit object,Single Vehicle,145.9587406,-17.55507675,Palmerston Hwy,,Palmerston Highway (Innisfail-Ravenshoe),Pin Gin Hill,Cassowary Coast Region,4860,Innisfail,Far North,Far Northern,Northern,North Queensland,Johnstone,Innisfail - Cassowary Coast,Cairns,Outer Regional,Hill,Kennedy,State-controlled,No Roadway Feature,No traffic control,100 - 110 km/h,Sealed - Dry,Clear,Daylight,Straight,Crest,704,Off Path-Straight:Right Off Cway Hit Obj,Off carriageway on straight hit object,N,0,1,0,0,1,1,0,0,0,0,0,0
304408,Medical treatment,2021,April,Sunday,2,Hit object,Single Vehicle,145.8039747,-17.62234936,Palmerston Hwy,,Palmerston Highway (Innisfail-Ravenshoe),East Palmerston,Cassowary Coast Region,4860,South Johnstone,Far North,Far Northern,Northern,North Queensland,Johnstone,Innisfail - Cassowary Coast,Cairns,Outer Regional,Hill,Kennedy,State-controlled,No Roadway Feature,No traffic control,100 - 110 km/h,Sealed - Wet,Raining,Darkness - Not lighted,Straight,Grade,607,Veh'S On Path: Temporary Object On C'Way,Other,E,0,0,1,0,1,1,0,0,0,0,0,0
305076,Hospitalisation,2021,January,Saturday,14,Rear-end,Multi-Vehicle,145.9323736,-17.93471076,Bruce Hwy,Butler St,Bruce Highway (Ingham - Innisfail),Tully,Cassowary Coast Region,4854,Tully,Far North,Far Northern,Northern,North Queensland,Tully,Innisfail - Cassowary Coast,Cairns,Outer Regional,Hill,Kennedy,State-controlled,Intersection - T-Junction,Operating traffic lights,60 km/h,Sealed - Dry,Clear,Daylight,Straight,Level,301,Veh'S Same Direction: Rear End,Rear-end,N,0,1,0,0,1,2,0,0,0,0,0,0
305077,Hospitalisation,2021,February,Friday,8,Hit object,Single Vehicle,146.0060496,-17.88928276,East Feluga Rd,,,East Feluga,Cassowary Coast Region,4854,Tully,Far North,Far Northern,Northern,North Queensland,Tully,Innisfail - Cassowary Coast,Cairns,Outer Regional,Hill,Kennedy,Locally-controlled,Bridge/Causeway,Give way sign,80 - 90 km/h,Sealed - Wet,Raining,Daylight,Straight,Level,703,Off Path-Straight: Left Off Cway Hit Obj,Off carriageway on straight hit object,N,0,1,0,0,1,1,0,0,0,0,0,0
305078,Hospitalisation,2021,March,Monday,11,Rear-end,Multi-Vehicle,145.9854126,-17.86230576,Bruce Hwy,,Bruce Highway (Ingham - Innisfail),Djarawong,Cassowary Coast Region,4854,Tully,Far North,Far Northern,Northern,North Queensland,Tully,Innisfail - Cassowary Coast,Cairns,Outer Regional,Hill,Kennedy,State-controlled,No Roadway Feature,No traffic control,100 - 110 km/h,Sealed - Wet,Raining,Daylight,Curved - view obscured,Crest,301,Veh'S Same Direction: Rear End,Rear-end,N,0,2,0,0,2,2,0,1,0,0,0,0
305079,Medical treatment,2021,March,Sunday,15,Angle,Multi-Vehicle,145.9202906,-17.93698176,Mars St,Mcquillen St,,Tully,Cassowary Coast Region,4854,Tully,Far North,Far Northern,Northern,North Queensland,Tully,Innisfail - Cassowary Coast,Cairns,Outer Regional,Hill,Kennedy,Locally-controlled,Intersection - Cross,Give way sign,0 - 50 km/h,Sealed - Dry,Clear,Daylight,Straight,Grade,101,Veh'S Adjacent Approach: Thru-Thru,Intersection from adjacent approaches,E,0,0,1,0,1,2,0,0,0,0,0,0
305080,Minor injury,2021,March,Saturday,19,Hit object,Single Vehicle,146.0052026,-17.99750576,Tully - Hull Rd,,Tully - Hull Road,Lower Tully,Cassowary Coast Region,4854,Tully,Far North,Far Northern,Northern,North Queensland,Tully,Innisfail - Cassowary Coast,Cairns,Outer Regional,Hinchinbrook,Kennedy,State-controlled,No Roadway Feature,No traffic control,80 - 90 km/h,Sealed - Wet,Raining,Darkness - Not lighted,Curved - view open,Level,803,Off Path-Curve: Off Cway Rt Bend Hit Obj,Off carriageway on curve hit object,E,0,0,0,1,1,1,0,0,0,0,0,0
305081,Hospitalisation,2021,March,Wednesday,19,Rear-end,Multi-Vehicle,145.9532604,-17.90779793,Bruce Hwy,,Bruce Highway (Ingham - Innisfail),Birkalla,Cassowary Coast Region,4854,Tully,Far North,Far Northern,Northern,North Queensland,Tully,Innisfail - Cassowary Coast,Cairns,Outer Regional,Hill,Kennedy,State-controlled,No Roadway Feature,No traffic control,100 - 110 km/h,Sealed - Wet,Raining,Darkness - Not lighted,Straight,Level,301,Veh'S Same Direction: Rear End,Rear-end,N,0,1,0,0,1,0,0,1,0,0,0,1
305082,Medical treatment,2021,April,Thursday,15,Angle,Multi-Vehicle,145.9467826,-17.91604576,Bruce Hwy,,Bruce Highway (Ingham - Innisfail),Birkalla,Cassowary Coast Region,4854,Tully,Far North,Far Northern,Northern,North Queensland,Tully,Innisfail - Cassowary Coast,Cairns,Outer Regional,Hill,Kennedy,State-controlled,No Roadway Feature,No traffic control,60 km/h,Sealed - Dry,Clear,Darkness - Lighted,Straight,Level,301,Veh'S Same Direction: Rear End,Rear-end,N,0,0,3,2,5,4,0,0,0,0,0,0
305083,Hospitalisation,2021,April,Monday,12,Hit object,Single Vehicle,145.9214356,-18.03453676,Bruce Hwy,,Bruce Highway (Ingham - Innisfail),Murrigal,Cassowary Coast Region,4854,Tully,Far North,Far Northern,Northern,North Queensland,Tully,Innisfail - Cassowary Coast,Cairns,Outer Regional,Hinchinbrook,Kennedy,State-controlled,Bridge/Causeway,No traffic control,100 - 110 km/h,Sealed - Wet,Clear,Daylight,Straight,Level,500,Veh'S Overtaking: Other,Other,N,0,2,0,1,3,3,0,0,0,0,0,0
305084,Hospitalisation,2021,May,Thursday,13,Angle,Multi-Vehicle,145.9323736,-17.93471076,Bruce Hwy,Butler St,Bruce Highway (Ingham - Innisfail),Tully,Cassowary Coast Region,4854,Tully,Far North,Far Northern,Northern,North Queensland,Tully,Innisfail - Cassowary Coast,Cairns,Outer Regional,Hill,Kennedy,State-controlled,Intersection - Cross,Operating traffic lights,60 km/h,Sealed - Dry,Clear,Daylight,Straight,Level,202,Veh'S Opposite Approach: Thru-Right,Opposing vehicles turning,S,0,1,0,0,1,2,0,0,0,0,0,0
305402,Hospitalisation,2021,June,Thursday,19,Overturned,Single Vehicle,141.9350662,-12.41827746,Mapoon - Weipa Rd,,,Mapoon,Cook Shire,4874,Weipa,Far North,Far Northern,Northern,North Queensland,Cape York,Far North,Queensland - Outback,Very Remote,Cook,Leichhardt,Locally-controlled,No Roadway Feature,No traffic control,60 km/h,Sealed - Dry,Clear,Darkness - Not lighted,Straight,Level,701,Off Path-Straight: Left Off Cway,Off carriageway on straight,S,0,1,0,0,1,1,0,0,0,0,0,0
305476,Medical treatment,2021,March,Friday,4,Hit object,Single Vehicle,145.8553293,-16.90832599,Pine Creek - Yarrabah Rd,,,Yarrabah,Yarrabah Aboriginal Shire,4871,Yarrabah,Far North,Far Northern,Northern,North Queensland,Yarrabah,Innisfail - Cassowary Coast,Cairns,Outer Regional,Mulgrave,Kennedy,Locally-controlled,No Roadway Feature,No traffic control,80 - 90 km/h,Sealed - Dry,Clear,Darkness - Not lighted,Curved - view open,Grade,607,Veh'S On Path: Temporary Object On C'Way,Other,E,0,0,1,0,1,2,0,0,0,0,0,0
305477,Medical treatment,2021,June,Thursday,16,Angle,Multi-Vehicle,145.8746907,-16.92865674,Back Beach Rd,,,Yarrabah,Yarrabah Aboriginal Shire,4871,Yarrabah,Far North,Far Northern,Northern,North Queensland,Yarrabah,Innisfail - Cassowary Coast,Cairns,Outer Regional,Mulgrave,Kennedy,Locally-controlled,No Roadway Feature,No traffic control,60 km/h,Sealed - Dry,Clear,Daylight,Straight,Level,700,Off Path-Straight: Other,Other,,0,0,2,0,2,1,1,0,0,0,0,0
305478,Hospitalisation,2021,June,Thursday,10,Angle,Multi-Vehicle,145.8733717,-16.92569874,Back Beach Rd,Dabah Cl,,Yarrabah,Yarrabah Aboriginal Shire,4871,Yarrabah,Far North,Far Northern,Northern,North Queensland,Yarrabah,Innisfail - Cassowary Coast,Cairns,Outer Regional,Mulgrave,Kennedy,Locally-controlled,Intersection - T-Junction,No traffic control,0 - 50 km/h,Sealed - Dry,Clear,Daylight,Curved - view open,Crest,202,Veh'S Opposite Approach: Thru-Right,Opposing vehicles turning,S,0,1,1,0,2,1,0,1,0,0,0,0
305831,Hospitalisation,2021,June,Sunday,9,Hit animal,Other,139.5813563,-17.8793927,Nardoo - Burketown Rd,,,Burketown,Burke Shire,4830,Burketown,Mount Isa,Northern,Northern,North Queensland,Carpentaria,Outback - North,Queensland - Outback,Very Remote,Traeger,Kennedy,Locally-controlled,No Roadway Feature,No traffic control,100 - 110 km/h,Sealed - Dry,Clear,Daylight,Straight,Level,609,Pass & Misc: Hit Animal,Hit animal,S,0,1,0,0,1,0,1,0,0,0,0,0
306342,Hospitalisation,2021,February,Tuesday,4,Hit object,Single Vehicle,139.7999729,-20.72144635,Barkly Hwy,,Barkly Highway (Cloncurry - Mount Isa),Cloncurry,Cloncurry Shire,4824,Cloncurry,Mount Isa,Northern,Northern,North Queensland,Mount Isa Region,Outback - North,Queensland - Outback,Very Remote,Traeger,Kennedy,State-controlled,No Roadway Feature,No traffic control,100 - 110 km/h,Sealed - Wet,Raining,Darkness - Not lighted,Straight,Level,705,Off Path-Straight:Out Of Control On Cway,Out of control on straight,W,0,1,0,0,1,1,0,0,0,0,0,0
306343,Medical treatment,2021,February,Thursday,7,Angle,Multi-Vehicle,140.5082798,-20.70447845,Daintree St,King St,,Cloncurry,Cloncurry Shire,4824,Cloncurry,Mount Isa,Northern,Northern,North Queensland,Mount Isa Region,Outback - North,Queensland - Outback,Remote,Traeger,Kennedy,Locally-controlled,Intersection - Cross,Give way sign,0 - 50 km/h,Sealed - Dry,Clear,Daylight,Straight,Level,101,Veh'S Adjacent Approach: Thru-Thru,Intersection from adjacent approaches,W,0,0,1,0,1,2,0,0,0,0,0,0
306344,Hospitalisation,2021,February,Sunday,17,Overturned,Single Vehicle,140.3028878,-20.98501545,Cloncurry Dajarra Connection Rd,,,Kuridala,Cloncurry Shire,4824,Cloncurry,Mount Isa,Northern,Northern,North Queensland,Mount Isa Region,Outback - North,Queensland - Outback,Very Remote,Traeger,Kennedy,Locally-controlled,No Roadway Feature,No traffic control,100 - 110 km/h,Sealed - Dry,Clear,Daylight,Straight,Level,705,Off Path-Straight:Out Of Control On Cway,Out of control on straight,N,0,1,0,0,1,0,0,1,0,0,0,0
306345,Hospitalisation,2021,February,Thursday,6,Hit object,Single Vehicle,139.8205579,-20.74389642,Barkly Hwy,,Barkly Highway (Cloncurry - Mount Isa),Cloncurry,Cloncurry Shire,4824,Cloncurry,Mount Isa,Northern,Northern,North Queensland,Mount Isa Region,Outback - North,Queensland - Outback,Very Remote,Traeger,Kennedy,State-controlled,No Roadway Feature,No traffic control,100 - 110 km/h,Sealed - Dry,Clear,Darkness - Not lighted,Straight,Grade,607,Veh'S On Path: Temporary Object On C'Way,Other,E,0,1,0,0,1,1,0,0,0,0,0,0
306346,Hospitalisation,2021,March,Thursday,21,Hit object,Single Vehicle,140.5160948,-20.68473345,Andrew Daniels Dr,Railway St,,Cloncurry,Cloncurry Shire,4824,Cloncurry,Mount Isa,Northern,Northern,North Queensland,Mount Isa Region,Outback - North,Queensland - Outback,Very Remote,Traeger,Kennedy,Locally-controlled,Intersection - T-Junction,Give way sign,60 km/h,Sealed - Dry,Clear,Darkness - Lighted,Curved - view open,Level,400,Veh'S Manoeuvring: Other,Other,N,0,1,2,0,3,1,0,0,0,0,0,0
306347,Medical treatment,2021,March,Friday,20,Hit animal,Other,140.0070829,-20.80718543,Barkly Hwy,,Barkly Highway (Cloncurry - Mount Isa),Cloncurry,Cloncurry Shire,4824,Cloncurry,Mount Isa,Northern,Northern,North Queensland,Mount Isa Region,Outback - North,Queensland - Outback,Very Remote,Traeger,Kennedy,State-controlled,No Roadway Feature,No traffic control,100 - 110 km/h,Sealed - Dry,Clear,Darkness - Not lighted,Curved - view obscured,Grade,609,Pass & Misc: Hit Animal,Hit animal,E,0,0,1,0,1,1,0,0,0,0,0,0
306348,Minor injury,2021,June,Friday,9,Angle,Multi-Vehicle,140.5054548,-20.70547445,Scarr St,Sheaffe St,,Cloncurry,Cloncurry Shire,4824,Cloncurry,Mount Isa,Northern,Northern,North Queensland,Mount Isa Region,Outback - North,Queensland - Outback,Remote,Traeger,Kennedy,Locally-controlled,Intersection - Roundabout,Give way sign,60 km/h,Sealed - Dry,Clear,Daylight,Straight,Level,107,Veh'S Adjacent Approach: Thru-Left,Intersection from adjacent approaches,E,0,0,0,1,1,2,0,0,0,0,0,0
306349,Hospitalisation,2021,June,Sunday,14,Head-on,Multi-Vehicle,140.2359989,-20.75299744,Barkly Hwy,,Barkly Highway (Cloncurry - Mount Isa),Cloncurry,Cloncurry Shire,4824,Cloncurry,Mount Isa,Northern,Northern,North Queensland,Mount Isa Region,Outback - North,Queensland - Outback,Very Remote,Traeger,Kennedy,State-controlled,No Roadway Feature,No traffic control,100 - 110 km/h,Sealed - Dry,Clear,Daylight,Straight,Level,201,Veh'S Opposite Approach: Head On,Head-on,E,0,1,0,0,1,1,0,1,0,0,0,0
306394,Fatal,2021,January,Wednesday,12,Hit object,Single Vehicle,140.0026498,-21.36404943,Cloncurry - Dajarra Rd,,Cloncurry - Dajarra Road,Kuridala,Cloncurry Shire,4824,Dajarra,Mount Isa,Northern,Northern,North Queensland,Mount Isa Region,Outback - North,Queensland - Outback,Very Remote,Traeger,Kennedy,State-controlled,Bridge/Causeway,No traffic control,100 - 110 km/h,Sealed - Dry,Clear,Daylight,Curved - view obscured,Dip,805,Off Path-Curve: Out Of Control On Cway,Out of control on curve,N,1,0,0,0,1,0,0,1,0,0,0,0
306395,Hospitalisation,2021,January,Saturday,0,Overturned,Single Vehicle,138.466681,-21.58708437,Urandangi North Rd,,,Piturie,Boulia Shire,4825,Dajarra,Mount Isa,Northern,Central,Central Queensland,Far Central West,Outback - South,Queensland - Outback,Very Remote,Gregory,Kennedy,Locally-controlled,No Roadway Feature,No traffic control,80 - 90 km/h,Unsealed - Dry,Clear,Daylight,Straight,Level,705,Off Path-Straight:Out Of Control On Cway,Out of control on straight,E,0,2,0,0,2,1,0,0,0,0,0,0