Crash_Severity,Crash_Year,Crash_Month,Crash_Day_Of_Week,Crash_Hour,Crash_Nature,Crash_Type,Crash_Longitude,Crash_Latitude,Crash_Street,Crash_Street_Intersecting,State_Road_Name,Loc_Suburb,Loc_Local_Government_Area,Loc_Post_Code,Loc_Police_Division,Loc_Police_District,Loc_Police_Region,Loc_Queensland_Transport_Region,Loc_Main_Roads_Region,Loc_ABS_Statistical_Area_2,Loc_ABS_Statistical_Area_3,Loc_ABS_Statistical_Area_4,Loc_ABS_Remoteness,Loc_State_Electorate,Loc_Federal_Electorate,Crash_Controlling_Authority,Crash_Roadway_Feature,Crash_Traffic_Control,Crash_Speed_Limit,Crash_Road_Surface_Condition,Crash_Atmospheric_Condition,Crash_Lighting_Condition,Crash_Road_Horiz_Align,Crash_Road_Vert_Align,Crash_DCA_Code,Crash_DCA_Description,Crash_DCA_Group_Description,DCA_Key_Approach_Dir,Count_Casualty_Fatality,Count_Casualty_Hospitalised,Count_Casualty_MedicallyTreated,Count_Casualty_MinorInjury,Count_Casualty_Total,Count_Unit_Car,Count_Unit_Motorcycle_Moped,Count_Unit_Truck,Count_Unit_Bus,Count_Unit_Bicycle,Count_Unit_Pedestrian,Count_Unit_Other,
306513,Hospitalisation,2021,April,Thursday,4,Overturned,Single Vehicle,138.8346411,-17.94791436,Gunnalunja Dr,Marradgee Rd,,Doomadgee,Doomadgee Aboriginal Shire,4830,Doomadgee,Mount Isa,Northern,Northern,North Queensland,Carpentaria,Outback - North,Queensland - Outback,Very Remote,Traeger,Kennedy,Locally-controlled,Intersection - T-Junction,No traffic control,0 - 50 km/h,Sealed - Dry,Clear,Darkness - Not lighted,Straight,Level,700,Off Path-Straight: Other,Other,E,0,1,0,0,1,1,0,0,0,0,0,0
306514,Medical treatment,2021,April,Friday,5,Hit object,Single Vehicle,138.8319471,-17.94356035,Burke St,Robert St,,Doomadgee,Doomadgee Aboriginal Shire,4830,Doomadgee,Mount Isa,Northern,Northern,North Queensland,Carpentaria,Outback - North,Queensland - Outback,Very Remote,Traeger,Kennedy,Locally-controlled,Intersection - Cross,No traffic control,0 - 50 km/h,Sealed - Dry,Clear,Dawn/Dusk,Straight,Level,0,Ped'N: Hit Other,Other,W,0,0,1,0,1,1,0,0,0,0,1,0
306705,Hospitalisation,2021,March,Sunday,19,Hit object,Single Vehicle,144.1310522,-20.82448923,Hughenden - Riverside Rd,,,Hughenden,Flinders Shire,4821,Hughenden,Townsville,Northern,Northern,North Queensland,Northern Highlands,Outback - North,Queensland - Outback,Very Remote,Traeger,Kennedy,Locally-controlled,No Roadway Feature,No traffic control,100 - 110 km/h,Sealed - Dry,Clear,Darkness - Not lighted,Straight,Level,705,Off Path-Straight:Out Of Control On Cway,Out of control on straight,E,0,2,0,0,2,1,0,0,0,0,0,0
306706,Hospitalisation,2021,April,Sunday,20,Hit object,Single Vehicle,143.4767306,-20.85104462,Flinders Hwy,,Flinders Highway (Hughenden - Richmond),Stamford,Flinders Shire,4821,Richmond,Townsville,Northern,Northern,North Queensland,Northern Highlands,Outback - North,Queensland - Outback,Very Remote,Traeger,Kennedy,State-controlled,No Roadway Feature,No traffic control,100 - 110 km/h,Sealed - Dry,Clear,Darkness - Not lighted,Straight,Level,703,Off Path-Straight: Left Off Cway Hit Obj,Off carriageway on straight hit object,E,0,1,0,0,1,1,0,0,0,0,0,0
306707,Fatal,2021,June,Monday,17,Overturned,Single Vehicle,144.3117975,-21.43389067,Hughenden - Muttaburra Rd,,Hughenden - Muttaburra Road,Tangorin,Flinders Shire,4821,Hughenden,Townsville,Northern,Northern,North Queensland,Northern Highlands,Outback - North,Queensland - Outback,Very Remote,Traeger,Kennedy,State-controlled,No Roadway Feature,No traffic control,100 - 110 km/h,Unsealed - Dry,Clear,Daylight,Curved - view open,Level,805,Off Path-Curve: Out Of Control On Cway,Out of control on curve,N,1,1,0,0,2,1,0,0,0,0,0,0
306751,Hospitalisation,2021,March,Wednesday,13,Overturned,Single Vehicle,142.3322002,-19.49449819,Malpas Trenton Rd,,,Malpas-trenton,Mckinlay Shire,4816,Julia Creek,Mount Isa,Northern,Northern,North Queensland,Northern Highlands,Outback - North,Queensland - Outback,Very Remote,Traeger,Kennedy,Locally-controlled,No Roadway Feature,No traffic control,100 - 110 km/h,Unsealed - Wet,Clear,Daylight,Straight,Level,700,Off Path-Straight: Other,Other,S,0,1,0,0,1,1,0,0,0,0,0,0
306752,Hospitalisation,2021,June,Saturday,10,Overturned,Single Vehicle,141.5884567,-20.66060251,Flinders Hwy,,Flinders Highway (Julia Creek - Cloncurry),Julia Creek,Mckinlay Shire,4823,Julia Creek,Mount Isa,Northern,Northern,North Queensland,Northern Highlands,Outback - North,Queensland - Outback,Very Remote,Traeger,Kennedy,State-controlled,No Roadway Feature,No traffic control,100 - 110 km/h,Sealed - Dry,Clear,Daylight,Straight,Level,702,Off Path-Straight: Right Off Cway,Off carriageway on straight,E,0,1,0,1,2,0,0,0,0,0,0,1
306885,Hospitalisation,2021,March,Friday,9,Overturned,Single Vehicle,141.4016907,-21.32033189,Landsborough Hwy,,Landsborough Highway (Kynuna - Cloncurry),Mckinlay,Mckinlay Shire,4823,Kynuna,Mount Isa,Northern,Northern,North Queensland,Northern Highlands,Outback - North,Queensland - Outback,Very Remote,Traeger,Kennedy,State-controlled,No Roadway Feature,No traffic control,100 - 110 km/h,Sealed - Dry,Clear,Daylight,Straight,Grade,702,Off Path-Straight: Right Off Cway,Off carriageway on straight,S,0,1,0,0,1,0,0,1,0,0,0,0
306886,Fatal,2021,May,Friday,19,Hit object,Single Vehicle,141.6786907,-21.46872652,Landsborough Hwy,,Landsborough Highway (Kynuna - Cloncurry),Kynuna,Mckinlay Shire,4823,Kynuna,Mount Isa,Northern,Northern,North Queensland,Northern Highlands,Outback - North,Queensland - Outback,Very Remote,Traeger,Kennedy,State-controlled,Bridge/Causeway,No traffic control,100 - 110 km/h,Sealed - Dry,Clear,Darkness - Not lighted,Straight,Dip,201,Veh'S Opposite Approach: Head On,Head-on,E,1,2,0,0,3,1,0,1,0,0,0,0
306887,Medical treatment,2021,June,Thursday,12,Overturned,Single Vehicle,141.6345917,-21.46484871,Landsborough Hwy,,Landsborough Highway (Kynuna - Cloncurry),Kynuna,Mckinlay Shire,4823,Kynuna,Mount Isa,Northern,Northern,North Queensland,Northern Highlands,Outback - North,Queensland - Outback,Very Remote,Traeger,Kennedy,State-controlled,No Roadway Feature,No traffic control,100 - 110 km/h,Sealed - Dry,Clear,Daylight,Straight,Dip,705,Off Path-Straight:Out Of Control On Cway,Out of control on straight,S,0,0,1,0,1,1,0,0,0,0,0,0
306981,Hospitalisation,2021,June,Monday,7,Hit pedestrian,Hit pedestrian,139.1889591,-16.66442736,Lardil St,Mukakiya St,,Wellesley Islands,Mornington Shire,4892,Mornington Island,Mount Isa,Northern,Northern,North Queensland,Carpentaria,Outback - North,Queensland - Outback,Very Remote,Traeger,Kennedy,Locally-controlled,Intersection - T-Junction,No traffic control,0 - 50 km/h,Sealed - Dry,Clear,Dawn/Dusk,Straight,Level,5,Ped'N: Hit Walking With Traffic,Pedestrian,E,0,1,0,0,1,1,0,0,0,0,1,0
308403,Hospitalisation,2021,February,Thursday,21,Hit object,Single Vehicle,143.1390736,-20.72551237,Goldring St,,,Richmond,Richmond Shire,4822,Richmond,Townsville,Northern,Northern,North Queensland,Northern Highlands,Outback - North,Queensland - Outback,Very Remote,Traeger,Kennedy,Locally-controlled,No Roadway Feature,No traffic control,60 km/h,Sealed - Dry,Clear,Darkness - Not lighted,Straight,Level,708,Off Path-Straight: Mounts Traffic Island,Off carriageway on straight hit object,S,0,1,0,0,1,1,0,0,0,0,0,0
308404,Hospitalisation,2021,February,Thursday,17,Angle,Multi-Vehicle,143.1400616,-20.7294176,Clayton St,Crawford St,,Richmond,Richmond Shire,4822,Richmond,Townsville,Northern,Northern,North Queensland,Northern Highlands,Outback - North,Queensland - Outback,Very Remote,Traeger,Kennedy,Locally-controlled,Intersection - Cross,Give way sign,60 km/h,Sealed - Dry,Clear,Daylight,Straight,Level,101,Veh'S Adjacent Approach: Thru-Thru,Intersection from adjacent approaches,S,0,2,0,0,2,2,0,0,0,0,0,0
310938,Hospitalisation,2021,January,Friday,10,Hit object,Single Vehicle,153.1875903,-25.37338844,Seventy Five Mile Beach Rd,,,Fraser Island,Fraser Coast Region,4581,Fraser Island,Wide Bay Burnett,North Coast,Southern,Southern Queensland,Burrum - Fraser,Maryborough,Wide Bay,Remote,Hervey Bay,Wide Bay,Locally-controlled,No Roadway Feature,No traffic control,0 - 50 km/h,Unsealed - Dry,Clear,Daylight,Straight,Level,607,Veh'S On Path: Temporary Object On C'Way,Other,N,0,1,0,0,1,0,0,0,1,0,0,0
310939,Minor injury,2021,January,Saturday,19,Hit object,Single Vehicle,153.2843883,-25.17081045,Seventy Five Mile Beach Rd,,,Fraser Island,Fraser Coast Region,4581,Fraser Island,Wide Bay Burnett,North Coast,Southern,Southern Queensland,Burrum - Fraser,Maryborough,Wide Bay,Remote,Hervey Bay,Wide Bay,Locally-controlled,No Roadway Feature,No traffic control,80 - 90 km/h,Sealed - Wet,Fog,Darkness - Not lighted,Straight,Level,607,Veh'S On Path: Temporary Object On C'Way,Other,,0,0,0,1,1,1,0,0,0,0,0,0
310940,Hospitalisation,2021,March,Saturday,10,Fall from vehicle,Single Vehicle,153.2021803,-25.34006245,Happy Valley Rd,,,Fraser Island,Fraser Coast Region,4581,Fraser Island,Wide Bay Burnett,North Coast,Southern,Southern Queensland,Burrum - Fraser,Maryborough,Wide Bay,Remote,Hervey Bay,Wide Bay,Locally-controlled,No Roadway Feature,No traffic control,0 - 50 km/h,Unsealed - Dry,Clear,Daylight,Straight,Dip,705,Off Path-Straight:Out Of Control On Cway,Out of control on straight,W,0,1,0,0,1,0,1,0,0,0,0,0
310941,Hospitalisation,2021,March,Tuesday,14,Overturned,Single Vehicle,153.1014763,-25.57815844,Seventy Five Mile Beach Rd,,,Fraser Island,Fraser Coast Region,4581,Fraser Island,Wide Bay Burnett,North Coast,Southern,Southern Queensland,Burrum - Fraser,Maryborough,Wide Bay,Remote,Hervey Bay,Wide Bay,Locally-controlled,No Roadway Feature,No traffic control,80 - 90 km/h,Unsealed - Dry,Clear,Daylight,Straight,Level,705,Off Path-Straight:Out Of Control On Cway,Out of control on straight,N,0,1,2,0,3,1,0,0,0,0,0,0
310942,Minor injury,2021,May,Monday,14,Head-on,Multi-Vehicle,153.0590233,-25.44281043,Lake Mc Kenzie Rd,,,Fraser Island,Fraser Coast Region,4581,Fraser Island,Wide Bay Burnett,North Coast,Southern,Southern Queensland,Burrum - Fraser,Maryborough,Wide Bay,Remote,Hervey Bay,Wide Bay,Locally-controlled,Forestry/National Park Road,No traffic control,0 - 50 km/h,Unsealed - Dry,Clear,Daylight,Curved - view obscured,Level,201,Veh'S Opposite Approach: Head On,Head-on,E,0,0,0,1,1,2,0,0,0,0,0,0
321350,Medical treatment,2021,January,Wednesday,21,Overturned,Single Vehicle,152.755229,-27.01506901,Delaneys Ck Rd,,,Delaneys Creek,Moreton Bay Region,4514,Woodford,Moreton,North Coast,SEQ North,North Coast,Woodford - Daguilar,Caboolture Hinterland,Moreton Bay - North,Inner Regional,Glass House,Longman,Locally-controlled,No Roadway Feature,No traffic control,80 - 90 km/h,Sealed - Wet,Raining,Darkness - Not lighted,Curved - view open,Level,802,Off Path-Curve: Off Cway Left Bend,Off carriageway on curve,E,0,0,1,0,1,1,0,0,0,0,0,0
321351,Hospitalisation,2021,February,Friday,16,Angle,Multi-Vehicle,152.7779041,-26.95481542,Archer St,Elizabeth St,D'Aguilar Highway (Caboolture - Kilcoy),Woodford,Moreton Bay Region,4514,Woodford,Moreton,North Coast,SEQ North,North Coast,Woodford - Daguilar,Caboolture Hinterland,Moreton Bay - North,Inner Regional,Glass House,Longman,State-controlled,Intersection - T-Junction,No traffic control,60 km/h,Sealed - Dry,Clear,Daylight,Straight,Level,202,Veh'S Opposite Approach: Thru-Right,Opposing vehicles turning,N,0,1,0,1,2,2,0,0,0,0,0,0
321352,Hospitalisation,2021,February,Saturday,8,Rear-end,Multi-Vehicle,152.8216871,-26.86122442,Commissioners Flat Rd,,,Commissioners Flat,Moreton Bay Region,4514,Woodford,Moreton,North Coast,SEQ North,North Coast,Woodford - Daguilar,Caboolture Hinterland,Moreton Bay - North,Inner Regional,Glass House,Longman,Locally-controlled,No Roadway Feature,Give way sign,80 - 90 km/h,Sealed - Dry,Clear,Daylight,Curved - view open,Level,301,Veh'S Same Direction: Rear End,Rear-end,W,0,1,0,1,2,1,1,0,0,0,0,0
321353,Hospitalisation,2021,February,Thursday,5,Overturned,Single Vehicle,152.8219931,-26.99772342,D'Aguilar Hwy,,D'Aguilar Highway (Caboolture - Kilcoy),Bracalba,Moreton Bay Region,4512,Woodford,Moreton,North Coast,SEQ North,North Coast,Woodford - Daguilar,Caboolture Hinterland,Moreton Bay - North,Inner Regional,Glass House,Longman,State-controlled,No Roadway Feature,No traffic control,100 - 110 km/h,Sealed - Wet,Raining,Darkness - Not lighted,Straight,Grade,701,Off Path-Straight: Left Off Cway,Off carriageway on straight,W,0,1,0,0,1,1,0,0,0,0,0,0
321354,Medical treatment,2021,February,Sunday,13,Angle,Multi-Vehicle,152.758542,-26.93228695,D'Aguilar Hwy,,D'Aguilar Highway (Caboolture - Kilcoy),Woodford,Moreton Bay Region,4514,Woodford,Moreton,North Coast,SEQ North,North Coast,Woodford - Daguilar,Caboolture Hinterland,Moreton Bay - North,Inner Regional,Glass House,Longman,State-controlled,No Roadway Feature,No traffic control,80 - 90 km/h,Sealed - Dry,Clear,Daylight,Curved - view open,Level,408,Veh'S Manoeuvring: Entering From Footway,Vehicle leaving driveway,E,0,0,1,0,1,2,0,0,0,0,0,0
321355,Minor injury,2021,March,Wednesday,11,Head-on,Multi-Vehicle,152.7685525,-26.82217993,Maleny - Stanley River Rd,,Maleny - Stanley River Road,Booroobin,Moreton Bay Region,4552,Woodford,Moreton,North Coast,SEQ North,North Coast,Woodford - Daguilar,Caboolture Hinterland,Moreton Bay - North,Inner Regional,Glass House,Longman,State-controlled,No Roadway Feature,No traffic control,60 km/h,Sealed - Wet,Fog,Daylight,Curved - view obscured,Grade,201,Veh'S Opposite Approach: Head On,Head-on,E,0,0,0,1,1,2,0,0,0,0,0,0
321356,Hospitalisation,2021,March,Wednesday,12,Hit object,Single Vehicle,152.7125881,-26.98569941,Stanton Rd,Vidoni Rd,,Neurum,Moreton Bay Region,4514,Woodford,Moreton,North Coast,SEQ North,North Coast,Woodford - Daguilar,Caboolture Hinterland,Moreton Bay - North,Inner Regional,Glass House,Longman,Locally-controlled,Intersection - T-Junction,No traffic control,80 - 90 km/h,Sealed - Dry,Clear,Daylight,Curved - view obscured,Level,804,Off Path-Curve: Off Cway Lt Bend Hit Obj,Off carriageway on curve hit object,W,0,1,0,0,1,0,1,0,0,0,0,0
321357,Hospitalisation,2021,March,Thursday,16,Hit object,Single Vehicle,152.7093594,-26.95389546,Neurum Rd,,,Neurum,Moreton Bay Region,4514,Woodford,Moreton,North Coast,SEQ North,North Coast,Woodford - Daguilar,Caboolture Hinterland,Moreton Bay - North,Inner Regional,Glass House,Longman,Locally-controlled,No Roadway Feature,No traffic control,80 - 90 km/h,Sealed - Wet,Clear,Daylight,Curved - view obscured,Dip,804,Off Path-Curve: Off Cway Lt Bend Hit Obj,Off carriageway on curve hit object,W,0,1,0,0,1,1,0,0,0,0,0,0
321358,Fatal,2021,March,Sunday,15,Head-on,Multi-Vehicle,152.8163971,-26.99282842,D'Aguilar Hwy,,D'Aguilar Highway (Caboolture - Kilcoy),Bracalba,Moreton Bay Region,4512,Woodford,Moreton,North Coast,SEQ North,North Coast,Woodford - Daguilar,Caboolture Hinterland,Moreton Bay - North,Inner Regional,Glass House,Longman,State-controlled,No Roadway Feature,No traffic control,80 - 90 km/h,Sealed - Wet,Clear,Daylight,Curved - view open,Grade,201,Veh'S Opposite Approach: Head On,Head-on,E,2,3,0,0,5,3,0,0,0,0,0,0
321359,Fatal,2021,March,Monday,16,Head-on,Multi-Vehicle,152.6983761,-26.93251741,D'Aguilar Hwy,,D'Aguilar Highway (Caboolture - Kilcoy),Stony Creek,Moreton Bay Region,4514,Woodford,Moreton,North Coast,SEQ North,North Coast,Woodford - Daguilar,Caboolture Hinterland,Moreton Bay - North,Inner Regional,Glass House,Longman,State-controlled,No Roadway Feature,No traffic control,100 - 110 km/h,Sealed - Dry,Clear,Daylight,Curved - view open,Level,201,Veh'S Opposite Approach: Head On,Head-on,W,1,0,1,0,2,3,0,1,0,0,0,0
321360,Medical treatment,2021,April,Friday,10,Hit object,Single Vehicle,152.7839591,-26.89201942,Kilcoy - Beerwah Rd,,Kilcoy - Beerwah Road,Stanmore,Moreton Bay Region,4514,Woodford,Moreton,North Coast,SEQ North,North Coast,Woodford - Daguilar,Caboolture Hinterland,Moreton Bay - North,Inner Regional,Glass House,Longman,State-controlled,No Roadway Feature,No traffic control,80 - 90 km/h,Sealed - Wet,Raining,Daylight,Straight,Level,700,Off Path-Straight: Other,Other,N,0,0,1,0,1,1,0,0,0,0,0,0
321361,Fatal,2021,April,Monday,11,Head-on,Multi-Vehicle,152.8071501,-26.87047242,Kilcoy - Beerwah Rd,,Kilcoy - Beerwah Road,Cedarton,Moreton Bay Region,4514,Woodford,Moreton,North Coast,SEQ North,North Coast,Woodford - Daguilar,Caboolture Hinterland,Moreton Bay - North,Inner Regional,Glass House,Longman,State-controlled,No Roadway Feature,No traffic control,100 - 110 km/h,Sealed - Wet,Raining,Daylight,Curved - view open,Level,201,Veh'S Opposite Approach: Head On,Head-on,N,1,2,0,0,3,2,0,0,0,0,0,0
321362,Hospitalisation,2021,April,Monday,16,Hit object,Single Vehicle,152.7686731,-26.82233841,Maleny - Stanley River Rd,,Maleny - Stanley River Road,Booroobin,Moreton Bay Region,4552,Woodford,Moreton,North Coast,SEQ North,North Coast,Woodford - Daguilar,Caboolture Hinterland,Moreton Bay - North,Inner Regional,Glass House,Longman,State-controlled,No Roadway Feature,No traffic control,80 - 90 km/h,Sealed - Wet,Fog,Daylight,Curved - view open,Grade,804,Off Path-Curve: Off Cway Lt Bend Hit Obj,Off carriageway on curve hit object,E,0,1,0,0,1,1,0,0,0,0,0,0
321363,Hospitalisation,2021,May,Sunday,19,Hit object,Single Vehicle,152.7719231,-26.82263941,Maleny - Stanley River Rd,,Maleny - Stanley River Road,Booroobin,Moreton Bay Region,4552,Woodford,Moreton,North Coast,SEQ North,North Coast,Woodford - Daguilar,Caboolture Hinterland,Moreton Bay - North,Inner Regional,Glass House,Longman,State-controlled,No Roadway Feature,No traffic control,60 km/h,Sealed - Wet,Fog,Darkness - Not lighted,Curved - view open,Grade,804,Off Path-Curve: Off Cway Lt Bend Hit Obj,Off carriageway on curve hit object,E,0,1,0,0,1,0,0,0,1,0,0,0
321364,Hospitalisation,2021,May,Sunday,10,Angle,Multi-Vehicle,152.7428581,-26.84762141,Bellthorpe Range Rd,Campbell Rd,,Bellthorpe,Moreton Bay Region,4514,Woodford,Moreton,North Coast,SEQ North,North Coast,Woodford - Daguilar,Caboolture Hinterland,Moreton Bay - North,Inner Regional,Glass House,Longman,Locally-controlled,Intersection - T-Junction,No traffic control,100 - 110 km/h,Sealed - Dry,Clear,Daylight,Curved - view obscured,Grade,202,Veh'S Opposite Approach: Thru-Right,Opposing vehicles turning,W,0,1,0,0,1,1,1,0,0,0,0,0
321365,Hospitalisation,2021,May,Thursday,6,Angle,Multi-Vehicle,152.7854111,-26.96916042,D'Aguilar Hwy,Ironbark Dr,D'Aguilar Highway (Caboolture - Kilcoy),Woodford,Moreton Bay Region,4514,Woodford,Moreton,North Coast,SEQ North,North Coast,Woodford - Daguilar,Caboolture Hinterland,Moreton Bay - North,Inner Regional,Glass House,Longman,State-controlled,Intersection - T-Junction,Give way sign,80 - 90 km/h,Sealed - Dry,Clear,Dawn/Dusk,Straight,Level,104,Veh'S Adjacent Approach: Thru-Right,Intersection from adjacent approaches,W,0,1,0,0,1,2,0,0,0,0,0,0
321366,Hospitalisation,2021,May,Thursday,22,Hit object,Single Vehicle,152.7375761,-26.94801441,Neurum Rd,,,Neurum,Moreton Bay Region,4514,Woodford,Moreton,North Coast,SEQ North,North Coast,Woodford - Daguilar,Caboolture Hinterland,Moreton Bay - North,Inner Regional,Glass House,Longman,Locally-controlled,No Roadway Feature,No traffic control,60 km/h,Sealed - Dry,Clear,Darkness - Not lighted,Curved - view open,Level,800,Off Path-Curve: Other,Other,W,0,1,0,0,1,1,0,0,0,0,0,0
321367,Minor injury,2021,June,Friday,18,Hit object,Single Vehicle,152.7555723,-26.93026663,D'Aguilar Hwy,,D'Aguilar Highway (Caboolture - Kilcoy),Woodford,Moreton Bay Region,4514,Woodford,Moreton,North Coast,SEQ North,North Coast,Woodford - Daguilar,Caboolture Hinterland,Moreton Bay - North,Inner Regional,Glass House,Longman,State-controlled,No Roadway Feature,No traffic control,80 - 90 km/h,Sealed - Wet,Clear,Darkness - Lighted,Straight,Level,703,Off Path-Straight: Left Off Cway Hit Obj,Off carriageway on straight hit object,W,0,0,0,1,1,1,0,0,0,0,0,0
321730,Hospitalisation,2021,March,Monday,8,Hit pedestrian,Hit pedestrian,152.6736532,-26.1789084,Stewart Tce,,Gympie Connection Road,Gympie,Gympie Region,4570,Gympie,Wide Bay Burnett,North Coast,Southern,Southern Queensland,Gympie - North,Gympie - Cooloola,Wide Bay,Inner Regional,Gympie,Wide Bay,State-controlled,No Roadway Feature,No traffic control,60 km/h,Sealed - Dry,Clear,Daylight,Curved - view open,Level,1,Ped'N: Near Side Vehicle Hit From Right,Pedestrian,N,0,1,0,0,1,1,0,0,0,0,1,0
321731,Medical treatment,2021,March,Monday,8,Rear-end,Multi-Vehicle,152.6570834,-26.19128517,Wickham St,,Bruce Highway (Gympie - Maryborough),Gympie,Gympie Region,4570,Gympie,Wide Bay Burnett,North Coast,Southern,Southern Queensland,Gympie - North,Gympie - Cooloola,Wide Bay,Inner Regional,Gympie,Wide Bay,State-controlled,No Roadway Feature,No traffic control,60 km/h,Sealed - Dry,Clear,Daylight,Straight,Grade,301,Veh'S Same Direction: Rear End,Rear-end,E,0,0,2,0,2,2,0,0,0,0,0,0
321732,Hospitalisation,2021,March,Thursday,23,Hit object,Single Vehicle,152.6787512,-26.1165144,North Deep Ck Rd,,,North Deep Creek,Gympie Region,4570,Gympie,Wide Bay Burnett,North Coast,Southern,Southern Queensland,Gympie Region,Gympie - Cooloola,Wide Bay,Inner Regional,Gympie,Wide Bay,Locally-controlled,No Roadway Feature,No traffic control,80 - 90 km/h,Sealed - Dry,Clear,Darkness - Not lighted,Curved - view obscured,Crest,805,Off Path-Curve: Out Of Control On Cway,Out of control on curve,E,0,1,0,1,2,1,0,0,0,0,0,0
321733,Hospitalisation,2021,March,Friday,10,Fall from vehicle,Single Vehicle,152.6468572,-26.1475294,Lyndon Dr,Old Maryborough Rd,,Chatsworth,Gympie Region,4570,Gympie,Wide Bay Burnett,North Coast,Southern,Southern Queensland,Gympie Region,Gympie - Cooloola,Wide Bay,Inner Regional,Gympie,Wide Bay,Locally-controlled,Intersection - T-Junction,No traffic control,80 - 90 km/h,Sealed - Dry,Clear,Daylight,Curved - view open,Level,802,Off Path-Curve: Off Cway Left Bend,Off carriageway on curve,N,0,1,0,0,1,0,1,0,0,0,0,0
321734,Hospitalisation,2021,March,Monday,10,Angle,Multi-Vehicle,152.5735842,-26.11407439,Bruce Hwy,Purcell Rd,Bruce Highway (Gympie - Maryborough),Bells Bridge,Gympie Region,4570,Gympie,Wide Bay Burnett,North Coast,Southern,Southern Queensland,Gympie Region,Gympie - Cooloola,Wide Bay,Inner Regional,Gympie,Wide Bay,State-controlled,Intersection - T-Junction,Give way sign,80 - 90 km/h,Sealed - Dry,Clear,Daylight,Straight,Grade,104,Veh'S Adjacent Approach: Thru-Right,Intersection from adjacent approaches,N,0,1,0,0,1,2,0,0,0,0,0,0
321735,Fatal,2021,March,Tuesday,15,Angle,Multi-Vehicle,152.7838652,-26.14928741,Pomona - Kin Kin Rd,Wilsons Pkt Rd,Kin Kin Road,Wolvi,Gympie Region,4570,Gympie,Wide Bay Burnett,North Coast,Southern,Southern Queensland,Gympie Region,Gympie - Cooloola,Wide Bay,Inner Regional,Gympie,Wide Bay,State-controlled,Intersection - T-Junction,Give way sign,100 - 110 km/h,Sealed - Dry,Clear,Daylight,Curved - view open,Level,104,Veh'S Adjacent Approach: Thru-Right,Intersection from adjacent approaches,W,1,2,5,3,11,1,0,0,1,0,0,0
321736,Hospitalisation,2021,March,Tuesday,12,Angle,Multi-Vehicle,152.6616642,-26.1865164,Monkland St,Myall St,,Gympie,Gympie Region,4570,Gympie,Wide Bay Burnett,North Coast,Southern,Southern Queensland,Gympie - North,Gympie - Cooloola,Wide Bay,Inner Regional,Gympie,Wide Bay,Locally-controlled,Intersection - Cross,Give way sign,0 - 50 km/h,Sealed - Dry,Clear,Daylight,Straight,Grade,101,Veh'S Adjacent Approach: Thru-Thru,Intersection from adjacent approaches,W,0,1,0,0,1,1,1,0,0,0,0,0
321737,Medical treatment,2021,March,Wednesday,11,Rear-end,Multi-Vehicle,152.6875212,-26.2180514,Langton Rd,,,Monkland,Gympie Region,4570,Gympie,Wide Bay Burnett,North Coast,Southern,Southern Queensland,Gympie - North,Gympie - Cooloola,Wide Bay,Inner Regional,Gympie,Wide Bay,Locally-controlled,No Roadway Feature,No traffic control,60 km/h,Sealed - Wet,Clear,Daylight,Straight,Grade,301,Veh'S Same Direction: Rear End,Rear-end,W,0,0,1,0,1,3,0,0,0,0,0,0
321738,Hospitalisation,2021,March,Thursday,20,Overturned,Single Vehicle,152.6591062,-26.1770554,Alenola St,Struan Cres,,Gympie,Gympie Region,4570,Gympie,Wide Bay Burnett,North Coast,Southern,Southern Queensland,Gympie - North,Gympie - Cooloola,Wide Bay,Inner Regional,Gympie,Wide Bay,Locally-controlled,Intersection - T-Junction,No traffic control,60 km/h,Sealed - Dry,Clear,Darkness - Lighted,Straight,Level,707,Off Path-Straight: Right Turn,Off carriageway on straight,E,0,1,0,0,1,1,0,0,0,0,0,0
321739,Hospitalisation,2021,March,Monday,22,Hit object,Single Vehicle,152.6315022,-26.1514564,Bruce Hwy,Fritz Rd,Bruce Highway (Gympie - Maryborough),Chatsworth,Gympie Region,4570,Gympie,Wide Bay Burnett,North Coast,Southern,Southern Queensland,Gympie Region,Gympie - Cooloola,Wide Bay,Inner Regional,Gympie,Wide Bay,State-controlled,Intersection - T-Junction,No traffic control,100 - 110 km/h,Sealed - Wet,Raining,Darkness - Not lighted,Straight,Level,703,Off Path-Straight: Left Off Cway Hit Obj,Off carriageway on straight hit object,W,0,1,0,0,1,1,0,0,0,0,0,0
321740,Minor injury,2021,April,Thursday,8,Rear-end,Multi-Vehicle,152.6479662,-26.1992244,Exhibition Rd,,Gympie - Woolooga Road,Southside,Gympie Region,4570,Gympie,Wide Bay Burnett,North Coast,Southern,Southern Queensland,Gympie - South,Gympie - Cooloola,Wide Bay,Inner Regional,Gympie,Wide Bay,State-controlled,No Roadway Feature,No traffic control,60 km/h,Sealed - Dry,Clear,Daylight,Straight,Level,301,Veh'S Same Direction: Rear End,Rear-end,N,0,0,0,1,1,3,0,0,0,0,0,0