Crash_Severity,Crash_Year,Crash_Month,Crash_Day_Of_Week,Crash_Hour,Crash_Nature,Crash_Type,Crash_Longitude,Crash_Latitude,Crash_Street,Crash_Street_Intersecting,State_Road_Name,Loc_Suburb,Loc_Local_Government_Area,Loc_Post_Code,Loc_Police_Division,Loc_Police_District,Loc_Police_Region,Loc_Queensland_Transport_Region,Loc_Main_Roads_Region,Loc_ABS_Statistical_Area_2,Loc_ABS_Statistical_Area_3,Loc_ABS_Statistical_Area_4,Loc_ABS_Remoteness,Loc_State_Electorate,Loc_Federal_Electorate,Crash_Controlling_Authority,Crash_Roadway_Feature,Crash_Traffic_Control,Crash_Speed_Limit,Crash_Road_Surface_Condition,Crash_Atmospheric_Condition,Crash_Lighting_Condition,Crash_Road_Horiz_Align,Crash_Road_Vert_Align,Crash_DCA_Code,Crash_DCA_Description,Crash_DCA_Group_Description,DCA_Key_Approach_Dir,Count_Casualty_Fatality,Count_Casualty_Hospitalised,Count_Casualty_MedicallyTreated,Count_Casualty_MinorInjury,Count_Casualty_Total,Count_Unit_Car,Count_Unit_Motorcycle_Moped,Count_Unit_Truck,Count_Unit_Bus,Count_Unit_Bicycle,Count_Unit_Pedestrian,Count_Unit_Other,
322791,Minor injury,2021,March,Thursday,15,Rear-end,Multi-Vehicle,152.9780181,-27.26981844,Anzac Ave,Dayboro Rd,Brisbane - Woodford Road,Petrie,Moreton Bay Region,4502,Petrie,Moreton,North Coast,SEQ North,North Coast,Petrie,Strathpine,Moreton Bay - South,Major Cities,Kurwongbah,Dickson,State-controlled,Intersection - Roundabout,Give way sign,60 km/h,Sealed - Dry,Clear,Daylight,Curved - view open,Level,302,Veh'S Same Direction: Left Rear,Rear-end,E,0,0,0,1,1,2,0,0,0,0,0,0
322792,Medical treatment,2021,March,Friday,14,Angle,Multi-Vehicle,152.9841601,-27.30259144,Bland St,Samsonvale Rd,,Strathpine,Moreton Bay Region,4500,Petrie,Moreton,North Coast,SEQ North,North Coast,Strathpine - Brendale,Strathpine,Moreton Bay - South,Major Cities,Pine Rivers,Dickson,Locally-controlled,Intersection - T-Junction,Give way sign,60 km/h,Sealed - Dry,Clear,Daylight,Straight,Level,104,Veh'S Adjacent Approach: Thru-Right,Intersection from adjacent approaches,W,0,0,1,0,1,2,0,0,0,0,0,0
322793,Minor injury,2021,March,Sunday,11,Angle,Multi-Vehicle,152.9924451,-27.29420344,Bells Pocket Rd,Cahill St,,Strathpine,Moreton Bay Region,4500,Petrie,Moreton,North Coast,SEQ North,North Coast,Strathpine - Brendale,Strathpine,Moreton Bay - South,Major Cities,Pine Rivers,Dickson,Locally-controlled,Intersection - T-Junction,Give way sign,60 km/h,Sealed - Dry,Clear,Daylight,Straight,Level,100,Veh'S Adjacent Approach: Other,Intersection from adjacent approaches,N,0,0,0,1,1,2,0,0,0,0,0,0
322794,Medical treatment,2021,March,Sunday,15,Angle,Multi-Vehicle,153.0151131,-27.27252244,Castle Hill Dr,Dohles Rocks Rd,,Murrumba Downs,Moreton Bay Region,4503,Mango Hill North Lakes,Moreton,North Coast,SEQ North,North Coast,Murrumba Downs - Griffin,North Lakes,Moreton Bay - South,Major Cities,Murrumba,Dickson,Locally-controlled,Intersection - Cross,Operating traffic lights,60 km/h,Sealed - Dry,Clear,Daylight,Straight,Grade,202,Veh'S Opposite Approach: Thru-Right,Opposing vehicles turning,E,0,0,2,0,2,2,0,0,0,0,0,0
322795,Minor injury,2021,March,Tuesday,16,Rear-end,Multi-Vehicle,153.0123561,-27.24218144,Bruce Hwy,Prospect St,Bruce Highway (Brisbane - Gympie),North Lakes,Moreton Bay Region,4509,Mango Hill North Lakes,Moreton,North Coast,SEQ North,North Coast,North Lakes - Mango Hill,North Lakes,Moreton Bay - South,Major Cities,Bancroft,Petrie,State-controlled,Intersection - T-Junction,Give way sign,0 - 50 km/h,Sealed - Dry,Clear,Daylight,Straight,Grade,302,Veh'S Same Direction: Left Rear,Rear-end,S,0,0,0,1,1,2,0,0,0,0,0,0
322796,Minor injury,2021,March,Friday,8,Hit pedestrian,Hit pedestrian,153.0351161,-27.23086444,Capestone Blvd,Stodart Tce,,Mango Hill,Moreton Bay Region,4509,Mango Hill North Lakes,Moreton,North Coast,SEQ North,North Coast,North Lakes - Mango Hill,North Lakes,Moreton Bay - South,Major Cities,Murrumba,Petrie,Locally-controlled,Intersection - Roundabout,Pedestrian operated lights,60 km/h,Sealed - Dry,Clear,Daylight,Straight,Level,1,Ped'N: Near Side Vehicle Hit From Right,Pedestrian,U,0,0,0,1,1,1,0,0,0,0,1,0
322797,Minor injury,2021,March,Friday,18,Rear-end,Multi-Vehicle,152.9505601,-27.28305844,Francis Rd,Gordons Crossing Rd E,,Bray Park,Moreton Bay Region,4500,Petrie,Moreton,North Coast,SEQ North,North Coast,Cashmere,The Hills District,Moreton Bay - South,Major Cities,Kurwongbah,Dickson,Locally-controlled,Intersection - Cross,Operating traffic lights,60 km/h,Sealed - Dry,Clear,Dawn/Dusk,Straight,Level,301,Veh'S Same Direction: Rear End,Rear-end,E,0,0,0,1,1,2,0,0,0,0,0,0
322798,Minor injury,2021,March,Saturday,22,Angle,Multi-Vehicle,153.0152141,-27.27260144,Castle Hill Dr,Dohles Rocks Rd,,Murrumba Downs,Moreton Bay Region,4503,Mango Hill North Lakes,Moreton,North Coast,SEQ North,North Coast,Murrumba Downs - Griffin,North Lakes,Moreton Bay - South,Major Cities,Murrumba,Dickson,Locally-controlled,Intersection - Cross,Operating traffic lights,70 km/h,Sealed - Dry,Clear,Darkness - Lighted,Straight,Grade,202,Veh'S Opposite Approach: Thru-Right,Opposing vehicles turning,E,0,0,0,1,1,2,0,0,0,0,0,0
322799,Hospitalisation,2021,March,Sunday,9,Angle,Multi-Vehicle,153.0279981,-27.23157544,Memorial Dr,Diamond Jubilee Way,,North Lakes,Moreton Bay Region,4509,Mango Hill North Lakes,Moreton,North Coast,SEQ North,North Coast,North Lakes - Mango Hill,North Lakes,Moreton Bay - South,Major Cities,Bancroft,Petrie,Locally-controlled,Intersection - Cross,Operating traffic lights,70 km/h,Sealed - Dry,Clear,Daylight,Straight,Level,101,Veh'S Adjacent Approach: Thru-Thru,Intersection from adjacent approaches,S,0,3,0,0,3,2,0,0,0,0,0,0
322800,Hospitalisation,2021,March,Sunday,16,Rear-end,Multi-Vehicle,152.8724711,-27.20672343,Dayboro Rd,,Brisbane - Woodford Road,Rush Creek,Moreton Bay Region,4521,Dayboro,Moreton,North Coast,SEQ North,North Coast,Dayboro,The Hills District,Moreton Bay - South,Inner Regional,Pine Rivers,Dickson,State-controlled,No Roadway Feature,No traffic control,100 - 110 km/h,Sealed - Dry,Clear,Daylight,Curved - view open,Grade,302,Veh'S Same Direction: Left Rear,Rear-end,E,0,1,0,0,1,1,1,0,0,0,0,0
322801,Hospitalisation,2021,March,Sunday,18,Fall from vehicle,Single Vehicle,152.9577531,-27.26260444,Dayboro Rd,Youngs Crossing Rd,Brisbane - Woodford Road,Petrie,Moreton Bay Region,4502,Petrie,Moreton,North Coast,SEQ North,North Coast,Petrie,Strathpine,Moreton Bay - South,Major Cities,Kurwongbah,Dickson,State-controlled,Intersection - T-Junction,Operating traffic lights,60 km/h,Sealed - Dry,Clear,Darkness - Lighted,Curved - view open,Grade,805,Off Path-Curve: Out Of Control On Cway,Out of control on curve,E,0,1,0,0,1,0,1,0,0,0,0,0
322802,Minor injury,2021,March,Monday,19,Hit pedestrian,Hit pedestrian,152.9895991,-27.30530344,Gympie Rd,,,Strathpine,Moreton Bay Region,4500,Petrie,Moreton,North Coast,SEQ North,North Coast,Strathpine - Brendale,Strathpine,Moreton Bay - South,Major Cities,Pine Rivers,Dickson,Locally-controlled,No Roadway Feature,No traffic control,60 km/h,Sealed - Wet,Raining,Darkness - Lighted,Straight,Level,7,Ped'N: Hit By Vehicle Enter/Leave D'Way,Pedestrian,W,0,0,0,1,1,1,0,0,0,0,1,0
322803,Medical treatment,2021,March,Tuesday,20,Angle,Multi-Vehicle,152.9815471,-27.27797544,Gympie Rd,Leis Pde,Brisbane - Woodford Road,Lawnton,Moreton Bay Region,4501,Petrie,Moreton,North Coast,SEQ North,North Coast,Lawnton,Strathpine,Moreton Bay - South,Major Cities,Pine Rivers,Dickson,State-controlled,Intersection - T-Junction,Give way sign,70 km/h,Sealed - Wet,Raining,Darkness - Lighted,Straight,Level,104,Veh'S Adjacent Approach: Thru-Right,Intersection from adjacent approaches,N,0,0,2,0,2,2,0,0,0,0,0,0
322804,Hospitalisation,2021,March,Wednesday,2,Head-on,Multi-Vehicle,152.9733041,-27.29523344,Kensington Way,,,Bray Park,Moreton Bay Region,4500,Petrie,Moreton,North Coast,SEQ North,North Coast,Bray Park,Strathpine,Moreton Bay - South,Major Cities,Pine Rivers,Dickson,Locally-controlled,No Roadway Feature,No traffic control,60 km/h,Sealed - Wet,Raining,Darkness - Lighted,Curved - view open,Grade,201,Veh'S Opposite Approach: Head On,Head-on,S,0,1,0,1,2,2,0,0,0,0,0,0
322805,Medical treatment,2021,March,Wednesday,15,Rear-end,Multi-Vehicle,152.9749151,-27.29732944,Kensington Way,Sovereign Ave,,Bray Park,Moreton Bay Region,4500,Petrie,Moreton,North Coast,SEQ North,North Coast,Bray Park,Strathpine,Moreton Bay - South,Major Cities,Pine Rivers,Dickson,Locally-controlled,Intersection - T-Junction,Operating traffic lights,60 km/h,Sealed - Wet,Raining,Daylight,Straight,Grade,303,Veh'S Same Direction: Right Rear,Rear-end,N,0,0,1,0,1,2,0,0,0,0,0,0
322806,Hospitalisation,2021,March,Wednesday,6,Rear-end,Multi-Vehicle,153.0132601,-27.24315944,Bruce Hwy,,Bruce Highway (Brisbane - Gympie),North Lakes,Moreton Bay Region,4509,Mango Hill North Lakes,Moreton,North Coast,SEQ North,North Coast,North Lakes - Mango Hill,North Lakes,Moreton Bay - South,Major Cities,Bancroft,Petrie,State-controlled,No Roadway Feature,No traffic control,100 - 110 km/h,Sealed - Wet,Raining,Daylight,Straight,Level,301,Veh'S Same Direction: Rear End,Rear-end,S,0,1,0,0,1,2,0,0,0,0,0,0
322807,Medical treatment,2021,March,Thursday,11,Angle,Multi-Vehicle,152.9586711,-27.29781044,Brisbane Rd,Old North Rd,,Warner,Moreton Bay Region,4500,Petrie,Moreton,North Coast,SEQ North,North Coast,Cashmere,The Hills District,Moreton Bay - South,Major Cities,Pine Rivers,Dickson,Locally-controlled,Intersection - T-Junction,Operating traffic lights,70 km/h,Sealed - Dry,Clear,Daylight,Straight,Level,104,Veh'S Adjacent Approach: Thru-Right,Intersection from adjacent approaches,N,0,0,3,0,3,2,0,0,0,0,0,0
322808,Medical treatment,2021,March,Friday,18,Angle,Multi-Vehicle,152.9586361,-27.29776244,Brisbane Rd,Old North Rd,,Warner,Moreton Bay Region,4500,Petrie,Moreton,North Coast,SEQ North,North Coast,Cashmere,The Hills District,Moreton Bay - South,Major Cities,Pine Rivers,Dickson,Locally-controlled,Intersection - T-Junction,Operating traffic lights,70 km/h,Sealed - Dry,Clear,Darkness - Lighted,Curved - view obscured,Level,202,Veh'S Opposite Approach: Thru-Right,Opposing vehicles turning,S,0,0,1,0,1,2,0,0,0,0,0,0
322809,Hospitalisation,2021,March,Friday,21,Hit object,Single Vehicle,153.0240391,-27.26134144,Brays Rd,,,Griffin,Moreton Bay Region,4503,Mango Hill North Lakes,Moreton,North Coast,SEQ North,North Coast,Murrumba Downs - Griffin,North Lakes,Moreton Bay - South,Major Cities,Murrumba,Petrie,Locally-controlled,No Roadway Feature,No traffic control,60 km/h,Sealed - Dry,Clear,Darkness - Lighted,Straight,Level,400,Veh'S Manoeuvring: Other,Other,S,0,1,0,0,1,1,0,0,0,0,0,0
322810,Medical treatment,2021,March,Saturday,10,Angle,Multi-Vehicle,153.0117061,-27.23816144,North Lakes Dr,,,North Lakes,Moreton Bay Region,4509,Mango Hill North Lakes,Moreton,North Coast,SEQ North,North Coast,North Lakes - Mango Hill,North Lakes,Moreton Bay - South,Major Cities,Bancroft,Petrie,Locally-controlled,No Roadway Feature,No traffic control,0 - 50 km/h,Sealed - Dry,Clear,Daylight,Straight,Level,406,Veh'S Manoeuvring: Leaving Driveway,Vehicle leaving driveway,W,0,0,1,0,1,1,0,0,0,1,0,0
322811,Minor injury,2021,March,Sunday,11,Angle,Multi-Vehicle,152.9993113,-27.2204016,Flinders Pde,,,North Lakes,Moreton Bay Region,4509,Mango Hill North Lakes,Moreton,North Coast,SEQ North,North Coast,North Lakes - Mango Hill,North Lakes,Moreton Bay - South,Major Cities,Bancroft,Petrie,Locally-controlled,No Roadway Feature,No traffic control,0 - 50 km/h,Sealed - Dry,Clear,Daylight,Straight,Level,406,Veh'S Manoeuvring: Leaving Driveway,Vehicle leaving driveway,S,0,0,0,2,2,2,0,0,0,0,0,0
322812,Hospitalisation,2021,March,Tuesday,7,Overturned,Single Vehicle,152.8563351,-27.20319043,Dayboro Rd,,Brisbane - Woodford Road,Rush Creek,Moreton Bay Region,4521,Dayboro,Moreton,North Coast,SEQ North,North Coast,Dayboro,The Hills District,Moreton Bay - South,Inner Regional,Pine Rivers,Dickson,State-controlled,No Roadway Feature,No traffic control,100 - 110 km/h,Sealed - Wet,Raining,Daylight,Curved - view open,Dip,803,Off Path-Curve: Off Cway Rt Bend Hit Obj,Off carriageway on curve hit object,E,0,2,0,0,2,1,0,0,0,0,0,0
322813,Medical treatment,2021,March,Thursday,7,Rear-end,Multi-Vehicle,153.0296431,-27.26999944,Henry Rd,,,Griffin,Moreton Bay Region,4503,Mango Hill North Lakes,Moreton,North Coast,SEQ North,North Coast,Murrumba Downs - Griffin,North Lakes,Moreton Bay - South,Major Cities,Murrumba,Petrie,Locally-controlled,No Roadway Feature,No traffic control,70 km/h,Sealed - Dry,Clear,Daylight,Straight,Level,301,Veh'S Same Direction: Rear End,Rear-end,S,0,0,1,0,1,3,0,0,0,0,0,0
322814,Medical treatment,2021,March,Thursday,9,Rear-end,Multi-Vehicle,153.0197688,-27.24324382,Anzac Ave,,Redcliffe Road,Mango Hill,Moreton Bay Region,4509,Mango Hill North Lakes,Moreton,North Coast,SEQ North,North Coast,North Lakes - Mango Hill,North Lakes,Moreton Bay - South,Major Cities,Bancroft,Petrie,State-controlled,No Roadway Feature,No traffic control,60 km/h,Sealed - Dry,Clear,Daylight,Curved - view open,Level,301,Veh'S Same Direction: Rear End,Rear-end,E,0,0,1,0,1,3,0,0,0,0,0,0
322815,Medical treatment,2021,March,Friday,11,Angle,Multi-Vehicle,152.9724851,-27.24893644,Eucumbene Dr,Narangba Rd,,Petrie,Moreton Bay Region,4502,Petrie,Moreton,North Coast,SEQ North,North Coast,Petrie,Strathpine,Moreton Bay - South,Major Cities,Kurwongbah,Dickson,Locally-controlled,Intersection - T-Junction,No traffic control,60 km/h,Sealed - Dry,Clear,Daylight,Curved - view open,Level,102,Veh'S Adjacent Approach: Right-Thru,Intersection from adjacent approaches,E,0,0,1,0,1,2,0,0,0,0,0,0
322816,Hospitalisation,2021,March,Saturday,14,Rear-end,Multi-Vehicle,152.9760769,-27.26899764,Dayboro Rd,,Brisbane - Woodford Road,Petrie,Moreton Bay Region,4502,Petrie,Moreton,North Coast,SEQ North,North Coast,Petrie,Strathpine,Moreton Bay - South,Major Cities,Kurwongbah,Dickson,State-controlled,No Roadway Feature,No traffic control,60 km/h,Sealed - Dry,Clear,Daylight,Straight,Crest,302,Veh'S Same Direction: Left Rear,Rear-end,N,0,1,0,0,1,2,0,0,0,0,0,0
322817,Medical treatment,2021,March,Sunday,11,Angle,Multi-Vehicle,152.9676371,-27.28559744,Baker St,Francis Rd,,Lawnton,Moreton Bay Region,4501,Petrie,Moreton,North Coast,SEQ North,North Coast,Bray Park,Strathpine,Moreton Bay - South,Major Cities,Pine Rivers,Dickson,Locally-controlled,Intersection - T-Junction,Give way sign,60 km/h,Sealed - Dry,Clear,Daylight,Straight,Level,104,Veh'S Adjacent Approach: Thru-Right,Intersection from adjacent approaches,W,0,0,1,0,1,2,0,0,0,0,0,0
322818,Minor injury,2021,March,Sunday,14,Angle,Multi-Vehicle,152.9962481,-27.21288944,Cook Ct,,,North Lakes,Moreton Bay Region,4509,Mango Hill North Lakes,Moreton,North Coast,SEQ North,North Coast,North Lakes - Mango Hill,North Lakes,Moreton Bay - South,Major Cities,Bancroft,Petrie,Locally-controlled,No Roadway Feature,No traffic control,0 - 50 km/h,Sealed - Dry,Clear,Daylight,Straight,Level,406,Veh'S Manoeuvring: Leaving Driveway,Vehicle leaving driveway,E,0,0,0,1,1,2,0,0,0,0,0,0
322819,Hospitalisation,2021,April,Thursday,14,Rear-end,Multi-Vehicle,152.9523611,-27.29124844,Samsonvale Rd,,,Warner,Moreton Bay Region,4500,Petrie,Moreton,North Coast,SEQ North,North Coast,Cashmere,The Hills District,Moreton Bay - South,Major Cities,Pine Rivers,Dickson,Locally-controlled,Intersection - T-Junction,Operating traffic lights,60 km/h,Sealed - Dry,Clear,Daylight,Straight,Level,302,Veh'S Same Direction: Left Rear,Rear-end,W,0,1,0,0,1,2,0,0,0,0,0,0
322820,Medical treatment,2021,April,Saturday,12,Rear-end,Multi-Vehicle,153.0012811,-27.21417344,Aurora Blvd,,,North Lakes,Moreton Bay Region,4509,Mango Hill North Lakes,Moreton,North Coast,SEQ North,North Coast,North Lakes - Mango Hill,North Lakes,Moreton Bay - South,Major Cities,Bancroft,Petrie,Locally-controlled,No Roadway Feature,No traffic control,60 km/h,Sealed - Dry,Clear,Daylight,Straight,Level,301,Veh'S Same Direction: Rear End,Rear-end,W,0,0,1,1,2,2,0,0,0,0,0,0
322821,Medical treatment,2021,April,Monday,15,Hit object,Single Vehicle,152.8608941,-27.20761443,Dayboro Rd,,Brisbane - Woodford Road,Rush Creek,Moreton Bay Region,4521,Dayboro,Moreton,North Coast,SEQ North,North Coast,Dayboro,The Hills District,Moreton Bay - South,Inner Regional,Pine Rivers,Dickson,State-controlled,No Roadway Feature,No traffic control,100 - 110 km/h,Sealed - Wet,Raining,Daylight,Curved - view open,Grade,804,Off Path-Curve: Off Cway Lt Bend Hit Obj,Off carriageway on curve hit object,E,0,0,1,0,1,1,0,0,0,0,0,0
322822,Hospitalisation,2021,April,Monday,15,Hit object,Single Vehicle,152.9785408,-27.27051101,Gympie Rd,,Brisbane - Woodford Road,Petrie,Moreton Bay Region,4502,Petrie,Moreton,North Coast,SEQ North,North Coast,Petrie,Strathpine,Moreton Bay - South,Major Cities,Kurwongbah,Dickson,State-controlled,No Roadway Feature,No traffic control,60 km/h,Sealed - Wet,Raining,Daylight,Curved - view open,Grade,804,Off Path-Curve: Off Cway Lt Bend Hit Obj,Off carriageway on curve hit object,S,0,1,0,0,1,1,0,0,0,0,0,0
322823,Minor injury,2021,April,Tuesday,5,Angle,Multi-Vehicle,152.9491331,-27.27919544,Todds Rd,Youngs Crossing Rd,,Joyner,Moreton Bay Region,4500,Petrie,Moreton,North Coast,SEQ North,North Coast,Lawnton,Strathpine,Moreton Bay - South,Major Cities,Kurwongbah,Dickson,Locally-controlled,Intersection - T-Junction,Give way sign,60 km/h,Sealed - Wet,Raining,Daylight,Curved - view open,Level,102,Veh'S Adjacent Approach: Right-Thru,Intersection from adjacent approaches,W,0,0,0,1,1,2,0,0,0,0,0,0
322824,Hospitalisation,2021,April,Sunday,0,Hit object,Single Vehicle,153.0415481,-27.22154444,Anzac Ave,,Redcliffe Road,Mango Hill,Moreton Bay Region,4509,Mango Hill North Lakes,Moreton,North Coast,SEQ North,North Coast,North Lakes - Mango Hill,North Lakes,Moreton Bay - South,Major Cities,Bancroft,Petrie,State-controlled,No Roadway Feature,No traffic control,70 km/h,Sealed - Dry,Clear,Darkness - Lighted,Curved - view open,Level,803,Off Path-Curve: Off Cway Rt Bend Hit Obj,Off carriageway on curve hit object,E,0,1,0,0,1,0,1,0,0,0,0,0
322825,Medical treatment,2021,April,Thursday,13,Angle,Multi-Vehicle,152.9784691,-27.30664944,Livingstone St,Stanley St,,Brendale,Moreton Bay Region,4500,Petrie,Moreton,North Coast,SEQ North,North Coast,Strathpine - Brendale,Strathpine,Moreton Bay - South,Major Cities,Pine Rivers,Dickson,Locally-controlled,Intersection - T-Junction,Give way sign,60 km/h,Sealed - Dry,Clear,Daylight,Straight,Level,104,Veh'S Adjacent Approach: Thru-Right,Intersection from adjacent approaches,E,0,0,3,0,3,2,0,0,0,0,0,0
322826,Hospitalisation,2021,April,Saturday,22,Head-on,Multi-Vehicle,152.9529811,-27.26959444,Protheroe Rd,Youngs Crossing Rd,,Joyner,Moreton Bay Region,4500,Petrie,Moreton,North Coast,SEQ North,North Coast,Lawnton,Strathpine,Moreton Bay - South,Major Cities,Kurwongbah,Dickson,Locally-controlled,Intersection - T-Junction,Give way sign,70 km/h,Sealed - Dry,Clear,Darkness - Not lighted,Straight,Grade,104,Veh'S Adjacent Approach: Thru-Right,Intersection from adjacent approaches,N,0,1,0,0,1,2,0,0,0,0,0,0
322827,Hospitalisation,2021,April,Sunday,19,Hit object,Single Vehicle,152.9740281,-27.22728944,Narangba Rd,,,Kurwongbah,Moreton Bay Region,4503,Petrie,Moreton,North Coast,SEQ North,North Coast,Dayboro,The Hills District,Moreton Bay - South,Major Cities,Kurwongbah,Dickson,Locally-controlled,No Roadway Feature,No traffic control,70 km/h,Sealed - Dry,Clear,Darkness - Lighted,Curved - view open,Level,805,Off Path-Curve: Out Of Control On Cway,Out of control on curve,S,0,1,0,0,1,1,0,0,0,0,0,0
322828,Hospitalisation,2021,April,Thursday,6,Rear-end,Multi-Vehicle,153.0206821,-27.28536344,Bruce Hwy,,Bruce Highway (Brisbane - Gympie),Griffin,Moreton Bay Region,4503,Mango Hill North Lakes,Moreton,North Coast,SEQ North,North Coast,Murrumba Downs - Griffin,North Lakes,Moreton Bay - South,Major Cities,Murrumba,Petrie,State-controlled,No Roadway Feature,No traffic control,100 - 110 km/h,Sealed - Dry,Clear,Daylight,Curved - view open,Level,301,Veh'S Same Direction: Rear End,Rear-end,S,0,1,0,0,1,0,1,1,0,0,0,0
322829,Medical treatment,2021,April,Friday,15,Rear-end,Multi-Vehicle,153.028965,-27.27269156,Henry Rd,,,Griffin,Moreton Bay Region,4503,Mango Hill North Lakes,Moreton,North Coast,SEQ North,North Coast,Murrumba Downs - Griffin,North Lakes,Moreton Bay - South,Major Cities,Murrumba,Petrie,Locally-controlled,No Roadway Feature,No traffic control,60 km/h,Sealed - Dry,Clear,Daylight,Straight,Grade,301,Veh'S Same Direction: Rear End,Rear-end,S,0,0,1,0,1,2,0,0,0,0,0,0
322830,Medical treatment,2021,April,Friday,18,Angle,Multi-Vehicle,152.9467361,-27.29029144,Kurrajong Dr,Samsonvale Rd,,Joyner,Moreton Bay Region,4500,Petrie,Moreton,North Coast,SEQ North,North Coast,Cashmere,The Hills District,Moreton Bay - South,Major Cities,Pine Rivers,Dickson,Locally-controlled,Intersection - T-Junction,Give way sign,70 km/h,Sealed - Dry,Clear,Darkness - Lighted,Straight,Level,104,Veh'S Adjacent Approach: Thru-Right,Intersection from adjacent approaches,W,0,0,1,0,1,2,0,0,0,0,0,0
322831,Medical treatment,2021,April,Saturday,14,Angle,Multi-Vehicle,152.9807801,-27.22643644,Alma Rd,Marsden Rd,,Dakabin,Moreton Bay Region,4503,Petrie,Moreton,North Coast,SEQ North,North Coast,Dakabin - Kallangur,North Lakes,Moreton Bay - South,Major Cities,Murrumba,Longman,Locally-controlled,Intersection - T-Junction,Stop sign,60 km/h,Sealed - Dry,Clear,Daylight,Straight,Level,104,Veh'S Adjacent Approach: Thru-Right,Intersection from adjacent approaches,W,0,0,1,0,1,2,0,0,0,0,0,0
322832,Medical treatment,2021,April,Monday,10,Hit object,Single Vehicle,153.0202164,-27.28713384,Bruce Hwy,,Bruce Highway (Brisbane - Gympie),Murrumba Downs,Moreton Bay Region,4503,Mango Hill North Lakes,Moreton,North Coast,SEQ North,North Coast,Murrumba Downs - Griffin,North Lakes,Moreton Bay - South,Major Cities,Murrumba,Dickson,State-controlled,No Roadway Feature,No traffic control,100 - 110 km/h,Sealed - Dry,Clear,Daylight,Straight,Level,704,Off Path-Straight:Right Off Cway Hit Obj,Off carriageway on straight hit object,N,0,0,1,0,1,1,0,0,0,0,0,0
322833,Hospitalisation,2021,April,Tuesday,16,Angle,Multi-Vehicle,152.9553091,-27.29371044,Everest St,Old North Rd,,Warner,Moreton Bay Region,4500,Petrie,Moreton,North Coast,SEQ North,North Coast,Cashmere,The Hills District,Moreton Bay - South,Major Cities,Pine Rivers,Dickson,Locally-controlled,Intersection - T-Junction,Operating traffic lights,60 km/h,Sealed - Dry,Clear,Daylight,Straight,Level,202,Veh'S Opposite Approach: Thru-Right,Opposing vehicles turning,E,0,1,1,1,3,3,0,0,0,0,0,0
322834,Minor injury,2021,April,Wednesday,17,Angle,Multi-Vehicle,152.9784691,-27.30664944,Livingstone St,Stanley St,,Brendale,Moreton Bay Region,4500,Petrie,Moreton,North Coast,SEQ North,North Coast,Strathpine - Brendale,Strathpine,Moreton Bay - South,Major Cities,Pine Rivers,Dickson,Locally-controlled,Intersection - T-Junction,Give way sign,60 km/h,Sealed - Dry,Clear,Daylight,Straight,Level,104,Veh'S Adjacent Approach: Thru-Right,Intersection from adjacent approaches,E,0,0,0,1,1,2,0,0,0,0,0,0
322835,Hospitalisation,2021,April,Wednesday,15,Hit pedestrian,Hit pedestrian,152.9694471,-27.26592544,Boona St,,,Petrie,Moreton Bay Region,4502,Petrie,Moreton,North Coast,SEQ North,North Coast,Petrie,Strathpine,Moreton Bay - South,Major Cities,Kurwongbah,Dickson,Locally-controlled,No Roadway Feature,No traffic control,0 - 50 km/h,Sealed - Dry,Clear,Daylight,Straight,Level,3,Ped'N: Far Side Vehicle Hit From Left,Pedestrian,E,0,1,0,0,1,1,0,0,0,0,1,0
322836,Hospitalisation,2021,April,Friday,13,Angle,Multi-Vehicle,153.0064681,-27.22753044,Endeavour Blvd,Diamond Jubilee Way,,North Lakes,Moreton Bay Region,4509,Mango Hill North Lakes,Moreton,North Coast,SEQ North,North Coast,North Lakes - Mango Hill,North Lakes,Moreton Bay - South,Major Cities,Bancroft,Petrie,Locally-controlled,Intersection - Cross,Operating traffic lights,80 - 90 km/h,Sealed - Dry,Raining,Daylight,Curved - view open,Level,101,Veh'S Adjacent Approach: Thru-Thru,Intersection from adjacent approaches,S,0,1,1,0,2,3,0,0,0,0,0,0
322837,Hospitalisation,2021,April,Friday,17,Rear-end,Multi-Vehicle,153.0160855,-27.24773136,Bruce Hwy,,Redcliffe Road,Kallangur,Moreton Bay Region,4503,Mango Hill North Lakes,Moreton,North Coast,SEQ North,North Coast,Dakabin - Kallangur,North Lakes,Moreton Bay - South,Major Cities,Murrumba,Longman,State-controlled,No Roadway Feature,No traffic control,60 km/h,Sealed - Wet,Raining,Darkness - Lighted,Straight,Grade,303,Veh'S Same Direction: Right Rear,Rear-end,W,0,1,0,0,1,3,0,0,0,0,0,0
322838,Medical treatment,2021,April,Friday,16,Sideswipe,Multi-Vehicle,152.9889857,-27.31409742,South Pine Rd,,South Pine Road,Brendale,Moreton Bay Region,4500,Petrie,Moreton,North Coast,SEQ North,North Coast,Strathpine - Brendale,Strathpine,Moreton Bay - South,Major Cities,Pine Rivers,Dickson,State-controlled,No Roadway Feature,No traffic control,60 km/h,Sealed - Dry,Clear,Daylight,Straight,Level,308,Veh'S Same Direction: Right Turn S/Swipe,Parallel lanes turning,N,0,0,1,0,1,2,0,0,0,0,0,0