Crash_Severity,Crash_Year,Crash_Month,Crash_Day_Of_Week,Crash_Hour,Crash_Nature,Crash_Type,Crash_Longitude,Crash_Latitude,Crash_Street,Crash_Street_Intersecting,State_Road_Name,Loc_Suburb,Loc_Local_Government_Area,Loc_Post_Code,Loc_Police_Division,Loc_Police_District,Loc_Police_Region,Loc_Queensland_Transport_Region,Loc_Main_Roads_Region,Loc_ABS_Statistical_Area_2,Loc_ABS_Statistical_Area_3,Loc_ABS_Statistical_Area_4,Loc_ABS_Remoteness,Loc_State_Electorate,Loc_Federal_Electorate,Crash_Controlling_Authority,Crash_Roadway_Feature,Crash_Traffic_Control,Crash_Speed_Limit,Crash_Road_Surface_Condition,Crash_Atmospheric_Condition,Crash_Lighting_Condition,Crash_Road_Horiz_Align,Crash_Road_Vert_Align,Crash_DCA_Code,Crash_DCA_Description,Crash_DCA_Group_Description,DCA_Key_Approach_Dir,Count_Casualty_Fatality,Count_Casualty_Hospitalised,Count_Casualty_MedicallyTreated,Count_Casualty_MinorInjury,Count_Casualty_Total,Count_Unit_Car,Count_Unit_Motorcycle_Moped,Count_Unit_Truck,Count_Unit_Bus,Count_Unit_Bicycle,Count_Unit_Pedestrian,Count_Unit_Other,
322839,Medical treatment,2021,May,Monday,11,Fall from vehicle,Single Vehicle,153.0246241,-27.24183044,Discovery Dr,Halpine Dr,Redcliffe Road,Mango Hill,Moreton Bay Region,4509,Mango Hill North Lakes,Moreton,North Coast,SEQ North,North Coast,North Lakes - Mango Hill,North Lakes,Moreton Bay - South,Major Cities,Murrumba,Petrie,State-controlled,Intersection - Cross,Operating traffic lights,60 km/h,Sealed - Dry,Clear,Daylight,Straight,Level,202,Veh'S Opposite Approach: Thru-Right,Opposing vehicles turning,E,0,0,1,0,1,2,0,0,0,0,0,0
322840,Medical treatment,2021,May,Monday,17,Rear-end,Multi-Vehicle,153.0249211,-27.24146644,Anzac Ave,Redcliffe Rd,Redcliffe Road,Mango Hill,Moreton Bay Region,4509,Mango Hill North Lakes,Moreton,North Coast,SEQ North,North Coast,North Lakes - Mango Hill,North Lakes,Moreton Bay - South,Major Cities,Bancroft,Petrie,State-controlled,Intersection - T-Junction,Give way sign,0 - 50 km/h,Sealed - Dry,Clear,Daylight,Straight,Level,302,Veh'S Same Direction: Left Rear,Rear-end,N,0,0,1,0,1,2,0,0,0,0,0,0
322841,Medical treatment,2021,May,Wednesday,10,Rear-end,Multi-Vehicle,152.9625581,-27.25718944,Beeville Rd,Mona Vale Way,,Petrie,Moreton Bay Region,4502,Petrie,Moreton,North Coast,SEQ North,North Coast,Petrie,Strathpine,Moreton Bay - South,Major Cities,Kurwongbah,Dickson,Locally-controlled,Intersection - T-Junction,No traffic control,0 - 50 km/h,Sealed - Wet,Raining,Daylight,Straight,Crest,303,Veh'S Same Direction: Right Rear,Rear-end,S,0,0,1,0,1,2,0,0,0,0,0,0
322842,Medical treatment,2021,May,Friday,17,Rear-end,Multi-Vehicle,153.0190778,-27.27866712,Bruce Hwy,,Bruce Highway (Brisbane - Gympie),Murrumba Downs,Moreton Bay Region,4503,Mango Hill North Lakes,Moreton,North Coast,SEQ North,North Coast,Murrumba Downs - Griffin,North Lakes,Moreton Bay - South,Major Cities,Murrumba,Dickson,State-controlled,No Roadway Feature,No traffic control,100 - 110 km/h,Sealed - Dry,Clear,Darkness - Lighted,Straight,Level,301,Veh'S Same Direction: Rear End,Rear-end,N,0,0,1,0,1,1,0,0,0,0,0,1
322843,Medical treatment,2021,May,Friday,9,Sideswipe,Multi-Vehicle,152.9897411,-27.29647144,Ash Ct,,,Strathpine,Moreton Bay Region,4500,Petrie,Moreton,North Coast,SEQ North,North Coast,Strathpine - Brendale,Strathpine,Moreton Bay - South,Major Cities,Pine Rivers,Dickson,Locally-controlled,No Roadway Feature,No traffic control,0 - 50 km/h,Sealed - Dry,Clear,Daylight,Straight,Level,401,Veh'S Manoeuvring: Leaving Parking,Vehicle leaving driveway,W,0,0,1,0,1,2,0,0,0,0,0,0
322844,Hospitalisation,2021,May,Saturday,17,Fall from vehicle,Single Vehicle,152.9496511,-27.30502144,Brisbane Rd,Prospect St,,Warner,Moreton Bay Region,4500,Petrie,Moreton,North Coast,SEQ North,North Coast,Cashmere,The Hills District,Moreton Bay - South,Major Cities,Pine Rivers,Dickson,Locally-controlled,Intersection - T-Junction,No traffic control,0 - 50 km/h,Sealed - Dry,Clear,Darkness - Lighted,Straight,Level,805,Off Path-Curve: Out Of Control On Cway,Out of control on curve,E,0,1,0,0,1,0,1,0,0,0,0,0
322845,Medical treatment,2021,May,Sunday,15,Hit pedestrian,Hit pedestrian,153.0148541,-27.27357444,Blyth Rd,,,Murrumba Downs,Moreton Bay Region,4503,Mango Hill North Lakes,Moreton,North Coast,SEQ North,North Coast,Murrumba Downs - Griffin,North Lakes,Moreton Bay - South,Major Cities,Murrumba,Dickson,Locally-controlled,No Roadway Feature,No traffic control,60 km/h,Sealed - Dry,Clear,Daylight,Straight,Level,5,Ped'N: Hit Walking With Traffic,Pedestrian,U,0,0,1,0,1,1,0,0,0,0,1,0
322846,Medical treatment,2021,May,Monday,12,Angle,Multi-Vehicle,152.9707001,-27.30475144,Bygrave St,Tecoma St,,Strathpine,Moreton Bay Region,4500,Petrie,Moreton,North Coast,SEQ North,North Coast,Strathpine - Brendale,Strathpine,Moreton Bay - South,Major Cities,Pine Rivers,Dickson,Locally-controlled,Intersection - T-Junction,No traffic control,60 km/h,Sealed - Dry,Clear,Daylight,Straight,Level,202,Veh'S Opposite Approach: Thru-Right,Opposing vehicles turning,W,0,0,1,0,1,2,0,0,0,0,0,0
322847,Hospitalisation,2021,May,Wednesday,15,Hit object,Single Vehicle,152.9732989,-27.30124107,Samsonvale Rd,,,Strathpine,Moreton Bay Region,4500,Petrie,Moreton,North Coast,SEQ North,North Coast,Strathpine - Brendale,Strathpine,Moreton Bay - South,Major Cities,Pine Rivers,Dickson,Locally-controlled,No Roadway Feature,No traffic control,60 km/h,Sealed - Dry,Clear,Daylight,Straight,Level,703,Off Path-Straight: Left Off Cway Hit Obj,Off carriageway on straight hit object,W,0,1,0,0,1,0,1,0,0,0,0,0
322848,Hospitalisation,2021,May,Saturday,11,Angle,Multi-Vehicle,152.9635281,-27.29440444,Gray Rd,Samsonvale Rd,,Bray Park,Moreton Bay Region,4500,Petrie,Moreton,North Coast,SEQ North,North Coast,Bray Park,Strathpine,Moreton Bay - South,Major Cities,Pine Rivers,Dickson,Locally-controlled,Intersection - T-Junction,Give way sign,60 km/h,Sealed - Dry,Clear,Daylight,Straight,Grade,105,Veh'S Adjacent Approach: Right-Right,Intersection from adjacent approaches,N,0,3,0,0,3,2,0,0,0,0,0,0
322849,Medical treatment,2021,May,Wednesday,14,Angle,Multi-Vehicle,153.0228731,-27.23742544,Discovery Dr,,,North Lakes,Moreton Bay Region,4509,Mango Hill North Lakes,Moreton,North Coast,SEQ North,North Coast,North Lakes - Mango Hill,North Lakes,Moreton Bay - South,Major Cities,Bancroft,Petrie,Locally-controlled,No Roadway Feature,No traffic control,0 - 50 km/h,Sealed - Dry,Clear,Daylight,Curved - view open,Level,800,Off Path-Curve: Other,Other,,0,0,1,0,1,1,0,0,0,1,0,0
322850,Medical treatment,2021,May,Thursday,17,Angle,Multi-Vehicle,152.9818821,-27.27913544,Gympie Rd,Station Rd,Brisbane - Woodford Road,Lawnton,Moreton Bay Region,4501,Petrie,Moreton,North Coast,SEQ North,North Coast,Lawnton,Strathpine,Moreton Bay - South,Major Cities,Pine Rivers,Dickson,State-controlled,Intersection - T-Junction,No traffic control,70 km/h,Sealed - Dry,Clear,Darkness - Lighted,Straight,Grade,202,Veh'S Opposite Approach: Thru-Right,Opposing vehicles turning,S,0,0,1,0,1,2,0,0,0,0,0,0
322851,Medical treatment,2021,May,Thursday,12,Angle,Multi-Vehicle,152.9755501,-27.26723244,Wyllie St,Young St,,Petrie,Moreton Bay Region,4502,Petrie,Moreton,North Coast,SEQ North,North Coast,Petrie,Strathpine,Moreton Bay - South,Major Cities,Kurwongbah,Dickson,Locally-controlled,Intersection - T-Junction,No traffic control,0 - 50 km/h,Sealed - Dry,Clear,Daylight,Straight,Grade,102,Veh'S Adjacent Approach: Right-Thru,Intersection from adjacent approaches,N,0,0,1,0,1,2,0,0,0,0,0,0
322852,Medical treatment,2021,May,Friday,11,Angle,Multi-Vehicle,152.9738981,-27.30140344,Craigan St,Samsonvale Rd,,Strathpine,Moreton Bay Region,4500,Petrie,Moreton,North Coast,SEQ North,North Coast,Strathpine - Brendale,Strathpine,Moreton Bay - South,Major Cities,Pine Rivers,Dickson,Locally-controlled,Intersection - T-Junction,No traffic control,60 km/h,Sealed - Dry,Clear,Daylight,Straight,Level,104,Veh'S Adjacent Approach: Thru-Right,Intersection from adjacent approaches,W,0,0,1,0,1,2,0,0,0,0,0,0
322853,Hospitalisation,2021,May,Friday,8,Fall from vehicle,Single Vehicle,152.9449761,-27.28218344,Gordons Crossing Rd E,,,Joyner,Moreton Bay Region,4500,Petrie,Moreton,North Coast,SEQ North,North Coast,Cashmere,The Hills District,Moreton Bay - South,Major Cities,Kurwongbah,Dickson,Locally-controlled,No Roadway Feature,No traffic control,60 km/h,Sealed - Dry,Clear,Daylight,Straight,Grade,906,Pass & Misc: Parked Car Ran Away,Other,N,0,1,0,0,1,1,0,0,0,0,0,0
322854,Medical treatment,2021,May,Friday,15,Hit object,Single Vehicle,153.0202181,-27.28706226,Bruce Hwy,,Bruce Highway (Brisbane - Gympie),Murrumba Downs,Moreton Bay Region,4503,Mango Hill North Lakes,Moreton,North Coast,SEQ North,North Coast,Murrumba Downs - Griffin,North Lakes,Moreton Bay - South,Major Cities,Murrumba,Dickson,State-controlled,No Roadway Feature,No traffic control,100 - 110 km/h,Sealed - Dry,Clear,Daylight,Straight,Level,400,Veh'S Manoeuvring: Other,Other,N,0,0,1,0,1,0,1,0,0,0,0,0
322855,Medical treatment,2021,May,Friday,18,Rear-end,Multi-Vehicle,152.9817471,-27.27869044,Gympie Rd,,Brisbane - Woodford Road,Lawnton,Moreton Bay Region,4501,Petrie,Moreton,North Coast,SEQ North,North Coast,Lawnton,Strathpine,Moreton Bay - South,Major Cities,Pine Rivers,Dickson,State-controlled,No Roadway Feature,No traffic control,60 km/h,Sealed - Dry,Clear,Darkness - Lighted,Straight,Level,301,Veh'S Same Direction: Rear End,Rear-end,N,0,0,1,0,1,2,0,0,0,0,0,0
322856,Medical treatment,2021,May,Friday,17,Angle,Multi-Vehicle,152.9635501,-27.30923144,Old North Rd,Stanley St,,Warner,Moreton Bay Region,4500,Petrie,Moreton,North Coast,SEQ North,North Coast,Cashmere,The Hills District,Moreton Bay - South,Major Cities,Pine Rivers,Dickson,Locally-controlled,Intersection - T-Junction,Operating traffic lights,70 km/h,Sealed - Dry,Clear,Dawn/Dusk,Straight,Grade,202,Veh'S Opposite Approach: Thru-Right,Opposing vehicles turning,N,0,0,1,0,1,2,0,0,0,0,0,0
322857,Hospitalisation,2021,May,Saturday,10,Hit pedestrian,Hit pedestrian,153.0134091,-27.24840244,Anzac Ave,Brays Rd,Redcliffe Road,Kallangur,Moreton Bay Region,4503,Mango Hill North Lakes,Moreton,North Coast,SEQ North,North Coast,Dakabin - Kallangur,North Lakes,Moreton Bay - South,Major Cities,Murrumba,Dickson,State-controlled,Intersection - T-Junction,Operating traffic lights,60 km/h,Sealed - Dry,Clear,Daylight,Curved - view open,Grade,3,Ped'N: Far Side Vehicle Hit From Left,Pedestrian,E,0,1,0,0,1,1,0,0,0,0,1,0
322858,Medical treatment,2021,May,Saturday,12,Rear-end,Multi-Vehicle,152.9927251,-27.23259144,Old Gympie Rd,,,Dakabin,Moreton Bay Region,4503,Petrie,Moreton,North Coast,SEQ North,North Coast,Dakabin - Kallangur,North Lakes,Moreton Bay - South,Major Cities,Murrumba,Longman,Locally-controlled,No Roadway Feature,No traffic control,60 km/h,Sealed - Dry,Clear,Daylight,Straight,Level,301,Veh'S Same Direction: Rear End,Rear-end,S,0,0,2,0,2,2,0,1,0,0,0,0
322859,Minor injury,2021,May,Sunday,2,Hit parked vehicle,Single Vehicle,152.9675241,-27.25799844,Belrose Ave,,,Petrie,Moreton Bay Region,4502,Petrie,Moreton,North Coast,SEQ North,North Coast,Petrie,Strathpine,Moreton Bay - South,Major Cities,Kurwongbah,Dickson,Locally-controlled,No Roadway Feature,No traffic control,0 - 50 km/h,Sealed - Dry,Clear,Darkness - Lighted,Curved - view open,Level,805,Off Path-Curve: Out Of Control On Cway,Out of control on curve,N,0,0,0,1,1,2,0,0,0,0,0,0
322860,Hospitalisation,2021,May,Tuesday,8,Head-on,Multi-Vehicle,152.9510691,-27.27421444,Youngs Crossing Rd,,,Joyner,Moreton Bay Region,4500,Petrie,Moreton,North Coast,SEQ North,North Coast,Cashmere,The Hills District,Moreton Bay - South,Major Cities,Kurwongbah,Dickson,Locally-controlled,No Roadway Feature,No traffic control,60 km/h,Sealed - Dry,Clear,Daylight,Straight,Level,201,Veh'S Opposite Approach: Head On,Head-on,S,0,2,0,0,2,2,0,0,0,0,0,0
322861,Medical treatment,2021,May,Tuesday,17,Hit object,Single Vehicle,152.9880271,-27.28946644,Paisley Dr,Walter Cres,,Lawnton,Moreton Bay Region,4501,Petrie,Moreton,North Coast,SEQ North,North Coast,Lawnton,Strathpine,Moreton Bay - South,Major Cities,Pine Rivers,Dickson,Locally-controlled,Intersection - Cross,No traffic control,60 km/h,Sealed - Dry,Clear,Dawn/Dusk,Curved - view open,Crest,803,Off Path-Curve: Off Cway Rt Bend Hit Obj,Off carriageway on curve hit object,S,0,0,1,0,1,3,0,0,0,0,0,0
322862,Medical treatment,2021,May,Tuesday,8,Rear-end,Multi-Vehicle,153.0065481,-27.26475744,Dohles Rocks Rd,Ogg Rd,,Murrumba Downs,Moreton Bay Region,4503,Mango Hill North Lakes,Moreton,North Coast,SEQ North,North Coast,Murrumba Downs - Griffin,North Lakes,Moreton Bay - South,Major Cities,Murrumba,Dickson,Locally-controlled,Intersection - Cross,Operating traffic lights,70 km/h,Sealed - Dry,Clear,Daylight,Straight,Level,301,Veh'S Same Direction: Rear End,Rear-end,E,0,0,1,0,1,2,0,0,0,0,0,0
322863,Medical treatment,2021,May,Tuesday,13,Rear-end,Multi-Vehicle,152.9980851,-27.21486744,Cook Ct,Flinders Pde,,North Lakes,Moreton Bay Region,4509,Mango Hill North Lakes,Moreton,North Coast,SEQ North,North Coast,North Lakes - Mango Hill,North Lakes,Moreton Bay - South,Major Cities,Bancroft,Petrie,Locally-controlled,Intersection - T-Junction,Give way sign,0 - 50 km/h,Sealed - Dry,Clear,Daylight,Straight,Level,302,Veh'S Same Direction: Left Rear,Rear-end,E,0,0,1,0,1,2,0,0,0,0,0,0
322864,Hospitalisation,2021,May,Wednesday,8,Angle,Multi-Vehicle,153.0176451,-27.25898644,Brays Rd,Twin Lakes Dr,,Murrumba Downs,Moreton Bay Region,4503,Mango Hill North Lakes,Moreton,North Coast,SEQ North,North Coast,Murrumba Downs - Griffin,North Lakes,Moreton Bay - South,Major Cities,Murrumba,Dickson,Locally-controlled,Intersection - T-Junction,Give way sign,0 - 50 km/h,Sealed - Dry,Clear,Daylight,Straight,Level,102,Veh'S Adjacent Approach: Right-Thru,Intersection from adjacent approaches,E,0,1,0,0,1,2,0,0,0,0,0,0
322865,Medical treatment,2021,May,Wednesday,11,Angle,Multi-Vehicle,152.9634101,-27.31479744,Kremzow Rd,Old North Rd,,Brendale,Moreton Bay Region,4500,Albany Creek,North Brisbane,Brisbane,SEQ North,North Coast,Strathpine - Brendale,Strathpine,Moreton Bay - South,Major Cities,Pine Rivers,Dickson,Locally-controlled,Intersection - Cross,Operating traffic lights,70 km/h,Sealed - Dry,Clear,Daylight,Straight,Level,101,Veh'S Adjacent Approach: Thru-Thru,Intersection from adjacent approaches,N,0,0,1,0,1,2,0,0,0,0,0,0
322866,Medical treatment,2021,May,Wednesday,17,Angle,Multi-Vehicle,153.0033491,-27.24394544,Brickworks Rd,Duffield Rd,,Kallangur,Moreton Bay Region,4503,Petrie,Moreton,North Coast,SEQ North,North Coast,Dakabin - Kallangur,North Lakes,Moreton Bay - South,Major Cities,Murrumba,Dickson,Locally-controlled,Intersection - T-Junction,Stop sign,60 km/h,Sealed - Dry,Clear,Darkness - Lighted,Straight,Level,104,Veh'S Adjacent Approach: Thru-Right,Intersection from adjacent approaches,N,0,0,1,0,1,1,1,0,0,0,0,0
322867,Minor injury,2021,May,Friday,15,Rear-end,Multi-Vehicle,153.0115841,-27.23635844,Endeavour Blvd,Mason St,,North Lakes,Moreton Bay Region,4509,Mango Hill North Lakes,Moreton,North Coast,SEQ North,North Coast,North Lakes - Mango Hill,North Lakes,Moreton Bay - South,Major Cities,Bancroft,Petrie,Locally-controlled,Intersection - T-Junction,Give way sign,0 - 50 km/h,Sealed - Dry,Clear,Daylight,Straight,Grade,302,Veh'S Same Direction: Left Rear,Rear-end,W,0,0,0,1,1,2,0,0,0,0,0,0
322868,Hospitalisation,2021,May,Saturday,21,Hit object,Single Vehicle,152.9679781,-27.29884144,Woodbury Ave,,,Bray Park,Moreton Bay Region,4500,Petrie,Moreton,North Coast,SEQ North,North Coast,Bray Park,Strathpine,Moreton Bay - South,Major Cities,Pine Rivers,Dickson,Locally-controlled,No Roadway Feature,No traffic control,0 - 50 km/h,Sealed - Dry,Clear,Darkness - Lighted,Curved - view open,Grade,804,Off Path-Curve: Off Cway Lt Bend Hit Obj,Off carriageway on curve hit object,N,0,2,0,0,2,2,0,0,0,0,0,0
322869,Hospitalisation,2021,June,Tuesday,16,Hit object,Single Vehicle,153.0364421,-27.24892444,Fresh Water Ck Rd,,,Mango Hill,Moreton Bay Region,4509,Mango Hill North Lakes,Moreton,North Coast,SEQ North,North Coast,North Lakes - Mango Hill,North Lakes,Moreton Bay - South,Major Cities,Murrumba,Petrie,Locally-controlled,No Roadway Feature,No traffic control,60 km/h,Sealed - Dry,Clear,Daylight,Curved - view open,Level,808,Off Path-Curve: Mounts Traffic Island,Off carriageway on curve hit object,E,0,1,0,0,1,1,0,0,0,0,0,0
322870,Minor injury,2021,June,Tuesday,17,Rear-end,Multi-Vehicle,152.9909381,-27.22781844,Alma Rd,,,Dakabin,Moreton Bay Region,4503,Petrie,Moreton,North Coast,SEQ North,North Coast,Dakabin - Kallangur,North Lakes,Moreton Bay - South,Major Cities,Murrumba,Longman,Locally-controlled,No Roadway Feature,No traffic control,60 km/h,Sealed - Dry,Clear,Dawn/Dusk,Straight,Grade,301,Veh'S Same Direction: Rear End,Rear-end,E,0,0,0,2,2,3,0,0,0,0,0,0
322871,Medical treatment,2021,June,Tuesday,15,Angle,Multi-Vehicle,152.9608991,-27.30010744,Lavarack Rd,,,Bray Park,Moreton Bay Region,4500,Petrie,Moreton,North Coast,SEQ North,North Coast,Bray Park,Strathpine,Moreton Bay - South,Major Cities,Pine Rivers,Dickson,Locally-controlled,Intersection - T-Junction,Pedestrian crossing sign,0 - 50 km/h,Sealed - Dry,Clear,Daylight,Curved - view open,Level,408,Veh'S Manoeuvring: Entering From Footway,Vehicle leaving driveway,E,0,0,1,0,1,1,0,0,0,1,0,0
322872,Hospitalisation,2021,June,Thursday,17,Angle,Multi-Vehicle,152.9815911,-27.28295444,Station Rd,Todds Rd,,Lawnton,Moreton Bay Region,4501,Petrie,Moreton,North Coast,SEQ North,North Coast,Lawnton,Strathpine,Moreton Bay - South,Major Cities,Pine Rivers,Dickson,Locally-controlled,Intersection - T-Junction,No traffic control,60 km/h,Sealed - Wet,Clear,Darkness - Lighted,Straight,Grade,202,Veh'S Opposite Approach: Thru-Right,Opposing vehicles turning,W,0,1,0,0,1,3,0,0,0,0,0,0
322873,Hospitalisation,2021,June,Thursday,18,Angle,Multi-Vehicle,153.0256502,-27.2428254,Halpine Dr,,,Mango Hill,Moreton Bay Region,4509,Mango Hill North Lakes,Moreton,North Coast,SEQ North,North Coast,North Lakes - Mango Hill,North Lakes,Moreton Bay - South,Major Cities,Murrumba,Petrie,Locally-controlled,No Roadway Feature,Give way sign,0 - 50 km/h,Sealed - Wet,Clear,Darkness - Lighted,Straight,Level,406,Veh'S Manoeuvring: Leaving Driveway,Vehicle leaving driveway,S,0,1,0,0,1,2,0,0,0,0,0,0
322874,Hospitalisation,2021,June,Friday,19,Hit object,Single Vehicle,152.9411401,-27.26792843,Forgan Rd,Protheroe Rd,,Joyner,Moreton Bay Region,4500,Petrie,Moreton,North Coast,SEQ North,North Coast,Cashmere,The Hills District,Moreton Bay - South,Major Cities,Kurwongbah,Dickson,Locally-controlled,Intersection - T-Junction,No traffic control,0 - 50 km/h,Sealed - Dry,Clear,Darkness - Not lighted,Curved - view open,Level,803,Off Path-Curve: Off Cway Rt Bend Hit Obj,Off carriageway on curve hit object,N,0,1,0,0,1,1,0,0,0,0,0,0
322875,Medical treatment,2021,June,Sunday,4,Angle,Multi-Vehicle,152.9635501,-27.30923144,Old North Rd,Stanley St,,Warner,Moreton Bay Region,4500,Petrie,Moreton,North Coast,SEQ North,North Coast,Cashmere,The Hills District,Moreton Bay - South,Major Cities,Pine Rivers,Dickson,Locally-controlled,Intersection - T-Junction,Give way sign,70 km/h,Sealed - Dry,Clear,Darkness - Lighted,Straight,Level,107,Veh'S Adjacent Approach: Thru-Left,Intersection from adjacent approaches,S,0,0,1,0,1,2,0,0,0,0,0,0
322876,Hospitalisation,2021,June,Thursday,9,Angle,Multi-Vehicle,153.0122251,-27.23853444,Bergin St,North Lakes Dr,,North Lakes,Moreton Bay Region,4509,Mango Hill North Lakes,Moreton,North Coast,SEQ North,North Coast,North Lakes - Mango Hill,North Lakes,Moreton Bay - South,Major Cities,Bancroft,Petrie,Locally-controlled,Intersection - Cross,Operating traffic lights,60 km/h,Sealed - Dry,Clear,Daylight,Straight,Grade,101,Veh'S Adjacent Approach: Thru-Thru,Intersection from adjacent approaches,N,0,1,0,0,1,2,0,0,0,0,0,0
322877,Minor injury,2021,June,Thursday,17,Rear-end,Multi-Vehicle,153.0091701,-27.24727244,Anzac Ave,,Redcliffe Road,Kallangur,Moreton Bay Region,4503,Petrie,Moreton,North Coast,SEQ North,North Coast,Dakabin - Kallangur,North Lakes,Moreton Bay - South,Major Cities,Murrumba,Dickson,State-controlled,No Roadway Feature,No traffic control,60 km/h,Sealed - Dry,Clear,Dawn/Dusk,Straight,Level,301,Veh'S Same Direction: Rear End,Rear-end,E,0,0,0,1,1,2,0,0,0,0,0,0
322878,Medical treatment,2021,June,Friday,23,Rear-end,Multi-Vehicle,152.9808001,-27.26752144,Anzac Ave,,Redcliffe Road,Petrie,Moreton Bay Region,4502,Petrie,Moreton,North Coast,SEQ North,North Coast,Petrie,Strathpine,Moreton Bay - South,Major Cities,Kurwongbah,Dickson,State-controlled,No Roadway Feature,No traffic control,60 km/h,Sealed - Dry,Clear,Darkness - Lighted,Curved - view open,Grade,301,Veh'S Same Direction: Rear End,Rear-end,N,0,0,1,0,1,1,1,0,0,0,0,0
322879,Minor injury,2021,June,Sunday,15,Angle,Multi-Vehicle,152.9907401,-27.30610444,Learmonth St,,,Strathpine,Moreton Bay Region,4500,Petrie,Moreton,North Coast,SEQ North,North Coast,Strathpine - Brendale,Strathpine,Moreton Bay - South,Major Cities,Pine Rivers,Dickson,Locally-controlled,No Roadway Feature,No traffic control,60 km/h,Sealed - Dry,Clear,Daylight,Straight,Level,400,Veh'S Manoeuvring: Other,Other,,0,0,0,1,1,1,0,0,0,1,0,0
322880,Medical treatment,2021,June,Wednesday,14,Rear-end,Multi-Vehicle,153.0314404,-27.23294477,Anzac Ave,,Redcliffe Road,Mango Hill,Moreton Bay Region,4509,Mango Hill North Lakes,Moreton,North Coast,SEQ North,North Coast,North Lakes - Mango Hill,North Lakes,Moreton Bay - South,Major Cities,Bancroft,Petrie,State-controlled,No Roadway Feature,No traffic control,60 km/h,Sealed - Dry,Clear,Darkness - Lighted,Straight,Level,301,Veh'S Same Direction: Rear End,Rear-end,W,0,0,2,0,2,3,0,0,0,0,0,0
322881,Minor injury,2021,June,Thursday,8,Rear-end,Multi-Vehicle,153.0066651,-27.23768144,Bruce Hwy,,Bruce Highway (Brisbane - Gympie),North Lakes,Moreton Bay Region,4509,Mango Hill North Lakes,Moreton,North Coast,SEQ North,North Coast,North Lakes - Mango Hill,North Lakes,Moreton Bay - South,Major Cities,Bancroft,Petrie,State-controlled,No Roadway Feature,No traffic control,100 - 110 km/h,Sealed - Dry,Clear,Daylight,Curved - view open,Level,307,Veh'S Same Direction: Lane Change Left,Lane changes,S,0,0,0,1,1,1,1,0,0,0,0,0
322882,Medical treatment,2021,June,Friday,10,Angle,Multi-Vehicle,152.9676131,-27.21618044,Boundary Rd,Narangba Rd,,Kurwongbah,Moreton Bay Region,4503,Petrie,Moreton,North Coast,SEQ North,North Coast,Dayboro,The Hills District,Moreton Bay - South,Major Cities,Kurwongbah,Dickson,Locally-controlled,Intersection - T-Junction,Give way sign,80 - 90 km/h,Sealed - Dry,Clear,Daylight,Straight,Level,104,Veh'S Adjacent Approach: Thru-Right,Intersection from adjacent approaches,S,0,0,2,0,2,2,0,0,0,0,0,0
322883,Medical treatment,2021,June,Monday,20,Rear-end,Multi-Vehicle,153.0208321,-27.24274344,Anzac Ave,North Lakes Dr,Redcliffe Road,Mango Hill,Moreton Bay Region,4509,Mango Hill North Lakes,Moreton,North Coast,SEQ North,North Coast,North Lakes - Mango Hill,North Lakes,Moreton Bay - South,Major Cities,Murrumba,Petrie,State-controlled,Intersection - T-Junction,Operating traffic lights,70 km/h,Sealed - Dry,Clear,Darkness - Lighted,Curved - view open,Level,303,Veh'S Same Direction: Right Rear,Rear-end,S,0,0,1,0,1,2,0,0,0,0,0,0
322884,Medical treatment,2021,June,Monday,21,Rear-end,Multi-Vehicle,153.0247121,-27.24178544,Anzac Ave,Halpine Dr,Redcliffe Road,Mango Hill,Moreton Bay Region,4509,Mango Hill North Lakes,Moreton,North Coast,SEQ North,North Coast,North Lakes - Mango Hill,North Lakes,Moreton Bay - South,Major Cities,Bancroft,Petrie,State-controlled,Intersection - Cross,Operating traffic lights,60 km/h,Sealed - Dry,Clear,Darkness - Lighted,Curved - view open,Level,303,Veh'S Same Direction: Right Rear,Rear-end,N,0,0,1,0,1,1,0,0,0,0,0,1
322885,Medical treatment,2021,June,Wednesday,6,Angle,Multi-Vehicle,152.9721011,-27.24741544,Narangba Rd,Torrens Rd,,Kurwongbah,Moreton Bay Region,4503,Petrie,Moreton,North Coast,SEQ North,North Coast,Petrie,Strathpine,Moreton Bay - South,Major Cities,Kurwongbah,Dickson,Locally-controlled,Intersection - T-Junction,No traffic control,60 km/h,Sealed - Dry,Clear,Daylight,Straight,Level,202,Veh'S Opposite Approach: Thru-Right,Opposing vehicles turning,S,0,0,2,0,2,2,0,0,0,0,0,0
322886,Hospitalisation,2021,June,Wednesday,19,Fall from vehicle,Single Vehicle,153.0024403,-27.24930171,Duffield Rd,,,Kallangur,Moreton Bay Region,4503,Petrie,Moreton,North Coast,SEQ North,North Coast,Dakabin - Kallangur,North Lakes,Moreton Bay - South,Major Cities,Murrumba,Dickson,Locally-controlled,No Roadway Feature,No traffic control,60 km/h,Sealed - Dry,Clear,Darkness - Lighted,Straight,Level,3,Ped'N: Far Side Vehicle Hit From Left,Pedestrian,S,0,2,0,0,2,0,1,0,0,0,1,0
322887,Minor injury,2021,June,Wednesday,15,Rear-end,Multi-Vehicle,152.9897043,-27.3059956,Gympie Rd,,Brisbane - Woodford Road,Strathpine,Moreton Bay Region,4500,Petrie,Moreton,North Coast,SEQ North,North Coast,Strathpine - Brendale,Strathpine,Moreton Bay - South,Major Cities,Pine Rivers,Dickson,State-controlled,No Roadway Feature,No traffic control,60 km/h,Sealed - Dry,Clear,Daylight,Straight,Level,301,Veh'S Same Direction: Rear End,Rear-end,S,0,0,0,1,1,3,0,0,0,0,0,0