Crash_Severity,Crash_Year,Crash_Month,Crash_Day_Of_Week,Crash_Hour,Crash_Nature,Crash_Type,Crash_Longitude,Crash_Latitude,Crash_Street,Crash_Street_Intersecting,State_Road_Name,Loc_Suburb,Loc_Local_Government_Area,Loc_Post_Code,Loc_Police_Division,Loc_Police_District,Loc_Police_Region,Loc_Queensland_Transport_Region,Loc_Main_Roads_Region,Loc_ABS_Statistical_Area_2,Loc_ABS_Statistical_Area_3,Loc_ABS_Statistical_Area_4,Loc_ABS_Remoteness,Loc_State_Electorate,Loc_Federal_Electorate,Crash_Controlling_Authority,Crash_Roadway_Feature,Crash_Traffic_Control,Crash_Speed_Limit,Crash_Road_Surface_Condition,Crash_Atmospheric_Condition,Crash_Lighting_Condition,Crash_Road_Horiz_Align,Crash_Road_Vert_Align,Crash_DCA_Code,Crash_DCA_Description,Crash_DCA_Group_Description,DCA_Key_Approach_Dir,Count_Casualty_Fatality,Count_Casualty_Hospitalised,Count_Casualty_MedicallyTreated,Count_Casualty_MinorInjury,Count_Casualty_Total,Count_Unit_Car,Count_Unit_Motorcycle_Moped,Count_Unit_Truck,Count_Unit_Bus,Count_Unit_Bicycle,Count_Unit_Pedestrian,Count_Unit_Other,
322888,Medical treatment,2021,June,Thursday,6,Angle,Multi-Vehicle,152.9721011,-27.24741544,Narangba Rd,Torrens Rd,,Kurwongbah,Moreton Bay Region,4503,Petrie,Moreton,North Coast,SEQ North,North Coast,Petrie,Strathpine,Moreton Bay - South,Major Cities,Kurwongbah,Dickson,Locally-controlled,Intersection - T-Junction,No traffic control,60 km/h,Sealed - Wet,Clear,Dawn/Dusk,Straight,Crest,202,Veh'S Opposite Approach: Thru-Right,Opposing vehicles turning,S,0,0,1,0,1,2,0,0,0,0,0,0
322889,Hospitalisation,2021,June,Friday,12,Rear-end,Multi-Vehicle,153.0017091,-27.24007344,Leslie St,,,Kallangur,Moreton Bay Region,4503,Petrie,Moreton,North Coast,SEQ North,North Coast,Dakabin - Kallangur,North Lakes,Moreton Bay - South,Major Cities,Murrumba,Longman,Locally-controlled,No Roadway Feature,No traffic control,0 - 50 km/h,Sealed - Wet,Raining,Daylight,Straight,Level,303,Veh'S Same Direction: Right Rear,Rear-end,E,0,1,0,0,1,2,0,0,0,0,0,0
322890,Hospitalisation,2021,June,Friday,16,Angle,Multi-Vehicle,153.0065481,-27.26475744,Dohles Rocks Rd,Ogg Rd,,Murrumba Downs,Moreton Bay Region,4503,Mango Hill North Lakes,Moreton,North Coast,SEQ North,North Coast,Murrumba Downs - Griffin,North Lakes,Moreton Bay - South,Major Cities,Murrumba,Dickson,Locally-controlled,Intersection - Cross,Operating traffic lights,60 km/h,Sealed - Wet,Raining,Dawn/Dusk,Straight,Level,202,Veh'S Opposite Approach: Thru-Right,Opposing vehicles turning,W,0,1,0,1,2,3,0,0,0,0,0,0
322891,Medical treatment,2021,June,Saturday,16,Angle,Multi-Vehicle,153.0095901,-27.21806944,Augusta Pde,Merion Cr,,North Lakes,Moreton Bay Region,4509,Mango Hill North Lakes,Moreton,North Coast,SEQ North,North Coast,North Lakes - Mango Hill,North Lakes,Moreton Bay - South,Major Cities,Bancroft,Petrie,Locally-controlled,Intersection - T-Junction,No traffic control,0 - 50 km/h,Sealed - Dry,Clear,Daylight,Curved - view open,Level,104,Veh'S Adjacent Approach: Thru-Right,Intersection from adjacent approaches,N,0,0,1,1,2,3,0,0,0,0,0,0
322892,Minor injury,2021,June,Tuesday,8,Overturned,Single Vehicle,152.8428631,-27.19828429,Dayboro Rd,,Brisbane - Woodford Road,Dayboro,Moreton Bay Region,4521,Dayboro,Moreton,North Coast,SEQ North,North Coast,Dayboro,The Hills District,Moreton Bay - South,Inner Regional,Pine Rivers,Dickson,State-controlled,No Roadway Feature,No traffic control,100 - 110 km/h,Sealed - Dry,Clear,Daylight,Curved - view open,Level,502,Veh'S Overtaking: Out Of Control,Off carriageway on straight,E,0,0,0,1,1,1,0,0,0,0,0,0
323249,Hospitalisation,2021,January,Saturday,1,Hit object,Single Vehicle,152.2148508,-24.91197392,Bundaberg - Gin Gin Rd,,Bundaberg - Gin Gin Road,Sharon,Bundaberg Region,4670,South Kolan,Wide Bay Burnett,North Coast,Southern,Southern Queensland,Bundaberg Region - North,Bundaberg,Wide Bay,Inner Regional,Burnett,Flynn,State-controlled,Railway Crossing,No traffic control,80 - 90 km/h,Sealed - Dry,Clear,Darkness - Not lighted,Straight,Level,703,Off Path-Straight: Left Off Cway Hit Obj,Off carriageway on straight hit object,N,0,1,0,0,1,1,0,0,0,0,0,0
323250,Hospitalisation,2021,January,Saturday,21,Hit object,Single Vehicle,152.0280855,-24.55470532,Duck Creek Rd,,,Mullett Creek,Bundaberg Region,4670,South Kolan,Wide Bay Burnett,North Coast,Southern,Southern Queensland,Bundaberg Region - North,Bundaberg,Wide Bay,Outer Regional,Burnett,Flynn,Locally-controlled,No Roadway Feature,No traffic control,100 - 110 km/h,Sealed - Wet,Raining,Darkness - Not lighted,Curved - view obscured,Dip,803,Off Path-Curve: Off Cway Rt Bend Hit Obj,Off carriageway on curve hit object,W,0,1,0,0,1,1,0,0,0,0,0,0
323251,Hospitalisation,2021,February,Thursday,7,Rear-end,Multi-Vehicle,152.1016035,-24.72968333,Monduran Rd,Rosedale Rd,Bundaberg - Miriam Vale Road,Yandaran,Bundaberg Region,4673,South Kolan,Wide Bay Burnett,North Coast,Southern,Southern Queensland,Bundaberg Region - North,Bundaberg,Wide Bay,Inner Regional,Burnett,Flynn,State-controlled,Intersection - Cross,No traffic control,60 km/h,Sealed - Dry,Clear,Daylight,Straight,Grade,303,Veh'S Same Direction: Right Rear,Rear-end,W,0,1,0,0,1,2,0,0,0,0,0,0
323252,Hospitalisation,2021,February,Saturday,7,Hit object,Single Vehicle,152.0958081,-24.92390114,Goondoon Rd,,,Bucca,Bundaberg Region,4670,South Kolan,Wide Bay Burnett,North Coast,Southern,Southern Queensland,Bundaberg Region - North,Bundaberg,Wide Bay,Inner Regional,Burnett,Flynn,Locally-controlled,No Roadway Feature,No traffic control,100 - 110 km/h,Unsealed - Dry,Clear,Daylight,Straight,Level,704,Off Path-Straight:Right Off Cway Hit Obj,Off carriageway on straight hit object,N,0,2,0,0,2,1,0,0,0,0,0,0
323253,Medical treatment,2021,February,Tuesday,6,Rear-end,Multi-Vehicle,152.2314424,-24.81585235,Hollands Rd,Rosedale Rd,Bundaberg - Miriam Vale Road,Meadowvale,Bundaberg Region,4670,Bundaberg,Wide Bay Burnett,North Coast,Southern,Southern Queensland,Bundaberg Region - North,Bundaberg,Wide Bay,Inner Regional,Burnett,Flynn,State-controlled,Intersection - T-Junction,No traffic control,100 - 110 km/h,Sealed - Dry,Clear,Daylight,Straight,Level,303,Veh'S Same Direction: Right Rear,Rear-end,E,0,0,2,0,2,2,0,0,0,0,0,0
323254,Hospitalisation,2021,March,Friday,23,Hit object,Single Vehicle,152.0956045,-24.72197633,Rosedale Rd,,Bundaberg - Miriam Vale Road,Yandaran,Bundaberg Region,4673,South Kolan,Wide Bay Burnett,North Coast,Southern,Southern Queensland,Bundaberg Region - North,Bundaberg,Wide Bay,Inner Regional,Burnett,Flynn,State-controlled,No Roadway Feature,No traffic control,100 - 110 km/h,Sealed - Dry,Clear,Darkness - Not lighted,Straight,Level,703,Off Path-Straight: Left Off Cway Hit Obj,Off carriageway on straight hit object,W,0,1,0,0,1,1,0,0,0,0,0,0
323255,Medical treatment,2021,May,Thursday,13,Hit object,Single Vehicle,152.1828654,-24.97296934,The Cedars Rd,,The Cedars Road,South Kolan,Bundaberg Region,4670,South Kolan,Wide Bay Burnett,North Coast,Southern,Southern Queensland,Bundaberg Region - North,Bundaberg,Wide Bay,Inner Regional,Burnett,Flynn,State-controlled,No Roadway Feature,No traffic control,100 - 110 km/h,Sealed - Dry,Clear,Daylight,Curved - view obscured,Dip,804,Off Path-Curve: Off Cway Lt Bend Hit Obj,Off carriageway on curve hit object,E,0,0,1,0,1,1,0,0,0,0,0,0
323256,Hospitalisation,2021,May,Friday,5,Hit object,Single Vehicle,152.0600655,-24.65924533,Rosedale Rd,,Bundaberg - Miriam Vale Road,Mullett Creek,Bundaberg Region,4670,South Kolan,Wide Bay Burnett,North Coast,Southern,Southern Queensland,Bundaberg Region - North,Bundaberg,Wide Bay,Outer Regional,Burnett,Flynn,State-controlled,No Roadway Feature,No traffic control,100 - 110 km/h,Sealed - Dry,Fog,Dawn/Dusk,Curved - view open,Dip,803,Off Path-Curve: Off Cway Rt Bend Hit Obj,Off carriageway on curve hit object,E,0,1,0,0,1,1,0,0,0,0,0,0
323257,Medical treatment,2021,June,Thursday,23,Hit object,Single Vehicle,152.0524715,-24.65594755,Rosedale Rd,,Bundaberg - Miriam Vale Road,Mullett Creek,Bundaberg Region,4670,South Kolan,Wide Bay Burnett,North Coast,Southern,Southern Queensland,Bundaberg Region - North,Bundaberg,Wide Bay,Outer Regional,Burnett,Flynn,State-controlled,No Roadway Feature,No traffic control,100 - 110 km/h,Sealed - Dry,Clear,Darkness - Not lighted,Curved - view open,Crest,803,Off Path-Curve: Off Cway Rt Bend Hit Obj,Off carriageway on curve hit object,S,0,0,1,0,1,1,0,0,0,0,0,0
323258,Hospitalisation,2021,June,Tuesday,13,Overturned,Single Vehicle,152.1588365,-24.7712083,Rosedale Rd,,Bundaberg - Miriam Vale Road,Avondale,Bundaberg Region,4670,South Kolan,Wide Bay Burnett,North Coast,Southern,Southern Queensland,Bundaberg Region - North,Bundaberg,Wide Bay,Inner Regional,Burnett,Flynn,State-controlled,No Roadway Feature,No traffic control,100 - 110 km/h,Sealed - Dry,Clear,Daylight,Straight,Level,700,Off Path-Straight: Other,Other,N,0,1,0,0,1,1,0,0,0,0,0,0
323259,Medical treatment,2021,June,Saturday,19,Angle,Multi-Vehicle,152.1371516,-24.94105834,Bundaberg - Gin Gin Rd,,Bundaberg - Gin Gin Road,South Kolan,Bundaberg Region,4670,South Kolan,Wide Bay Burnett,North Coast,Southern,Southern Queensland,Bundaberg Region - North,Bundaberg,Wide Bay,Inner Regional,Burnett,Flynn,State-controlled,No Roadway Feature,No traffic control,100 - 110 km/h,Sealed - Wet,Raining,Darkness - Not lighted,Straight,Level,408,Veh'S Manoeuvring: Entering From Footway,Vehicle leaving driveway,W,0,0,1,1,2,3,0,0,0,0,0,0
323260,Medical treatment,2021,June,Tuesday,14,Hit animal,Other,152.1390907,-24.75546986,Rosedale Rd,,Bundaberg - Miriam Vale Road,Avondale,Bundaberg Region,4670,South Kolan,Wide Bay Burnett,North Coast,Southern,Southern Queensland,Bundaberg Region - North,Bundaberg,Wide Bay,Inner Regional,Burnett,Flynn,State-controlled,No Roadway Feature,No traffic control,100 - 110 km/h,Sealed - Dry,Clear,Daylight,Straight,Crest,609,Pass & Misc: Hit Animal,Hit animal,E,0,0,2,0,2,1,0,0,0,0,0,0
323290,Hospitalisation,2021,January,Friday,0,Hit object,Single Vehicle,152.0625112,-27.18878135,Middle Rd,Pierces Creek Rd,,Pierces Creek,Toowoomba Region,4355,Crows Nest,Darling Downs,Southern,Southern,Southern Queensland,Crows Nest - Rosalie,Darling Downs - East,Darling Downs - Maranoa,Inner Regional,Nanango,Maranoa,Locally-controlled,Intersection - T-Junction,No traffic control,100 - 110 km/h,Sealed - Wet,Clear,Darkness - Not lighted,Curved - view open,Level,803,Off Path-Curve: Off Cway Rt Bend Hit Obj,Off carriageway on curve hit object,E,0,1,0,0,1,1,0,0,0,0,0,0
323291,Hospitalisation,2021,March,Friday,9,Hit object,Single Vehicle,152.0558342,-27.26249935,Toowoomba Rd,,New England Highway (Yarraman - Toowoomba),Crows Nest,Toowoomba Region,4355,Crows Nest,Darling Downs,Southern,Southern,Southern Queensland,Crows Nest - Rosalie,Darling Downs - East,Darling Downs - Maranoa,Inner Regional,Condamine,Maranoa,State-controlled,No Roadway Feature,No traffic control,60 km/h,Sealed - Dry,Clear,Daylight,Straight,Level,405,Veh'S Manoeuvring: Rev Into Fixed Object,Other,W,0,1,0,0,1,1,0,0,0,0,0,0
323292,Hospitalisation,2021,March,Sunday,12,Fall from vehicle,Single Vehicle,152.0111282,-26.97360327,Mt Binga Rd,,,Googa Creek,Toowoomba Region,4306,Yarraman,Darling Downs,Southern,Southern,Southern Queensland,Crows Nest - Rosalie,Darling Downs - East,Darling Downs - Maranoa,Inner Regional,Nanango,Maranoa,Locally-controlled,No Roadway Feature,No traffic control,100 - 110 km/h,Sealed - Dry,Clear,Daylight,Curved - view open,Grade,802,Off Path-Curve: Off Cway Left Bend,Off carriageway on curve,N,0,1,0,0,1,0,1,0,0,0,0,0
323293,Medical treatment,2021,March,Friday,21,Hit object,Single Vehicle,152.1154662,-27.28443135,Perseverance Dam Rd,,,Crows Nest,Toowoomba Region,4355,Crows Nest,Darling Downs,Southern,Southern,Southern Queensland,Crows Nest - Rosalie,Darling Downs - East,Darling Downs - Maranoa,Inner Regional,Condamine,Maranoa,Locally-controlled,No Roadway Feature,No traffic control,0 - 50 km/h,Sealed - Dry,Clear,Darkness - Not lighted,Curved - view obscured,Grade,804,Off Path-Curve: Off Cway Lt Bend Hit Obj,Off carriageway on curve hit object,E,0,0,3,0,3,1,0,0,0,0,0,0
323294,Hospitalisation,2021,April,Thursday,9,Head-on,Multi-Vehicle,151.9772622,-27.38269234,Mervyn Rd,,,Geham,Toowoomba Region,4352,Crows Nest,Darling Downs,Southern,Southern,Southern Queensland,Highfields,Toowoomba,Toowoomba,Inner Regional,Condamine,Groom,Locally-controlled,No Roadway Feature,No traffic control,60 km/h,Unsealed - Dry,Clear,Daylight,Curved - view obscured,Crest,201,Veh'S Opposite Approach: Head On,Head-on,S,0,3,0,0,3,2,0,0,0,0,0,0
323295,Medical treatment,2021,April,Thursday,14,Overturned,Single Vehicle,152.0869952,-27.20295935,Bluff Rd,,,The Bluff,Toowoomba Region,4355,Crows Nest,Darling Downs,Southern,Southern,Southern Queensland,Crows Nest - Rosalie,Darling Downs - East,Darling Downs - Maranoa,Inner Regional,Nanango,Maranoa,Locally-controlled,No Roadway Feature,No traffic control,100 - 110 km/h,Unsealed - Dry,Clear,Daylight,Curved - view open,Crest,801,Off Path-Curve: Off Cway Right Bend,Off carriageway on curve,W,0,0,2,0,2,1,0,0,0,0,0,0
323296,Medical treatment,2021,May,Sunday,19,Overturned,Single Vehicle,152.0062352,-27.37205934,Kahler Rd,,,Geham,Toowoomba Region,4352,Crows Nest,Darling Downs,Southern,Southern,Southern Queensland,Highfields,Toowoomba,Toowoomba,Inner Regional,Condamine,Groom,Locally-controlled,No Roadway Feature,No traffic control,100 - 110 km/h,Unsealed - Dry,Clear,Darkness - Not lighted,Curved - view open,Grade,800,Off Path-Curve: Other,Other,,0,0,1,2,3,1,0,0,0,0,0,0
323297,Hospitalisation,2021,June,Monday,15,Hit object,Single Vehicle,152.0221672,-27.39453635,Connolly Rd,Mt Luke Rd,,Geham,Toowoomba Region,4352,Crows Nest,Darling Downs,Southern,Southern,Southern Queensland,Highfields,Toowoomba,Toowoomba,Inner Regional,Condamine,Groom,Locally-controlled,Intersection - T-Junction,No traffic control,60 km/h,Unsealed - Dry,Clear,Daylight,Curved - view obscured,Grade,803,Off Path-Curve: Off Cway Rt Bend Hit Obj,Off carriageway on curve hit object,W,0,1,0,0,1,1,0,0,0,0,0,0
323298,Hospitalisation,2021,June,Friday,16,Head-on,Multi-Vehicle,151.9538482,-27.36004434,Groomsville Rd,,,Groomsville,Toowoomba Region,4352,Crows Nest,Darling Downs,Southern,Southern,Southern Queensland,Crows Nest - Rosalie,Darling Downs - East,Darling Downs - Maranoa,Inner Regional,Condamine,Groom,Locally-controlled,No Roadway Feature,No traffic control,100 - 110 km/h,Sealed - Dry,Clear,Daylight,Curved - view open,Grade,201,Veh'S Opposite Approach: Head On,Head-on,S,0,1,1,1,3,2,0,0,0,0,0,0
323745,Minor injury,2021,January,Friday,11,Angle,Multi-Vehicle,153.1481624,-27.47166205,Wondall Rd,,,Manly West,Brisbane City,4179,Wynnum,South Brisbane,Brisbane,SEQ South,Metropolitan,Tingalpa,Wynnum - Manly,Brisbane - East,Major Cities,Lytton,Bonner,Locally-controlled,No Roadway Feature,No traffic control,60 km/h,Sealed - Dry,Clear,Daylight,Straight,Level,408,Veh'S Manoeuvring: Entering From Footway,Vehicle leaving driveway,E,0,0,0,1,1,2,0,0,0,0,0,0
323746,Hospitalisation,2021,January,Tuesday,15,Angle,Multi-Vehicle,153.140177,-27.49272446,Formosa Rd,Stanbrough Rd,,Gumdale,Brisbane City,4154,Capalaba,South Brisbane,Brisbane,SEQ South,Metropolitan,Belmont - Gumdale,Capalaba,Brisbane - East,Major Cities,Chatsworth,Bonner,Locally-controlled,Intersection - Cross,Stop sign,60 km/h,Sealed - Dry,Clear,Daylight,Straight,Level,101,Veh'S Adjacent Approach: Thru-Thru,Intersection from adjacent approaches,W,0,1,0,0,1,1,1,0,0,0,0,0
323747,Medical treatment,2021,January,Thursday,15,Rear-end,Multi-Vehicle,153.113589,-27.47284445,Murarrie Rd,Wynnum Rd,,Tingalpa,Brisbane City,4173,Morningside,South Brisbane,Brisbane,SEQ South,Metropolitan,Tingalpa,Wynnum - Manly,Brisbane - East,Major Cities,Lytton,Bonner,Locally-controlled,Intersection - T-Junction,Give way sign,60 km/h,Sealed - Dry,Clear,Daylight,Curved - view open,Grade,302,Veh'S Same Direction: Left Rear,Rear-end,S,0,0,1,0,1,2,0,0,0,0,0,0
323748,Minor injury,2021,January,Monday,15,Hit object,Single Vehicle,153.138352,-27.43864946,Port Of Brisbane Mwy,,Port Of Brisbane Motorway,Lytton,Brisbane City,4178,Wynnum,South Brisbane,Brisbane,SEQ South,Metropolitan,Brisbane Port - Lytton,Wynnum - Manly,Brisbane - East,Major Cities,Lytton,Bonner,State-controlled,Intersection - Interchange,No traffic control,60 km/h,Sealed - Dry,Clear,Daylight,Curved - view obscured,Grade,804,Off Path-Curve: Off Cway Lt Bend Hit Obj,Off carriageway on curve hit object,S,0,0,0,1,1,0,0,1,0,0,0,0
323749,Medical treatment,2021,February,Monday,15,Rear-end,Multi-Vehicle,153.1528993,-27.45745122,Wynnum Rd,,,Wynnum West,Brisbane City,4178,Wynnum,South Brisbane,Brisbane,SEQ South,Metropolitan,Wynnum West - Hemmant,Wynnum - Manly,Brisbane - East,Major Cities,Lytton,Bonner,Locally-controlled,No Roadway Feature,No traffic control,60 km/h,Sealed - Dry,Clear,Daylight,Straight,Level,301,Veh'S Same Direction: Rear End,Rear-end,N,0,0,1,1,2,3,0,0,0,0,0,0
323750,Hospitalisation,2021,February,Saturday,20,Head-on,Multi-Vehicle,153.1679903,-27.45390826,Worthing St,,,Wynnum,Brisbane City,4178,Wynnum,South Brisbane,Brisbane,SEQ South,Metropolitan,Wynnum,Wynnum - Manly,Brisbane - East,Major Cities,Lytton,Bonner,Locally-controlled,No Roadway Feature,No traffic control,60 km/h,Sealed - Dry,Clear,Darkness - Lighted,Straight,Level,201,Veh'S Opposite Approach: Head On,Head-on,N,0,1,1,0,2,2,0,0,0,0,0,0
323751,Medical treatment,2021,February,Sunday,16,Sideswipe,Multi-Vehicle,153.1160896,-27.46693025,Gateway Arterial Rd,,Gateway Motorway (Eight Mile Plains - Nudgee),Tingalpa,Brisbane City,4173,Wynnum,South Brisbane,Brisbane,SEQ South,Metropolitan,Tingalpa,Wynnum - Manly,Brisbane - East,Major Cities,Lytton,Bonner,State-controlled,No Roadway Feature,No traffic control,100 - 110 km/h,Sealed - Dry,Clear,Daylight,Curved - view open,Level,305,Veh'S Same Direction: Lane Side Swipe,Lane changes,S,0,0,1,0,1,2,0,0,0,0,0,0
323752,Medical treatment,2021,February,Wednesday,7,Rear-end,Multi-Vehicle,153.166764,-27.45488346,Wondall Rd,,,Wynnum West,Brisbane City,4178,Wynnum,South Brisbane,Brisbane,SEQ South,Metropolitan,Wynnum West - Hemmant,Wynnum - Manly,Brisbane - East,Major Cities,Lytton,Bonner,Locally-controlled,No Roadway Feature,No traffic control,0 - 50 km/h,Sealed - Dry,Clear,Daylight,Straight,Level,406,Veh'S Manoeuvring: Leaving Driveway,Vehicle leaving driveway,N,0,0,1,0,1,2,0,0,0,0,0,0
323753,Medical treatment,2021,February,Saturday,20,Rear-end,Multi-Vehicle,153.133885,-27.47601646,Manly Rd,,,Tingalpa,Brisbane City,4173,Wynnum,South Brisbane,Brisbane,SEQ South,Metropolitan,Tingalpa,Wynnum - Manly,Brisbane - East,Major Cities,Lytton,Bonner,Locally-controlled,No Roadway Feature,No traffic control,70 km/h,Sealed - Dry,Clear,Darkness - Lighted,Straight,Level,301,Veh'S Same Direction: Rear End,Rear-end,E,0,0,1,2,3,2,0,0,0,0,0,0
323754,Minor injury,2021,February,Wednesday,16,Rear-end,Multi-Vehicle,153.117171,-27.44426347,Lytton Rd,,Port Of Brisbane Road,Hemmant,Brisbane City,4174,Wynnum,South Brisbane,Brisbane,SEQ South,Metropolitan,Wynnum West - Hemmant,Wynnum - Manly,Brisbane - East,Major Cities,Lytton,Bonner,State-controlled,No Roadway Feature,No traffic control,70 km/h,Sealed - Dry,Clear,Daylight,Straight,Level,303,Veh'S Same Direction: Right Rear,Rear-end,E,0,0,0,1,1,2,0,0,0,0,0,0
323755,Medical treatment,2021,February,Thursday,9,Angle,Multi-Vehicle,153.117694,-27.44430845,Lytton Rd,,Port Of Brisbane Road,Hemmant,Brisbane City,4174,Wynnum,South Brisbane,Brisbane,SEQ South,Metropolitan,Wynnum West - Hemmant,Wynnum - Manly,Brisbane - East,Major Cities,Lytton,Bonner,State-controlled,No Roadway Feature,No traffic control,60 km/h,Sealed - Dry,Clear,Daylight,Straight,Level,406,Veh'S Manoeuvring: Leaving Driveway,Vehicle leaving driveway,E,0,0,1,0,1,1,0,1,0,0,0,0
323756,Minor injury,2021,February,Saturday,16,Rear-end,Multi-Vehicle,153.173946,-27.43862146,Agnes St,Cusack Pde,,Wynnum,Brisbane City,4178,Wynnum,South Brisbane,Brisbane,SEQ South,Metropolitan,Wynnum,Wynnum - Manly,Brisbane - East,Major Cities,Lytton,Bonner,Locally-controlled,Intersection - T-Junction,Give way sign,0 - 50 km/h,Sealed - Dry,Clear,Daylight,Straight,Level,302,Veh'S Same Direction: Left Rear,Rear-end,S,0,0,0,2,2,2,0,0,0,0,0,0
323757,Hospitalisation,2021,February,Tuesday,21,Angle,Multi-Vehicle,153.131673,-27.49139946,Dairy Swamp Rd,Formosa Rd,,Belmont,Brisbane City,4153,Capalaba,South Brisbane,Brisbane,SEQ South,Metropolitan,Belmont - Gumdale,Capalaba,Brisbane - East,Major Cities,Chatsworth,Bonner,Locally-controlled,Intersection - T-Junction,Give way sign,60 km/h,Sealed - Wet,Clear,Darkness - Lighted,Straight,Dip,107,Veh'S Adjacent Approach: Thru-Left,Intersection from adjacent approaches,S,0,1,0,0,1,2,0,0,0,0,0,0
323758,Minor injury,2021,February,Friday,13,Hit object,Single Vehicle,153.139063,-27.49829946,Stanbrough Rd,,,Gumdale,Brisbane City,4154,Capalaba,South Brisbane,Brisbane,SEQ South,Metropolitan,Belmont - Gumdale,Capalaba,Brisbane - East,Major Cities,Chatsworth,Bonner,Locally-controlled,No Roadway Feature,No traffic control,60 km/h,Sealed - Dry,Clear,Daylight,Straight,Level,703,Off Path-Straight: Left Off Cway Hit Obj,Off carriageway on straight hit object,,0,0,0,1,1,1,0,0,0,0,0,0
323759,Fatal,2021,February,Friday,13,Angle,Multi-Vehicle,153.143789,-27.44243546,Lindum Rd,North Rd,,Wynnum West,Brisbane City,4178,Wynnum,South Brisbane,Brisbane,SEQ South,Metropolitan,Wynnum West - Hemmant,Wynnum - Manly,Brisbane - East,Major Cities,Lytton,Bonner,Locally-controlled,Railway Crossing,Railway - lights and boom gate,0 - 50 km/h,Sealed - Dry,Clear,Daylight,Straight,Level,903,Pass & Misc: Hit Train,Train,S,1,0,0,0,1,1,0,0,0,0,0,1
323760,Medical treatment,2021,February,Sunday,20,Angle,Multi-Vehicle,153.157651,-27.46423846,Randall Rd,Wondall Rd,,Wynnum West,Brisbane City,4178,Wynnum,South Brisbane,Brisbane,SEQ South,Metropolitan,Wynnum West - Hemmant,Wynnum - Manly,Brisbane - East,Major Cities,Lytton,Bonner,Locally-controlled,Intersection - T-Junction,Operating traffic lights,60 km/h,Sealed - Dry,Clear,Darkness - Lighted,Curved - view obscured,Level,104,Veh'S Adjacent Approach: Thru-Right,Intersection from adjacent approaches,N,0,0,1,0,1,2,0,0,0,0,0,0
323761,Minor injury,2021,March,Friday,17,Rear-end,Multi-Vehicle,153.157893,-27.44315146,Moreton Ave,Wynnum Rd,,Wynnum,Brisbane City,4178,Wynnum,South Brisbane,Brisbane,SEQ South,Metropolitan,Wynnum West - Hemmant,Wynnum - Manly,Brisbane - East,Major Cities,Lytton,Bonner,Locally-controlled,Intersection - Roundabout,Give way sign,60 km/h,Sealed - Dry,Clear,Daylight,Straight,Level,301,Veh'S Same Direction: Rear End,Rear-end,S,0,0,0,1,1,2,0,0,0,0,0,0
323762,Hospitalisation,2021,March,Monday,1,Hit object,Single Vehicle,153.116211,-27.47452645,Gateway Art Rd Ramp T,,Gateway Motorway (Eight Mile Plains - Nudgee),Tingalpa,Brisbane City,4173,Morningside,South Brisbane,Brisbane,SEQ South,Metropolitan,Tingalpa,Wynnum - Manly,Brisbane - East,Major Cities,Chatsworth,Bonner,State-controlled,No Roadway Feature,No traffic control,60 km/h,Sealed - Wet,Clear,Darkness - Lighted,Straight,Level,703,Off Path-Straight: Left Off Cway Hit Obj,Off carriageway on straight hit object,N,0,1,0,0,1,1,0,0,0,0,0,0
323763,Medical treatment,2021,March,Saturday,23,Angle,Multi-Vehicle,153.18161,-27.45720846,Mountjoy Tce,Yamboyna St,,Manly,Brisbane City,4179,Wynnum,South Brisbane,Brisbane,SEQ South,Metropolitan,Manly - Lota,Wynnum - Manly,Brisbane - East,Major Cities,Lytton,Bonner,Locally-controlled,Intersection - T-Junction,No traffic control,0 - 50 km/h,Sealed - Wet,Clear,Darkness - Lighted,Curved - view open,Crest,201,Veh'S Opposite Approach: Head On,Head-on,S,0,0,2,1,3,2,0,0,0,0,0,0
323764,Medical treatment,2021,March,Monday,14,Angle,Multi-Vehicle,153.182218,-27.44933646,Gordon Pde,Stratton Tce,,Manly,Brisbane City,4179,Wynnum,South Brisbane,Brisbane,SEQ South,Metropolitan,Manly - Lota,Wynnum - Manly,Brisbane - East,Major Cities,Lytton,Bonner,Locally-controlled,Intersection - Cross,Stop sign,60 km/h,Sealed - Wet,Raining,Daylight,Straight,Level,101,Veh'S Adjacent Approach: Thru-Thru,Intersection from adjacent approaches,W,0,0,1,0,1,2,0,0,0,0,0,0
323765,Medical treatment,2021,March,Wednesday,12,Angle,Multi-Vehicle,153.151461,-27.46866046,Millenium Pl,Wondall Rd,,Tingalpa,Brisbane City,4173,Wynnum,South Brisbane,Brisbane,SEQ South,Metropolitan,Tingalpa,Wynnum - Manly,Brisbane - East,Major Cities,Lytton,Bonner,Locally-controlled,Intersection - T-Junction,Give way sign,60 km/h,Sealed - Wet,Raining,Daylight,Straight,Level,104,Veh'S Adjacent Approach: Thru-Right,Intersection from adjacent approaches,N,0,0,1,0,1,2,0,0,0,0,0,0
323766,Minor injury,2021,March,Friday,10,Rear-end,Multi-Vehicle,153.139985,-27.48027446,New Cleveland Rd,,,Tingalpa,Brisbane City,4173,Wynnum,South Brisbane,Brisbane,SEQ South,Metropolitan,Wakerley,Wynnum - Manly,Brisbane - East,Major Cities,Chatsworth,Bonner,Locally-controlled,No Roadway Feature,No traffic control,60 km/h,Sealed - Dry,Clear,Daylight,Straight,Level,303,Veh'S Same Direction: Right Rear,Rear-end,N,0,0,0,1,1,2,0,0,0,0,0,0
323767,Hospitalisation,2021,March,Friday,3,Hit parked vehicle,Single Vehicle,153.1666,-27.46163046,Attey St,,,Manly West,Brisbane City,4179,Wynnum,South Brisbane,Brisbane,SEQ South,Metropolitan,Manly West,Wynnum - Manly,Brisbane - East,Major Cities,Lytton,Bonner,Locally-controlled,No Roadway Feature,No traffic control,0 - 50 km/h,Sealed - Dry,Clear,Daylight,Straight,Level,601,Veh'S On Path: Parked,Hit parked vehicle,S,0,1,0,0,1,2,0,0,0,0,0,0