Crash_Severity,Crash_Year,Crash_Month,Crash_Day_Of_Week,Crash_Hour,Crash_Nature,Crash_Type,Crash_Longitude,Crash_Latitude,Crash_Street,Crash_Street_Intersecting,State_Road_Name,Loc_Suburb,Loc_Local_Government_Area,Loc_Post_Code,Loc_Police_Division,Loc_Police_District,Loc_Police_Region,Loc_Queensland_Transport_Region,Loc_Main_Roads_Region,Loc_ABS_Statistical_Area_2,Loc_ABS_Statistical_Area_3,Loc_ABS_Statistical_Area_4,Loc_ABS_Remoteness,Loc_State_Electorate,Loc_Federal_Electorate,Crash_Controlling_Authority,Crash_Roadway_Feature,Crash_Traffic_Control,Crash_Speed_Limit,Crash_Road_Surface_Condition,Crash_Atmospheric_Condition,Crash_Lighting_Condition,Crash_Road_Horiz_Align,Crash_Road_Vert_Align,Crash_DCA_Code,Crash_DCA_Description,Crash_DCA_Group_Description,DCA_Key_Approach_Dir,Count_Casualty_Fatality,Count_Casualty_Hospitalised,Count_Casualty_MedicallyTreated,Count_Casualty_MinorInjury,Count_Casualty_Total,Count_Unit_Car,Count_Unit_Motorcycle_Moped,Count_Unit_Truck,Count_Unit_Bus,Count_Unit_Bicycle,Count_Unit_Pedestrian,Count_Unit_Other,
323768,Medical treatment,2021,March,Sunday,15,Rear-end,Multi-Vehicle,153.172266,-27.46984146,Manly Rd,,,Manly West,Brisbane City,4179,Wynnum,South Brisbane,Brisbane,SEQ South,Metropolitan,Manly West,Wynnum - Manly,Brisbane - East,Major Cities,Lytton,Bonner,Locally-controlled,Merge Lane,No traffic control,60 km/h,Sealed - Dry,Clear,Daylight,Straight,Level,305,Veh'S Same Direction: Lane Side Swipe,Lane changes,N,0,0,1,0,1,2,0,0,0,0,0,0
323769,Minor injury,2021,March,Thursday,16,Rear-end,Multi-Vehicle,153.161377,-27.47519046,Manly Rd,,,Manly West,Brisbane City,4179,Wynnum,South Brisbane,Brisbane,SEQ South,Metropolitan,Manly West,Wynnum - Manly,Brisbane - East,Major Cities,Lytton,Bonner,Locally-controlled,No Roadway Feature,No traffic control,60 km/h,Sealed - Dry,Clear,Daylight,Straight,Level,301,Veh'S Same Direction: Rear End,Rear-end,E,0,0,0,1,1,2,0,0,0,0,0,0
323770,Hospitalisation,2021,March,Friday,8,Sideswipe,Multi-Vehicle,153.1209571,-27.4852737,Gateway Arterial Rd,,Gateway Motorway (Eight Mile Plains - Nudgee),Belmont,Brisbane City,4153,Wynnum,South Brisbane,Brisbane,SEQ South,Metropolitan,Tingalpa,Wynnum - Manly,Brisbane - East,Major Cities,Chatsworth,Bonner,State-controlled,No Roadway Feature,No traffic control,100 - 110 km/h,Sealed - Dry,Clear,Daylight,Straight,Level,307,Veh'S Same Direction: Lane Change Left,Lane changes,S,0,1,0,0,1,2,0,0,0,0,0,0
324311,Hospitalisation,2021,February,Sunday,19,Hit object,Single Vehicle,145.4420997,-17.66277272,Wooroora Rd,,,Millstream,Tablelands Region,4888,Ravenshoe,Far North,Far Northern,Northern,North Queensland,Herberton,Tablelands (east) - Kuranda,Cairns,Remote,Hill,Kennedy,Locally-controlled,No Roadway Feature,No traffic control,80 - 90 km/h,Sealed - Wet,Raining,Darkness - Not lighted,Straight,Level,704,Off Path-Straight:Right Off Cway Hit Obj,Off carriageway on straight hit object,W,0,1,0,0,1,1,0,0,0,0,0,0
324312,Fatal,2021,March,Saturday,14,Fall from vehicle,Single Vehicle,145.4063347,-17.42987171,Longlands Gap - Herberton Rd,,Longlands Gap - Herberton Road,Wondecla,Tablelands Region,4887,Herberton,Far North,Far Northern,Northern,North Queensland,Herberton,Tablelands (east) - Kuranda,Cairns,Outer Regional,Hill,Kennedy,State-controlled,No Roadway Feature,No traffic control,100 - 110 km/h,Sealed - Dry,Clear,Daylight,Straight,Grade,408,Veh'S Manoeuvring: Entering From Footway,Vehicle leaving driveway,W,1,0,0,0,1,1,1,0,0,0,0,0
324313,Hospitalisation,2021,May,Wednesday,3,Hit object,Single Vehicle,145.4994477,-17.60905672,Kennedy Hwy,,Kennedy Highway (Mareeba - Ravenshoe),Ravenshoe,Tablelands Region,4888,Ravenshoe,Far North,Far Northern,Northern,North Queensland,Herberton,Tablelands (east) - Kuranda,Cairns,Outer Regional,Hill,Kennedy,State-controlled,No Roadway Feature,No traffic control,100 - 110 km/h,Sealed - Dry,Clear,Darkness - Not lighted,Curved - view open,Crest,704,Off Path-Straight:Right Off Cway Hit Obj,Off carriageway on straight hit object,E,0,1,0,0,1,0,0,1,0,0,0,0
324314,Minor injury,2021,May,Wednesday,11,Hit pedestrian,Hit pedestrian,145.4828177,-17.60719188,Grigg St,,Tumoulin Road,Ravenshoe,Tablelands Region,4888,Ravenshoe,Far North,Far Northern,Northern,North Queensland,Herberton,Tablelands (east) - Kuranda,Cairns,Outer Regional,Hill,Kennedy,State-controlled,No Roadway Feature,No traffic control,0 - 50 km/h,Sealed - Dry,Clear,Daylight,Straight,Level,0,Ped'N: Hit Other,Other,E,0,0,0,1,1,1,0,0,0,0,1,0
324315,Medical treatment,2021,June,Thursday,6,Hit animal,Other,145.4320985,-17.43657794,Longlands Gap - Herberton Rd,,Longlands Gap - Herberton Road,Wondecla,Tablelands Region,4887,Herberton,Far North,Far Northern,Northern,North Queensland,Herberton,Tablelands (east) - Kuranda,Cairns,Outer Regional,Hill,Kennedy,State-controlled,No Roadway Feature,No traffic control,100 - 110 km/h,Sealed - Dry,Clear,Dawn/Dusk,Curved - view obscured,Level,609,Pass & Misc: Hit Animal,Hit animal,W,0,0,1,0,1,1,0,0,0,0,0,0
324846,Hospitalisation,2021,January,Tuesday,16,Hit object,Single Vehicle,153.031542,-27.41581445,Swan St,,,Gordon Park,Brisbane City,4031,Stafford,North Brisbane,Brisbane,SEQ North,Metropolitan,Kedron - Gordon Park,Chermside,Brisbane - North,Major Cities,Clayfield,Brisbane,Locally-controlled,No Roadway Feature,No traffic control,0 - 50 km/h,Sealed - Dry,Clear,Daylight,Straight,Level,700,Off Path-Straight: Other,Other,N,0,1,0,0,1,1,0,0,0,0,0,0
324847,Medical treatment,2021,January,Tuesday,9,Angle,Multi-Vehicle,153.026092,-27.41167444,Bradley Ave,Stafford Rd,East-West Arterial Road,Kedron,Brisbane City,4031,Stafford,North Brisbane,Brisbane,SEQ North,Metropolitan,Kedron - Gordon Park,Chermside,Brisbane - North,Major Cities,Clayfield,Lilley,State-controlled,Intersection - T-Junction,No traffic control,60 km/h,Sealed - Dry,Clear,Daylight,Straight,Level,202,Veh'S Opposite Approach: Thru-Right,Opposing vehicles turning,W,0,0,1,0,1,3,0,0,0,0,0,0
324848,Hospitalisation,2021,January,Sunday,13,Rear-end,Multi-Vehicle,153.013385,-27.41005476,Stafford Rd,,East-West Arterial Road,Stafford,Brisbane City,4053,Stafford,North Brisbane,Brisbane,SEQ North,Metropolitan,Stafford,Chermside,Brisbane - North,Major Cities,Stafford,Brisbane,State-controlled,No Roadway Feature,Give way sign,60 km/h,Sealed - Dry,Clear,Daylight,Curved - view open,Level,400,Veh'S Manoeuvring: Other,Other,W,0,1,0,0,1,2,0,0,0,0,0,0
324849,Minor injury,2021,January,Thursday,11,Rear-end,Multi-Vehicle,153.0172596,-27.40872044,Webster Rd,,,Stafford,Brisbane City,4053,Stafford,North Brisbane,Brisbane,SEQ North,Metropolitan,Stafford,Chermside,Brisbane - North,Major Cities,Stafford,Lilley,Locally-controlled,No Roadway Feature,No traffic control,60 km/h,Sealed - Dry,Clear,Daylight,Straight,Level,301,Veh'S Same Direction: Rear End,Rear-end,S,0,0,0,1,1,2,0,0,0,0,0,0
324850,Hospitalisation,2021,February,Sunday,14,Angle,Multi-Vehicle,153.011521,-27.39125044,Appleby Rd,Rode Rd,,Chermside West,Brisbane City,4032,Stafford,North Brisbane,Brisbane,SEQ North,Metropolitan,Stafford Heights,Chermside,Brisbane - North,Major Cities,Stafford,Lilley,Locally-controlled,Intersection - Cross,Operating traffic lights,60 km/h,Sealed - Dry,Clear,Daylight,Straight,Level,202,Veh'S Opposite Approach: Thru-Right,Opposing vehicles turning,N,0,1,0,0,1,2,0,0,0,0,0,0
324851,Medical treatment,2021,February,Wednesday,11,Angle,Multi-Vehicle,153.026092,-27.41167444,Bradley Ave,Stafford Rd,East-West Arterial Road,Kedron,Brisbane City,4031,Stafford,North Brisbane,Brisbane,SEQ North,Metropolitan,Kedron - Gordon Park,Chermside,Brisbane - North,Major Cities,Clayfield,Lilley,State-controlled,Intersection - T-Junction,No traffic control,60 km/h,Sealed - Dry,Clear,Daylight,Straight,Level,202,Veh'S Opposite Approach: Thru-Right,Opposing vehicles turning,W,0,0,2,0,2,2,0,0,0,0,0,0
324852,Medical treatment,2021,March,Friday,14,Rear-end,Multi-Vehicle,153.023503,-27.41133744,Stafford Rd,,East-West Arterial Road,Gordon Park,Brisbane City,4031,Stafford,North Brisbane,Brisbane,SEQ North,Metropolitan,Kedron - Gordon Park,Chermside,Brisbane - North,Major Cities,Clayfield,Brisbane,State-controlled,No Roadway Feature,No traffic control,60 km/h,Sealed - Dry,Clear,Daylight,Straight,Level,301,Veh'S Same Direction: Rear End,Rear-end,W,0,0,1,1,2,2,0,0,0,0,0,0
324853,Minor injury,2021,March,Monday,16,Rear-end,Multi-Vehicle,153.0323814,-27.40713292,Gympie Rd,,Gympie Arterial Road,Kedron,Brisbane City,4031,Stafford,North Brisbane,Brisbane,SEQ North,Metropolitan,Kedron - Gordon Park,Chermside,Brisbane - North,Major Cities,Stafford,Lilley,State-controlled,No Roadway Feature,No traffic control,60 km/h,Sealed - Wet,Clear,Daylight,Curved - view open,Grade,301,Veh'S Same Direction: Rear End,Rear-end,N,0,0,0,1,1,2,0,1,0,0,0,1
324854,Medical treatment,2021,March,Thursday,17,Angle,Multi-Vehicle,153.008681,-27.40541144,Appleby Rd,Minimine St,,Stafford,Brisbane City,4053,Stafford,North Brisbane,Brisbane,SEQ North,Metropolitan,Stafford,Chermside,Brisbane - North,Major Cities,Stafford,Lilley,Locally-controlled,Intersection - Cross,Operating traffic lights,60 km/h,Sealed - Dry,Clear,Daylight,Straight,Level,202,Veh'S Opposite Approach: Thru-Right,Opposing vehicles turning,N,0,0,1,1,2,3,0,0,0,0,0,0
324855,Minor injury,2021,March,Monday,11,Rear-end,Multi-Vehicle,153.009627,-27.40034144,Appleby Rd,,,Stafford Heights,Brisbane City,4053,Stafford,North Brisbane,Brisbane,SEQ North,Metropolitan,Stafford Heights,Chermside,Brisbane - North,Major Cities,Stafford,Lilley,Locally-controlled,No Roadway Feature,No traffic control,60 km/h,Sealed - Dry,Clear,Daylight,Straight,Crest,301,Veh'S Same Direction: Rear End,Rear-end,S,0,0,0,1,1,3,0,0,0,0,0,0
324856,Medical treatment,2021,April,Friday,18,Rear-end,Multi-Vehicle,153.018234,-27.41067244,Stafford Rd,,East-West Arterial Road,Stafford,Brisbane City,4053,Stafford,North Brisbane,Brisbane,SEQ North,Metropolitan,Stafford,Chermside,Brisbane - North,Major Cities,Stafford,Brisbane,State-controlled,No Roadway Feature,No traffic control,60 km/h,Sealed - Dry,Clear,Darkness - Lighted,Straight,Level,301,Veh'S Same Direction: Rear End,Rear-end,W,0,0,1,1,2,2,0,0,0,0,0,0
324857,Hospitalisation,2021,May,Thursday,8,Angle,Multi-Vehicle,153.026092,-27.41167444,Bradley Ave,Stafford Rd,East-West Arterial Road,Kedron,Brisbane City,4031,Stafford,North Brisbane,Brisbane,SEQ North,Metropolitan,Kedron - Gordon Park,Chermside,Brisbane - North,Major Cities,Clayfield,Lilley,State-controlled,Intersection - T-Junction,No traffic control,60 km/h,Sealed - Dry,Clear,Daylight,Straight,Level,202,Veh'S Opposite Approach: Thru-Right,Opposing vehicles turning,W,0,3,0,0,3,2,0,0,0,0,0,0
324858,Medical treatment,2021,May,Thursday,8,Hit pedestrian,Hit pedestrian,153.007469,-27.41041344,Shand St,,,Stafford,Brisbane City,4053,Stafford,North Brisbane,Brisbane,SEQ North,Metropolitan,Stafford,Chermside,Brisbane - North,Major Cities,Stafford,Brisbane,Locally-controlled,No Roadway Feature,No traffic control,60 km/h,Sealed - Dry,Clear,Daylight,Straight,Grade,9,Ped'N: Hit While Boarding/Alighting,Pedestrian,N,0,0,1,0,1,0,0,0,1,0,1,0
324859,Hospitalisation,2021,May,Thursday,10,Rear-end,Multi-Vehicle,153.01621,-27.41448444,Babarra St,Webster Rd,,Stafford,Brisbane City,4053,Stafford,North Brisbane,Brisbane,SEQ North,Metropolitan,Stafford,Chermside,Brisbane - North,Major Cities,Stafford,Brisbane,Locally-controlled,Intersection - T-Junction,No traffic control,60 km/h,Sealed - Dry,Clear,Daylight,Straight,Level,303,Veh'S Same Direction: Right Rear,Rear-end,W,0,1,0,0,1,2,0,0,0,0,0,0
324860,Hospitalisation,2021,June,Wednesday,18,Rear-end,Multi-Vehicle,153.0108733,-27.39412941,Appleby Rd,,,Stafford Heights,Brisbane City,4053,Stafford,North Brisbane,Brisbane,SEQ North,Metropolitan,Stafford Heights,Chermside,Brisbane - North,Major Cities,Stafford,Lilley,Locally-controlled,No Roadway Feature,No traffic control,60 km/h,Sealed - Dry,Clear,Dawn/Dusk,Straight,Level,301,Veh'S Same Direction: Rear End,Rear-end,N,0,1,0,0,1,3,0,0,0,0,0,0
324861,Hospitalisation,2021,June,Sunday,18,Angle,Multi-Vehicle,153.007717,-27.40923544,Shand St,Stafford Rd,East-West Arterial Road,Stafford,Brisbane City,4053,Stafford,North Brisbane,Brisbane,SEQ North,Metropolitan,Stafford,Chermside,Brisbane - North,Major Cities,Stafford,Brisbane,State-controlled,Intersection - Cross,Operating traffic lights,60 km/h,Sealed - Dry,Clear,Darkness - Lighted,Straight,Level,202,Veh'S Opposite Approach: Thru-Right,Opposing vehicles turning,W,0,2,0,0,2,2,0,0,0,0,0,0
324862,Medical treatment,2021,June,Thursday,11,Angle,Multi-Vehicle,153.007741,-27.40915844,Appleby Rd,Stafford Rd,East-West Arterial Road,Stafford,Brisbane City,4053,Stafford,North Brisbane,Brisbane,SEQ North,Metropolitan,Stafford,Chermside,Brisbane - North,Major Cities,Stafford,Lilley,State-controlled,Intersection - Cross,Operating traffic lights,60 km/h,Sealed - Dry,Clear,Daylight,Straight,Level,202,Veh'S Opposite Approach: Thru-Right,Opposing vehicles turning,W,0,0,1,0,1,2,0,0,0,0,0,0
324863,Medical treatment,2021,June,Thursday,15,Hit pedestrian,Hit pedestrian,153.011253,-27.39176044,Appleby Rd,,,Stafford Heights,Brisbane City,4053,Stafford,North Brisbane,Brisbane,SEQ North,Metropolitan,Stafford Heights,Chermside,Brisbane - North,Major Cities,Stafford,Lilley,Locally-controlled,No Roadway Feature,No traffic control,60 km/h,Sealed - Dry,Clear,Daylight,Straight,Level,3,Ped'N: Far Side Vehicle Hit From Left,Pedestrian,N,0,0,1,0,1,1,0,0,0,0,1,0
324864,Medical treatment,2021,June,Friday,16,Hit pedestrian,Hit pedestrian,153.008943,-27.40927444,Stafford Rd,,East-West Arterial Road,Stafford,Brisbane City,4053,Stafford,North Brisbane,Brisbane,SEQ North,Metropolitan,Stafford,Chermside,Brisbane - North,Major Cities,Stafford,Lilley,State-controlled,No Roadway Feature,No traffic control,60 km/h,Sealed - Dry,Clear,Daylight,Straight,Level,7,Ped'N: Hit By Vehicle Enter/Leave D'Way,Pedestrian,E,0,0,1,0,1,1,0,0,0,0,1,0
326778,Minor injury,2021,March,Sunday,16,Overturned,Single Vehicle,145.9249973,-17.34235028,Bruce Hwy,,Bruce Highway (Innisfail - Cairns),Babinda,Cairns Region,4861,Babinda,Far North,Far Northern,Northern,North Queensland,Babinda,Innisfail - Cassowary Coast,Cairns,Outer Regional,Hill,Kennedy,State-controlled,No Roadway Feature,No traffic control,60 km/h,Sealed - Dry,Clear,Daylight,Straight,Level,805,Off Path-Curve: Out Of Control On Cway,Out of control on curve,N,0,0,0,2,2,1,0,0,0,0,0,0
326779,Medical treatment,2021,March,Saturday,13,Hit object,Single Vehicle,145.8881837,-17.44488175,Bartle Frere Rd,Price Rd,,Bartle Frere,Cairns Region,4861,Babinda,Far North,Far Northern,Northern,North Queensland,Babinda,Innisfail - Cassowary Coast,Cairns,Outer Regional,Hill,Kennedy,Locally-controlled,Intersection - T-Junction,No traffic control,80 - 90 km/h,Sealed - Dry,Clear,Daylight,Curved - view obscured,Level,803,Off Path-Curve: Off Cway Rt Bend Hit Obj,Off carriageway on curve hit object,S,0,0,1,1,2,1,0,0,0,0,0,0
326780,Hospitalisation,2021,March,Saturday,20,Overturned,Single Vehicle,145.836653,-17.13705882,Bruce Hwy,,Bruce Highway (Innisfail - Cairns),Aloomba,Cairns Region,4871,Gordonvale,Far North,Far Northern,Northern,North Queensland,Babinda,Innisfail - Cassowary Coast,Cairns,Outer Regional,Mulgrave,Kennedy,State-controlled,No Roadway Feature,No traffic control,100 - 110 km/h,Sealed - Dry,Clear,Darkness - Not lighted,Curved - view open,Level,801,Off Path-Curve: Off Cway Right Bend,Off carriageway on curve,S,0,1,1,0,2,1,0,0,0,0,0,0
326781,Medical treatment,2021,April,Friday,16,Rear-end,Multi-Vehicle,145.9092157,-17.39893075,Bruce Hwy,Greer Rd,Bruce Highway (Innisfail - Cairns),Mirriwinni,Cairns Region,4871,Babinda,Far North,Far Northern,Northern,North Queensland,Babinda,Innisfail - Cassowary Coast,Cairns,Outer Regional,Hill,Kennedy,State-controlled,Intersection - T-Junction,No traffic control,60 km/h,Sealed - Dry,Clear,Daylight,Straight,Level,301,Veh'S Same Direction: Rear End,Rear-end,S,0,0,1,0,1,2,0,0,0,0,0,0
326782,Hospitalisation,2021,May,Saturday,18,Hit pedestrian,Hit pedestrian,145.9266067,-17.33946175,Howard Kennedy Dr,,Bruce Highway (Innisfail - Cairns),Babinda,Cairns Region,4861,Babinda,Far North,Far Northern,Northern,North Queensland,Babinda,Innisfail - Cassowary Coast,Cairns,Outer Regional,Hill,Kennedy,State-controlled,No Roadway Feature,No traffic control,60 km/h,Sealed - Dry,Clear,Darkness - Lighted,Straight,Level,5,Ped'N: Hit Walking With Traffic,Pedestrian,N,0,1,0,0,1,1,0,0,0,0,1,0
327186,Hospitalisation,2021,May,Saturday,10,Hit object,Single Vehicle,147.1974114,-19.76266887,Barratta Rd,,,Upper Haughton,Burdekin Shire,4809,Clare,Townsville,Northern,Northern,North Queensland,Burdekin,Charters Towers - Ayr - Ingham,Townsville,Outer Regional,Burdekin,Dawson,Locally-controlled,No Roadway Feature,No traffic control,60 km/h,Sealed - Dry,Clear,Daylight,Curved - view open,Level,803,Off Path-Curve: Off Cway Rt Bend Hit Obj,Off carriageway on curve hit object,W,0,2,0,0,2,1,0,0,0,0,0,0
327678,Hospitalisation,2021,February,Wednesday,13,Hit object,Single Vehicle,151.6775892,-27.05397131,Dalby - Cooyar Rd,,Dalby - Cooyar Road,Maclagan,Toowoomba Region,4352,Peranga,Darling Downs,Southern,Southern,Southern Queensland,Crows Nest - Rosalie,Darling Downs - East,Darling Downs - Maranoa,Outer Regional,Nanango,Groom,State-controlled,No Roadway Feature,No traffic control,100 - 110 km/h,Sealed - Dry,Clear,Daylight,Curved - view open,Level,803,Off Path-Curve: Off Cway Rt Bend Hit Obj,Off carriageway on curve hit object,E,0,1,0,0,1,1,0,0,0,0,0,0
327679,Hospitalisation,2021,March,Wednesday,13,Hit object,Single Vehicle,151.8839382,-26.92358133,Palms Rd,,,Cooyar,Toowoomba Region,4402,Cooyar,Darling Downs,Southern,Southern,Southern Queensland,Crows Nest - Rosalie,Darling Downs - East,Darling Downs - Maranoa,Outer Regional,Nanango,Maranoa,Locally-controlled,No Roadway Feature,No traffic control,100 - 110 km/h,Sealed - Wet,Raining,Darkness - Lighted,Curved - view obscured,Crest,607,Veh'S On Path: Temporary Object On C'Way,Other,N,0,1,0,0,1,1,0,0,0,0,0,0
327680,Medical treatment,2021,March,Sunday,12,Fall from vehicle,Single Vehicle,151.8155412,-26.93912032,New England Hwy,,New England Highway (Yarraman - Toowoomba),Cooyar,Toowoomba Region,4402,Cooyar,Darling Downs,Southern,Southern,Southern Queensland,Crows Nest - Rosalie,Darling Downs - East,Darling Downs - Maranoa,Outer Regional,Nanango,Maranoa,State-controlled,No Roadway Feature,No traffic control,60 km/h,Sealed - Dry,Clear,Daylight,Curved - view obscured,Crest,201,Veh'S Opposite Approach: Head On,Head-on,E,0,0,1,2,3,1,1,0,0,0,0,0
327681,Hospitalisation,2021,May,Friday,6,Overturned,Single Vehicle,152.0583732,-26.88359335,D'Aguilar Hwy,,D'Aguilar Highway (Kilcoy - Yarraman),Gilla,Toowoomba Region,4306,Yarraman,Darling Downs,Southern,Southern,Southern Queensland,Crows Nest - Rosalie,Darling Downs - East,Darling Downs - Maranoa,Inner Regional,Nanango,Maranoa,State-controlled,No Roadway Feature,No traffic control,100 - 110 km/h,Sealed - Dry,Fog,Dawn/Dusk,Curved - view obscured,Dip,801,Off Path-Curve: Off Cway Right Bend,Off carriageway on curve,W,0,1,0,0,1,1,0,0,0,0,0,0
327701,Medical treatment,2021,January,Monday,8,Angle,Multi-Vehicle,146.8140434,-19.25073383,Gregory St,Mitchell St,,North Ward,Townsville City,4810,Townsville,Townsville,Northern,Northern,North Queensland,Townsville City - North Ward,Townsville,Townsville,Outer Regional,Townsville,Herbert,Locally-controlled,Intersection - Roundabout,Give way sign,0 - 50 km/h,Sealed - Wet,Raining,Daylight,Straight,Level,101,Veh'S Adjacent Approach: Thru-Thru,Intersection from adjacent approaches,W,0,0,1,0,1,1,0,0,0,1,0,0
327702,Medical treatment,2021,January,Friday,8,Angle,Multi-Vehicle,146.8151455,-19.26120723,Stanley St,,,Townsville City,Townsville City,4810,Townsville,Townsville,Northern,Northern,North Queensland,Townsville City - North Ward,Townsville,Townsville,Outer Regional,Townsville,Herbert,Locally-controlled,No Roadway Feature,No traffic control,60 km/h,Sealed - Dry,Clear,Daylight,Straight,Grade,400,Veh'S Manoeuvring: Other,Other,,0,0,1,0,1,1,0,0,0,1,0,0
327703,Hospitalisation,2021,January,Sunday,9,Rear-end,Multi-Vehicle,146.7831494,-19.26631683,Hugh St,Ingham Rd,North Ward Road,Garbutt,Townsville City,4810,Townsville,Townsville,Northern,Northern,North Queensland,Garbutt - West End,Townsville,Townsville,Outer Regional,Townsville,Herbert,State-controlled,Intersection - T-Junction,Operating traffic lights,60 km/h,Sealed - Dry,Clear,Daylight,Curved - view open,Level,302,Veh'S Same Direction: Left Rear,Rear-end,E,0,1,0,0,1,2,0,0,0,0,0,0
327704,Hospitalisation,2021,January,Tuesday,11,Sideswipe,Multi-Vehicle,146.7745794,-19.26536083,Ingham Rd,Meenan St,,Garbutt,Townsville City,4814,Townsville,Townsville,Northern,Northern,North Queensland,Garbutt - West End,Townsville,Townsville,Outer Regional,Townsville,Herbert,Locally-controlled,Intersection - Roundabout,Give way sign,60 km/h,Sealed - Dry,Clear,Daylight,Straight,Level,305,Veh'S Same Direction: Lane Side Swipe,Lane changes,E,0,1,0,1,2,2,0,0,0,0,0,0
327705,Medical treatment,2021,January,Friday,17,Angle,Multi-Vehicle,146.7752554,-19.25962183,Dearness St,Meenan St,,Garbutt,Townsville City,4814,Townsville,Townsville,Northern,Northern,North Queensland,Garbutt - West End,Townsville,Townsville,Outer Regional,Townsville,Herbert,Locally-controlled,Intersection - Cross,Stop sign,60 km/h,Sealed - Dry,Clear,Daylight,Straight,Level,103,Veh'S Adjacent Approach: Left-Thru,Intersection from adjacent approaches,S,0,0,1,0,1,2,0,0,0,0,0,0
327706,Medical treatment,2021,February,Thursday,6,Hit object,Single Vehicle,146.8220614,-19.25708183,Flinders St,,,Townsville City,Townsville City,4810,Townsville,Townsville,Northern,Northern,North Queensland,Townsville City - North Ward,Townsville,Townsville,Outer Regional,Townsville,Herbert,Locally-controlled,No Roadway Feature,No traffic control,0 - 50 km/h,Sealed - Dry,Clear,Dawn/Dusk,Straight,Level,0,Ped'N: Hit Other,Other,W,0,0,1,0,1,1,0,0,0,0,1,0
327707,Hospitalisation,2021,February,Friday,11,Angle,Multi-Vehicle,146.7752554,-19.25962183,Dearness St,Meenan St,,Garbutt,Townsville City,4814,Townsville,Townsville,Northern,Northern,North Queensland,Garbutt - West End,Townsville,Townsville,Outer Regional,Townsville,Herbert,Locally-controlled,Intersection - Cross,Stop sign,60 km/h,Sealed - Dry,Clear,Daylight,Straight,Level,104,Veh'S Adjacent Approach: Thru-Right,Intersection from adjacent approaches,N,0,1,0,0,1,3,0,0,0,0,0,0
327708,Hospitalisation,2021,February,Friday,12,Rear-end,Multi-Vehicle,146.7829064,-19.28021183,Hugh St,,,Currajong,Townsville City,4812,Mundingburra,Townsville,Northern,Northern,North Queensland,Gulliver - Currajong - Vincent,Townsville,Townsville,Outer Regional,Townsville,Herbert,Locally-controlled,No Roadway Feature,No traffic control,60 km/h,Sealed - Wet,Raining,Daylight,Straight,Level,301,Veh'S Same Direction: Rear End,Rear-end,N,0,1,0,0,1,2,0,0,0,0,0,0
327709,Hospitalisation,2021,February,Saturday,19,Hit pedestrian,Hit pedestrian,146.8236867,-19.25640593,The Strand,,,Townsville City,Townsville City,4810,Townsville,Townsville,Northern,Northern,North Queensland,Townsville City - North Ward,Townsville,Townsville,Outer Regional,Townsville,Herbert,Locally-controlled,No Roadway Feature,No traffic control,0 - 50 km/h,Sealed - Dry,Clear,Darkness - Lighted,Curved - view open,Level,3,Ped'N: Far Side Vehicle Hit From Left,Pedestrian,N,0,1,0,0,1,1,0,0,0,0,0,1
327710,Hospitalisation,2021,February,Monday,6,Hit parked vehicle,Single Vehicle,146.8149164,-19.24989583,Gregory St,The Strand,,North Ward,Townsville City,4810,Townsville,Townsville,Northern,Northern,North Queensland,Townsville City - North Ward,Townsville,Townsville,Outer Regional,Townsville,Herbert,Locally-controlled,No Roadway Feature,No traffic control,0 - 50 km/h,Sealed - Dry,Clear,Daylight,Straight,Level,604,Veh'S On Path: Car Door,Hit parked vehicle,W,0,1,0,0,1,1,0,0,0,1,0,0
327711,Hospitalisation,2021,February,Tuesday,12,Overturned,Single Vehicle,146.8102264,-19.27868083,Queens Rd,,,Railway Estate,Townsville City,4810,Mundingburra,Townsville,Northern,Northern,North Queensland,South Townsville - Railway Estate,Townsville,Townsville,Outer Regional,Townsville,Herbert,Locally-controlled,No Roadway Feature,No traffic control,60 km/h,Sealed - Dry,Clear,Daylight,Straight,Level,701,Off Path-Straight: Left Off Cway,Off carriageway on straight,S,0,1,0,0,1,1,0,0,0,0,0,0
327712,Hospitalisation,2021,February,Friday,8,Hit object,Single Vehicle,146.7597524,-19.27307083,Bayswater Rd,Duckworth St,Douglas - Garbutt Road,Garbutt,Townsville City,4814,Townsville,Townsville,Northern,Northern,North Queensland,Garbutt - West End,Townsville,Townsville,Outer Regional,Townsville,Herbert,State-controlled,Intersection - Roundabout,No traffic control,70 km/h,Sealed - Wet,Raining,Daylight,Curved - view open,Level,607,Veh'S On Path: Temporary Object On C'Way,Other,W,0,1,0,0,1,0,1,0,0,0,0,0