Crash_Severity,Crash_Year,Crash_Month,Crash_Day_Of_Week,Crash_Hour,Crash_Nature,Crash_Type,Crash_Longitude,Crash_Latitude,Crash_Street,Crash_Street_Intersecting,State_Road_Name,Loc_Suburb,Loc_Local_Government_Area,Loc_Post_Code,Loc_Police_Division,Loc_Police_District,Loc_Police_Region,Loc_Queensland_Transport_Region,Loc_Main_Roads_Region,Loc_ABS_Statistical_Area_2,Loc_ABS_Statistical_Area_3,Loc_ABS_Statistical_Area_4,Loc_ABS_Remoteness,Loc_State_Electorate,Loc_Federal_Electorate,Crash_Controlling_Authority,Crash_Roadway_Feature,Crash_Traffic_Control,Crash_Speed_Limit,Crash_Road_Surface_Condition,Crash_Atmospheric_Condition,Crash_Lighting_Condition,Crash_Road_Horiz_Align,Crash_Road_Vert_Align,Crash_DCA_Code,Crash_DCA_Description,Crash_DCA_Group_Description,DCA_Key_Approach_Dir,Count_Casualty_Fatality,Count_Casualty_Hospitalised,Count_Casualty_MedicallyTreated,Count_Casualty_MinorInjury,Count_Casualty_Total,Count_Unit_Car,Count_Unit_Motorcycle_Moped,Count_Unit_Truck,Count_Unit_Bus,Count_Unit_Bicycle,Count_Unit_Pedestrian,Count_Unit_Other,
327713,Hospitalisation,2021,February,Friday,13,Rear-end,Multi-Vehicle,146.7502274,-19.26745183,Woolcock St,,North Townsville Road,Garbutt,Townsville City,4814,Townsville,Townsville,Northern,Northern,North Queensland,Garbutt - West End,Townsville,Townsville,Outer Regional,Townsville,Herbert,State-controlled,Bridge/Causeway,No traffic control,80 - 90 km/h,Sealed - Wet,Raining,Daylight,Straight,Level,301,Veh'S Same Direction: Rear End,Rear-end,W,0,3,0,0,3,3,0,0,0,0,0,0
327714,Hospitalisation,2021,February,Friday,19,Angle,Multi-Vehicle,146.7593024,-19.28030183,Dalrymple Rd,Duckworth St,Douglas - Garbutt Road,Garbutt,Townsville City,4814,Townsville,Townsville,Northern,Northern,North Queensland,Garbutt - West End,Townsville,Townsville,Outer Regional,Townsville,Herbert,State-controlled,Intersection - Cross,Operating traffic lights,70 km/h,Sealed - Dry,Clear,Darkness - Lighted,Straight,Level,101,Veh'S Adjacent Approach: Thru-Thru,Intersection from adjacent approaches,S,0,3,0,0,3,2,0,0,0,0,0,0
327715,Hospitalisation,2021,February,Sunday,9,Rear-end,Multi-Vehicle,146.7756254,-19.26942783,Dalrymple Rd,Woolcock St,North Townsville Road,Garbutt,Townsville City,4814,Townsville,Townsville,Northern,Northern,North Queensland,Garbutt - West End,Townsville,Townsville,Outer Regional,Townsville,Herbert,State-controlled,Intersection - Cross,Operating traffic lights,80 - 90 km/h,Sealed - Wet,Raining,Daylight,Straight,Level,301,Veh'S Same Direction: Rear End,Rear-end,E,0,1,0,1,2,2,0,0,0,0,0,0
327716,Hospitalisation,2021,March,Friday,12,Hit object,Single Vehicle,146.8158214,-19.25364383,Eyre St,Oxley St,North Ward Road,North Ward,Townsville City,4810,Townsville,Townsville,Northern,Northern,North Queensland,Townsville City - North Ward,Townsville,Townsville,Outer Regional,Townsville,Herbert,State-controlled,Intersection - Roundabout,No traffic control,60 km/h,Sealed - Dry,Clear,Daylight,Curved - view open,Crest,808,Off Path-Curve: Mounts Traffic Island,Off carriageway on curve hit object,S,0,1,0,0,1,0,1,0,0,0,0,0
327717,Hospitalisation,2021,March,Wednesday,11,Rear-end,Multi-Vehicle,146.7124295,-19.26442282,Woolcock St,,North Townsville Road,Cosgrove,Townsville City,4818,Townsville,Townsville,Northern,Northern,North Queensland,Mount Louisa,Townsville,Townsville,Outer Regional,Townsville,Herbert,State-controlled,No Roadway Feature,No traffic control,100 - 110 km/h,Sealed - Dry,Clear,Daylight,Straight,Grade,301,Veh'S Same Direction: Rear End,Rear-end,E,0,1,0,0,1,2,0,0,0,0,0,0
327718,Medical treatment,2021,March,Friday,17,Angle,Multi-Vehicle,146.7597524,-19.27307083,Bayswater Rd,Duckworth St,Douglas - Garbutt Road,Garbutt,Townsville City,4814,Townsville,Townsville,Northern,Northern,North Queensland,Garbutt - West End,Townsville,Townsville,Outer Regional,Townsville,Herbert,State-controlled,Intersection - Roundabout,Give way sign,60 km/h,Sealed - Dry,Clear,Daylight,Straight,Level,101,Veh'S Adjacent Approach: Thru-Thru,Intersection from adjacent approaches,W,0,0,1,0,1,2,0,0,0,0,0,0
327719,Medical treatment,2021,March,Sunday,13,Rear-end,Multi-Vehicle,146.7672544,-19.26917283,Pilkington St,,North Townsville Road,Garbutt,Townsville City,4814,Townsville,Townsville,Northern,Northern,North Queensland,Garbutt - West End,Townsville,Townsville,Outer Regional,Townsville,Herbert,State-controlled,No Roadway Feature,No traffic control,60 km/h,Sealed - Dry,Clear,Daylight,Straight,Level,301,Veh'S Same Direction: Rear End,Rear-end,N,0,0,1,0,1,2,1,0,0,0,0,0
327720,Medical treatment,2021,March,Monday,7,Hit object,Single Vehicle,146.8023223,-19.27165705,Sturt St,,North Townsville Road,West End,Townsville City,4810,Townsville,Townsville,Northern,Northern,North Queensland,Garbutt - West End,Townsville,Townsville,Outer Regional,Townsville,Herbert,State-controlled,No Roadway Feature,No traffic control,60 km/h,Sealed - Dry,Clear,Daylight,Curved - view open,Level,804,Off Path-Curve: Off Cway Lt Bend Hit Obj,Off carriageway on curve hit object,N,0,0,1,0,1,1,0,0,0,0,0,0
327721,Minor injury,2021,March,Wednesday,5,Rear-end,Multi-Vehicle,146.774686,-19.26447003,Meenan St,,,Garbutt,Townsville City,4814,Townsville,Townsville,Northern,Northern,North Queensland,Garbutt - West End,Townsville,Townsville,Outer Regional,Townsville,Herbert,Locally-controlled,No Roadway Feature,No traffic control,60 km/h,Sealed - Dry,Clear,Dawn/Dusk,Straight,Level,301,Veh'S Same Direction: Rear End,Rear-end,S,0,0,0,1,1,2,0,0,0,0,0,0
327722,Medical treatment,2021,March,Thursday,21,Angle,Multi-Vehicle,146.7602254,-19.26842583,Duckworth St,Woolcock St,Douglas - Garbutt Road,Garbutt,Townsville City,4814,Townsville,Townsville,Northern,Northern,North Queensland,Garbutt - West End,Townsville,Townsville,Outer Regional,Townsville,Herbert,State-controlled,Intersection - Roundabout,Give way sign,70 km/h,Sealed - Wet,Clear,Darkness - Lighted,Straight,Level,101,Veh'S Adjacent Approach: Thru-Thru,Intersection from adjacent approaches,N,0,0,1,0,1,2,0,0,0,0,0,0
327723,Medical treatment,2021,April,Sunday,8,Hit pedestrian,Hit pedestrian,146.8153064,-19.25844683,Stokes St,,,Townsville City,Townsville City,4810,Townsville,Townsville,Northern,Northern,North Queensland,Townsville City - North Ward,Townsville,Townsville,Outer Regional,Townsville,Herbert,Locally-controlled,No Roadway Feature,No traffic control,0 - 50 km/h,Sealed - Dry,Clear,Daylight,Straight,Grade,4,Ped'N: Play; Work; Stand; Lie On C'Way,Pedestrian,U,0,0,1,0,1,1,0,0,0,0,1,0
327724,Hospitalisation,2021,April,Monday,10,Hit pedestrian,Hit pedestrian,146.7910482,-19.27641857,Bayswater Rd,,,Pimlico,Townsville City,4812,Mundingburra,Townsville,Northern,Northern,North Queensland,Hyde Park - Pimlico,Townsville,Townsville,Outer Regional,Townsville,Herbert,Locally-controlled,No Roadway Feature,No traffic control,60 km/h,Sealed - Dry,Clear,Darkness - Lighted,Straight,Dip,5,Ped'N: Hit Walking With Traffic,Pedestrian,U,0,1,0,0,1,0,0,0,0,0,1,1
327725,Medical treatment,2021,April,Tuesday,8,Rear-end,Multi-Vehicle,146.7666444,-19.26883083,Woolcock St,,North Townsville Road,Garbutt,Townsville City,4814,Townsville,Townsville,Northern,Northern,North Queensland,Garbutt - West End,Townsville,Townsville,Outer Regional,Townsville,Herbert,State-controlled,Intersection - T-Junction,No traffic control,60 km/h,Sealed - Dry,Clear,Daylight,Curved - view open,Level,301,Veh'S Same Direction: Rear End,Rear-end,E,0,0,1,0,1,2,0,0,0,0,0,0
327726,Hospitalisation,2021,April,Tuesday,5,Angle,Multi-Vehicle,146.7602254,-19.26842583,Duckworth St,Woolcock St,North Townsville Road,Garbutt,Townsville City,4814,Townsville,Townsville,Northern,Northern,North Queensland,Garbutt - West End,Townsville,Townsville,Outer Regional,Townsville,Herbert,State-controlled,Intersection - Roundabout,Give way sign,60 km/h,Sealed - Dry,Clear,Dawn/Dusk,Straight,Level,101,Veh'S Adjacent Approach: Thru-Thru,Intersection from adjacent approaches,N,0,1,0,0,1,2,0,0,0,0,0,0
327727,Medical treatment,2021,April,Wednesday,10,Rear-end,Multi-Vehicle,146.7776064,-19.26569683,Ingham Rd,,,Garbutt,Townsville City,4814,Townsville,Townsville,Northern,Northern,North Queensland,Garbutt - West End,Townsville,Townsville,Outer Regional,Townsville,Herbert,Locally-controlled,No Roadway Feature,No traffic control,60 km/h,Sealed - Dry,Clear,Daylight,Straight,Level,302,Veh'S Same Direction: Left Rear,Rear-end,E,0,0,1,0,1,2,0,0,0,0,0,0
327728,Medical treatment,2021,April,Friday,20,Angle,Multi-Vehicle,146.8147564,-19.27119183,Boundary St,Railway Ave,North Ward Road,Railway Estate,Townsville City,4810,Townsville,Townsville,Northern,Northern,North Queensland,South Townsville - Railway Estate,Townsville,Townsville,Outer Regional,Townsville,Herbert,State-controlled,Intersection - Cross,Operating traffic lights,60 km/h,Sealed - Dry,Clear,Darkness - Lighted,Straight,Grade,101,Veh'S Adjacent Approach: Thru-Thru,Intersection from adjacent approaches,E,0,0,5,1,6,2,0,0,0,0,0,0
327729,Medical treatment,2021,April,Friday,10,Hit pedestrian,Hit pedestrian,146.8209174,-19.25727883,Flinders St,,,Townsville City,Townsville City,4810,Townsville,Townsville,Northern,Northern,North Queensland,Townsville City - North Ward,Townsville,Townsville,Outer Regional,Townsville,Herbert,Locally-controlled,No Roadway Feature,Pedestrian crossing sign,0 - 50 km/h,Sealed - Dry,Clear,Daylight,Straight,Level,1,Ped'N: Near Side Vehicle Hit From Right,Pedestrian,W,0,0,1,0,1,1,0,0,0,0,1,0
327730,Medical treatment,2021,April,Monday,8,Angle,Multi-Vehicle,146.8137884,-19.26357883,Flinders St,,,Townsville City,Townsville City,4810,Townsville,Townsville,Northern,Northern,North Queensland,Townsville City - North Ward,Townsville,Townsville,Outer Regional,Townsville,Herbert,Locally-controlled,No Roadway Feature,Stop sign,60 km/h,Sealed - Dry,Clear,Daylight,Straight,Level,400,Veh'S Manoeuvring: Other,Other,,0,0,1,0,1,1,0,0,0,0,1,0
327731,Hospitalisation,2021,April,Wednesday,13,Head-on,Multi-Vehicle,146.76147,-19.27314643,Bayswater Rd,,,Garbutt,Townsville City,4814,Townsville,Townsville,Northern,Northern,North Queensland,Garbutt - West End,Townsville,Townsville,Outer Regional,Townsville,Herbert,Locally-controlled,No Roadway Feature,No traffic control,60 km/h,Sealed - Dry,Clear,Daylight,Straight,Level,201,Veh'S Opposite Approach: Head On,Head-on,W,0,3,0,0,3,6,0,0,0,0,1,0
327732,Medical treatment,2021,April,Wednesday,15,Angle,Multi-Vehicle,146.7735194,-19.27463783,Bayswater Rd,Quandong St,,Currajong,Townsville City,4812,Mundingburra,Townsville,Northern,Northern,North Queensland,Gulliver - Currajong - Vincent,Townsville,Townsville,Outer Regional,Townsville,Herbert,Locally-controlled,Intersection - T-Junction,No traffic control,60 km/h,Sealed - Dry,Clear,Daylight,Straight,Level,408,Veh'S Manoeuvring: Entering From Footway,Vehicle leaving driveway,W,0,0,1,0,1,2,0,0,0,0,0,0
327733,Medical treatment,2021,April,Thursday,8,Angle,Multi-Vehicle,146.8043704,-19.26869783,Ingham Rd,Sturt St,,West End,Townsville City,4810,Townsville,Townsville,Northern,Northern,North Queensland,Garbutt - West End,Townsville,Townsville,Outer Regional,Townsville,Herbert,Locally-controlled,Intersection - Cross,Operating traffic lights,60 km/h,Sealed - Dry,Clear,Daylight,Straight,Level,101,Veh'S Adjacent Approach: Thru-Thru,Intersection from adjacent approaches,E,0,0,1,0,1,3,0,0,0,0,0,0
327734,Minor injury,2021,April,Friday,18,Rear-end,Multi-Vehicle,146.7747404,-19.27002083,Dalrymple Rd,Woolcock St,Garbutt - Upper Ross Road,Garbutt,Townsville City,4814,Townsville,Townsville,Northern,Northern,North Queensland,Garbutt - West End,Townsville,Townsville,Outer Regional,Townsville,Herbert,State-controlled,Intersection - T-Junction,Operating traffic lights,70 km/h,Sealed - Dry,Clear,Daylight,Straight,Level,301,Veh'S Same Direction: Rear End,Rear-end,E,0,0,0,1,1,2,0,0,0,0,0,0
327735,Hospitalisation,2021,April,Tuesday,8,Rear-end,Multi-Vehicle,146.7744014,-19.27046283,Dalrymple Rd,,Garbutt - Upper Ross Road,Garbutt,Townsville City,4814,Townsville,Townsville,Northern,Northern,North Queensland,Garbutt - West End,Townsville,Townsville,Outer Regional,Townsville,Herbert,State-controlled,No Roadway Feature,No traffic control,60 km/h,Sealed - Dry,Clear,Daylight,Straight,Level,301,Veh'S Same Direction: Rear End,Rear-end,N,0,1,0,0,1,3,0,0,0,0,0,0
327736,Medical treatment,2021,May,Sunday,21,Angle,Multi-Vehicle,146.8031164,-19.24324683,Cook St,Howitt St,,North Ward,Townsville City,4810,Townsville,Townsville,Northern,Northern,North Queensland,Townsville City - North Ward,Townsville,Townsville,Outer Regional,Townsville,Herbert,Locally-controlled,Intersection - Cross,Give way sign,0 - 50 km/h,Sealed - Dry,Clear,Darkness - Lighted,Straight,Level,101,Veh'S Adjacent Approach: Thru-Thru,Intersection from adjacent approaches,E,0,0,2,0,2,2,0,0,0,0,0,0
327737,Hospitalisation,2021,May,Saturday,8,Fall from vehicle,Single Vehicle,146.7481714,-19.27168583,Bayswater Rd,Mather St,,Mount Louisa,Townsville City,4814,Townsville,Townsville,Northern,Northern,North Queensland,Garbutt - West End,Townsville,Townsville,Outer Regional,Townsville,Herbert,Locally-controlled,Intersection - Roundabout,No traffic control,60 km/h,Sealed - Dry,Clear,Daylight,Straight,Level,706,Off Path-Straight: Left Turn,Off carriageway on straight,S,0,1,0,0,1,0,1,0,0,0,0,0
327738,Hospitalisation,2021,May,Friday,10,Rear-end,Multi-Vehicle,146.7823164,-19.27437783,Hugh St,,,Currajong,Townsville City,4812,Mundingburra,Townsville,Northern,Northern,North Queensland,Gulliver - Currajong - Vincent,Townsville,Townsville,Outer Regional,Townsville,Herbert,Locally-controlled,No Roadway Feature,No traffic control,60 km/h,Sealed - Dry,Clear,Daylight,Straight,Level,301,Veh'S Same Direction: Rear End,Rear-end,N,0,1,0,0,1,3,0,0,0,0,0,0
327739,Hospitalisation,2021,May,Saturday,23,Hit parked vehicle,Single Vehicle,146.7927144,-19.26408783,Leigh St,,,West End,Townsville City,4810,Townsville,Townsville,Northern,Northern,North Queensland,Garbutt - West End,Townsville,Townsville,Outer Regional,Townsville,Herbert,Locally-controlled,No Roadway Feature,No traffic control,0 - 50 km/h,Sealed - Dry,Clear,Darkness - Lighted,Straight,Grade,601,Veh'S On Path: Parked,Hit parked vehicle,S,0,1,0,0,1,2,0,0,0,0,0,0
327740,Hospitalisation,2021,May,Wednesday,14,Angle,Multi-Vehicle,146.8155584,-19.26134783,Flinders St,Stanley St,,Townsville City,Townsville City,4810,Townsville,Townsville,Northern,Northern,North Queensland,Townsville City - North Ward,Townsville,Townsville,Outer Regional,Townsville,Herbert,Locally-controlled,Intersection - Cross,Operating traffic lights,0 - 50 km/h,Sealed - Dry,Clear,Daylight,Straight,Level,101,Veh'S Adjacent Approach: Thru-Thru,Intersection from adjacent approaches,N,0,1,0,0,1,1,1,0,0,0,0,0
327741,Medical treatment,2021,May,Thursday,13,Angle,Multi-Vehicle,146.7886924,-19.26310883,Francis St,Henry St,,West End,Townsville City,4810,Townsville,Townsville,Northern,Northern,North Queensland,Garbutt - West End,Townsville,Townsville,Outer Regional,Townsville,Herbert,Locally-controlled,Intersection - Cross,Stop sign,0 - 50 km/h,Sealed - Dry,Clear,Daylight,Straight,Level,100,Veh'S Adjacent Approach: Other,Intersection from adjacent approaches,S,0,0,1,0,1,1,0,1,0,0,0,0
327742,Medical treatment,2021,May,Sunday,17,Angle,Multi-Vehicle,146.8079514,-19.24464683,Landsborough St,Mitchell St,,North Ward,Townsville City,4810,Townsville,Townsville,Northern,Northern,North Queensland,Townsville City - North Ward,Townsville,Townsville,Outer Regional,Townsville,Herbert,Locally-controlled,Intersection - Cross,Give way sign,0 - 50 km/h,Sealed - Dry,Clear,Daylight,Straight,Level,101,Veh'S Adjacent Approach: Thru-Thru,Intersection from adjacent approaches,W,0,0,1,0,1,2,0,0,0,0,0,0
327743,Hospitalisation,2021,May,Monday,8,Angle,Multi-Vehicle,146.8079514,-19.24464683,Landsborough St,Mitchell St,,North Ward,Townsville City,4810,Townsville,Townsville,Northern,Northern,North Queensland,Townsville City - North Ward,Townsville,Townsville,Outer Regional,Townsville,Herbert,Locally-controlled,Intersection - Cross,Give way sign,0 - 50 km/h,Sealed - Dry,Clear,Daylight,Straight,Level,101,Veh'S Adjacent Approach: Thru-Thru,Intersection from adjacent approaches,E,0,2,0,1,3,2,0,0,0,0,0,0
327744,Hospitalisation,2021,May,Monday,11,Angle,Multi-Vehicle,146.8182984,-19.25812283,Denham St,Flinders St,North Ward Road,Townsville City,Townsville City,4810,Townsville,Townsville,Northern,Northern,North Queensland,Townsville City - North Ward,Townsville,Townsville,Outer Regional,Townsville,Herbert,State-controlled,Intersection - Cross,Operating traffic lights,0 - 50 km/h,Sealed - Dry,Clear,Daylight,Curved - view open,Grade,202,Veh'S Opposite Approach: Thru-Right,Opposing vehicles turning,W,0,1,0,0,1,3,0,0,0,0,0,0
327745,Hospitalisation,2021,June,Thursday,3,Angle,Multi-Vehicle,146.7673224,-19.26884383,Pilkington St,Woolcock St,North Townsville Road,Garbutt,Townsville City,4814,Townsville,Townsville,Northern,Northern,North Queensland,Garbutt - West End,Townsville,Townsville,Outer Regional,Townsville,Herbert,State-controlled,Intersection - Roundabout,Give way sign,60 km/h,Sealed - Dry,Clear,Daylight,Curved - view open,Level,101,Veh'S Adjacent Approach: Thru-Thru,Intersection from adjacent approaches,W,0,1,0,0,1,1,1,0,0,0,0,0
327746,Medical treatment,2021,June,Thursday,16,Angle,Multi-Vehicle,146.7796114,-19.26351583,Lonerganne St,Ramsay St,,Garbutt,Townsville City,4814,Townsville,Townsville,Northern,Northern,North Queensland,Garbutt - West End,Townsville,Townsville,Outer Regional,Townsville,Herbert,Locally-controlled,Intersection - Cross,Give way sign,0 - 50 km/h,Sealed - Dry,Clear,Daylight,Straight,Level,101,Veh'S Adjacent Approach: Thru-Thru,Intersection from adjacent approaches,W,0,0,2,1,3,2,0,0,0,0,0,0
327747,Hospitalisation,2021,June,Wednesday,7,Angle,Multi-Vehicle,146.7091365,-19.26793682,Monolith Cct,Outcrop Rise,,Cosgrove,Townsville City,4818,Townsville,Townsville,Northern,Northern,North Queensland,Mount Louisa,Townsville,Townsville,Outer Regional,Townsville,Herbert,Locally-controlled,Intersection - Roundabout,Give way sign,0 - 50 km/h,Sealed - Wet,Clear,Dawn/Dusk,Straight,Level,102,Veh'S Adjacent Approach: Right-Thru,Intersection from adjacent approaches,W,0,1,0,0,1,1,1,0,0,0,0,0
327748,Hospitalisation,2021,June,Thursday,1,Hit pedestrian,Hit pedestrian,146.8237644,-19.25642383,The Strand,,,Townsville City,Townsville City,4810,Townsville,Townsville,Northern,Northern,North Queensland,Townsville City - North Ward,Townsville,Townsville,Outer Regional,Townsville,Herbert,Locally-controlled,No Roadway Feature,No traffic control,0 - 50 km/h,Sealed - Dry,Clear,Darkness - Lighted,Curved - view open,Level,3,Ped'N: Far Side Vehicle Hit From Left,Pedestrian,E,0,1,0,0,1,1,0,0,0,0,1,0
327749,Hospitalisation,2021,June,Thursday,10,Hit parked vehicle,Single Vehicle,146.7605159,-19.26545991,Duckworth St,,,Garbutt,Townsville City,4814,Townsville,Townsville,Northern,Northern,North Queensland,Garbutt - West End,Townsville,Townsville,Outer Regional,Townsville,Herbert,Locally-controlled,No Roadway Feature,No traffic control,80 - 90 km/h,Sealed - Dry,Clear,Daylight,Straight,Level,703,Off Path-Straight: Left Off Cway Hit Obj,Off carriageway on straight hit object,N,0,1,0,0,1,2,0,0,0,0,0,0
327750,Hospitalisation,2021,June,Saturday,4,Hit object,Single Vehicle,146.7916634,-19.24905683,Beaufort St,Bundock St,North Ward Road,Belgian Gardens,Townsville City,4810,Townsville,Townsville,Northern,Northern,North Queensland,Belgian Gardens - Pallarenda,Townsville,Townsville,Outer Regional,Townsville,Herbert,State-controlled,Intersection - T-Junction,No traffic control,60 km/h,Sealed - Dry,Clear,Darkness - Lighted,Straight,Level,703,Off Path-Straight: Left Off Cway Hit Obj,Off carriageway on straight hit object,S,0,1,0,0,1,1,0,0,0,0,0,0
327751,Minor injury,2021,June,Sunday,6,Angle,Multi-Vehicle,146.8056444,-19.26871783,Ingham Rd,,,West End,Townsville City,4810,Townsville,Townsville,Northern,Northern,North Queensland,Garbutt - West End,Townsville,Townsville,Outer Regional,Townsville,Herbert,Locally-controlled,No Roadway Feature,No traffic control,0 - 50 km/h,Sealed - Dry,Clear,Darkness - Lighted,Straight,Level,400,Veh'S Manoeuvring: Other,Other,,0,0,0,1,1,1,0,0,0,1,0,0
327752,Medical treatment,2021,June,Wednesday,16,Hit pedestrian,Hit pedestrian,146.8146184,-19.25133883,Mitchell St,,,North Ward,Townsville City,4810,Townsville,Townsville,Northern,Northern,North Queensland,Townsville City - North Ward,Townsville,Townsville,Outer Regional,Townsville,Herbert,Locally-controlled,No Roadway Feature,Give way sign,0 - 50 km/h,Sealed - Dry,Clear,Daylight,Straight,Level,7,Ped'N: Hit By Vehicle Enter/Leave D'Way,Pedestrian,N,0,0,1,0,1,1,0,0,0,0,1,0
327753,Hospitalisation,2021,June,Saturday,19,Hit object,Single Vehicle,146.782182,-19.2694527,Hugh St,,North Ward Road,West End,Townsville City,4814,Townsville,Townsville,Northern,Northern,North Queensland,Garbutt - West End,Townsville,Townsville,Outer Regional,Townsville,Herbert,State-controlled,No Roadway Feature,No traffic control,60 km/h,Sealed - Dry,Clear,Darkness - Lighted,Straight,Level,703,Off Path-Straight: Left Off Cway Hit Obj,Off carriageway on straight hit object,N,0,1,0,0,1,1,0,0,0,0,0,0
327754,Minor injury,2021,June,Monday,16,Angle,Multi-Vehicle,146.8196614,-19.26180783,Dean St,Mcilwraith St,North Ward Road,South Townsville,Townsville City,4810,Townsville,Townsville,Northern,Northern,North Queensland,South Townsville - Railway Estate,Townsville,Townsville,Outer Regional,Townsville,Herbert,State-controlled,Intersection - T-Junction,Stop sign,60 km/h,Sealed - Dry,Clear,Daylight,Straight,Level,104,Veh'S Adjacent Approach: Thru-Right,Intersection from adjacent approaches,S,0,0,0,1,1,2,0,0,0,0,0,0
327755,Hospitalisation,2021,June,Tuesday,7,Rear-end,Multi-Vehicle,146.7501894,-19.27223183,Banfield Dr,Bayswater Rd,,Mount Louisa,Townsville City,4814,Townsville,Townsville,Northern,Northern,North Queensland,Mount Louisa,Townsville,Townsville,Outer Regional,Townsville,Herbert,Locally-controlled,Intersection - Roundabout,Give way sign,60 km/h,Sealed - Dry,Clear,Daylight,Straight,Level,302,Veh'S Same Direction: Left Rear,Rear-end,N,0,1,0,0,1,2,0,0,0,0,0,0
327756,Hospitalisation,2021,June,Tuesday,15,Rear-end,Multi-Vehicle,146.7825294,-19.26839483,Hugh St,Martinez Ave,North Ward Road,Garbutt,Townsville City,4814,Townsville,Townsville,Northern,Northern,North Queensland,Garbutt - West End,Townsville,Townsville,Outer Regional,Townsville,Herbert,State-controlled,Intersection - Cross,Operating traffic lights,60 km/h,Sealed - Dry,Clear,Daylight,Straight,Level,301,Veh'S Same Direction: Rear End,Rear-end,N,0,1,0,2,3,3,0,0,0,0,0,0
327757,Hospitalisation,2021,June,Saturday,22,Angle,Multi-Vehicle,146.7691354,-19.27414883,Bayswater Rd,Dalrymple Rd,Garbutt - Upper Ross Road,Garbutt,Townsville City,4814,Townsville,Townsville,Northern,Northern,North Queensland,Garbutt - West End,Townsville,Townsville,Outer Regional,Townsville,Herbert,State-controlled,Intersection - Cross,No traffic control,80 - 90 km/h,Sealed - Dry,Clear,Darkness - Lighted,Straight,Level,106,Veh'S Adjacent Approach: Left-Right,Intersection from adjacent approaches,W,0,1,0,0,1,1,1,0,0,0,0,0
327758,Medical treatment,2021,June,Monday,8,Fall from vehicle,Single Vehicle,146.8156044,-19.25948583,Sturt St,,,Townsville City,Townsville City,4810,Townsville,Townsville,Northern,Northern,North Queensland,Townsville City - North Ward,Townsville,Townsville,Outer Regional,Townsville,Herbert,Locally-controlled,No Roadway Feature,No traffic control,0 - 50 km/h,Sealed - Dry,Clear,Daylight,Straight,Level,705,Off Path-Straight:Out Of Control On Cway,Out of control on straight,N,0,0,1,0,1,0,1,0,0,0,0,0
327759,Medical treatment,2021,June,Wednesday,16,Head-on,Multi-Vehicle,153.1701431,-27.79855621,Veivers Rd,,,Wolffdene,Logan City,4207,Beenleigh,Logan,South Eastern,SEQ South,South Coast,Wolffdene - Bahrs Scrub,Beenleigh,Logan - Beaudesert,Major Cities,Logan,Forde,Locally-controlled,No Roadway Feature,No traffic control,60 km/h,Sealed - Wet,Raining,Dawn/Dusk,Curved - view obscured,Dip,201,Veh'S Opposite Approach: Head On,Head-on,S,0,0,1,0,1,2,0,0,0,0,0,0
327760,Medical treatment,2021,June,Thursday,11,Hit object,Single Vehicle,153.150771,-27.71382946,Frankland Av,,,Waterford,Logan City,4133,Beenleigh,Logan,South Eastern,SEQ South,South Coast,Bethania - Waterford,Loganlea - Carbrook,Logan - Beaudesert,Major Cities,Macalister,Forde,Locally-controlled,No Roadway Feature,No traffic control,0 - 50 km/h,Sealed - Dry,Clear,Daylight,Curved - view open,Level,803,Off Path-Curve: Off Cway Rt Bend Hit Obj,Off carriageway on curve hit object,W,0,0,1,0,1,1,0,0,0,0,0,0
327761,Medical treatment,2021,June,Sunday,10,Angle,Multi-Vehicle,153.156006,-27.69538146,Albert St,Church Rd,,Bethania,Logan City,4205,Beenleigh,Logan,South Eastern,SEQ South,South Coast,Bethania - Waterford,Loganlea - Carbrook,Logan - Beaudesert,Major Cities,Waterford,Forde,Locally-controlled,Intersection - Cross,Give way sign,60 km/h,Sealed - Dry,Clear,Daylight,Straight,Level,101,Veh'S Adjacent Approach: Thru-Thru,Intersection from adjacent approaches,W,0,0,1,0,1,2,0,0,0,0,0,0