Crash_Severity,Crash_Year,Crash_Month,Crash_Day_Of_Week,Crash_Hour,Crash_Nature,Crash_Type,Crash_Longitude,Crash_Latitude,Crash_Street,Crash_Street_Intersecting,State_Road_Name,Loc_Suburb,Loc_Local_Government_Area,Loc_Post_Code,Loc_Police_Division,Loc_Police_District,Loc_Police_Region,Loc_Queensland_Transport_Region,Loc_Main_Roads_Region,Loc_ABS_Statistical_Area_2,Loc_ABS_Statistical_Area_3,Loc_ABS_Statistical_Area_4,Loc_ABS_Remoteness,Loc_State_Electorate,Loc_Federal_Electorate,Crash_Controlling_Authority,Crash_Roadway_Feature,Crash_Traffic_Control,Crash_Speed_Limit,Crash_Road_Surface_Condition,Crash_Atmospheric_Condition,Crash_Lighting_Condition,Crash_Road_Horiz_Align,Crash_Road_Vert_Align,Crash_DCA_Code,Crash_DCA_Description,Crash_DCA_Group_Description,DCA_Key_Approach_Dir,Count_Casualty_Fatality,Count_Casualty_Hospitalised,Count_Casualty_MedicallyTreated,Count_Casualty_MinorInjury,Count_Casualty_Total,Count_Unit_Car,Count_Unit_Motorcycle_Moped,Count_Unit_Truck,Count_Unit_Bus,Count_Unit_Bicycle,Count_Unit_Pedestrian,Count_Unit_Other,
327762,Hospitalisation,2021,June,Sunday,14,Hit parked vehicle,Single Vehicle,153.159779,-27.71164746,Gardiner Rd,,,Holmview,Logan City,4207,Beenleigh,Logan,South Eastern,SEQ South,South Coast,Edens Landing - Holmview,Beenleigh,Logan - Beaudesert,Major Cities,Macalister,Forde,Locally-controlled,No Roadway Feature,No traffic control,60 km/h,Sealed - Dry,Clear,Daylight,Straight,Grade,705,Off Path-Straight:Out Of Control On Cway,Out of control on straight,S,0,1,0,1,2,2,0,0,0,0,0,0
327763,Minor injury,2021,June,Monday,16,Rear-end,Multi-Vehicle,153.141028,-27.69333746,Albert St,,Brisbane - Beenleigh Road,Waterford,Logan City,4133,Beenleigh,Logan,South Eastern,SEQ South,South Coast,Bethania - Waterford,Loganlea - Carbrook,Logan - Beaudesert,Major Cities,Waterford,Forde,State-controlled,No Roadway Feature,No traffic control,60 km/h,Sealed - Dry,Clear,Daylight,Straight,Level,301,Veh'S Same Direction: Rear End,Rear-end,W,0,0,0,3,3,3,0,0,0,0,0,0
327764,Hospitalisation,2021,June,Wednesday,8,Sideswipe,Multi-Vehicle,153.34103,-27.77217048,Behms Rd,,,Jacobs Well,Gold Coast City,4208,Coomera,Gold Coast,South Eastern,SEQ South,South Coast,Jacobs Well - Alberton,Ormeau - Oxenford,Gold Coast,Major Cities,Coomera,Fadden,Locally-controlled,No Roadway Feature,No traffic control,80 - 90 km/h,Sealed - Wet,Clear,Daylight,Straight,Level,309,Veh'S Same Direction: Left Turn S/Swipe,Parallel lanes turning,S,0,1,0,0,1,1,0,1,0,0,0,0
327765,Medical treatment,2021,April,Thursday,15,Angle,Multi-Vehicle,152.971538,-27.58984844,Azalea St,Balsa St,,Inala,Brisbane City,4077,Inala,South Brisbane,Brisbane,SEQ South,Metropolitan,Inala - Richlands,Forest Lake - Oxley,Ipswich,Major Cities,Inala,Oxley,Locally-controlled,Intersection - Cross,Stop sign,60 km/h,Sealed - Wet,Raining,Daylight,Straight,Crest,101,Veh'S Adjacent Approach: Thru-Thru,Intersection from adjacent approaches,S,0,0,1,0,1,2,0,0,0,0,0,0
327766,Hospitalisation,2021,April,Tuesday,11,Angle,Multi-Vehicle,152.969246,-27.58015944,Balsa St,Begonia St,,Inala,Brisbane City,4077,Inala,South Brisbane,Brisbane,SEQ South,Metropolitan,Inala - Richlands,Forest Lake - Oxley,Ipswich,Major Cities,Inala,Oxley,Locally-controlled,Intersection - Cross,Stop sign,0 - 50 km/h,Sealed - Wet,Raining,Daylight,Straight,Grade,101,Veh'S Adjacent Approach: Thru-Thru,Intersection from adjacent approaches,S,0,1,0,0,1,2,0,0,0,0,0,0
327767,Minor injury,2021,April,Wednesday,8,Angle,Multi-Vehicle,152.979482,-27.61201244,Crossacres St,Joseph Banks Ave,,Doolandella,Brisbane City,4077,Inala,South Brisbane,Brisbane,SEQ South,Metropolitan,Forest Lake - Doolandella,Forest Lake - Oxley,Ipswich,Major Cities,Inala,Oxley,Locally-controlled,Intersection - Roundabout,Give way sign,60 km/h,Sealed - Dry,Clear,Daylight,Straight,Level,102,Veh'S Adjacent Approach: Right-Thru,Intersection from adjacent approaches,N,0,0,0,1,1,1,0,0,0,1,0,0
327768,Hospitalisation,2021,April,Wednesday,4,Hit object,Single Vehicle,152.943823,-27.62748544,Logan Mwy,South West Arterial Rd,Logan Motorway (Gailes - Loganholme),Forest Lake,Brisbane City,4078,Goodna,Ipswich,Southern,SEQ South,Metropolitan,Forest Lake - Doolandella,Forest Lake - Oxley,Ipswich,Major Cities,Jordan,Oxley,State-controlled,Intersection - Interchange,No traffic control,60 km/h,Sealed - Dry,Clear,Dawn/Dusk,Curved - view open,Level,300,Veh'S Same Direction: Other,Other,W,0,1,0,1,2,2,0,0,0,0,0,0
327769,Hospitalisation,2021,April,Wednesday,14,Head-on,Multi-Vehicle,152.95622,-27.61349144,Waterford Rd,,,Ellen Grove,Brisbane City,4078,Inala,South Brisbane,Brisbane,SEQ South,Metropolitan,Forest Lake - Doolandella,Forest Lake - Oxley,Ipswich,Major Cities,Inala,Oxley,Locally-controlled,No Roadway Feature,No traffic control,60 km/h,Sealed - Dry,Clear,Daylight,Straight,Grade,201,Veh'S Opposite Approach: Head On,Head-on,W,0,1,0,1,2,2,0,0,0,0,0,0
327770,Medical treatment,2021,April,Saturday,19,Rear-end,Multi-Vehicle,152.987732,-27.63042944,Stapylton Rd,Wadeville St,,Heathwood,Brisbane City,4110,Inala,South Brisbane,Brisbane,SEQ South,Metropolitan,Pallara - Willawong,Rocklea - Acacia Ridge,Brisbane - South,Major Cities,Algester,Oxley,Locally-controlled,Intersection - Cross,Operating traffic lights,0 - 50 km/h,Sealed - Wet,Raining,Darkness - Lighted,Straight,Grade,301,Veh'S Same Direction: Rear End,Rear-end,U,0,0,1,1,2,2,0,0,0,0,0,0
327771,Hospitalisation,2021,April,Wednesday,6,Angle,Multi-Vehicle,152.968473,-27.59676044,Clipper St,Poinsettia St,,Inala,Brisbane City,4077,Inala,South Brisbane,Brisbane,SEQ South,Metropolitan,Inala - Richlands,Forest Lake - Oxley,Ipswich,Major Cities,Inala,Oxley,Locally-controlled,Intersection - T-Junction,Give way sign,60 km/h,Sealed - Dry,Clear,Daylight,Straight,Level,104,Veh'S Adjacent Approach: Thru-Right,Intersection from adjacent approaches,W,0,2,0,0,2,1,0,1,0,0,0,0
327772,Medical treatment,2021,April,Monday,17,Hit pedestrian,Hit pedestrian,153.0158277,-27.60771344,Pallara Av,,,Pallara,Brisbane City,4110,Inala,South Brisbane,Brisbane,SEQ South,Metropolitan,Pallara - Willawong,Rocklea - Acacia Ridge,Brisbane - South,Major Cities,Algester,Moreton,Locally-controlled,No Roadway Feature,No traffic control,60 km/h,Sealed - Dry,Clear,Dawn/Dusk,Straight,Level,2,Ped'N: Hit Emerging Behind Vehicle,Pedestrian,E,0,0,1,0,1,1,0,0,0,0,1,0
327773,Hospitalisation,2021,April,Monday,17,Angle,Multi-Vehicle,152.97617,-27.58705044,Glenala Rd,Rosemary St,,Inala,Brisbane City,4077,Inala,South Brisbane,Brisbane,SEQ South,Metropolitan,Durack,Forest Lake - Oxley,Ipswich,Major Cities,Inala,Oxley,Locally-controlled,Intersection - T-Junction,Operating traffic lights,60 km/h,Sealed - Dry,Clear,Daylight,Straight,Grade,104,Veh'S Adjacent Approach: Thru-Right,Intersection from adjacent approaches,S,0,1,0,0,1,1,0,0,1,0,0,0
327774,Hospitalisation,2021,April,Tuesday,14,Head-on,Multi-Vehicle,153.009883,-27.59708844,Learoyd Rd,,,Willawong,Brisbane City,4110,Inala,South Brisbane,Brisbane,SEQ South,Metropolitan,Pallara - Willawong,Rocklea - Acacia Ridge,Brisbane - South,Major Cities,Algester,Moreton,Locally-controlled,No Roadway Feature,No traffic control,80 - 90 km/h,Sealed - Dry,Clear,Daylight,Curved - view open,Level,201,Veh'S Opposite Approach: Head On,Head-on,W,0,1,1,0,2,2,0,0,0,0,0,0
327775,Medical treatment,2021,April,Friday,17,Rear-end,Multi-Vehicle,152.9969814,-27.59325991,King Ave,,,Willawong,Brisbane City,4110,Inala,South Brisbane,Brisbane,SEQ South,Metropolitan,Pallara - Willawong,Rocklea - Acacia Ridge,Brisbane - South,Major Cities,Algester,Oxley,Locally-controlled,No Roadway Feature,No traffic control,80 - 90 km/h,Sealed - Dry,Clear,Dawn/Dusk,Straight,Level,301,Veh'S Same Direction: Rear End,Rear-end,W,0,0,2,0,2,5,0,0,0,0,0,0
327776,Medical treatment,2021,May,Tuesday,7,Angle,Multi-Vehicle,152.973235,-27.59698044,Inala Ave,Kittyhawk Ave,,Inala,Brisbane City,4077,Inala,South Brisbane,Brisbane,SEQ South,Metropolitan,Inala - Richlands,Forest Lake - Oxley,Ipswich,Major Cities,Inala,Oxley,Locally-controlled,Intersection - T-Junction,No traffic control,60 km/h,Sealed - Dry,Clear,Daylight,Straight,Level,104,Veh'S Adjacent Approach: Thru-Right,Intersection from adjacent approaches,W,0,0,1,0,1,2,0,0,0,0,0,0
327777,Medical treatment,2021,May,Tuesday,8,Angle,Multi-Vehicle,152.959469,-27.59191144,Archerfield Rd,Azalea St,,Inala,Brisbane City,4077,Inala,South Brisbane,Brisbane,SEQ South,Metropolitan,Inala - Richlands,Forest Lake - Oxley,Ipswich,Major Cities,Inala,Oxley,Locally-controlled,Intersection - Cross,Stop sign,60 km/h,Sealed - Dry,Clear,Daylight,Straight,Level,101,Veh'S Adjacent Approach: Thru-Thru,Intersection from adjacent approaches,W,0,0,2,0,2,2,0,0,0,0,0,0
327778,Hospitalisation,2021,May,Tuesday,14,Angle,Multi-Vehicle,152.959469,-27.59191144,Archerfield Rd,Azalea St,,Inala,Brisbane City,4077,Inala,South Brisbane,Brisbane,SEQ South,Metropolitan,Inala - Richlands,Forest Lake - Oxley,Ipswich,Major Cities,Inala,Oxley,Locally-controlled,Intersection - Cross,Stop sign,60 km/h,Sealed - Dry,Clear,Daylight,Straight,Level,101,Veh'S Adjacent Approach: Thru-Thru,Intersection from adjacent approaches,W,0,1,0,0,1,1,0,0,0,0,0,1
327779,Medical treatment,2021,May,Thursday,8,Angle,Multi-Vehicle,152.981791,-27.59847144,Goldfinch St,Gull St,,Inala,Brisbane City,4077,Inala,South Brisbane,Brisbane,SEQ South,Metropolitan,Inala - Richlands,Forest Lake - Oxley,Ipswich,Major Cities,Inala,Oxley,Locally-controlled,Intersection - Cross,Give way sign,60 km/h,Sealed - Dry,Clear,Daylight,Straight,Level,101,Veh'S Adjacent Approach: Thru-Thru,Intersection from adjacent approaches,E,0,0,1,0,1,2,0,0,0,0,0,0
327780,Medical treatment,2021,May,Friday,14,Hit object,Single Vehicle,152.971842,-27.60014244,Kittyhawk Ave,,,Inala,Brisbane City,4077,Inala,South Brisbane,Brisbane,SEQ South,Metropolitan,Inala - Richlands,Forest Lake - Oxley,Ipswich,Major Cities,Inala,Oxley,Locally-controlled,No Roadway Feature,No traffic control,0 - 50 km/h,Sealed - Dry,Clear,Daylight,Straight,Grade,708,Off Path-Straight: Mounts Traffic Island,Off carriageway on straight hit object,N,0,0,1,0,1,3,0,0,0,0,0,0
327781,Medical treatment,2021,May,Saturday,17,Angle,Multi-Vehicle,152.972472,-27.59886044,Crake St,Kittyhawk Ave,,Inala,Brisbane City,4077,Inala,South Brisbane,Brisbane,SEQ South,Metropolitan,Inala - Richlands,Forest Lake - Oxley,Ipswich,Major Cities,Inala,Oxley,Locally-controlled,Intersection - T-Junction,No traffic control,60 km/h,Sealed - Dry,Clear,Darkness - Lighted,Straight,Level,202,Veh'S Opposite Approach: Thru-Right,Opposing vehicles turning,N,0,0,1,0,1,2,0,0,0,0,0,0
327782,Medical treatment,2021,May,Sunday,11,Sideswipe,Multi-Vehicle,152.968882,-27.63431444,Logan Mwy,,Logan Motorway (Gailes - Loganholme),Forest Lake,Brisbane City,4078,Inala,South Brisbane,Brisbane,SEQ South,Metropolitan,Forest Lake - Doolandella,Forest Lake - Oxley,Ipswich,Major Cities,Inala,Oxley,State-controlled,No Roadway Feature,No traffic control,100 - 110 km/h,Sealed - Dry,Clear,Daylight,Straight,Level,307,Veh'S Same Direction: Lane Change Left,Lane changes,E,0,0,1,4,5,2,0,0,0,0,0,0
327783,Minor injury,2021,May,Monday,16,Struck by internal load,Other,152.957251,-27.62512544,Grand Ave,,,Forest Lake,Brisbane City,4078,Inala,South Brisbane,Brisbane,SEQ South,Metropolitan,Forest Lake - Doolandella,Forest Lake - Oxley,Ipswich,Major Cities,Inala,Oxley,Locally-controlled,No Roadway Feature,No traffic control,60 km/h,Sealed - Dry,Clear,Daylight,Straight,Level,901,Pass & Misc: Fell In/From Vehicle,Other,,0,0,0,0,0,0,0,0,1,0,0,0
327784,Hospitalisation,2021,May,Wednesday,5,Angle,Multi-Vehicle,152.985298,-27.58815844,Blunder Rd,Bowhill Rd,,Durack,Brisbane City,4077,Inala,South Brisbane,Brisbane,SEQ South,Metropolitan,Durack,Forest Lake - Oxley,Ipswich,Major Cities,Inala,Oxley,Locally-controlled,Intersection - T-Junction,Operating traffic lights,70 km/h,Sealed - Wet,Clear,Daylight,Straight,Crest,104,Veh'S Adjacent Approach: Thru-Right,Intersection from adjacent approaches,S,0,1,0,0,1,2,0,0,0,0,0,0
327785,Hospitalisation,2021,May,Friday,23,Hit object,Single Vehicle,152.95853,-27.59207044,Pine Rd,,,Richlands,Brisbane City,4077,Inala,South Brisbane,Brisbane,SEQ South,Metropolitan,Inala - Richlands,Forest Lake - Oxley,Ipswich,Major Cities,Inala,Oxley,Locally-controlled,No Roadway Feature,No traffic control,60 km/h,Sealed - Dry,Clear,Darkness - Lighted,Straight,Level,703,Off Path-Straight: Left Off Cway Hit Obj,Off carriageway on straight hit object,E,0,1,0,0,1,1,0,0,0,0,0,0
327786,Hospitalisation,2021,May,Friday,17,Rear-end,Multi-Vehicle,153.004811,-27.59430644,King Ave,Sherbrooke Rd,,Willawong,Brisbane City,4110,Inala,South Brisbane,Brisbane,SEQ South,Metropolitan,Pallara - Willawong,Rocklea - Acacia Ridge,Brisbane - South,Major Cities,Algester,Moreton,Locally-controlled,Intersection - Cross,Operating traffic lights,60 km/h,Sealed - Dry,Clear,Daylight,Straight,Level,301,Veh'S Same Direction: Rear End,Rear-end,W,0,1,0,0,1,2,0,0,0,0,0,0
327787,Hospitalisation,2021,May,Tuesday,16,Hit object,Single Vehicle,152.9704299,-27.59736419,Cormorant St,,,Inala,Brisbane City,4077,Inala,South Brisbane,Brisbane,SEQ South,Metropolitan,Inala - Richlands,Forest Lake - Oxley,Ipswich,Major Cities,Inala,Oxley,Locally-controlled,No Roadway Feature,No traffic control,0 - 50 km/h,Sealed - Dry,Clear,Dawn/Dusk,Curved - view open,Grade,803,Off Path-Curve: Off Cway Rt Bend Hit Obj,Off carriageway on curve hit object,S,0,1,0,0,1,1,0,0,0,0,0,0
327788,Minor injury,2021,May,Wednesday,15,Hit parked vehicle,Single Vehicle,152.9894354,-27.60717489,Armisfield St,,,Doolandella,Brisbane City,4077,Inala,South Brisbane,Brisbane,SEQ South,Metropolitan,Forest Lake - Doolandella,Forest Lake - Oxley,Ipswich,Major Cities,Inala,Oxley,Locally-controlled,No Roadway Feature,No traffic control,0 - 50 km/h,Sealed - Wet,Clear,Daylight,Straight,Level,601,Veh'S On Path: Parked,Hit parked vehicle,S,0,0,0,1,1,2,0,0,0,0,0,0
327789,Hospitalisation,2021,May,Wednesday,20,Hit object,Single Vehicle,153.0126622,-27.64172189,Logan Mwy,,Logan Motorway (Gailes - Loganholme),Larapinta,Brisbane City,4110,Calamvale,South Brisbane,Brisbane,SEQ South,Metropolitan,Pallara - Willawong,Rocklea - Acacia Ridge,Brisbane - South,Major Cities,Algester,Oxley,State-controlled,Intersection - Interchange,No traffic control,100 - 110 km/h,Sealed - Dry,Clear,Darkness - Lighted,Curved - view open,Level,803,Off Path-Curve: Off Cway Rt Bend Hit Obj,Off carriageway on curve hit object,E,0,1,0,0,1,1,0,0,0,0,0,0
327790,Medical treatment,2021,May,Saturday,16,Angle,Multi-Vehicle,152.978383,-27.59807244,Inala Ave,Sycamore St,,Inala,Brisbane City,4077,Inala,South Brisbane,Brisbane,SEQ South,Metropolitan,Durack,Forest Lake - Oxley,Ipswich,Major Cities,Inala,Oxley,Locally-controlled,Intersection - T-Junction,Give way sign,60 km/h,Sealed - Dry,Clear,Daylight,Straight,Level,107,Veh'S Adjacent Approach: Thru-Left,Intersection from adjacent approaches,E,0,0,1,1,2,2,0,0,0,0,0,0
327791,Medical treatment,2021,May,Monday,18,Rear-end,Multi-Vehicle,152.955044,-27.62483844,Grand Ave,Woogaroo St,,Ellen Grove,Brisbane City,4078,Inala,South Brisbane,Brisbane,SEQ South,Metropolitan,Forest Lake - Doolandella,Forest Lake - Oxley,Ipswich,Major Cities,Inala,Oxley,Locally-controlled,Intersection - Roundabout,Give way sign,60 km/h,Sealed - Dry,Clear,Darkness - Lighted,Straight,Level,301,Veh'S Same Direction: Rear End,Rear-end,S,0,0,2,0,2,2,0,0,0,0,0,0
327792,Hospitalisation,2021,May,Thursday,1,Rear-end,Multi-Vehicle,152.9416888,-27.62471523,Logan Mwy,,Logan Motorway (Gailes - Loganholme),Forest Lake,Brisbane City,4078,Goodna,Ipswich,Southern,SEQ South,Metropolitan,Forest Lake - Doolandella,Forest Lake - Oxley,Ipswich,Major Cities,Jordan,Oxley,State-controlled,No Roadway Feature,No traffic control,100 - 110 km/h,Sealed - Dry,Clear,Darkness - Lighted,Straight,Level,301,Veh'S Same Direction: Rear End,Rear-end,W,0,1,0,0,1,0,0,2,0,0,0,0
327793,Medical treatment,2021,May,Sunday,10,Angle,Multi-Vehicle,152.959469,-27.59191144,Archerfield Rd,Azalea St,,Inala,Brisbane City,4077,Inala,South Brisbane,Brisbane,SEQ South,Metropolitan,Inala - Richlands,Forest Lake - Oxley,Ipswich,Major Cities,Inala,Oxley,Locally-controlled,Intersection - Cross,Stop sign,60 km/h,Sealed - Dry,Clear,Daylight,Straight,Level,202,Veh'S Opposite Approach: Thru-Right,Opposing vehicles turning,S,0,0,2,0,2,3,0,0,0,0,0,0
327794,Medical treatment,2021,May,Sunday,14,Rear-end,Multi-Vehicle,152.959469,-27.59191144,Archerfield Rd,Azalea St,,Inala,Brisbane City,4077,Inala,South Brisbane,Brisbane,SEQ South,Metropolitan,Inala - Richlands,Forest Lake - Oxley,Ipswich,Major Cities,Inala,Oxley,Locally-controlled,Intersection - Cross,Stop sign,60 km/h,Sealed - Dry,Clear,Daylight,Straight,Level,302,Veh'S Same Direction: Left Rear,Rear-end,E,0,0,1,0,1,2,0,0,0,0,0,0
327795,Hospitalisation,2021,May,Monday,15,Hit pedestrian,Hit pedestrian,152.950949,-27.62414944,Lovat St,Roxwell St,,Ellen Grove,Brisbane City,4078,Inala,South Brisbane,Brisbane,SEQ South,Metropolitan,Forest Lake - Doolandella,Forest Lake - Oxley,Ipswich,Major Cities,Inala,Oxley,Locally-controlled,No Roadway Feature,No traffic control,60 km/h,Sealed - Dry,Clear,Daylight,Straight,Level,3,Ped'N: Far Side Vehicle Hit From Left,Pedestrian,E,0,1,0,0,1,0,0,0,1,0,1,0
327796,Hospitalisation,2021,June,Tuesday,20,Rear-end,Multi-Vehicle,152.987162,-27.58759744,Bowhill Rd,Outlook Pl,,Durack,Brisbane City,4077,Inala,South Brisbane,Brisbane,SEQ South,Metropolitan,Durack,Forest Lake - Oxley,Ipswich,Major Cities,Inala,Oxley,Locally-controlled,Intersection - T-Junction,No traffic control,60 km/h,Sealed - Dry,Clear,Darkness - Lighted,Straight,Crest,303,Veh'S Same Direction: Right Rear,Rear-end,S,0,1,1,0,2,1,0,1,0,0,0,0
327797,Hospitalisation,2021,June,Friday,13,Angle,Multi-Vehicle,152.959469,-27.59191144,Archerfield Rd,Azalea St,,Inala,Brisbane City,4077,Inala,South Brisbane,Brisbane,SEQ South,Metropolitan,Inala - Richlands,Forest Lake - Oxley,Ipswich,Major Cities,Inala,Oxley,Locally-controlled,Intersection - Cross,Stop sign,60 km/h,Sealed - Dry,Clear,Daylight,Straight,Level,101,Veh'S Adjacent Approach: Thru-Thru,Intersection from adjacent approaches,W,0,1,1,0,2,3,0,0,0,0,0,0
327798,Medical treatment,2021,June,Monday,8,Rear-end,Multi-Vehicle,152.988,-27.59987444,Blunder Rd,,,Durack,Brisbane City,4077,Inala,South Brisbane,Brisbane,SEQ South,Metropolitan,Durack,Forest Lake - Oxley,Ipswich,Major Cities,Inala,Oxley,Locally-controlled,No Roadway Feature,No traffic control,60 km/h,Sealed - Dry,Clear,Daylight,Straight,Level,301,Veh'S Same Direction: Rear End,Rear-end,N,0,0,1,0,1,2,0,0,0,0,0,0
327799,Hospitalisation,2021,June,Wednesday,1,Hit parked vehicle,Single Vehicle,152.9580888,-27.58468247,Archerfield Rd,,,Richlands,Brisbane City,4077,Inala,South Brisbane,Brisbane,SEQ South,Metropolitan,Inala - Richlands,Forest Lake - Oxley,Ipswich,Major Cities,Inala,Oxley,Locally-controlled,No Roadway Feature,No traffic control,60 km/h,Sealed - Dry,Clear,Darkness - Not lighted,Straight,Grade,200,Veh'S Opposite Approach: Other,Other,S,0,1,0,0,1,2,0,0,0,0,0,0
327800,Minor injury,2021,June,Thursday,6,Rear-end,Multi-Vehicle,152.987618,-27.60640644,Blunder Rd,Wallaroo Way,,Doolandella,Brisbane City,4077,Inala,South Brisbane,Brisbane,SEQ South,Metropolitan,Forest Lake - Doolandella,Forest Lake - Oxley,Ipswich,Major Cities,Inala,Oxley,Locally-controlled,Intersection - T-Junction,Give way sign,0 - 50 km/h,Sealed - Dry,Clear,Daylight,Curved - view open,Crest,302,Veh'S Same Direction: Left Rear,Rear-end,N,0,0,0,1,1,1,1,0,0,0,0,0
327801,Hospitalisation,2021,June,Thursday,8,Hit object,Single Vehicle,152.970485,-27.59627444,Poinsettia St,,,Inala,Brisbane City,4077,Inala,South Brisbane,Brisbane,SEQ South,Metropolitan,Inala - Richlands,Forest Lake - Oxley,Ipswich,Major Cities,Inala,Oxley,Locally-controlled,No Roadway Feature,No traffic control,60 km/h,Sealed - Dry,Clear,Daylight,Curved - view open,Grade,803,Off Path-Curve: Off Cway Rt Bend Hit Obj,Off carriageway on curve hit object,E,0,1,0,0,1,0,1,0,0,0,0,0
327802,Medical treatment,2021,June,Thursday,17,Fall from vehicle,Single Vehicle,152.963923,-27.63369344,Logan Mwy,,Logan Motorway (Gailes - Loganholme),Forest Lake,Brisbane City,4078,Inala,South Brisbane,Brisbane,SEQ South,Metropolitan,Forest Lake - Doolandella,Forest Lake - Oxley,Ipswich,Major Cities,Jordan,Oxley,State-controlled,No Roadway Feature,No traffic control,100 - 110 km/h,Sealed - Dry,Clear,Darkness - Lighted,Straight,Grade,705,Off Path-Straight:Out Of Control On Cway,Out of control on straight,W,0,0,1,0,1,0,1,0,0,0,0,0
327803,Medical treatment,2021,June,Friday,12,Hit object,Single Vehicle,153.0092156,-27.64135305,Logan Mwy,,Logan Motorway (Gailes - Loganholme),Larapinta,Brisbane City,4110,Inala,South Brisbane,Brisbane,SEQ South,Metropolitan,Pallara - Willawong,Rocklea - Acacia Ridge,Brisbane - South,Major Cities,Algester,Oxley,State-controlled,No Roadway Feature,No traffic control,100 - 110 km/h,Sealed - Dry,Clear,Daylight,Straight,Level,704,Off Path-Straight:Right Off Cway Hit Obj,Off carriageway on straight hit object,E,0,0,1,0,1,1,0,0,0,0,0,0
327804,Hospitalisation,2021,June,Thursday,10,Head-on,Multi-Vehicle,152.959434,-27.61843044,Cook St,Pinaster St,,Forest Lake,Brisbane City,4078,Inala,South Brisbane,Brisbane,SEQ South,Metropolitan,Forest Lake - Doolandella,Forest Lake - Oxley,Ipswich,Major Cities,Inala,Oxley,Locally-controlled,Intersection - T-Junction,No traffic control,0 - 50 km/h,Sealed - Dry,Clear,Daylight,Curved - view open,Dip,100,Veh'S Adjacent Approach: Other,Intersection from adjacent approaches,N,0,1,0,0,1,0,1,1,0,0,0,0
327805,Medical treatment,2021,June,Thursday,17,Angle,Multi-Vehicle,152.95662,-27.61704044,Barrier Pl,Woogaroo St,,Forest Lake,Brisbane City,4078,Inala,South Brisbane,Brisbane,SEQ South,Metropolitan,Forest Lake - Doolandella,Forest Lake - Oxley,Ipswich,Major Cities,Inala,Oxley,Locally-controlled,Intersection - T-Junction,No traffic control,60 km/h,Sealed - Dry,Clear,Darkness - Lighted,Straight,Level,202,Veh'S Opposite Approach: Thru-Right,Opposing vehicles turning,N,0,0,1,0,1,2,0,0,0,0,0,0
327806,Medical treatment,2021,June,Monday,15,Angle,Multi-Vehicle,153.012828,-27.64107345,Logan Mwy,Paradise Rd,Logan Motorway (Gailes - Loganholme),Larapinta,Brisbane City,4110,Calamvale,South Brisbane,Brisbane,SEQ South,Metropolitan,Pallara - Willawong,Rocklea - Acacia Ridge,Brisbane - South,Major Cities,Algester,Oxley,State-controlled,Intersection - Interchange,Operating traffic lights,60 km/h,Sealed - Dry,Clear,Daylight,Straight,Level,202,Veh'S Opposite Approach: Thru-Right,Opposing vehicles turning,S,0,0,1,0,1,2,0,0,0,0,0,0
327807,Medical treatment,2021,June,Thursday,7,Rear-end,Multi-Vehicle,152.987732,-27.63042944,Stapylton Rd,Wadeville St,,Heathwood,Brisbane City,4110,Inala,South Brisbane,Brisbane,SEQ South,Metropolitan,Pallara - Willawong,Rocklea - Acacia Ridge,Brisbane - South,Major Cities,Algester,Oxley,Locally-controlled,Intersection - Cross,Operating traffic lights,70 km/h,Sealed - Wet,Clear,Daylight,Straight,Dip,301,Veh'S Same Direction: Rear End,Rear-end,,0,0,1,0,1,1,0,1,0,0,0,0
327808,Medical treatment,2021,June,Wednesday,15,Hit object,Single Vehicle,152.979885,-27.63161244,Old Blunder Rd,,,Forest Lake,Brisbane City,4078,Inala,South Brisbane,Brisbane,SEQ South,Metropolitan,Pallara - Willawong,Rocklea - Acacia Ridge,Brisbane - South,Major Cities,Algester,Oxley,Locally-controlled,No Roadway Feature,No traffic control,0 - 50 km/h,Sealed - Dry,Raining,Daylight,Curved - view open,Dip,803,Off Path-Curve: Off Cway Rt Bend Hit Obj,Off carriageway on curve hit object,S,0,0,1,0,1,1,0,0,0,0,0,0
328653,Medical treatment,2021,January,Saturday,12,Angle,Multi-Vehicle,152.9799433,-27.56652363,Blunder Rd,Ipswich Mwy,,Oxley,Brisbane City,4075,Mount Ommaney,South Brisbane,Brisbane,SEQ South,Metropolitan,Oxley (qld),Forest Lake - Oxley,Ipswich,Major Cities,Inala,Oxley,Locally-controlled,Intersection - Roundabout,Give way sign,60 km/h,Sealed - Dry,Clear,Daylight,Straight,Level,202,Veh'S Opposite Approach: Thru-Right,Opposing vehicles turning,S,0,0,1,0,1,2,0,0,0,0,0,0
328654,Medical treatment,2021,January,Tuesday,10,Angle,Multi-Vehicle,152.938964,-27.55907744,Sumners Rd,Western Arterial Rd,Centenary Motorway (Ellen Grove - Toowong),Jamboree Heights,Brisbane City,4074,Mount Ommaney,South Brisbane,Brisbane,SEQ South,Metropolitan,Middle Park - Jamboree Heights,Centenary,Brisbane - West,Major Cities,Mount Ommaney,Oxley,State-controlled,Intersection - Roundabout,Give way sign,60 km/h,Sealed - Dry,Clear,Daylight,Curved - view open,Level,104,Veh'S Adjacent Approach: Thru-Right,Intersection from adjacent approaches,W,0,0,1,0,1,2,0,0,0,0,0,0
328655,Hospitalisation,2021,January,Sunday,19,Hit parked vehicle,Single Vehicle,152.9140303,-27.5626817,Hazelton St,,,Riverhills,Brisbane City,4074,Mount Ommaney,South Brisbane,Brisbane,SEQ South,Metropolitan,Riverhills,Centenary,Brisbane - West,Major Cities,Mount Ommaney,Oxley,Locally-controlled,No Roadway Feature,No traffic control,0 - 50 km/h,Sealed - Dry,Clear,Darkness - Lighted,Straight,Level,601,Veh'S On Path: Parked,Hit parked vehicle,E,0,1,1,0,2,2,0,0,0,0,0,0