Crash_Severity,Crash_Year,Crash_Month,Crash_Day_Of_Week,Crash_Hour,Crash_Nature,Crash_Type,Crash_Longitude,Crash_Latitude,Crash_Street,Crash_Street_Intersecting,State_Road_Name,Loc_Suburb,Loc_Local_Government_Area,Loc_Post_Code,Loc_Police_Division,Loc_Police_District,Loc_Police_Region,Loc_Queensland_Transport_Region,Loc_Main_Roads_Region,Loc_ABS_Statistical_Area_2,Loc_ABS_Statistical_Area_3,Loc_ABS_Statistical_Area_4,Loc_ABS_Remoteness,Loc_State_Electorate,Loc_Federal_Electorate,Crash_Controlling_Authority,Crash_Roadway_Feature,Crash_Traffic_Control,Crash_Speed_Limit,Crash_Road_Surface_Condition,Crash_Atmospheric_Condition,Crash_Lighting_Condition,Crash_Road_Horiz_Align,Crash_Road_Vert_Align,Crash_DCA_Code,Crash_DCA_Description,Crash_DCA_Group_Description,DCA_Key_Approach_Dir,Count_Casualty_Fatality,Count_Casualty_Hospitalised,Count_Casualty_MedicallyTreated,Count_Casualty_MinorInjury,Count_Casualty_Total,Count_Unit_Car,Count_Unit_Motorcycle_Moped,Count_Unit_Truck,Count_Unit_Bus,Count_Unit_Bicycle,Count_Unit_Pedestrian,Count_Unit_Other,
328656,Hospitalisation,2021,January,Monday,19,Hit object,Single Vehicle,152.9231277,-27.5729919,Wacol Station Rd,,,Wacol,Brisbane City,4076,Mount Ommaney,South Brisbane,Brisbane,SEQ South,Metropolitan,Wacol,Forest Lake - Oxley,Ipswich,Major Cities,Inala,Oxley,Locally-controlled,No Roadway Feature,No traffic control,60 km/h,Sealed - Wet,Raining,Darkness - Not lighted,Straight,Level,703,Off Path-Straight: Left Off Cway Hit Obj,Off carriageway on straight hit object,S,0,1,0,0,1,1,0,0,0,0,0,1
328774,Medical treatment,2021,January,Wednesday,6,Rear-end,Multi-Vehicle,152.4824401,-27.55436939,Warrego Hwy,,Warrego Highway (Ipswich - Toowoomba),Hatton Vale,Lockyer Valley Region,4341,Laidley,Darling Downs,Southern,SEQ South,Southern Queensland,Lockyer Valley - East,Ipswich Hinterland,Ipswich,Inner Regional,Lockyer,Wright,State-controlled,No Roadway Feature,No traffic control,100 - 110 km/h,Sealed - Dry,Clear,Daylight,Straight,Level,306,Veh'S Same Direction: Lane Change Right,Lane changes,E,0,0,1,0,1,2,0,1,0,0,0,0
328775,Hospitalisation,2021,January,Friday,0,Fall from vehicle,Single Vehicle,152.4596311,-27.50521139,Brightview Rd,,,Lockrose,Lockyer Valley Region,4342,Laidley,Darling Downs,Southern,SEQ South,Southern Queensland,Lockyer Valley - East,Ipswich Hinterland,Ipswich,Inner Regional,Lockyer,Wright,Locally-controlled,No Roadway Feature,No traffic control,100 - 110 km/h,Sealed - Dry,Clear,Darkness - Not lighted,Straight,Level,705,Off Path-Straight:Out Of Control On Cway,Out of control on straight,W,0,1,0,0,1,0,1,0,0,0,0,0
328776,Hospitalisation,2021,January,Friday,10,Hit pedestrian,Hit pedestrian,152.3940721,-27.63043538,Patrick St,,Laidley - Plainland Road,Laidley,Lockyer Valley Region,4341,Laidley,Darling Downs,Southern,SEQ South,Southern Queensland,Lockyer Valley - East,Ipswich Hinterland,Ipswich,Inner Regional,Lockyer,Wright,State-controlled,No Roadway Feature,Pedestrian crossing sign,0 - 50 km/h,Sealed - Dry,Clear,Daylight,Straight,Level,2,Ped'N: Hit Emerging Behind Vehicle,Pedestrian,E,0,1,0,0,1,1,0,0,0,0,1,0
328777,Minor injury,2021,January,Sunday,18,Angle,Multi-Vehicle,152.4532041,-27.56612639,Niemeyer Rd,Warrego Hwy,Warrego Highway (Ipswich - Toowoomba),Hatton Vale,Lockyer Valley Region,4341,Laidley,Darling Downs,Southern,SEQ South,Southern Queensland,Lockyer Valley - East,Ipswich Hinterland,Ipswich,Inner Regional,Lockyer,Wright,State-controlled,Intersection - T-Junction,No traffic control,80 - 90 km/h,Sealed - Dry,Clear,Dawn/Dusk,Straight,Level,202,Veh'S Opposite Approach: Thru-Right,Opposing vehicles turning,N,0,0,0,1,1,2,0,0,0,0,0,0
328778,Hospitalisation,2021,February,Tuesday,3,Hit object,Single Vehicle,152.3536683,-27.54340819,Warrego Hwy,,Warrego Highway (Ipswich - Toowoomba),College View,Lockyer Valley Region,4343,Laidley,Darling Downs,Southern,SEQ South,Southern Queensland,Lockyer Valley - East,Ipswich Hinterland,Ipswich,Inner Regional,Lockyer,Wright,State-controlled,No Roadway Feature,No traffic control,100 - 110 km/h,Sealed - Dry,Clear,Darkness - Lighted,Straight,Level,703,Off Path-Straight: Left Off Cway Hit Obj,Off carriageway on straight hit object,W,0,1,0,0,1,1,0,0,0,0,0,0
328779,Hospitalisation,2021,February,Monday,2,Hit object,Single Vehicle,152.3643301,-27.72836638,Mulgowie Rd,,Mulgowie Road,Mulgowie,Lockyer Valley Region,4341,Laidley,Darling Downs,Southern,SEQ South,Southern Queensland,Lockyer Valley - East,Ipswich Hinterland,Ipswich,Inner Regional,Lockyer,Wright,State-controlled,No Roadway Feature,No traffic control,60 km/h,Sealed - Dry,Clear,Darkness - Lighted,Curved - view open,Level,803,Off Path-Curve: Off Cway Rt Bend Hit Obj,Off carriageway on curve hit object,S,0,1,1,0,2,1,0,0,0,0,0,0
328780,Hospitalisation,2021,February,Sunday,15,Hit object,Single Vehicle,152.3585731,-27.54161038,Warrego Hwy,,Warrego Highway (Ipswich - Toowoomba),College View,Lockyer Valley Region,4343,Laidley,Darling Downs,Southern,SEQ South,Southern Queensland,Lockyer Valley - East,Ipswich Hinterland,Ipswich,Inner Regional,Lockyer,Wright,State-controlled,No Roadway Feature,No traffic control,100 - 110 km/h,Sealed - Dry,Clear,Daylight,Curved - view open,Level,803,Off Path-Curve: Off Cway Rt Bend Hit Obj,Off carriageway on curve hit object,E,0,2,0,0,2,1,0,0,0,0,0,0
328781,Hospitalisation,2021,February,Sunday,8,Hit object,Single Vehicle,152.3843512,-27.60458234,Old Laidley - Forest Hill Rd,,,Laidley North,Lockyer Valley Region,4341,Laidley,Darling Downs,Southern,SEQ South,Southern Queensland,Lockyer Valley - East,Ipswich Hinterland,Ipswich,Inner Regional,Lockyer,Wright,Locally-controlled,No Roadway Feature,No traffic control,100 - 110 km/h,Sealed - Dry,Clear,Daylight,Curved - view open,Level,803,Off Path-Curve: Off Cway Rt Bend Hit Obj,Off carriageway on curve hit object,N,0,2,0,0,2,1,0,0,0,0,0,0
328782,Hospitalisation,2021,March,Thursday,13,Head-on,Multi-Vehicle,152.4220241,-27.56803139,Donaldson Rd,Laidley - Plainland Rd,Warrego Highway (Ipswich - Toowoomba),Plainland,Lockyer Valley Region,4341,Laidley,Darling Downs,Southern,SEQ South,Southern Queensland,Lockyer Valley - East,Ipswich Hinterland,Ipswich,Inner Regional,Lockyer,Wright,State-controlled,Intersection - Roundabout,Give way sign,60 km/h,Sealed - Dry,Clear,Daylight,Straight,Level,708,Off Path-Straight: Mounts Traffic Island,Off carriageway on straight hit object,N,0,1,0,0,1,1,0,0,0,0,0,0
328783,Medical treatment,2021,March,Monday,15,Hit object,Single Vehicle,152.5084271,-27.55090439,Waldron Rd,Warrego Hwy,Warrego Highway (Ipswich - Toowoomba),Prenzlau,Somerset Region,4311,Marburg,Ipswich,Southern,SEQ North,North Coast,Lowood,Ipswich Hinterland,Ipswich,Inner Regional,Lockyer,Blair,State-controlled,Intersection - Cross,Give way sign,100 - 110 km/h,Sealed - Wet,Raining,Daylight,Straight,Grade,704,Off Path-Straight:Right Off Cway Hit Obj,Off carriageway on straight hit object,E,0,0,1,0,1,1,0,0,0,0,0,0
328784,Hospitalisation,2021,March,Friday,14,Angle,Multi-Vehicle,152.4115551,-27.51057938,Forest Hill - Fernvale Rd,Lake Clarendon Way,Forest Hill - Fernvale Road,Glenore Grove,Lockyer Valley Region,4342,Laidley,Darling Downs,Southern,SEQ South,Southern Queensland,Lockyer Valley - East,Ipswich Hinterland,Ipswich,Inner Regional,Lockyer,Wright,State-controlled,Intersection - Cross,Give way sign,100 - 110 km/h,Sealed - Dry,Clear,Daylight,Straight,Level,101,Veh'S Adjacent Approach: Thru-Thru,Intersection from adjacent approaches,E,0,11,0,0,11,1,0,0,1,0,0,0
328785,Medical treatment,2021,March,Saturday,13,Rear-end,Multi-Vehicle,152.4049341,-27.58244138,Laidley - Plainland Rd,,Laidley - Plainland Road,Plainland,Lockyer Valley Region,4341,Laidley,Darling Downs,Southern,SEQ South,Southern Queensland,Lockyer Valley - East,Ipswich Hinterland,Ipswich,Inner Regional,Lockyer,Wright,State-controlled,No Roadway Feature,No traffic control,80 - 90 km/h,Sealed - Dry,Clear,Daylight,Curved - view open,Grade,303,Veh'S Same Direction: Right Rear,Rear-end,W,0,0,2,1,3,2,0,0,0,0,0,0
328786,Hospitalisation,2021,March,Wednesday,14,Hit object,Single Vehicle,152.3613581,-27.50762138,Main Green Swamp Rd,,,Lake Clarendon,Lockyer Valley Region,4343,Laidley,Darling Downs,Southern,SEQ South,Southern Queensland,Lockyer Valley - East,Ipswich Hinterland,Ipswich,Inner Regional,Lockyer,Wright,Locally-controlled,No Roadway Feature,No traffic control,100 - 110 km/h,Sealed - Dry,Clear,Daylight,Straight,Level,703,Off Path-Straight: Left Off Cway Hit Obj,Off carriageway on straight hit object,N,0,1,1,0,2,1,0,0,0,0,0,0
328787,Hospitalisation,2021,March,Wednesday,10,Hit object,Single Vehicle,152.3531001,-27.57243038,Gatton - Laidley Rd,,Gatton - Laidley Road,Forest Hill,Lockyer Valley Region,4342,Laidley,Darling Downs,Southern,SEQ South,Southern Queensland,Lockyer Valley - East,Ipswich Hinterland,Ipswich,Inner Regional,Lockyer,Wright,State-controlled,No Roadway Feature,No traffic control,100 - 110 km/h,Sealed - Dry,Clear,Daylight,Straight,Level,705,Off Path-Straight:Out Of Control On Cway,Out of control on straight,W,0,1,0,0,1,1,0,0,0,0,0,0
328788,Hospitalisation,2021,April,Saturday,10,Angle,Multi-Vehicle,152.3405541,-27.63815138,Pitt Rd,Sippel Rd,,Blenheim,Lockyer Valley Region,4341,Laidley,Darling Downs,Southern,SEQ South,Southern Queensland,Lockyer Valley - East,Ipswich Hinterland,Ipswich,Inner Regional,Lockyer,Wright,Locally-controlled,Intersection - Cross,Give way sign,80 - 90 km/h,Sealed - Dry,Clear,Daylight,Straight,Crest,101,Veh'S Adjacent Approach: Thru-Thru,Intersection from adjacent approaches,E,0,1,0,0,1,3,0,0,0,0,0,0
328789,Hospitalisation,2021,April,Thursday,10,Fall from vehicle,Single Vehicle,152.4592351,-27.53396939,Lexcen Ct,,,Kensington Grove,Lockyer Valley Region,4341,Laidley,Darling Downs,Southern,SEQ South,Southern Queensland,Lockyer Valley - East,Ipswich Hinterland,Ipswich,Inner Regional,Lockyer,Wright,Locally-controlled,No Roadway Feature,No traffic control,60 km/h,Sealed - Dry,Clear,Daylight,Straight,Level,701,Off Path-Straight: Left Off Cway,Off carriageway on straight,W,0,1,0,0,1,0,1,0,0,0,0,0
328790,Minor injury,2021,April,Saturday,11,Rear-end,Multi-Vehicle,152.3749101,-27.67202338,Mulgowie Rd,Old Mulgowie Rd,Mulgowie Road,Laidley South,Lockyer Valley Region,4341,Laidley,Darling Downs,Southern,SEQ South,Southern Queensland,Lockyer Valley - East,Ipswich Hinterland,Ipswich,Inner Regional,Lockyer,Wright,State-controlled,Intersection - T-Junction,No traffic control,60 km/h,Sealed - Dry,Clear,Daylight,Straight,Level,302,Veh'S Same Direction: Left Rear,Rear-end,E,0,0,0,1,1,2,0,0,0,0,0,0
328791,Hospitalisation,2021,April,Wednesday,11,Hit object,Single Vehicle,152.3896377,-27.53830505,Harm Dr,,,Glenore Grove,Lockyer Valley Region,4342,Laidley,Darling Downs,Southern,SEQ South,Southern Queensland,Lockyer Valley - East,Ipswich Hinterland,Ipswich,Inner Regional,Lockyer,Wright,Locally-controlled,No Roadway Feature,No traffic control,100 - 110 km/h,Sealed - Dry,Clear,Daylight,Curved - view open,Level,803,Off Path-Curve: Off Cway Rt Bend Hit Obj,Off carriageway on curve hit object,W,0,1,0,1,2,1,0,0,0,0,0,0
328792,Minor injury,2021,April,Friday,12,Hit object,Single Vehicle,152.3783661,-27.62493338,Gatton - Laidley Rd,,Gatton - Laidley Road,Laidley Heights,Lockyer Valley Region,4341,Laidley,Darling Downs,Southern,SEQ South,Southern Queensland,Lockyer Valley - East,Ipswich Hinterland,Ipswich,Inner Regional,Lockyer,Wright,State-controlled,No Roadway Feature,No traffic control,80 - 90 km/h,Sealed - Wet,Clear,Daylight,Curved - view open,Level,804,Off Path-Curve: Off Cway Lt Bend Hit Obj,Off carriageway on curve hit object,E,0,0,0,1,1,1,0,0,0,0,0,0
328793,Minor injury,2021,May,Saturday,13,Angle,Multi-Vehicle,152.3936841,-27.63248238,Patrick St,,Laidley - Plainland Road,Laidley,Lockyer Valley Region,4341,Laidley,Darling Downs,Southern,SEQ South,Southern Queensland,Lockyer Valley - East,Ipswich Hinterland,Ipswich,Inner Regional,Lockyer,Wright,State-controlled,No Roadway Feature,No traffic control,0 - 50 km/h,Sealed - Dry,Clear,Daylight,Straight,Level,406,Veh'S Manoeuvring: Leaving Driveway,Vehicle leaving driveway,W,0,0,0,1,1,2,0,0,0,0,0,0
328794,Hospitalisation,2021,May,Monday,2,Hit object,Single Vehicle,152.4646061,-27.56632739,Warrego Hwy,,Warrego Highway (Ipswich - Toowoomba),Hatton Vale,Lockyer Valley Region,4341,Laidley,Darling Downs,Southern,SEQ South,Southern Queensland,Lockyer Valley - East,Ipswich Hinterland,Ipswich,Inner Regional,Lockyer,Wright,State-controlled,No Roadway Feature,No traffic control,100 - 110 km/h,Sealed - Dry,Fog,Darkness - Not lighted,Straight,Level,703,Off Path-Straight: Left Off Cway Hit Obj,Off carriageway on straight hit object,N,0,1,0,0,1,1,0,0,0,0,0,0
328795,Hospitalisation,2021,May,Sunday,10,Angle,Multi-Vehicle,152.3288151,-27.50717338,Gatton - Esk Rd,Tallaringa Dr,Gatton-Esk Road,Adare,Lockyer Valley Region,4343,Gatton,Darling Downs,Southern,SEQ South,Southern Queensland,Lockyer Valley - East,Ipswich Hinterland,Ipswich,Inner Regional,Lockyer,Wright,State-controlled,Intersection - T-Junction,Give way sign,80 - 90 km/h,Sealed - Dry,Clear,Daylight,Straight,Level,104,Veh'S Adjacent Approach: Thru-Right,Intersection from adjacent approaches,N,0,1,0,0,1,2,0,0,0,0,0,0
328796,Medical treatment,2021,May,Wednesday,14,Rear-end,Multi-Vehicle,152.4211781,-27.56964839,Faith Av,Laidley - Plainland Rd,Laidley - Plainland Road,Plainland,Lockyer Valley Region,4341,Laidley,Darling Downs,Southern,SEQ South,Southern Queensland,Lockyer Valley - East,Ipswich Hinterland,Ipswich,Inner Regional,Lockyer,Wright,State-controlled,Intersection - T-Junction,No traffic control,60 km/h,Sealed - Dry,Clear,Daylight,Straight,Level,303,Veh'S Same Direction: Right Rear,Rear-end,W,0,0,1,0,1,2,0,0,0,0,0,0
328797,Hospitalisation,2021,May,Sunday,3,Hit object,Single Vehicle,152.4529341,-27.49266739,Village Rd,Zabel Rd,,Lockrose,Lockyer Valley Region,4342,Laidley,Darling Downs,Southern,SEQ South,Southern Queensland,Lockyer Valley - East,Ipswich Hinterland,Ipswich,Inner Regional,Lockyer,Wright,Locally-controlled,Intersection - T-Junction,Give way sign,80 - 90 km/h,Sealed - Dry,Clear,Darkness - Lighted,Straight,Level,700,Off Path-Straight: Other,Other,W,0,1,0,0,1,1,0,0,0,0,0,0
328798,Hospitalisation,2021,May,Tuesday,15,Rear-end,Multi-Vehicle,152.3945581,-27.62731938,Campbell St,Patrick St,Laidley - Plainland Road,Laidley,Lockyer Valley Region,4341,Laidley,Darling Downs,Southern,SEQ South,Southern Queensland,Lockyer Valley - East,Ipswich Hinterland,Ipswich,Inner Regional,Lockyer,Wright,State-controlled,Intersection - Cross,No traffic control,60 km/h,Sealed - Dry,Clear,Daylight,Straight,Level,303,Veh'S Same Direction: Right Rear,Rear-end,W,0,1,0,0,1,1,0,0,1,0,0,0
328799,Minor injury,2021,June,Sunday,19,Overturned,Single Vehicle,152.3439831,-27.60596538,Auchter Rd,Forest Hill - Blenheim Rd,,Forest Hill,Lockyer Valley Region,4342,Laidley,Darling Downs,Southern,SEQ South,Southern Queensland,Lockyer Valley - East,Ipswich Hinterland,Ipswich,Inner Regional,Lockyer,Wright,Locally-controlled,Intersection - T-Junction,No traffic control,100 - 110 km/h,Sealed - Dry,Clear,Darkness - Not lighted,Curved - view open,Level,801,Off Path-Curve: Off Cway Right Bend,Off carriageway on curve,N,0,0,0,1,1,1,0,0,0,0,0,0
328800,Hospitalisation,2021,June,Monday,18,Angle,Multi-Vehicle,152.4532041,-27.56612639,Niemeyer Rd,Warrego Hwy,Warrego Highway (Ipswich - Toowoomba),Hatton Vale,Lockyer Valley Region,4341,Laidley,Darling Downs,Southern,SEQ South,Southern Queensland,Lockyer Valley - East,Ipswich Hinterland,Ipswich,Inner Regional,Lockyer,Wright,State-controlled,Intersection - T-Junction,Stop sign,80 - 90 km/h,Sealed - Dry,Clear,Dawn/Dusk,Straight,Level,104,Veh'S Adjacent Approach: Thru-Right,Intersection from adjacent approaches,E,0,1,0,1,2,2,0,0,0,0,0,0
328801,Hospitalisation,2021,June,Wednesday,17,Angle,Multi-Vehicle,152.3894831,-27.64923838,Drayton St,Vaux St,Rosewood - Laidley Road,Laidley,Lockyer Valley Region,4341,Laidley,Darling Downs,Southern,SEQ South,Southern Queensland,Lockyer Valley - East,Ipswich Hinterland,Ipswich,Inner Regional,Lockyer,Wright,State-controlled,Intersection - T-Junction,Give way sign,60 km/h,Sealed - Dry,Clear,Dawn/Dusk,Straight,Level,202,Veh'S Opposite Approach: Thru-Right,Opposing vehicles turning,N,0,1,0,0,1,2,0,0,0,0,0,0
328802,Hospitalisation,2021,June,Wednesday,5,Hit object,Single Vehicle,152.3736796,-27.61769233,Burgess Rd,,,Laidley Heights,Lockyer Valley Region,4341,Laidley,Darling Downs,Southern,SEQ South,Southern Queensland,Lockyer Valley - East,Ipswich Hinterland,Ipswich,Inner Regional,Lockyer,Wright,Locally-controlled,No Roadway Feature,No traffic control,70 km/h,Sealed - Wet,Fog,Darkness - Not lighted,Curved - view obscured,Grade,804,Off Path-Curve: Off Cway Lt Bend Hit Obj,Off carriageway on curve hit object,E,0,1,0,0,1,1,0,0,0,0,0,0
328803,Hospitalisation,2021,June,Friday,7,Angle,Multi-Vehicle,152.4531991,-27.56636939,Niemeyer Rd,Warrego Hwy,Warrego Highway (Ipswich - Toowoomba),Hatton Vale,Lockyer Valley Region,4341,Laidley,Darling Downs,Southern,SEQ South,Southern Queensland,Lockyer Valley - East,Ipswich Hinterland,Ipswich,Inner Regional,Lockyer,Wright,State-controlled,Intersection - T-Junction,No traffic control,80 - 90 km/h,Sealed - Dry,Clear,Daylight,Straight,Level,102,Veh'S Adjacent Approach: Right-Thru,Intersection from adjacent approaches,W,0,1,1,0,2,2,0,0,0,0,0,0
328874,Hospitalisation,2021,May,Sunday,20,Hit object,Single Vehicle,146.1560826,-18.46886678,Bruce Hwy,,Bruce Highway (Ingham - Innisfail),Rungoo,Cassowary Coast Region,4849,Cardwell,Far North,Far Northern,Northern,North Queensland,Tully,Innisfail - Cassowary Coast,Cairns,Remote,Hinchinbrook,Kennedy,State-controlled,Bridge/Causeway,No traffic control,100 - 110 km/h,Sealed - Dry,Clear,Darkness - Not lighted,Straight,Level,703,Off Path-Straight: Left Off Cway Hit Obj,Off carriageway on straight hit object,N,0,1,0,0,1,0,0,1,0,0,0,0
328875,Medical treatment,2021,June,Tuesday,1,Struck by external load,Other,145.9840416,-18.23099093,Bruce Hwy,,Bruce Highway (Ingham - Innisfail),Ellerbeck,Cassowary Coast Region,4816,Cardwell,Far North,Far Northern,Northern,North Queensland,Tully,Innisfail - Cassowary Coast,Cairns,Remote,Hinchinbrook,Kennedy,State-controlled,No Roadway Feature,No traffic control,100 - 110 km/h,Sealed - Dry,Clear,Darkness - Not lighted,Straight,Level,600,Veh'S On Path: Other,Other,S,0,0,1,0,1,1,0,1,0,0,0,0
328876,Hospitalisation,2021,June,Thursday,14,Sideswipe,Multi-Vehicle,145.9739746,-18.22108276,Bruce Hwy,,Bruce Highway (Ingham - Innisfail),Ellerbeck,Cassowary Coast Region,4816,Cardwell,Far North,Far Northern,Northern,North Queensland,Tully,Innisfail - Cassowary Coast,Cairns,Remote,Hinchinbrook,Kennedy,State-controlled,No Roadway Feature,No traffic control,100 - 110 km/h,Sealed - Dry,Clear,Daylight,Curved - view open,Level,201,Veh'S Opposite Approach: Head On,Head-on,S,0,2,0,0,2,2,0,0,0,0,0,0
328953,Medical treatment,2021,January,Sunday,15,Rear-end,Multi-Vehicle,153.5430839,-28.1682375,Griffith St,,,Coolangatta,Gold Coast City,4225,Coolangatta,Gold Coast,South Eastern,SEQ South,South Coast,Coolangatta,Coolangatta,Gold Coast,Major Cities,Currumbin,Mcpherson,Locally-controlled,No Roadway Feature,No traffic control,0 - 50 km/h,Sealed - Dry,Clear,Daylight,Straight,Level,404,Veh'S Manoeuvring: Reversing,Hit parked vehicle,E,0,0,1,0,1,1,1,0,0,0,0,0
328954,Hospitalisation,2021,January,Tuesday,20,Angle,Multi-Vehicle,153.5162919,-28.1640935,Gold Coast Hwy,Johnston St,Gold Coast Highway (Broadbeach - Coolangatta),Bilinga,Gold Coast City,4225,Coolangatta,Gold Coast,South Eastern,SEQ South,South Coast,Currumbin - Tugun,Coolangatta,Gold Coast,Major Cities,Currumbin,Mcpherson,State-controlled,Intersection - Cross,Operating traffic lights,80 - 90 km/h,Sealed - Dry,Clear,Darkness - Lighted,Straight,Level,101,Veh'S Adjacent Approach: Thru-Thru,Intersection from adjacent approaches,S,0,1,0,0,1,1,0,0,1,0,0,0
328955,Hospitalisation,2021,January,Sunday,16,Hit parked vehicle,Single Vehicle,153.4793999,-28.1340955,Duringan St,,,Currumbin,Gold Coast City,4223,Coolangatta,Gold Coast,South Eastern,SEQ South,South Coast,Currumbin - Tugun,Coolangatta,Gold Coast,Major Cities,Currumbin,Mcpherson,State-controlled,No Roadway Feature,No traffic control,60 km/h,Sealed - Dry,Clear,Daylight,Straight,Level,703,Off Path-Straight: Left Off Cway Hit Obj,Off carriageway on straight hit object,N,0,1,0,0,1,2,0,0,0,0,0,1
328956,Minor injury,2021,January,Tuesday,16,Angle,Multi-Vehicle,153.4980059,-28.1474875,Gold Coast Hwy,Kitchener St,Gold Coast Highway (Broadbeach - Coolangatta),Tugun,Gold Coast City,4224,Coolangatta,Gold Coast,South Eastern,SEQ South,South Coast,Currumbin - Tugun,Coolangatta,Gold Coast,Major Cities,Currumbin,Mcpherson,State-controlled,Intersection - T-Junction,No traffic control,60 km/h,Sealed - Dry,Clear,Daylight,Straight,Level,408,Veh'S Manoeuvring: Entering From Footway,Vehicle leaving driveway,S,0,0,0,1,1,1,1,0,0,0,0,0
328957,Hospitalisation,2021,January,Thursday,16,Rear-end,Multi-Vehicle,153.4986209,-28.1475925,Gold Coast Hwy,,Gold Coast Highway (Broadbeach - Coolangatta),Tugun,Gold Coast City,4224,Coolangatta,Gold Coast,South Eastern,SEQ South,South Coast,Currumbin - Tugun,Coolangatta,Gold Coast,Major Cities,Currumbin,Mcpherson,State-controlled,No Roadway Feature,No traffic control,80 - 90 km/h,Sealed - Dry,Clear,Daylight,Straight,Level,301,Veh'S Same Direction: Rear End,Rear-end,E,0,1,0,1,2,3,0,1,0,0,0,0
328958,Medical treatment,2021,January,Saturday,11,Rear-end,Multi-Vehicle,153.4978369,-28.1469215,Gold Coast Hwy,,Gold Coast Highway (Broadbeach - Coolangatta),Tugun,Gold Coast City,4224,Coolangatta,Gold Coast,South Eastern,SEQ South,South Coast,Currumbin - Tugun,Coolangatta,Gold Coast,Major Cities,Currumbin,Mcpherson,State-controlled,No Roadway Feature,No traffic control,70 km/h,Sealed - Dry,Clear,Daylight,Straight,Level,301,Veh'S Same Direction: Rear End,Rear-end,W,0,0,2,0,2,2,0,0,0,0,0,0
328959,Hospitalisation,2021,January,Saturday,16,Hit object,Single Vehicle,153.5336139,-28.1707615,Garrick St,Tweed St,,Coolangatta,Gold Coast City,4225,Coolangatta,Gold Coast,South Eastern,SEQ South,South Coast,Coolangatta,Coolangatta,Gold Coast,Major Cities,Currumbin,Mcpherson,Locally-controlled,Intersection - Cross,Give way sign,0 - 50 km/h,Sealed - Dry,Clear,Daylight,Straight,Crest,703,Off Path-Straight: Left Off Cway Hit Obj,Off carriageway on straight hit object,N,0,1,0,0,1,1,0,0,0,0,0,0
328960,Hospitalisation,2021,January,Tuesday,10,Angle,Multi-Vehicle,153.5046389,-28.1550635,Coolangatta Rd,Loongana Ave,,Bilinga,Gold Coast City,4225,Coolangatta,Gold Coast,South Eastern,SEQ South,South Coast,Currumbin - Tugun,Coolangatta,Gold Coast,Major Cities,Currumbin,Mcpherson,Locally-controlled,Intersection - Cross,Give way sign,0 - 50 km/h,Sealed - Dry,Clear,Daylight,Straight,Level,101,Veh'S Adjacent Approach: Thru-Thru,Intersection from adjacent approaches,S,0,2,0,0,2,2,0,0,0,0,0,0
328961,Hospitalisation,2021,February,Sunday,16,Rear-end,Multi-Vehicle,153.4794809,-28.1459795,Pacific Hwy,Pacific Hwy On Ramp,Tugun - Currumbin Road,Currumbin Waters,Gold Coast City,4223,Coolangatta,Gold Coast,South Eastern,SEQ South,South Coast,Currumbin Waters,Coolangatta,Gold Coast,Major Cities,Currumbin,Mcpherson,State-controlled,Intersection - Interchange,Operating traffic lights,60 km/h,Sealed - Wet,Clear,Daylight,Straight,Grade,303,Veh'S Same Direction: Right Rear,Rear-end,N,0,3,0,0,3,2,0,0,0,0,0,0
328962,Medical treatment,2021,February,Monday,12,Hit pedestrian,Hit pedestrian,153.5387829,-28.1685935,Griffith St,,,Coolangatta,Gold Coast City,4225,Coolangatta,Gold Coast,South Eastern,SEQ South,South Coast,Coolangatta,Coolangatta,Gold Coast,Major Cities,Currumbin,Mcpherson,Locally-controlled,No Roadway Feature,Pedestrian crossing sign,0 - 50 km/h,Sealed - Dry,Clear,Daylight,Straight,Level,3,Ped'N: Far Side Vehicle Hit From Left,Pedestrian,W,0,0,1,0,1,1,0,0,0,0,1,0
328963,Medical treatment,2021,February,Tuesday,12,Rear-end,Multi-Vehicle,153.4766679,-28.1361685,Thrower Dr,,,Currumbin,Gold Coast City,4223,Coolangatta,Gold Coast,South Eastern,SEQ South,South Coast,Currumbin - Tugun,Coolangatta,Gold Coast,Major Cities,Currumbin,Mcpherson,State-controlled,Bridge/Causeway,No traffic control,60 km/h,Sealed - Dry,Clear,Daylight,Straight,Level,301,Veh'S Same Direction: Rear End,Rear-end,E,0,0,1,2,3,4,0,0,0,0,0,0
328964,Hospitalisation,2021,February,Sunday,4,Hit object,Single Vehicle,153.5225909,-28.1667895,Musgrave St,,,Coolangatta,Gold Coast City,4225,Coolangatta,Gold Coast,South Eastern,SEQ South,South Coast,Coolangatta,Coolangatta,Gold Coast,Major Cities,Currumbin,Mcpherson,Locally-controlled,No Roadway Feature,No traffic control,0 - 50 km/h,Sealed - Dry,Clear,Darkness - Lighted,Curved - view open,Level,808,Off Path-Curve: Mounts Traffic Island,Off carriageway on curve hit object,,0,1,1,0,2,1,0,0,0,0,0,0
328965,Minor injury,2021,March,Friday,15,Rear-end,Multi-Vehicle,153.4876809,-28.1561515,Pacific Hwy,,Pacific Highway (Pacific Motorway),Tugun,Gold Coast City,4224,Coolangatta,Gold Coast,South Eastern,SEQ South,South Coast,Currumbin - Tugun,Coolangatta,Gold Coast,Major Cities,Currumbin,Mcpherson,State-controlled,No Roadway Feature,No traffic control,100 - 110 km/h,Sealed - Dry,Clear,Daylight,Straight,Level,301,Veh'S Same Direction: Rear End,Rear-end,N,0,0,0,1,1,1,0,1,0,0,0,0