Crash_Severity,Crash_Year,Crash_Month,Crash_Day_Of_Week,Crash_Hour,Crash_Nature,Crash_Type,Crash_Longitude,Crash_Latitude,Crash_Street,Crash_Street_Intersecting,State_Road_Name,Loc_Suburb,Loc_Local_Government_Area,Loc_Post_Code,Loc_Police_Division,Loc_Police_District,Loc_Police_Region,Loc_Queensland_Transport_Region,Loc_Main_Roads_Region,Loc_ABS_Statistical_Area_2,Loc_ABS_Statistical_Area_3,Loc_ABS_Statistical_Area_4,Loc_ABS_Remoteness,Loc_State_Electorate,Loc_Federal_Electorate,Crash_Controlling_Authority,Crash_Roadway_Feature,Crash_Traffic_Control,Crash_Speed_Limit,Crash_Road_Surface_Condition,Crash_Atmospheric_Condition,Crash_Lighting_Condition,Crash_Road_Horiz_Align,Crash_Road_Vert_Align,Crash_DCA_Code,Crash_DCA_Description,Crash_DCA_Group_Description,DCA_Key_Approach_Dir,Count_Casualty_Fatality,Count_Casualty_Hospitalised,Count_Casualty_MedicallyTreated,Count_Casualty_MinorInjury,Count_Casualty_Total,Count_Unit_Car,Count_Unit_Motorcycle_Moped,Count_Unit_Truck,Count_Unit_Bus,Count_Unit_Bicycle,Count_Unit_Pedestrian,Count_Unit_Other,
328966,Hospitalisation,2021,March,Sunday,21,Hit pedestrian,Hit pedestrian,153.5389391,-28.16744684,Marine Pde,,,Coolangatta,Gold Coast City,4225,Coolangatta,Gold Coast,South Eastern,SEQ South,South Coast,Coolangatta,Coolangatta,Gold Coast,Major Cities,Currumbin,Mcpherson,Locally-controlled,No Roadway Feature,No traffic control,0 - 50 km/h,Sealed - Dry,Clear,Darkness - Lighted,Straight,Level,4,Ped'N: Play; Work; Stand; Lie On C'Way,Pedestrian,P,0,1,1,0,2,1,0,0,0,0,1,0
328967,Hospitalisation,2021,March,Saturday,9,Hit object,Single Vehicle,153.5321674,-28.16748122,Marine Pde,,,Coolangatta,Gold Coast City,4225,Coolangatta,Gold Coast,South Eastern,SEQ South,South Coast,Coolangatta,Coolangatta,Gold Coast,Major Cities,Currumbin,Mcpherson,Locally-controlled,No Roadway Feature,No traffic control,0 - 50 km/h,Sealed - Dry,Clear,Daylight,Straight,Level,703,Off Path-Straight: Left Off Cway Hit Obj,Off carriageway on straight hit object,W,0,1,1,0,2,1,0,0,0,0,0,0
328968,Minor injury,2021,March,Saturday,11,Rear-end,Multi-Vehicle,153.5414139,-28.1678225,Marine Pde,,,Coolangatta,Gold Coast City,4225,Coolangatta,Gold Coast,South Eastern,SEQ South,South Coast,Coolangatta,Coolangatta,Gold Coast,Major Cities,Currumbin,Mcpherson,Locally-controlled,No Roadway Feature,Pedestrian crossing sign,0 - 50 km/h,Sealed - Dry,Clear,Daylight,Straight,Level,301,Veh'S Same Direction: Rear End,Rear-end,W,0,0,0,1,1,2,0,0,0,0,0,0
328969,Hospitalisation,2021,April,Friday,9,Angle,Multi-Vehicle,153.5433719,-28.1675615,Clarke St,Marine Pde,,Coolangatta,Gold Coast City,4225,Coolangatta,Gold Coast,South Eastern,SEQ South,South Coast,Coolangatta,Coolangatta,Gold Coast,Major Cities,Currumbin,Mcpherson,Locally-controlled,No Roadway Feature,No traffic control,0 - 50 km/h,Sealed - Dry,Clear,Daylight,Straight,Level,700,Off Path-Straight: Other,Other,,0,1,0,0,1,1,0,0,0,1,0,0
328970,Hospitalisation,2021,April,Friday,21,Fall from vehicle,Single Vehicle,153.5443649,-28.1658215,Hill St,Marine Pde,,Coolangatta,Gold Coast City,4225,Coolangatta,Gold Coast,South Eastern,SEQ South,South Coast,Coolangatta,Coolangatta,Gold Coast,Major Cities,Currumbin,Mcpherson,Locally-controlled,Intersection - T-Junction,No traffic control,0 - 50 km/h,Sealed - Dry,Clear,Darkness - Lighted,Curved - view obscured,Grade,805,Off Path-Curve: Out Of Control On Cway,Out of control on curve,S,0,1,0,0,1,0,1,0,0,0,0,0
328971,Medical treatment,2021,April,Tuesday,12,Angle,Multi-Vehicle,153.5202379,-28.1660865,Golden Four Dr,Lang St,Gold Coast Highway (Broadbeach - Coolangatta),Bilinga,Gold Coast City,4225,Coolangatta,Gold Coast,South Eastern,SEQ South,South Coast,Currumbin - Tugun,Coolangatta,Gold Coast,Major Cities,Currumbin,Mcpherson,State-controlled,Intersection - Cross,Give way sign,0 - 50 km/h,Sealed - Dry,Clear,Daylight,Straight,Level,202,Veh'S Opposite Approach: Thru-Right,Opposing vehicles turning,W,0,0,1,0,1,2,0,0,0,0,0,0
328972,Medical treatment,2021,April,Wednesday,13,Angle,Multi-Vehicle,153.5046389,-28.1550635,Coolangatta Rd,Loongana Ave,,Bilinga,Gold Coast City,4225,Coolangatta,Gold Coast,South Eastern,SEQ South,South Coast,Currumbin - Tugun,Coolangatta,Gold Coast,Major Cities,Currumbin,Mcpherson,Locally-controlled,Intersection - Cross,Give way sign,0 - 50 km/h,Sealed - Dry,Clear,Daylight,Straight,Level,101,Veh'S Adjacent Approach: Thru-Thru,Intersection from adjacent approaches,E,0,0,2,0,2,2,0,0,0,0,0,0
328973,Minor injury,2021,April,Thursday,17,Hit pedestrian,Hit pedestrian,153.4935559,-28.1426805,Bielby St,Golden Four Dr,,Tugun,Gold Coast City,4224,Coolangatta,Gold Coast,South Eastern,SEQ South,South Coast,Currumbin - Tugun,Coolangatta,Gold Coast,Major Cities,Currumbin,Mcpherson,Locally-controlled,Intersection - T-Junction,No traffic control,0 - 50 km/h,Sealed - Dry,Clear,Dawn/Dusk,Straight,Level,1,Ped'N: Near Side Vehicle Hit From Right,Pedestrian,W,0,0,0,1,1,1,0,0,0,0,1,0
328974,Minor injury,2021,May,Wednesday,14,Angle,Multi-Vehicle,153.4944859,-28.1438235,Gold Coast Hwy,Toolona St,Gold Coast Highway (Broadbeach - Coolangatta),Tugun,Gold Coast City,4224,Coolangatta,Gold Coast,South Eastern,SEQ South,South Coast,Currumbin - Tugun,Coolangatta,Gold Coast,Major Cities,Currumbin,Mcpherson,State-controlled,Intersection - Cross,Operating traffic lights,60 km/h,Sealed - Dry,Clear,Daylight,Straight,Level,202,Veh'S Opposite Approach: Thru-Right,Opposing vehicles turning,S,0,0,0,1,1,2,0,0,0,0,0,0
328975,Minor injury,2021,May,Wednesday,14,Rear-end,Multi-Vehicle,153.4812649,-28.1518765,Pacific Hwy,,Pacific Highway (Pacific Motorway),Tugun,Gold Coast City,4224,Coolangatta,Gold Coast,South Eastern,SEQ South,South Coast,Currumbin - Tugun,Coolangatta,Gold Coast,Major Cities,Currumbin,Mcpherson,State-controlled,No Roadway Feature,No traffic control,100 - 110 km/h,Sealed - Wet,Raining,Daylight,Curved - view open,Grade,301,Veh'S Same Direction: Rear End,Rear-end,S,0,0,0,1,1,4,0,0,0,0,0,1
328976,Medical treatment,2021,May,Friday,9,Hit object,Single Vehicle,153.5162579,-28.1637835,Golden Four Dr,,,Bilinga,Gold Coast City,4225,Coolangatta,Gold Coast,South Eastern,SEQ South,South Coast,Currumbin - Tugun,Coolangatta,Gold Coast,Major Cities,Currumbin,Mcpherson,Locally-controlled,No Roadway Feature,No traffic control,0 - 50 km/h,Sealed - Dry,Clear,Daylight,Straight,Level,400,Veh'S Manoeuvring: Other,Other,S,0,0,1,0,1,1,0,0,0,0,0,0
328977,Hospitalisation,2021,May,Sunday,16,Angle,Multi-Vehicle,153.4745739,-28.1473375,Hayter St,Stewart Rd,Tugun - Currumbin Road,Currumbin Waters,Gold Coast City,4223,Coolangatta,Gold Coast,South Eastern,SEQ South,South Coast,Currumbin Waters,Coolangatta,Gold Coast,Major Cities,Currumbin,Mcpherson,State-controlled,Intersection - Cross,No traffic control,60 km/h,Sealed - Dry,Clear,Daylight,Curved - view open,Level,202,Veh'S Opposite Approach: Thru-Right,Opposing vehicles turning,W,0,1,0,0,1,1,1,0,0,0,0,0
328978,Minor injury,2021,May,Wednesday,18,Angle,Multi-Vehicle,153.5355729,-28.1669505,Marine Pde,Mclean St,,Coolangatta,Gold Coast City,4225,Coolangatta,Gold Coast,South Eastern,SEQ South,South Coast,Coolangatta,Coolangatta,Gold Coast,Major Cities,Currumbin,Mcpherson,Locally-controlled,Intersection - Cross,Operating traffic lights,0 - 50 km/h,Sealed - Dry,Clear,Darkness - Lighted,Curved - view open,Level,202,Veh'S Opposite Approach: Thru-Right,Opposing vehicles turning,N,0,0,0,1,1,2,0,0,0,0,0,0
328979,Hospitalisation,2021,May,Saturday,18,Hit pedestrian,Hit pedestrian,153.4978639,-28.1467695,Gold Coast Hwy,,Gold Coast Highway (Broadbeach - Coolangatta),Tugun,Gold Coast City,4224,Coolangatta,Gold Coast,South Eastern,SEQ South,South Coast,Currumbin - Tugun,Coolangatta,Gold Coast,Major Cities,Currumbin,Mcpherson,State-controlled,No Roadway Feature,No traffic control,80 - 90 km/h,Sealed - Dry,Clear,Darkness - Not lighted,Straight,Level,1,Ped'N: Near Side Vehicle Hit From Right,Pedestrian,S,0,1,0,0,1,2,0,0,0,0,1,0
328980,Hospitalisation,2021,May,Saturday,13,Rear-end,Multi-Vehicle,153.5300979,-28.1702095,Coolangatta Rd,,,Coolangatta,Gold Coast City,4225,Coolangatta,Gold Coast,South Eastern,SEQ South,South Coast,Coolangatta,Coolangatta,Gold Coast,Major Cities,Currumbin,Mcpherson,Locally-controlled,No Roadway Feature,No traffic control,60 km/h,Sealed - Dry,Clear,Daylight,Straight,Grade,301,Veh'S Same Direction: Rear End,Rear-end,E,0,1,1,0,2,3,0,0,0,0,0,0
328981,Medical treatment,2021,June,Friday,8,Sideswipe,Multi-Vehicle,153.5159642,-28.16392271,Gold Coast Hwy,,Gold Coast Highway (Broadbeach - Coolangatta),Bilinga,Gold Coast City,4225,Coolangatta,Gold Coast,South Eastern,SEQ South,South Coast,Currumbin - Tugun,Coolangatta,Gold Coast,Major Cities,Currumbin,Mcpherson,State-controlled,No Roadway Feature,No traffic control,70 km/h,Sealed - Dry,Clear,Daylight,Straight,Level,307,Veh'S Same Direction: Lane Change Left,Lane changes,S,0,0,1,0,1,1,0,1,0,0,0,0
328982,Medical treatment,2021,June,Sunday,11,Angle,Multi-Vehicle,153.4841379,-28.1408675,Domain Rd,,,Currumbin,Gold Coast City,4223,Coolangatta,Gold Coast,South Eastern,SEQ South,South Coast,Currumbin - Tugun,Coolangatta,Gold Coast,Major Cities,Currumbin,Mcpherson,Locally-controlled,No Roadway Feature,No traffic control,0 - 50 km/h,Sealed - Dry,Clear,Daylight,Straight,Grade,406,Veh'S Manoeuvring: Leaving Driveway,Vehicle leaving driveway,W,0,0,1,0,1,2,0,0,0,0,0,0
328983,Hospitalisation,2021,June,Sunday,15,Hit object,Single Vehicle,153.4826499,-28.1310015,Duringan St,Gold Coast Hwy On Ramp,,Currumbin,Gold Coast City,4223,Coolangatta,Gold Coast,South Eastern,SEQ South,South Coast,Currumbin - Tugun,Coolangatta,Gold Coast,Major Cities,Currumbin,Mcpherson,State-controlled,Intersection - T-Junction,Give way sign,0 - 50 km/h,Sealed - Dry,Clear,Daylight,Curved - view open,Dip,0,Ped'N: Hit Other,Other,N,0,1,0,1,2,0,1,0,0,0,1,0
329153,Hospitalisation,2021,February,Wednesday,9,Rear-end,Multi-Vehicle,146.0268566,-17.52424176,Edith St,Glady St,,Innisfail,Cassowary Coast Region,4860,Innisfail,Far North,Far Northern,Northern,North Queensland,Innisfail,Innisfail - Cassowary Coast,Cairns,Outer Regional,Hill,Kennedy,Locally-controlled,Intersection - Cross,Operating traffic lights,60 km/h,Sealed - Dry,Clear,Daylight,Straight,Level,301,Veh'S Same Direction: Rear End,Rear-end,E,0,1,0,0,1,1,1,0,0,0,0,0
329154,Medical treatment,2021,February,Friday,8,Rear-end,Multi-Vehicle,146.0252807,-17.54218735,Bruce Hwy,,Bruce Highway (Ingham - Innisfail),Mighell,Cassowary Coast Region,4860,Innisfail,Far North,Far Northern,Northern,North Queensland,Innisfail,Innisfail - Cassowary Coast,Cairns,Outer Regional,Hill,Kennedy,State-controlled,Bridge/Causeway,No traffic control,80 - 90 km/h,Sealed - Wet,Raining,Daylight,Curved - view open,Level,301,Veh'S Same Direction: Rear End,Rear-end,S,0,0,2,0,2,3,0,1,0,0,0,0
329155,Hospitalisation,2021,March,Friday,16,Angle,Multi-Vehicle,146.0343946,-17.55592576,Bruce Hwy,,Bruce Highway (Ingham - Innisfail),Comoon Loop,Cassowary Coast Region,4858,Innisfail,Far North,Far Northern,Northern,North Queensland,Johnstone,Innisfail - Cassowary Coast,Cairns,Outer Regional,Hill,Kennedy,State-controlled,No Roadway Feature,No traffic control,80 - 90 km/h,Sealed - Dry,Raining,Daylight,Straight,Level,202,Veh'S Opposite Approach: Thru-Right,Opposing vehicles turning,S,0,2,0,0,2,2,0,0,0,0,0,0
329156,Hospitalisation,2021,March,Friday,5,Hit object,Single Vehicle,146.0490916,-17.50379576,Flying Fish Pt Rd,,,Eaton,Cassowary Coast Region,4860,Innisfail,Far North,Far Northern,Northern,North Queensland,Innisfail,Innisfail - Cassowary Coast,Cairns,Outer Regional,Hill,Kennedy,Locally-controlled,No Roadway Feature,No traffic control,80 - 90 km/h,Sealed - Wet,Raining,Dawn/Dusk,Curved - view open,Level,803,Off Path-Curve: Off Cway Rt Bend Hit Obj,Off carriageway on curve hit object,N,0,3,1,0,4,1,0,0,0,0,0,0
329157,Hospitalisation,2021,March,Friday,9,Rear-end,Multi-Vehicle,146.0346696,-17.55644976,Bruce Hwy,,Bruce Highway (Ingham - Innisfail),Comoon Loop,Cassowary Coast Region,4858,Innisfail,Far North,Far Northern,Northern,North Queensland,Johnstone,Innisfail - Cassowary Coast,Cairns,Outer Regional,Hill,Kennedy,State-controlled,No Roadway Feature,No traffic control,80 - 90 km/h,Sealed - Dry,Clear,Daylight,Straight,Level,301,Veh'S Same Direction: Rear End,Rear-end,S,0,1,0,1,2,4,0,0,0,0,0,0
329158,Hospitalisation,2021,March,Friday,13,Hit object,Single Vehicle,146.0330736,-17.55059676,Bruce Hwy,Rifle Range Rd,Bruce Highway (Ingham - Innisfail),South Innisfail,Cassowary Coast Region,4860,Innisfail,Far North,Far Northern,Northern,North Queensland,Innisfail,Innisfail - Cassowary Coast,Cairns,Outer Regional,Hill,Kennedy,State-controlled,Intersection - T-Junction,No traffic control,80 - 90 km/h,Sealed - Dry,Clear,Daylight,Straight,Level,703,Off Path-Straight: Left Off Cway Hit Obj,Off carriageway on straight hit object,S,0,1,0,0,1,1,0,0,0,0,0,0
329159,Hospitalisation,2021,April,Thursday,11,Hit pedestrian,Hit pedestrian,146.0304137,-17.52428442,Edith St,,,Innisfail,Cassowary Coast Region,4860,Innisfail,Far North,Far Northern,Northern,North Queensland,Innisfail,Innisfail - Cassowary Coast,Cairns,Outer Regional,Hill,Kennedy,Locally-controlled,No Roadway Feature,Pedestrian crossing sign,0 - 50 km/h,Sealed - Dry,Clear,Daylight,Straight,Dip,3,Ped'N: Far Side Vehicle Hit From Left,Pedestrian,W,0,1,0,0,1,1,0,0,0,0,1,0
329160,Hospitalisation,2021,April,Thursday,13,Angle,Multi-Vehicle,146.0256506,-17.52439876,Charles St,,Bruce Highway (Innisfail - Cairns),Innisfail,Cassowary Coast Region,4860,Innisfail,Far North,Far Northern,Northern,North Queensland,Innisfail,Innisfail - Cassowary Coast,Cairns,Outer Regional,Hill,Kennedy,State-controlled,No Roadway Feature,No traffic control,0 - 50 km/h,Sealed - Wet,Clear,Daylight,Straight,Level,408,Veh'S Manoeuvring: Entering From Footway,Vehicle leaving driveway,N,0,1,0,0,1,2,0,0,0,0,0,0
329161,Hospitalisation,2021,April,Wednesday,20,Hit pedestrian,Hit pedestrian,146.0265876,-17.53993076,Bruce Hwy,,Bruce Highway (Ingham - Innisfail),Mighell,Cassowary Coast Region,4860,Innisfail,Far North,Far Northern,Northern,North Queensland,Innisfail,Innisfail - Cassowary Coast,Cairns,Outer Regional,Hill,Kennedy,State-controlled,No Roadway Feature,No traffic control,80 - 90 km/h,Sealed - Dry,Clear,Darkness - Not lighted,Curved - view open,Level,5,Ped'N: Hit Walking With Traffic,Pedestrian,S,0,1,0,0,1,1,0,0,0,0,1,0
329162,Minor injury,2021,April,Sunday,10,Angle,Multi-Vehicle,146.0285146,-17.52620676,Ernest St,Lily St,Bruce Highway (Ingham - Innisfail),Innisfail,Cassowary Coast Region,4860,Innisfail,Far North,Far Northern,Northern,North Queensland,Innisfail,Innisfail - Cassowary Coast,Cairns,Outer Regional,Hill,Kennedy,State-controlled,Intersection - Cross,Operating traffic lights,60 km/h,Sealed - Dry,Clear,Daylight,Straight,Level,101,Veh'S Adjacent Approach: Thru-Thru,Intersection from adjacent approaches,E,0,0,0,1,1,1,0,1,0,0,0,0
329163,Hospitalisation,2021,April,Monday,20,Hit object,Single Vehicle,145.9667316,-17.47032675,Bruce Hwy,,Bruce Highway (Innisfail - Cairns),Vasa Views,Cassowary Coast Region,4860,Innisfail,Far North,Far Northern,Northern,North Queensland,Babinda,Innisfail - Cassowary Coast,Cairns,Outer Regional,Hill,Kennedy,State-controlled,No Roadway Feature,No traffic control,100 - 110 km/h,Sealed - Dry,Clear,Darkness - Not lighted,Curved - view open,Level,803,Off Path-Curve: Off Cway Rt Bend Hit Obj,Off carriageway on curve hit object,N,0,1,0,0,1,1,0,0,0,0,0,0
329164,Medical treatment,2021,April,Sunday,7,Hit object,Single Vehicle,146.0400596,-17.52725076,Esplanade,,,East Innisfail,Cassowary Coast Region,4860,Innisfail,Far North,Far Northern,Northern,North Queensland,Innisfail,Innisfail - Cassowary Coast,Cairns,Outer Regional,Hill,Kennedy,Locally-controlled,No Roadway Feature,No traffic control,0 - 50 km/h,Sealed - Wet,Clear,Daylight,Curved - view obscured,Level,804,Off Path-Curve: Off Cway Lt Bend Hit Obj,Off carriageway on curve hit object,W,0,0,1,0,1,1,0,0,0,0,0,0
329165,Medical treatment,2021,April,Sunday,15,Hit object,Single Vehicle,145.9652556,-17.46803075,Bruce Hwy,,Bruce Highway (Innisfail - Cairns),Vasa Views,Cassowary Coast Region,4860,Innisfail,Far North,Far Northern,Northern,North Queensland,Babinda,Innisfail - Cassowary Coast,Cairns,Outer Regional,Hill,Kennedy,State-controlled,No Roadway Feature,No traffic control,100 - 110 km/h,Sealed - Wet,Raining,Daylight,Straight,Level,703,Off Path-Straight: Left Off Cway Hit Obj,Off carriageway on straight hit object,N,0,0,1,0,1,2,0,0,0,0,0,0
329166,Medical treatment,2021,May,Sunday,11,Angle,Multi-Vehicle,146.0348943,-17.51843701,Flying Fish Pt Rd,,,Innisfail Estate,Cassowary Coast Region,4860,Innisfail,Far North,Far Northern,Northern,North Queensland,Innisfail,Innisfail - Cassowary Coast,Cairns,Outer Regional,Hill,Kennedy,Locally-controlled,No Roadway Feature,No traffic control,60 km/h,Sealed - Dry,Clear,Daylight,Straight,Level,408,Veh'S Manoeuvring: Entering From Footway,Vehicle leaving driveway,E,0,0,1,0,1,3,0,0,0,0,0,0
329167,Minor injury,2021,May,Thursday,5,Head-on,Multi-Vehicle,146.0267686,-17.53975976,Bruce Hwy,,Bruce Highway (Ingham - Innisfail),Mighell,Cassowary Coast Region,4860,Innisfail,Far North,Far Northern,Northern,North Queensland,Innisfail,Innisfail - Cassowary Coast,Cairns,Outer Regional,Hill,Kennedy,State-controlled,No Roadway Feature,No traffic control,80 - 90 km/h,Sealed - Dry,Fog,Dawn/Dusk,Curved - view open,Level,201,Veh'S Opposite Approach: Head On,Head-on,N,0,0,0,1,1,0,0,2,0,0,0,0
329168,Medical treatment,2021,May,Saturday,14,Angle,Multi-Vehicle,146.0239536,-17.52396176,Edith St,Ibis St,Bruce Highway (Innisfail - Cairns),Innisfail,Cassowary Coast Region,4860,Innisfail,Far North,Far Northern,Northern,North Queensland,Innisfail,Innisfail - Cassowary Coast,Cairns,Outer Regional,Hill,Kennedy,State-controlled,Intersection - T-Junction,Give way sign,60 km/h,Sealed - Dry,Clear,Daylight,Straight,Level,104,Veh'S Adjacent Approach: Thru-Right,Intersection from adjacent approaches,W,0,0,2,0,2,2,0,0,0,0,0,0
329169,Minor injury,2021,May,Sunday,3,Hit object,Single Vehicle,146.0236936,-17.51510376,Campbell St,Sundown Rd,,Innisfail,Cassowary Coast Region,4860,Innisfail,Far North,Far Northern,Northern,North Queensland,Innisfail,Innisfail - Cassowary Coast,Cairns,Outer Regional,Hill,Kennedy,Locally-controlled,Intersection - T-Junction,No traffic control,0 - 50 km/h,Sealed - Dry,Clear,Darkness - Lighted,Curved - view open,Level,804,Off Path-Curve: Off Cway Lt Bend Hit Obj,Off carriageway on curve hit object,S,0,0,0,1,1,1,0,0,0,0,0,0
329170,Hospitalisation,2021,May,Thursday,18,Hit pedestrian,Hit pedestrian,146.0277976,-17.52272976,Ernest St,Grace St,,Innisfail,Cassowary Coast Region,4860,Innisfail,Far North,Far Northern,Northern,North Queensland,Innisfail,Innisfail - Cassowary Coast,Cairns,Outer Regional,Hill,Kennedy,Locally-controlled,Intersection - Roundabout,No traffic control,60 km/h,Sealed - Dry,Clear,Dawn/Dusk,Straight,Level,3,Ped'N: Far Side Vehicle Hit From Left,Pedestrian,E,0,1,0,0,1,1,0,0,0,0,1,0
329171,Hospitalisation,2021,May,Sunday,5,Hit object,Single Vehicle,146.0500346,-17.53235076,Coquette Pt Rd,Howe St,,Webb,Cassowary Coast Region,4860,Innisfail,Far North,Far Northern,Northern,North Queensland,Innisfail,Innisfail - Cassowary Coast,Cairns,Outer Regional,Hill,Kennedy,Locally-controlled,No Roadway Feature,No traffic control,80 - 90 km/h,Sealed - Dry,Clear,Dawn/Dusk,Straight,Level,704,Off Path-Straight:Right Off Cway Hit Obj,Off carriageway on straight hit object,W,0,3,0,0,3,1,0,0,0,0,0,0
329172,Medical treatment,2021,June,Friday,16,Sideswipe,Multi-Vehicle,146.0259166,-17.52414876,Edith St,,Bruce Highway (Innisfail - Cairns),Innisfail,Cassowary Coast Region,4860,Innisfail,Far North,Far Northern,Northern,North Queensland,Innisfail,Innisfail - Cassowary Coast,Cairns,Outer Regional,Hill,Kennedy,State-controlled,Merge Lane,No traffic control,60 km/h,Sealed - Dry,Clear,Daylight,Straight,Level,301,Veh'S Same Direction: Rear End,Rear-end,W,0,0,1,0,1,1,1,0,0,0,0,0
329173,Hospitalisation,2021,June,Tuesday,19,Hit animal,Other,145.9941585,-17.49177865,Bruce Hwy,,Bruce Highway (Innisfail - Cairns),Fitzgerald Creek,Cassowary Coast Region,4860,Innisfail,Far North,Far Northern,Northern,North Queensland,Babinda,Innisfail - Cassowary Coast,Cairns,Outer Regional,Hill,Kennedy,State-controlled,No Roadway Feature,No traffic control,100 - 110 km/h,Sealed - Dry,Clear,Darkness - Not lighted,Straight,Level,609,Pass & Misc: Hit Animal,Hit animal,S,0,2,0,0,2,1,0,0,0,0,0,0
329174,Medical treatment,2021,June,Sunday,9,Hit object,Single Vehicle,146.0733137,-17.50032937,Esplanade,,,Flying Fish Point,Cassowary Coast Region,4860,Innisfail,Far North,Far Northern,Northern,North Queensland,Innisfail,Innisfail - Cassowary Coast,Cairns,Outer Regional,Hill,Kennedy,Locally-controlled,No Roadway Feature,No traffic control,0 - 50 km/h,Sealed - Wet,Clear,Darkness - Lighted,Curved - view obscured,Level,803,Off Path-Curve: Off Cway Rt Bend Hit Obj,Off carriageway on curve hit object,E,0,0,1,0,1,1,0,0,0,0,0,0
329175,Minor injury,2021,June,Sunday,9,Hit object,Single Vehicle,146.0877074,-17.56241407,Etty Bay Rd,,,Etty Bay,Cassowary Coast Region,4858,Mourilyan,Far North,Far Northern,Northern,North Queensland,Johnstone,Innisfail - Cassowary Coast,Cairns,Outer Regional,Hill,Kennedy,Locally-controlled,No Roadway Feature,No traffic control,60 km/h,Sealed - Wet,Fog,Dawn/Dusk,Curved - view open,Grade,803,Off Path-Curve: Off Cway Rt Bend Hit Obj,Off carriageway on curve hit object,S,0,0,0,1,1,1,0,0,0,0,0,0
329399,Medical treatment,2021,January,Sunday,13,Rear-end,Multi-Vehicle,153.4347689,-28.04453849,Gold Coast Hwy,,Gold Coast Highway (Broadbeach - Coolangatta),Mermaid Beach,Gold Coast City,4218,Broadbeach,Gold Coast,South Eastern,SEQ South,South Coast,Mermaid Beach - Broadbeach,Broadbeach - Burleigh,Gold Coast,Major Cities,Mermaid Beach,Moncrieff,State-controlled,No Roadway Feature,No traffic control,60 km/h,Sealed - Dry,Clear,Daylight,Straight,Level,301,Veh'S Same Direction: Rear End,Rear-end,N,0,0,2,0,2,2,0,0,0,0,0,0
329400,Medical treatment,2021,January,Thursday,10,Rear-end,Multi-Vehicle,153.4291238,-28.02487789,Gold Coast Hwy,,,Broadbeach,Gold Coast City,4218,Broadbeach,Gold Coast,South Eastern,SEQ South,South Coast,Mermaid Beach - Broadbeach,Broadbeach - Burleigh,Gold Coast,Major Cities,Surfers Paradise,Moncrieff,Locally-controlled,No Roadway Feature,No traffic control,60 km/h,Sealed - Dry,Clear,Daylight,Straight,Level,301,Veh'S Same Direction: Rear End,Rear-end,S,0,0,1,0,1,3,0,0,0,0,0,0
329401,Medical treatment,2021,January,Friday,10,Angle,Multi-Vehicle,153.4350848,-28.04891436,Markeri St,,,Mermaid Beach,Gold Coast City,4218,Broadbeach,Gold Coast,South Eastern,SEQ South,South Coast,Mermaid Beach - Broadbeach,Broadbeach - Burleigh,Gold Coast,Major Cities,Mermaid Beach,Moncrieff,Locally-controlled,No Roadway Feature,No traffic control,0 - 50 km/h,Sealed - Wet,Raining,Daylight,Straight,Level,406,Veh'S Manoeuvring: Leaving Driveway,Vehicle leaving driveway,W,0,0,1,0,1,2,0,0,0,0,0,0
329402,Medical treatment,2021,January,Wednesday,14,Rear-end,Multi-Vehicle,153.4102599,-28.02951449,Bermuda St,Rudd St,Southport - Burleigh Road,Broadbeach Waters,Gold Coast City,4218,Broadbeach,Gold Coast,South Eastern,SEQ South,South Coast,Broadbeach Waters,Broadbeach - Burleigh,Gold Coast,Major Cities,Surfers Paradise,Moncrieff,State-controlled,Intersection - T-Junction,Give way sign,60 km/h,Sealed - Dry,Clear,Daylight,Straight,Level,302,Veh'S Same Direction: Left Rear,Rear-end,S,0,0,1,0,1,2,0,0,0,0,0,0
329403,Hospitalisation,2021,January,Thursday,15,Angle,Multi-Vehicle,153.4158879,-28.04570949,Markeri St,Rio Vista Blvd,,Mermaid Waters,Gold Coast City,4218,Broadbeach,Gold Coast,South Eastern,SEQ South,South Coast,Mermaid Waters,Broadbeach - Burleigh,Gold Coast,Major Cities,Mermaid Beach,Moncrieff,Locally-controlled,Intersection - Cross,Operating traffic lights,60 km/h,Sealed - Dry,Clear,Daylight,Straight,Level,202,Veh'S Opposite Approach: Thru-Right,Opposing vehicles turning,E,0,1,0,0,1,1,1,0,0,0,0,0
329404,Hospitalisation,2021,January,Thursday,6,Angle,Multi-Vehicle,153.4229949,-28.07510949,Burleigh Home Space Accs,Santa Maria Ct,,Burleigh Waters,Gold Coast City,4220,Broadbeach,Gold Coast,South Eastern,SEQ South,South Coast,Burleigh Waters,Broadbeach - Burleigh,Gold Coast,Major Cities,Mermaid Beach,Mcpherson,Locally-controlled,No Roadway Feature,No traffic control,0 - 50 km/h,Sealed - Dry,Clear,Daylight,Straight,Level,406,Veh'S Manoeuvring: Leaving Driveway,Vehicle leaving driveway,E,0,1,0,0,1,1,0,0,0,1,0,0
329405,Medical treatment,2021,January,Friday,21,Rear-end,Multi-Vehicle,153.3859839,-28.03262249,Gooding Dr,Robina Parkway,Nerang - Broadbeach Road,Merrimac,Gold Coast City,4226,Broadbeach,Gold Coast,South Eastern,SEQ South,South Coast,Merrimac,Robina,Gold Coast,Major Cities,Mudgeeraba,Mcpherson,State-controlled,Intersection - Roundabout,No traffic control,0 - 50 km/h,Sealed - Dry,Clear,Darkness - Lighted,Straight,Level,301,Veh'S Same Direction: Rear End,Rear-end,W,0,0,1,0,1,2,0,0,0,0,0,0