Crash_Severity,Crash_Year,Crash_Month,Crash_Day_Of_Week,Crash_Hour,Crash_Nature,Crash_Type,Crash_Longitude,Crash_Latitude,Crash_Street,Crash_Street_Intersecting,State_Road_Name,Loc_Suburb,Loc_Local_Government_Area,Loc_Post_Code,Loc_Police_Division,Loc_Police_District,Loc_Police_Region,Loc_Queensland_Transport_Region,Loc_Main_Roads_Region,Loc_ABS_Statistical_Area_2,Loc_ABS_Statistical_Area_3,Loc_ABS_Statistical_Area_4,Loc_ABS_Remoteness,Loc_State_Electorate,Loc_Federal_Electorate,Crash_Controlling_Authority,Crash_Roadway_Feature,Crash_Traffic_Control,Crash_Speed_Limit,Crash_Road_Surface_Condition,Crash_Atmospheric_Condition,Crash_Lighting_Condition,Crash_Road_Horiz_Align,Crash_Road_Vert_Align,Crash_DCA_Code,Crash_DCA_Description,Crash_DCA_Group_Description,DCA_Key_Approach_Dir,Count_Casualty_Fatality,Count_Casualty_Hospitalised,Count_Casualty_MedicallyTreated,Count_Casualty_MinorInjury,Count_Casualty_Total,Count_Unit_Car,Count_Unit_Motorcycle_Moped,Count_Unit_Truck,Count_Unit_Bus,Count_Unit_Bicycle,Count_Unit_Pedestrian,Count_Unit_Other,
329406,Medical treatment,2021,January,Saturday,11,Angle,Multi-Vehicle,153.4140369,-28.06664149,Manly Dr,Newport Dr,,Robina,Gold Coast City,4226,Broadbeach,Gold Coast,South Eastern,SEQ South,South Coast,Robina,Robina,Gold Coast,Major Cities,Mermaid Beach,Mcpherson,Locally-controlled,Intersection - Roundabout,Give way sign,0 - 50 km/h,Sealed - Dry,Clear,Daylight,Straight,Level,102,Veh'S Adjacent Approach: Right-Thru,Intersection from adjacent approaches,N,0,0,1,1,2,2,0,0,0,0,0,0
329407,Minor injury,2021,January,Saturday,19,Rear-end,Multi-Vehicle,153.3859839,-28.03262249,Gooding Dr,Nerang - Broadbeach Rd,Nerang - Broadbeach Road,Merrimac,Gold Coast City,4226,Broadbeach,Gold Coast,South Eastern,SEQ South,South Coast,Merrimac,Robina,Gold Coast,Major Cities,Mudgeeraba,Mcpherson,State-controlled,Intersection - Roundabout,Give way sign,0 - 50 km/h,Sealed - Dry,Clear,Dawn/Dusk,Straight,Level,301,Veh'S Same Direction: Rear End,Rear-end,S,0,0,0,1,1,2,0,0,0,0,0,0
329408,Medical treatment,2021,January,Monday,17,Angle,Multi-Vehicle,153.3912989,-28.08434949,Christine Ave,Scottsdale Dr,,Robina,Gold Coast City,4226,Robina,Gold Coast,South Eastern,SEQ South,South Coast,Robina,Robina,Gold Coast,Major Cities,Mermaid Beach,Mcpherson,Locally-controlled,Intersection - Cross,Operating traffic lights,60 km/h,Sealed - Dry,Raining,Dawn/Dusk,Curved - view open,Level,202,Veh'S Opposite Approach: Thru-Right,Opposing vehicles turning,S,0,0,1,0,1,2,0,0,0,0,0,0
329409,Hospitalisation,2021,January,Monday,21,Angle,Multi-Vehicle,153.4289069,-28.05938449,Oceanic Dr,Sunshine Blvd,,Mermaid Waters,Gold Coast City,4218,Broadbeach,Gold Coast,South Eastern,SEQ South,South Coast,Mermaid Waters,Broadbeach - Burleigh,Gold Coast,Major Cities,Mermaid Beach,Moncrieff,Locally-controlled,Intersection - T-Junction,Operating traffic lights,60 km/h,Sealed - Dry,Clear,Darkness - Lighted,Curved - view open,Level,202,Veh'S Opposite Approach: Thru-Right,Opposing vehicles turning,S,0,2,2,2,6,2,0,0,0,0,0,0
329410,Hospitalisation,2021,January,Tuesday,6,Angle,Multi-Vehicle,153.4332739,-28.01922049,Broadbeach Blvd,,,Broadbeach,Gold Coast City,4218,Broadbeach,Gold Coast,South Eastern,SEQ South,South Coast,Mermaid Beach - Broadbeach,Broadbeach - Burleigh,Gold Coast,Major Cities,Surfers Paradise,Moncrieff,Locally-controlled,No Roadway Feature,No traffic control,0 - 50 km/h,Sealed - Dry,Clear,Daylight,Straight,Level,604,Veh'S On Path: Car Door,Hit parked vehicle,N,0,1,0,0,1,1,0,0,0,1,0,0
330021,Medical treatment,2021,January,Wednesday,14,Rear-end,Multi-Vehicle,153.0984361,-27.24783345,Victoria Ave,,,Margate,Moreton Bay Region,4019,Redcliffe,Moreton,North Coast,SEQ North,North Coast,Margate - Woody Point,Redcliffe,Moreton Bay - North,Major Cities,Redcliffe,Petrie,Locally-controlled,No Roadway Feature,No traffic control,60 km/h,Sealed - Dry,Clear,Daylight,Straight,Level,301,Veh'S Same Direction: Rear End,Rear-end,N,0,0,1,0,1,3,0,0,0,0,0,0
330022,Minor injury,2021,January,Friday,15,Rear-end,Multi-Vehicle,153.0822836,-27.2226009,Anzac Ave,,Redcliffe Road,Kippa-ring,Moreton Bay Region,4021,Redcliffe,Moreton,North Coast,SEQ North,North Coast,Rothwell - Kippa-ring,Redcliffe,Moreton Bay - North,Major Cities,Redcliffe,Petrie,State-controlled,No Roadway Feature,No traffic control,60 km/h,Sealed - Wet,Raining,Daylight,Straight,Level,301,Veh'S Same Direction: Rear End,Rear-end,W,0,0,0,2,2,2,0,0,0,0,0,0
330023,Hospitalisation,2021,January,Wednesday,2,Angle,Multi-Vehicle,153.1147741,-27.22537645,Redcliffe Pde,,,Redcliffe,Moreton Bay Region,4020,Redcliffe,Moreton,North Coast,SEQ North,North Coast,Redcliffe,Redcliffe,Moreton Bay - North,Major Cities,Redcliffe,Petrie,Locally-controlled,No Roadway Feature,No traffic control,0 - 50 km/h,Sealed - Dry,Clear,Daylight,Straight,Level,408,Veh'S Manoeuvring: Entering From Footway,Vehicle leaving driveway,N,0,1,0,0,1,1,0,0,0,1,0,0
330024,Hospitalisation,2021,January,Thursday,18,Angle,Multi-Vehicle,153.0930511,-27.22653145,High St,,,Kippa-ring,Moreton Bay Region,4021,Redcliffe,Moreton,North Coast,SEQ North,North Coast,Rothwell - Kippa-ring,Redcliffe,Moreton Bay - North,Major Cities,Redcliffe,Petrie,Locally-controlled,No Roadway Feature,No traffic control,60 km/h,Sealed - Dry,Clear,Dawn/Dusk,Straight,Grade,408,Veh'S Manoeuvring: Entering From Footway,Vehicle leaving driveway,E,0,2,0,0,2,2,0,0,0,0,0,0
330025,Minor injury,2021,January,Thursday,14,Angle,Multi-Vehicle,153.0916211,-27.22934345,George St,,,Kippa-ring,Moreton Bay Region,4021,Redcliffe,Moreton,North Coast,SEQ North,North Coast,Rothwell - Kippa-ring,Redcliffe,Moreton Bay - North,Major Cities,Redcliffe,Petrie,Locally-controlled,No Roadway Feature,No traffic control,0 - 50 km/h,Sealed - Dry,Clear,Daylight,Straight,Level,406,Veh'S Manoeuvring: Leaving Driveway,Vehicle leaving driveway,W,0,0,0,1,1,2,0,0,0,0,0,0
330026,Hospitalisation,2021,January,Friday,12,Angle,Multi-Vehicle,153.0867281,-27.22665045,Anzac Ave,Kippa Ring Village Shopping Centre Accs,Redcliffe Road,Kippa-ring,Moreton Bay Region,4021,Redcliffe,Moreton,North Coast,SEQ North,North Coast,Rothwell - Kippa-ring,Redcliffe,Moreton Bay - North,Major Cities,Redcliffe,Petrie,State-controlled,No Roadway Feature,No traffic control,60 km/h,Sealed - Dry,Clear,Daylight,Straight,Level,406,Veh'S Manoeuvring: Leaving Driveway,Vehicle leaving driveway,E,0,1,0,0,1,2,0,0,0,0,0,0
330027,Hospitalisation,2021,January,Friday,11,Angle,Multi-Vehicle,153.1026311,-27.25900345,Hornibrook Esp,,Brighton - Redcliffe Road,Woody Point,Moreton Bay Region,4019,Redcliffe,Moreton,North Coast,SEQ North,North Coast,Margate - Woody Point,Redcliffe,Moreton Bay - North,Major Cities,Redcliffe,Petrie,State-controlled,Intersection - T-Junction,Give way sign,60 km/h,Sealed - Dry,Clear,Daylight,Curved - view open,Level,202,Veh'S Opposite Approach: Thru-Right,Opposing vehicles turning,E,0,1,0,0,1,2,0,0,0,0,0,0
330028,Medical treatment,2021,January,Saturday,11,Rear-end,Multi-Vehicle,153.0531221,-27.21608845,Anzac Ave,Gynther Rd,Redcliffe Road,Rothwell,Moreton Bay Region,4022,Redcliffe,Moreton,North Coast,SEQ North,North Coast,Rothwell - Kippa-ring,Redcliffe,Moreton Bay - North,Major Cities,Murrumba,Petrie,State-controlled,Intersection - Cross,Operating traffic lights,60 km/h,Sealed - Dry,Clear,Daylight,Straight,Level,301,Veh'S Same Direction: Rear End,Rear-end,W,0,0,1,0,1,1,0,1,0,0,0,0
330029,Minor injury,2021,January,Saturday,14,Angle,Multi-Vehicle,153.1170701,-27.21255645,Flinders La,Prince Edward Pde,,Scarborough,Moreton Bay Region,4020,Redcliffe,Moreton,North Coast,SEQ North,North Coast,Scarborough - Newport - Moreton Island,Redcliffe,Moreton Bay - North,Major Cities,Redcliffe,Petrie,Locally-controlled,Intersection - T-Junction,Give way sign,60 km/h,Sealed - Dry,Clear,Daylight,Straight,Level,408,Veh'S Manoeuvring: Entering From Footway,Vehicle leaving driveway,S,0,0,0,1,1,1,0,0,0,1,0,0
330030,Minor injury,2021,January,Tuesday,7,Rear-end,Multi-Vehicle,153.0917661,-27.25624645,Hornibrook Esp,Thompson Cres,Brighton - Redcliffe Road,Clontarf,Moreton Bay Region,4019,Redcliffe,Moreton,North Coast,SEQ North,North Coast,Margate - Woody Point,Redcliffe,Moreton Bay - North,Major Cities,Redcliffe,Petrie,State-controlled,No Roadway Feature,No traffic control,60 km/h,Sealed - Dry,Clear,Daylight,Straight,Level,305,Veh'S Same Direction: Lane Side Swipe,Lane changes,W,0,0,0,1,1,1,0,0,0,1,0,0
330031,Minor injury,2021,January,Tuesday,18,Hit parked vehicle,Single Vehicle,153.1140702,-27.23520312,Marine Pde,,,Redcliffe,Moreton Bay Region,4020,Redcliffe,Moreton,North Coast,SEQ North,North Coast,Redcliffe,Redcliffe,Moreton Bay - North,Major Cities,Redcliffe,Petrie,Locally-controlled,No Roadway Feature,No traffic control,0 - 50 km/h,Sealed - Dry,Clear,Dawn/Dusk,Straight,Level,601,Veh'S On Path: Parked,Hit parked vehicle,N,0,0,0,1,1,1,1,0,0,0,0,0
330032,Hospitalisation,2021,January,Sunday,9,Hit object,Single Vehicle,153.0462835,-27.21170968,Deception Bay Rd,,Deception Bay Road,Rothwell,Moreton Bay Region,4022,Redcliffe,Moreton,North Coast,SEQ North,North Coast,Rothwell - Kippa-ring,Redcliffe,Moreton Bay - North,Major Cities,Murrumba,Petrie,State-controlled,No Roadway Feature,No traffic control,60 km/h,Sealed - Dry,Clear,Daylight,Straight,Level,703,Off Path-Straight: Left Off Cway Hit Obj,Off carriageway on straight hit object,E,0,1,0,0,1,1,0,0,0,0,0,0
330033,Medical treatment,2021,February,Monday,10,Hit object,Single Vehicle,153.0955121,-27.24346045,Duffield Rd,,,Margate,Moreton Bay Region,4019,Redcliffe,Moreton,North Coast,SEQ North,North Coast,Margate - Woody Point,Redcliffe,Moreton Bay - North,Major Cities,Redcliffe,Petrie,Locally-controlled,No Roadway Feature,No traffic control,60 km/h,Sealed - Dry,Clear,Daylight,Straight,Dip,400,Veh'S Manoeuvring: Other,Other,S,0,0,1,0,1,0,1,0,0,0,0,0
330034,Medical treatment,2021,February,Tuesday,11,Angle,Multi-Vehicle,153.1095471,-27.23010345,Anzac Ave,Oxley Ave,Redcliffe Road,Redcliffe,Moreton Bay Region,4020,Redcliffe,Moreton,North Coast,SEQ North,North Coast,Redcliffe,Redcliffe,Moreton Bay - North,Major Cities,Redcliffe,Petrie,State-controlled,Intersection - Cross,Operating traffic lights,60 km/h,Sealed - Wet,Raining,Daylight,Straight,Grade,202,Veh'S Opposite Approach: Thru-Right,Opposing vehicles turning,E,0,0,2,0,2,2,0,0,0,0,0,0
330035,Hospitalisation,2021,February,Wednesday,15,Rear-end,Multi-Vehicle,153.0831061,-27.22338745,Anzac Ave,,Redcliffe Road,Kippa-ring,Moreton Bay Region,4021,Redcliffe,Moreton,North Coast,SEQ North,North Coast,Rothwell - Kippa-ring,Redcliffe,Moreton Bay - North,Major Cities,Redcliffe,Petrie,State-controlled,No Roadway Feature,No traffic control,60 km/h,Sealed - Dry,Clear,Daylight,Straight,Grade,703,Off Path-Straight: Left Off Cway Hit Obj,Off carriageway on straight hit object,E,0,1,0,0,1,4,0,0,0,0,0,0
330036,Minor injury,2021,February,Thursday,10,Angle,Multi-Vehicle,153.0988381,-27.22087245,Ashmole Rd,Klingner Rd,,Redcliffe,Moreton Bay Region,4020,Redcliffe,Moreton,North Coast,SEQ North,North Coast,Redcliffe,Redcliffe,Moreton Bay - North,Major Cities,Redcliffe,Petrie,Locally-controlled,Intersection - Roundabout,Give way sign,60 km/h,Sealed - Dry,Clear,Daylight,Straight,Level,202,Veh'S Opposite Approach: Thru-Right,Opposing vehicles turning,N,0,0,0,1,1,2,0,0,0,0,0,0
330037,Medical treatment,2021,February,Thursday,14,Fall from vehicle,Single Vehicle,153.0845661,-27.22613645,Anzac Ave,Boardman Rd,Clontarf - Anzac Avenue Road,Kippa-ring,Moreton Bay Region,4021,Redcliffe,Moreton,North Coast,SEQ North,North Coast,Rothwell - Kippa-ring,Redcliffe,Moreton Bay - North,Major Cities,Redcliffe,Petrie,State-controlled,Intersection - Cross,Operating traffic lights,60 km/h,Sealed - Dry,Clear,Daylight,Straight,Level,901,Pass & Misc: Fell In/From Vehicle,Other,E,0,0,1,0,1,0,0,0,1,0,0,0
330038,Medical treatment,2021,February,Friday,19,Angle,Multi-Vehicle,153.0481951,-27.21129045,Morris Rd,Promenade Cct,,Rothwell,Moreton Bay Region,4022,Redcliffe,Moreton,North Coast,SEQ North,North Coast,Rothwell - Kippa-ring,Redcliffe,Moreton Bay - North,Major Cities,Bancroft,Petrie,Locally-controlled,Intersection - T-Junction,No traffic control,0 - 50 km/h,Sealed - Dry,Clear,Darkness - Lighted,Straight,Level,408,Veh'S Manoeuvring: Entering From Footway,Vehicle leaving driveway,W,0,0,1,0,1,1,0,0,0,1,0,0
330039,Medical treatment,2021,February,Friday,10,Rear-end,Multi-Vehicle,153.1019601,-27.22908445,Anzac Ave,Victoria Ave,Redcliffe Road,Redcliffe,Moreton Bay Region,4020,Redcliffe,Moreton,North Coast,SEQ North,North Coast,Redcliffe,Redcliffe,Moreton Bay - North,Major Cities,Redcliffe,Petrie,State-controlled,Intersection - Cross,Operating traffic lights,60 km/h,Sealed - Dry,Clear,Daylight,Straight,Level,301,Veh'S Same Direction: Rear End,Rear-end,E,0,0,1,0,1,2,0,0,0,0,0,0
330040,Minor injury,2021,February,Wednesday,19,Hit object,Single Vehicle,153.0734184,-27.21863303,Anzac Ave,,Redcliffe Road,Kippa-ring,Moreton Bay Region,4021,Redcliffe,Moreton,North Coast,SEQ North,North Coast,Rothwell - Kippa-ring,Redcliffe,Moreton Bay - North,Major Cities,Murrumba,Petrie,State-controlled,No Roadway Feature,No traffic control,70 km/h,Sealed - Wet,Clear,Darkness - Lighted,Straight,Level,703,Off Path-Straight: Left Off Cway Hit Obj,Off carriageway on straight hit object,E,0,0,0,1,1,1,0,0,0,0,0,0
330041,Hospitalisation,2021,February,Sunday,9,Angle,Multi-Vehicle,153.0458131,-27.21127244,Deception Bay Rd,Morris Rd,Deception Bay Road,Rothwell,Moreton Bay Region,4022,Redcliffe,Moreton,North Coast,SEQ North,North Coast,Rothwell - Kippa-ring,Redcliffe,Moreton Bay - North,Major Cities,Bancroft,Petrie,State-controlled,Intersection - Cross,Operating traffic lights,60 km/h,Sealed - Dry,Clear,Daylight,Straight,Level,101,Veh'S Adjacent Approach: Thru-Thru,Intersection from adjacent approaches,E,0,1,1,0,2,2,0,0,0,0,0,0
330042,Hospitalisation,2021,February,Monday,20,Hit object,Single Vehicle,153.0822353,-27.24893131,Elizabeth Ave,Silcock St,Clontarf - Anzac Avenue Road,Clontarf,Moreton Bay Region,4019,Redcliffe,Moreton,North Coast,SEQ North,North Coast,Clontarf,Redcliffe,Moreton Bay - North,Major Cities,Redcliffe,Petrie,State-controlled,Intersection - Cross,No traffic control,60 km/h,Sealed - Dry,Clear,Darkness - Lighted,Straight,Level,700,Off Path-Straight: Other,Other,N,0,1,0,0,1,1,0,0,0,0,0,0
330043,Hospitalisation,2021,February,Friday,18,Overturned,Single Vehicle,153.0896023,-27.23285727,Moss St,,,Kippa-ring,Moreton Bay Region,4021,Redcliffe,Moreton,North Coast,SEQ North,North Coast,Rothwell - Kippa-ring,Redcliffe,Moreton Bay - North,Major Cities,Redcliffe,Petrie,Locally-controlled,No Roadway Feature,No traffic control,0 - 50 km/h,Sealed - Dry,Clear,Dawn/Dusk,Curved - view open,Level,601,Veh'S On Path: Parked,Hit parked vehicle,S,0,1,0,0,1,2,0,0,0,0,0,0
330044,Hospitalisation,2021,February,Saturday,13,Rear-end,Multi-Vehicle,153.0999431,-27.23975545,Chatham St,Victoria Ave,,Margate,Moreton Bay Region,4019,Redcliffe,Moreton,North Coast,SEQ North,North Coast,Margate - Woody Point,Redcliffe,Moreton Bay - North,Major Cities,Redcliffe,Petrie,Locally-controlled,Intersection - T-Junction,No traffic control,60 km/h,Sealed - Dry,Clear,Daylight,Straight,Grade,303,Veh'S Same Direction: Right Rear,Rear-end,N,0,1,0,0,1,2,0,0,0,0,0,0
330045,Minor injury,2021,March,Wednesday,11,Rear-end,Multi-Vehicle,153.0424162,-27.20838145,Coman St S,Deception Bay Rd,Deception Bay Road,Rothwell,Moreton Bay Region,4022,Redcliffe,Moreton,North Coast,SEQ North,North Coast,Rothwell - Kippa-ring,Redcliffe,Moreton Bay - North,Major Cities,Bancroft,Petrie,State-controlled,Intersection - Cross,Operating traffic lights,60 km/h,Sealed - Dry,Clear,Daylight,Straight,Level,301,Veh'S Same Direction: Rear End,Rear-end,N,0,0,0,1,1,2,0,0,0,0,0,0
330046,Medical treatment,2021,March,Sunday,16,Hit object,Single Vehicle,153.1093961,-27.19555845,Thurecht Pde,,,Scarborough,Moreton Bay Region,4020,Redcliffe,Moreton,North Coast,SEQ North,North Coast,Scarborough - Newport - Moreton Island,Redcliffe,Moreton Bay - North,Major Cities,Redcliffe,Petrie,Locally-controlled,No Roadway Feature,No traffic control,0 - 50 km/h,Sealed - Dry,Clear,Daylight,Curved - view open,Level,803,Off Path-Curve: Off Cway Rt Bend Hit Obj,Off carriageway on curve hit object,N,0,0,1,0,1,1,1,0,0,0,0,0
330047,Hospitalisation,2021,March,Tuesday,17,Hit object,Single Vehicle,153.1057971,-27.24735545,Dunbar St,,,Margate,Moreton Bay Region,4019,Redcliffe,Moreton,North Coast,SEQ North,North Coast,Margate - Woody Point,Redcliffe,Moreton Bay - North,Major Cities,Redcliffe,Petrie,Locally-controlled,No Roadway Feature,No traffic control,0 - 50 km/h,Sealed - Dry,Clear,Dawn/Dusk,Straight,Grade,704,Off Path-Straight:Right Off Cway Hit Obj,Off carriageway on straight hit object,E,0,1,0,0,1,1,0,0,0,0,0,0
330048,Hospitalisation,2021,March,Wednesday,16,Angle,Multi-Vehicle,153.1026291,-27.25900245,Hornibrook Esp,,Brighton - Redcliffe Road,Woody Point,Moreton Bay Region,4019,Redcliffe,Moreton,North Coast,SEQ North,North Coast,Margate - Woody Point,Redcliffe,Moreton Bay - North,Major Cities,Redcliffe,Petrie,State-controlled,Intersection - T-Junction,Give way sign,60 km/h,Sealed - Dry,Clear,Daylight,Curved - view open,Level,202,Veh'S Opposite Approach: Thru-Right,Opposing vehicles turning,E,0,2,0,0,2,2,0,0,0,0,0,0
330049,Hospitalisation,2021,March,Friday,16,Angle,Multi-Vehicle,153.0854271,-27.22839045,Elizabeth Ave,George St,Clontarf - Anzac Avenue Road,Kippa-ring,Moreton Bay Region,4021,Redcliffe,Moreton,North Coast,SEQ North,North Coast,Rothwell - Kippa-ring,Redcliffe,Moreton Bay - North,Major Cities,Redcliffe,Petrie,State-controlled,Intersection - Cross,Give way sign,60 km/h,Sealed - Dry,Clear,Daylight,Straight,Level,104,Veh'S Adjacent Approach: Thru-Right,Intersection from adjacent approaches,S,0,1,0,0,1,1,1,0,0,0,0,0
330050,Hospitalisation,2021,March,Friday,17,Angle,Multi-Vehicle,153.0970701,-27.25511845,Georgina St,Victoria Ave,,Woody Point,Moreton Bay Region,4019,Redcliffe,Moreton,North Coast,SEQ North,North Coast,Margate - Woody Point,Redcliffe,Moreton Bay - North,Major Cities,Redcliffe,Petrie,Locally-controlled,Intersection - T-Junction,No traffic control,60 km/h,Sealed - Dry,Clear,Daylight,Straight,Level,408,Veh'S Manoeuvring: Entering From Footway,Vehicle leaving driveway,S,0,1,0,0,1,1,1,0,0,0,0,0
330051,Hospitalisation,2021,March,Sunday,16,Fall from vehicle,Single Vehicle,153.1160411,-27.20664245,Donkin St,Flinders Pde,,Scarborough,Moreton Bay Region,4020,Redcliffe,Moreton,North Coast,SEQ North,North Coast,Scarborough - Newport - Moreton Island,Redcliffe,Moreton Bay - North,Major Cities,Redcliffe,Petrie,Locally-controlled,Intersection - Cross,Give way sign,0 - 50 km/h,Sealed - Dry,Clear,Daylight,Straight,Level,706,Off Path-Straight: Left Turn,Off carriageway on straight,S,0,1,0,0,1,0,1,0,0,0,0,0
330052,Minor injury,2021,March,Wednesday,12,Angle,Multi-Vehicle,153.0974251,-27.22828245,Anzac Ave,Ashmole Rd,Redcliffe Road,Redcliffe,Moreton Bay Region,4020,Redcliffe,Moreton,North Coast,SEQ North,North Coast,Redcliffe,Redcliffe,Moreton Bay - North,Major Cities,Redcliffe,Petrie,State-controlled,Intersection - Cross,Operating traffic lights,60 km/h,Sealed - Dry,Clear,Daylight,Straight,Level,101,Veh'S Adjacent Approach: Thru-Thru,Intersection from adjacent approaches,W,0,0,0,1,1,2,0,1,0,0,0,0
330053,Hospitalisation,2021,April,Saturday,18,Angle,Multi-Vehicle,153.1088801,-27.23380445,Oxley Ave,Sydney St,Brighton - Redcliffe Road,Redcliffe,Moreton Bay Region,4020,Redcliffe,Moreton,North Coast,SEQ North,North Coast,Redcliffe,Redcliffe,Moreton Bay - North,Major Cities,Redcliffe,Petrie,State-controlled,Intersection - Cross,Give way sign,60 km/h,Sealed - Dry,Clear,Darkness - Lighted,Straight,Level,101,Veh'S Adjacent Approach: Thru-Thru,Intersection from adjacent approaches,W,0,2,0,0,2,2,0,0,0,0,0,0
330054,Medical treatment,2021,April,Monday,11,Angle,Multi-Vehicle,153.1145091,-27.22324445,Klingner Rd,Redcliffe Pde,,Redcliffe,Moreton Bay Region,4020,Redcliffe,Moreton,North Coast,SEQ North,North Coast,Redcliffe,Redcliffe,Moreton Bay - North,Major Cities,Redcliffe,Petrie,Locally-controlled,Intersection - Roundabout,Give way sign,60 km/h,Sealed - Wet,Raining,Daylight,Straight,Level,104,Veh'S Adjacent Approach: Thru-Right,Intersection from adjacent approaches,N,0,0,1,0,1,1,1,0,0,0,0,0
330055,Medical treatment,2021,April,Wednesday,16,Rear-end,Multi-Vehicle,153.0852701,-27.22841845,Elizabeth Ave,Miller St,Clontarf - Anzac Avenue Road,Kippa-ring,Moreton Bay Region,4021,Redcliffe,Moreton,North Coast,SEQ North,North Coast,Rothwell - Kippa-ring,Redcliffe,Moreton Bay - North,Major Cities,Redcliffe,Petrie,State-controlled,Intersection - Cross,Operating traffic lights,60 km/h,Sealed - Dry,Clear,Daylight,Straight,Level,301,Veh'S Same Direction: Rear End,Rear-end,N,0,0,1,0,1,2,0,0,0,0,0,0
330056,Hospitalisation,2021,April,Tuesday,18,Angle,Multi-Vehicle,153.1165901,-27.23117845,Anzac Ave,Marine Pde,Redcliffe Road,Redcliffe,Moreton Bay Region,4020,Redcliffe,Moreton,North Coast,SEQ North,North Coast,Redcliffe,Redcliffe,Moreton Bay - North,Major Cities,Redcliffe,Petrie,State-controlled,Intersection - Roundabout,Give way sign,60 km/h,Sealed - Dry,Clear,Darkness - Lighted,Straight,Level,101,Veh'S Adjacent Approach: Thru-Thru,Intersection from adjacent approaches,N,0,1,0,0,1,1,0,0,0,1,0,0
330057,Hospitalisation,2021,April,Tuesday,22,Angle,Multi-Vehicle,153.0891131,-27.25679245,Hornibrook Esp,Maine Rd,Brighton - Redcliffe Road,Clontarf,Moreton Bay Region,4019,Redcliffe,Moreton,North Coast,SEQ North,North Coast,Clontarf,Redcliffe,Moreton Bay - North,Major Cities,Redcliffe,Petrie,State-controlled,Intersection - T-Junction,Operating traffic lights,60 km/h,Sealed - Dry,Clear,Darkness - Lighted,Straight,Grade,406,Veh'S Manoeuvring: Leaving Driveway,Vehicle leaving driveway,S,0,2,0,4,6,2,0,0,0,0,0,0
330058,Hospitalisation,2021,April,Monday,6,Rear-end,Multi-Vehicle,153.0422871,-27.20807044,Deception Bay Rd,,Deception Bay Road,Rothwell,Moreton Bay Region,4022,Redcliffe,Moreton,North Coast,SEQ North,North Coast,Deception Bay,Narangba - Burpengary,Moreton Bay - North,Major Cities,Bancroft,Petrie,State-controlled,No Roadway Feature,No traffic control,70 km/h,Sealed - Dry,Clear,Dawn/Dusk,Straight,Level,301,Veh'S Same Direction: Rear End,Rear-end,S,0,1,0,0,1,3,0,0,0,0,0,0
330059,Hospitalisation,2021,April,Tuesday,9,Angle,Multi-Vehicle,153.1116846,-27.23053705,Anzac Ave,,Redcliffe Road,Redcliffe,Moreton Bay Region,4020,Redcliffe,Moreton,North Coast,SEQ North,North Coast,Redcliffe,Redcliffe,Moreton Bay - North,Major Cities,Redcliffe,Petrie,State-controlled,No Roadway Feature,No traffic control,60 km/h,Sealed - Dry,Clear,Daylight,Straight,Level,307,Veh'S Same Direction: Lane Change Left,Lane changes,W,0,1,0,0,1,0,0,0,1,1,0,0
330060,Hospitalisation,2021,April,Friday,17,Angle,Multi-Vehicle,153.0828191,-27.24578245,Oasis Ct,Snook St,Clontarf - Anzac Avenue Road,Clontarf,Moreton Bay Region,4019,Redcliffe,Moreton,North Coast,SEQ North,North Coast,Clontarf,Redcliffe,Moreton Bay - North,Major Cities,Redcliffe,Petrie,State-controlled,Intersection - T-Junction,Give way sign,70 km/h,Sealed - Dry,Clear,Dawn/Dusk,Straight,Level,104,Veh'S Adjacent Approach: Thru-Right,Intersection from adjacent approaches,N,0,1,0,0,1,2,0,0,0,0,0,0
330061,Minor injury,2021,April,Wednesday,17,Rear-end,Multi-Vehicle,153.1094311,-27.23078545,Oxley Ave,,Brighton - Redcliffe Road,Redcliffe,Moreton Bay Region,4020,Redcliffe,Moreton,North Coast,SEQ North,North Coast,Redcliffe,Redcliffe,Moreton Bay - North,Major Cities,Redcliffe,Petrie,State-controlled,No Roadway Feature,No traffic control,60 km/h,Sealed - Wet,Clear,Darkness - Lighted,Straight,Level,301,Veh'S Same Direction: Rear End,Rear-end,N,0,0,0,2,2,3,0,0,0,0,0,0
330062,Hospitalisation,2021,April,Thursday,8,Hit pedestrian,Hit pedestrian,153.0924081,-27.22639645,High St,,,Kippa-ring,Moreton Bay Region,4021,Redcliffe,Moreton,North Coast,SEQ North,North Coast,Rothwell - Kippa-ring,Redcliffe,Moreton Bay - North,Major Cities,Redcliffe,Petrie,Locally-controlled,No Roadway Feature,No traffic control,0 - 50 km/h,Sealed - Dry,Clear,Daylight,Straight,Level,1,Ped'N: Near Side Vehicle Hit From Right,Pedestrian,E,0,1,0,0,1,1,0,0,0,0,1,0
330063,Medical treatment,2021,April,Friday,12,Hit object,Single Vehicle,153.0818791,-27.22014445,Anzac Ave,Klingner Rd,,Kippa-ring,Moreton Bay Region,4021,Redcliffe,Moreton,North Coast,SEQ North,North Coast,Rothwell - Kippa-ring,Redcliffe,Moreton Bay - North,Major Cities,Redcliffe,Petrie,Locally-controlled,Intersection - T-Junction,No traffic control,60 km/h,Sealed - Wet,Raining,Daylight,Straight,Level,703,Off Path-Straight: Left Off Cway Hit Obj,Off carriageway on straight hit object,E,0,0,1,0,1,1,0,0,0,0,0,0
330064,Hospitalisation,2021,May,Monday,8,Angle,Multi-Vehicle,153.1109631,-27.22269245,Klingner Rd,Oxley Ave,Brighton - Redcliffe Road,Redcliffe,Moreton Bay Region,4020,Redcliffe,Moreton,North Coast,SEQ North,North Coast,Redcliffe,Redcliffe,Moreton Bay - North,Major Cities,Redcliffe,Petrie,State-controlled,Intersection - Cross,Operating traffic lights,60 km/h,Sealed - Dry,Clear,Daylight,Straight,Level,101,Veh'S Adjacent Approach: Thru-Thru,Intersection from adjacent approaches,W,0,1,0,1,2,2,0,0,0,0,0,0