Crash_Severity,Crash_Year,Crash_Month,Crash_Day_Of_Week,Crash_Hour,Crash_Nature,Crash_Type,Crash_Longitude,Crash_Latitude,Crash_Street,Crash_Street_Intersecting,State_Road_Name,Loc_Suburb,Loc_Local_Government_Area,Loc_Post_Code,Loc_Police_Division,Loc_Police_District,Loc_Police_Region,Loc_Queensland_Transport_Region,Loc_Main_Roads_Region,Loc_ABS_Statistical_Area_2,Loc_ABS_Statistical_Area_3,Loc_ABS_Statistical_Area_4,Loc_ABS_Remoteness,Loc_State_Electorate,Loc_Federal_Electorate,Crash_Controlling_Authority,Crash_Roadway_Feature,Crash_Traffic_Control,Crash_Speed_Limit,Crash_Road_Surface_Condition,Crash_Atmospheric_Condition,Crash_Lighting_Condition,Crash_Road_Horiz_Align,Crash_Road_Vert_Align,Crash_DCA_Code,Crash_DCA_Description,Crash_DCA_Group_Description,DCA_Key_Approach_Dir,Count_Casualty_Fatality,Count_Casualty_Hospitalised,Count_Casualty_MedicallyTreated,Count_Casualty_MinorInjury,Count_Casualty_Total,Count_Unit_Car,Count_Unit_Motorcycle_Moped,Count_Unit_Truck,Count_Unit_Bus,Count_Unit_Bicycle,Count_Unit_Pedestrian,Count_Unit_Other,
330065,Hospitalisation,2021,May,Tuesday,13,Fall from vehicle,Single Vehicle,153.0612861,-27.22021745,Buchanan St,,,Rothwell,Moreton Bay Region,4022,Redcliffe,Moreton,North Coast,SEQ North,North Coast,Rothwell - Kippa-ring,Redcliffe,Moreton Bay - North,Major Cities,Murrumba,Petrie,Locally-controlled,No Roadway Feature,No traffic control,0 - 50 km/h,Sealed - Dry,Clear,Daylight,Straight,Grade,901,Pass & Misc: Fell In/From Vehicle,Other,E,0,1,0,0,1,0,0,0,1,0,0,0
330066,Medical treatment,2021,May,Thursday,15,Rear-end,Multi-Vehicle,153.0990301,-27.21953845,Ashmole Rd,,,Redcliffe,Moreton Bay Region,4020,Redcliffe,Moreton,North Coast,SEQ North,North Coast,Rothwell - Kippa-ring,Redcliffe,Moreton Bay - North,Major Cities,Redcliffe,Petrie,Locally-controlled,No Roadway Feature,No traffic control,0 - 50 km/h,Sealed - Dry,Clear,Daylight,Straight,Level,301,Veh'S Same Direction: Rear End,Rear-end,N,0,0,1,0,1,2,0,0,0,0,0,0
330067,Hospitalisation,2021,May,Saturday,16,Angle,Multi-Vehicle,153.1056141,-27.22964045,Anzac Ave,Percy St,Redcliffe Road,Redcliffe,Moreton Bay Region,4020,Redcliffe,Moreton,North Coast,SEQ North,North Coast,Redcliffe,Redcliffe,Moreton Bay - North,Major Cities,Redcliffe,Petrie,State-controlled,Intersection - T-Junction,No traffic control,60 km/h,Sealed - Dry,Clear,Daylight,Straight,Level,202,Veh'S Opposite Approach: Thru-Right,Opposing vehicles turning,E,0,1,0,0,1,2,0,0,0,0,0,0
330068,Minor injury,2021,May,Monday,20,Hit object,Single Vehicle,153.1102181,-27.24426645,Baynes St,Tramore St,,Margate,Moreton Bay Region,4019,Redcliffe,Moreton,North Coast,SEQ North,North Coast,Margate - Woody Point,Redcliffe,Moreton Bay - North,Major Cities,Redcliffe,Petrie,Locally-controlled,Intersection - T-Junction,No traffic control,0 - 50 km/h,Sealed - Dry,Clear,Darkness - Lighted,Straight,Level,700,Off Path-Straight: Other,Other,E,0,0,0,1,1,1,0,0,0,0,0,0
330069,Hospitalisation,2021,May,Tuesday,8,Angle,Multi-Vehicle,153.1045691,-27.25625545,Georgina St,Oxley Ave,Brighton - Redcliffe Road,Woody Point,Moreton Bay Region,4019,Redcliffe,Moreton,North Coast,SEQ North,North Coast,Margate - Woody Point,Redcliffe,Moreton Bay - North,Major Cities,Redcliffe,Petrie,State-controlled,Intersection - Cross,Give way sign,60 km/h,Sealed - Dry,Clear,Daylight,Straight,Level,104,Veh'S Adjacent Approach: Thru-Right,Intersection from adjacent approaches,S,0,1,0,0,1,2,0,0,0,0,0,0
330070,Hospitalisation,2021,May,Saturday,8,Sideswipe,Multi-Vehicle,153.0924171,-27.21409345,Griffith Rd,Volunteer St,,Newport,Moreton Bay Region,4020,Redcliffe,Moreton,North Coast,SEQ North,North Coast,Scarborough - Newport - Moreton Island,Redcliffe,Moreton Bay - North,Major Cities,Redcliffe,Petrie,Locally-controlled,Intersection - T-Junction,No traffic control,0 - 50 km/h,Sealed - Dry,Clear,Daylight,Straight,Level,408,Veh'S Manoeuvring: Entering From Footway,Vehicle leaving driveway,S,0,1,1,0,2,1,0,0,0,2,0,0
330071,Medical treatment,2021,May,Sunday,2,Hit parked vehicle,Single Vehicle,153.0973811,-27.23725145,Buckingham St,,,Margate,Moreton Bay Region,4019,Redcliffe,Moreton,North Coast,SEQ North,North Coast,Margate - Woody Point,Redcliffe,Moreton Bay - North,Major Cities,Redcliffe,Petrie,Locally-controlled,No Roadway Feature,No traffic control,0 - 50 km/h,Sealed - Dry,Clear,Darkness - Lighted,Straight,Level,200,Veh'S Opposite Approach: Other,Other,N,0,0,1,0,1,2,0,0,0,0,0,0
330072,Hospitalisation,2021,May,Sunday,13,Rear-end,Multi-Vehicle,153.0818791,-27.22014445,Anzac Ave,Klingner Rd,,Kippa-ring,Moreton Bay Region,4021,Redcliffe,Moreton,North Coast,SEQ North,North Coast,Rothwell - Kippa-ring,Redcliffe,Moreton Bay - North,Major Cities,Redcliffe,Petrie,Locally-controlled,Intersection - T-Junction,Give way sign,60 km/h,Sealed - Dry,Clear,Daylight,Straight,Level,302,Veh'S Same Direction: Left Rear,Rear-end,S,0,1,0,1,2,2,0,0,0,0,0,0
330073,Medical treatment,2021,May,Thursday,15,Sideswipe,Multi-Vehicle,153.0864541,-27.22106545,Boardman Rd,Klingner Rd,,Kippa-ring,Moreton Bay Region,4021,Redcliffe,Moreton,North Coast,SEQ North,North Coast,Rothwell - Kippa-ring,Redcliffe,Moreton Bay - North,Major Cities,Redcliffe,Petrie,Locally-controlled,Intersection - Roundabout,Give way sign,60 km/h,Sealed - Dry,Clear,Daylight,Straight,Level,308,Veh'S Same Direction: Right Turn S/Swipe,Parallel lanes turning,E,0,0,1,0,1,2,0,0,0,0,0,0
330074,Medical treatment,2021,May,Friday,17,Angle,Multi-Vehicle,153.1013051,-27.20793945,Griffith Rd,Newport Dr,,Newport,Moreton Bay Region,4020,Redcliffe,Moreton,North Coast,SEQ North,North Coast,Scarborough - Newport - Moreton Island,Redcliffe,Moreton Bay - North,Major Cities,Redcliffe,Petrie,Locally-controlled,Intersection - T-Junction,No traffic control,60 km/h,Sealed - Dry,Clear,Dawn/Dusk,Curved - view open,Level,202,Veh'S Opposite Approach: Thru-Right,Opposing vehicles turning,S,0,0,1,0,1,2,0,0,0,0,0,0
330075,Hospitalisation,2021,May,Monday,18,Angle,Multi-Vehicle,153.1109631,-27.22269245,Klingner Rd,Oxley Ave,Brighton - Redcliffe Road,Redcliffe,Moreton Bay Region,4020,Redcliffe,Moreton,North Coast,SEQ North,North Coast,Redcliffe,Redcliffe,Moreton Bay - North,Major Cities,Redcliffe,Petrie,State-controlled,Intersection - Cross,Operating traffic lights,60 km/h,Sealed - Dry,Clear,Darkness - Lighted,Straight,Level,202,Veh'S Opposite Approach: Thru-Right,Opposing vehicles turning,S,0,2,1,0,3,2,0,0,0,0,0,0
330076,Medical treatment,2021,May,Wednesday,11,Angle,Multi-Vehicle,153.1079061,-27.22986045,Anzac Ave,Silvyn St,Redcliffe Road,Redcliffe,Moreton Bay Region,4020,Redcliffe,Moreton,North Coast,SEQ North,North Coast,Redcliffe,Redcliffe,Moreton Bay - North,Major Cities,Redcliffe,Petrie,State-controlled,Intersection - T-Junction,Give way sign,60 km/h,Sealed - Dry,Clear,Daylight,Straight,Grade,104,Veh'S Adjacent Approach: Thru-Right,Intersection from adjacent approaches,E,0,0,1,0,1,2,0,0,0,0,0,0
330077,Minor injury,2021,May,Friday,3,Rear-end,Multi-Vehicle,153.0855714,-27.23364661,Snook St,,Clontarf - Anzac Avenue Road,Kippa-ring,Moreton Bay Region,4021,Redcliffe,Moreton,North Coast,SEQ North,North Coast,Rothwell - Kippa-ring,Redcliffe,Moreton Bay - North,Major Cities,Redcliffe,Petrie,State-controlled,No Roadway Feature,No traffic control,70 km/h,Sealed - Dry,Clear,Daylight,Straight,Level,301,Veh'S Same Direction: Rear End,Rear-end,N,0,0,0,1,1,3,0,0,0,0,0,0
330078,Medical treatment,2021,May,Monday,18,Sideswipe,Multi-Vehicle,153.0449511,-27.21204044,Morris Rd W,,,Rothwell,Moreton Bay Region,4022,Redcliffe,Moreton,North Coast,SEQ North,North Coast,Rothwell - Kippa-ring,Redcliffe,Moreton Bay - North,Major Cities,Bancroft,Petrie,Locally-controlled,No Roadway Feature,No traffic control,0 - 50 km/h,Sealed - Dry,Clear,Darkness - Lighted,Straight,Level,201,Veh'S Opposite Approach: Head On,Head-on,S,0,0,1,0,1,1,0,0,0,1,0,0
330079,Medical treatment,2021,June,Tuesday,8,Hit pedestrian,Hit pedestrian,153.1146181,-27.23446686,Marine Pde,,,Redcliffe,Moreton Bay Region,4020,Redcliffe,Moreton,North Coast,SEQ North,North Coast,Redcliffe,Redcliffe,Moreton Bay - North,Major Cities,Redcliffe,Petrie,Locally-controlled,No Roadway Feature,Road/Rail worker,0 - 50 km/h,Sealed - Dry,Clear,Daylight,Straight,Level,4,Ped'N: Play; Work; Stand; Lie On C'Way,Pedestrian,S,0,0,1,0,1,1,0,0,0,0,1,0
330080,Hospitalisation,2021,June,Thursday,9,Hit parked vehicle,Single Vehicle,153.0872329,-27.25416874,Laura St,,,Clontarf,Moreton Bay Region,4019,Redcliffe,Moreton,North Coast,SEQ North,North Coast,Clontarf,Redcliffe,Moreton Bay - North,Major Cities,Redcliffe,Petrie,Locally-controlled,No Roadway Feature,No traffic control,0 - 50 km/h,Sealed - Dry,Clear,Daylight,Straight,Level,400,Veh'S Manoeuvring: Other,Other,,0,1,0,0,1,0,1,1,0,0,0,0
330081,Medical treatment,2021,June,Thursday,19,Rear-end,Multi-Vehicle,153.0473231,-27.21530645,Anzac Ave,Deception Bay Rd,Redcliffe Road,Rothwell,Moreton Bay Region,4022,Redcliffe,Moreton,North Coast,SEQ North,North Coast,Rothwell - Kippa-ring,Redcliffe,Moreton Bay - North,Major Cities,Bancroft,Petrie,State-controlled,Intersection - Cross,Operating traffic lights,60 km/h,Sealed - Wet,Raining,Darkness - Lighted,Straight,Level,303,Veh'S Same Direction: Right Rear,Rear-end,N,0,0,1,0,1,1,0,0,0,0,0,1
330082,Medical treatment,2021,June,Monday,12,Rear-end,Multi-Vehicle,153.0709161,-27.21833245,Anzac Ave,,Redcliffe Road,Kippa-ring,Moreton Bay Region,4021,Redcliffe,Moreton,North Coast,SEQ North,North Coast,Rothwell - Kippa-ring,Redcliffe,Moreton Bay - North,Major Cities,Murrumba,Petrie,State-controlled,No Roadway Feature,No traffic control,60 km/h,Sealed - Dry,Clear,Daylight,Straight,Level,301,Veh'S Same Direction: Rear End,Rear-end,E,0,0,1,0,1,2,0,1,0,0,0,0
330083,Hospitalisation,2021,June,Tuesday,17,Angle,Multi-Vehicle,153.0845181,-27.22627345,Anzac Ave,Elizabeth Ave,Clontarf - Anzac Avenue Road,Kippa-ring,Moreton Bay Region,4021,Redcliffe,Moreton,North Coast,SEQ North,North Coast,Rothwell - Kippa-ring,Redcliffe,Moreton Bay - North,Major Cities,Redcliffe,Petrie,State-controlled,Intersection - Cross,Operating traffic lights,60 km/h,Sealed - Dry,Clear,Darkness - Lighted,Straight,Grade,104,Veh'S Adjacent Approach: Thru-Right,Intersection from adjacent approaches,N,0,1,0,1,2,3,0,0,0,0,0,0
330084,Medical treatment,2021,June,Wednesday,10,Angle,Multi-Vehicle,153.0417061,-27.21369044,Coman St S,Jones St,,Rothwell,Moreton Bay Region,4022,Redcliffe,Moreton,North Coast,SEQ North,North Coast,Rothwell - Kippa-ring,Redcliffe,Moreton Bay - North,Major Cities,Bancroft,Petrie,Locally-controlled,Intersection - T-Junction,No traffic control,0 - 50 km/h,Sealed - Dry,Clear,Daylight,Straight,Dip,106,Veh'S Adjacent Approach: Left-Right,Intersection from adjacent approaches,E,0,0,1,0,1,1,0,0,0,1,0,0
330085,Medical treatment,2021,June,Saturday,7,Angle,Multi-Vehicle,153.09771,-27.25167254,Victoria Ave,,,Woody Point,Moreton Bay Region,4019,Redcliffe,Moreton,North Coast,SEQ North,North Coast,Margate - Woody Point,Redcliffe,Moreton Bay - North,Major Cities,Redcliffe,Petrie,Locally-controlled,No Roadway Feature,No traffic control,60 km/h,Sealed - Dry,Clear,Daylight,Straight,Level,406,Veh'S Manoeuvring: Leaving Driveway,Vehicle leaving driveway,N,0,0,1,1,2,2,0,0,0,0,0,0
330086,Hospitalisation,2021,June,Friday,9,Angle,Multi-Vehicle,153.0912061,-27.22734745,Anzac Ave,Norcott St,Redcliffe Road,Kippa-ring,Moreton Bay Region,4021,Redcliffe,Moreton,North Coast,SEQ North,North Coast,Rothwell - Kippa-ring,Redcliffe,Moreton Bay - North,Major Cities,Redcliffe,Petrie,State-controlled,Intersection - T-Junction,Give way sign,60 km/h,Sealed - Dry,Clear,Daylight,Straight,Level,104,Veh'S Adjacent Approach: Thru-Right,Intersection from adjacent approaches,E,0,2,0,0,2,2,0,0,0,0,0,0
330087,Hospitalisation,2021,June,Friday,13,Hit parked vehicle,Single Vehicle,153.0828788,-27.2461598,Snook St,,Clontarf - Anzac Avenue Road,Clontarf,Moreton Bay Region,4019,Redcliffe,Moreton,North Coast,SEQ North,North Coast,Clontarf,Redcliffe,Moreton Bay - North,Major Cities,Redcliffe,Petrie,State-controlled,No Roadway Feature,No traffic control,70 km/h,Sealed - Wet,Raining,Daylight,Straight,Level,601,Veh'S On Path: Parked,Hit parked vehicle,S,0,1,0,0,1,2,0,0,0,0,0,0
330088,Minor injury,2021,June,Friday,16,Rear-end,Multi-Vehicle,153.0856158,-27.23344911,Snook St,,Clontarf - Anzac Avenue Road,Kippa-ring,Moreton Bay Region,4021,Redcliffe,Moreton,North Coast,SEQ North,North Coast,Rothwell - Kippa-ring,Redcliffe,Moreton Bay - North,Major Cities,Redcliffe,Petrie,State-controlled,No Roadway Feature,No traffic control,60 km/h,Sealed - Dry,Clear,Daylight,Straight,Level,301,Veh'S Same Direction: Rear End,Rear-end,N,0,0,0,1,1,3,0,0,0,0,0,0
330089,Hospitalisation,2021,June,Tuesday,6,Angle,Multi-Vehicle,153.0808941,-27.22027445,Anzac Ave,Klingner Rd,Redcliffe Road,Kippa-ring,Moreton Bay Region,4021,Redcliffe,Moreton,North Coast,SEQ North,North Coast,Rothwell - Kippa-ring,Redcliffe,Moreton Bay - North,Major Cities,Redcliffe,Petrie,State-controlled,Intersection - T-Junction,Operating traffic lights,60 km/h,Sealed - Dry,Clear,Daylight,Straight,Level,104,Veh'S Adjacent Approach: Thru-Right,Intersection from adjacent approaches,E,0,1,0,1,2,2,0,0,0,0,0,0
330090,Hospitalisation,2021,June,Tuesday,21,Hit object,Single Vehicle,153.0981141,-27.24954045,King St,Victoria Ave,,Woody Point,Moreton Bay Region,4019,Redcliffe,Moreton,North Coast,SEQ North,North Coast,Margate - Woody Point,Redcliffe,Moreton Bay - North,Major Cities,Redcliffe,Petrie,Locally-controlled,Intersection - Cross,Operating traffic lights,60 km/h,Sealed - Wet,Clear,Darkness - Lighted,Straight,Level,708,Off Path-Straight: Mounts Traffic Island,Off carriageway on straight hit object,S,0,1,0,0,1,1,0,0,0,0,0,0
330129,Medical treatment,2021,January,Saturday,9,Rear-end,Multi-Vehicle,151.3407666,-24.01008325,Bruce Hwy,,Bruce Highway (Gin Gin - Benaraby),Benaraby,Gladstone Region,4680,Tannum Sands,Capricornia,Central,Central,Central Queensland,Gladstone Hinterland,Gladstone,Central Queensland,Inner Regional,Callide,Flynn,State-controlled,No Roadway Feature,No traffic control,80 - 90 km/h,Sealed - Dry,Clear,Daylight,Straight,Level,302,Veh'S Same Direction: Left Rear,Rear-end,E,0,0,1,0,1,2,0,0,0,0,0,0
330130,Hospitalisation,2021,February,Saturday,15,Hit object,Single Vehicle,151.3996354,-24.06597828,Bruce Hwy,,Bruce Highway (Gin Gin - Benaraby),Iveragh,Gladstone Region,4680,Tannum Sands,Capricornia,Central,Central,Central Queensland,Gladstone Hinterland,Gladstone,Central Queensland,Inner Regional,Callide,Flynn,State-controlled,No Roadway Feature,No traffic control,100 - 110 km/h,Sealed - Dry,Clear,Daylight,Straight,Level,700,Off Path-Straight: Other,Other,S,0,1,0,0,1,0,0,1,0,0,0,0
330131,Medical treatment,2021,April,Saturday,9,Angle,Multi-Vehicle,151.3564176,-23.94965625,Malpas St,,Boyne Island Road,Boyne Island,Gladstone Region,4680,Tannum Sands,Capricornia,Central,Central,Central Queensland,Boyne Island - Tannum Sands,Gladstone,Central Queensland,Inner Regional,Gladstone,Flynn,State-controlled,No Roadway Feature,No traffic control,60 km/h,Sealed - Dry,Clear,Daylight,Straight,Dip,408,Veh'S Manoeuvring: Entering From Footway,Vehicle leaving driveway,W,0,0,1,0,1,2,0,0,0,0,0,0
330132,Hospitalisation,2021,May,Friday,8,Fall from vehicle,Single Vehicle,151.4147896,-24.09667426,Bruce Hwy,,Bruce Highway (Gin Gin - Benaraby),Iveragh,Gladstone Region,4680,Tannum Sands,Capricornia,Central,Central,Central Queensland,Gladstone Hinterland,Gladstone,Central Queensland,Inner Regional,Callide,Flynn,State-controlled,No Roadway Feature,No traffic control,100 - 110 km/h,Sealed - Dry,Clear,Daylight,Curved - view open,Grade,705,Off Path-Straight:Out Of Control On Cway,Out of control on straight,S,0,1,0,0,1,0,1,0,0,0,0,0
330188,Medical treatment,2021,January,Monday,8,Angle,Multi-Vehicle,153.3599119,-28.08225148,Franklin Dr,Somerset Dr,Gold Coast - Springbrook Road,Mudgeeraba,Gold Coast City,4213,Mudgeeraba,Gold Coast,South Eastern,SEQ South,South Coast,Mudgeeraba - Bonogin,Mudgeeraba - Tallebudgera,Gold Coast,Major Cities,Mudgeeraba,Mcpherson,State-controlled,Intersection - T-Junction,Operating traffic lights,60 km/h,Sealed - Dry,Clear,Daylight,Curved - view open,Level,202,Veh'S Opposite Approach: Thru-Right,Opposing vehicles turning,E,0,0,1,1,2,2,0,0,0,0,0,0
330189,Medical treatment,2021,January,Monday,9,Rear-end,Multi-Vehicle,153.3824039,-28.08196449,Robina Parkway,,,Robina,Gold Coast City,4226,Robina,Gold Coast,South Eastern,SEQ South,South Coast,Robina,Robina,Gold Coast,Major Cities,Mermaid Beach,Mcpherson,Locally-controlled,No Roadway Feature,No traffic control,60 km/h,Sealed - Dry,Clear,Daylight,Curved - view open,Grade,301,Veh'S Same Direction: Rear End,Rear-end,,0,0,2,0,2,1,0,0,0,0,0,1
330190,Medical treatment,2021,January,Friday,11,Angle,Multi-Vehicle,153.3541299,-28.07022848,Mudgeeraba Rd,Old Coach Rd,Advancetown - Mudgeeraba Road,Mudgeeraba,Gold Coast City,4213,Mudgeeraba,Gold Coast,South Eastern,SEQ South,South Coast,Mudgeeraba - Bonogin,Mudgeeraba - Tallebudgera,Gold Coast,Major Cities,Mudgeeraba,Mcpherson,State-controlled,Intersection - T-Junction,Operating traffic lights,60 km/h,Sealed - Dry,Clear,Daylight,Straight,Level,202,Veh'S Opposite Approach: Thru-Right,Opposing vehicles turning,E,0,0,2,0,2,2,0,0,0,0,0,0
330191,Medical treatment,2021,February,Thursday,18,Overturned,Single Vehicle,153.3771669,-28.08313849,Pacific Hwy,,Pacific Highway (Pacific Motorway),Robina,Gold Coast City,4226,Mudgeeraba,Gold Coast,South Eastern,SEQ South,South Coast,Robina,Robina,Gold Coast,Major Cities,Mudgeeraba,Mcpherson,State-controlled,No Roadway Feature,No traffic control,80 - 90 km/h,Sealed - Dry,Clear,Daylight,Curved - view open,Level,805,Off Path-Curve: Out Of Control On Cway,Out of control on curve,E,0,0,1,0,1,1,0,0,0,0,0,0
330192,Hospitalisation,2021,February,Saturday,15,Hit pedestrian,Hit pedestrian,153.3831049,-28.06989549,Cheltenham Dr,Woody Views Wy,,Robina,Gold Coast City,4226,Robina,Gold Coast,South Eastern,SEQ South,South Coast,Robina,Robina,Gold Coast,Major Cities,Mudgeeraba,Mcpherson,Locally-controlled,Intersection - T-Junction,No traffic control,0 - 50 km/h,Sealed - Dry,Clear,Daylight,Straight,Level,5,Ped'N: Hit Walking With Traffic,Pedestrian,E,0,1,0,0,1,1,0,0,0,0,1,0
330193,Hospitalisation,2021,February,Wednesday,13,Fall from vehicle,Single Vehicle,153.2716999,-28.20375148,Springbrook Rd,,Springbrook Road,Springbrook,Gold Coast City,4213,Mudgeeraba,Gold Coast,South Eastern,SEQ South,South Coast,Guanaba - Springbrook,Gold Coast Hinterland,Gold Coast,Inner Regional,Mudgeeraba,Wright,State-controlled,No Roadway Feature,No traffic control,0 - 50 km/h,Sealed - Dry,Clear,Daylight,Curved - view open,Dip,802,Off Path-Curve: Off Cway Left Bend,Off carriageway on curve,E,0,1,0,0,1,0,1,0,0,0,0,0
330194,Medical treatment,2021,February,Sunday,13,Angle,Multi-Vehicle,153.3848349,-28.07493049,Collyer Quays,Robina Town Centre Accs,,Robina,Gold Coast City,4226,Robina,Gold Coast,South Eastern,SEQ South,South Coast,Robina,Robina,Gold Coast,Major Cities,Mudgeeraba,Mcpherson,Locally-controlled,No Roadway Feature,Stop sign,0 - 50 km/h,Sealed - Dry,Clear,Daylight,Curved - view open,Level,406,Veh'S Manoeuvring: Leaving Driveway,Vehicle leaving driveway,,0,0,1,0,1,2,0,0,0,0,0,0
330195,Hospitalisation,2021,February,Tuesday,17,Hit object,Single Vehicle,153.3631489,-28.07215848,Mudgeeraba Rd,Pacific Hwy On Ramp,Pacific Highway (Pacific Motorway),Mudgeeraba,Gold Coast City,4213,Mudgeeraba,Gold Coast,South Eastern,SEQ South,South Coast,Mudgeeraba - Bonogin,Mudgeeraba - Tallebudgera,Gold Coast,Major Cities,Mudgeeraba,Mcpherson,State-controlled,Intersection - Interchange,No traffic control,60 km/h,Sealed - Wet,Raining,Daylight,Straight,Level,806,Vehicle Left-Turning At I/S (Or Driveway,Out of control on curve,E,0,1,0,0,1,1,0,0,0,0,0,0
330196,Medical treatment,2021,February,Thursday,20,Sideswipe,Multi-Vehicle,153.3581288,-28.05713948,Pacific Hwy,,Pacific Highway (Pacific Motorway),Mudgeeraba,Gold Coast City,4213,Mudgeeraba,Gold Coast,South Eastern,SEQ South,South Coast,Mudgeeraba - Bonogin,Mudgeeraba - Tallebudgera,Gold Coast,Major Cities,Mudgeeraba,Mcpherson,State-controlled,No Roadway Feature,No traffic control,100 - 110 km/h,Sealed - Wet,Clear,Darkness - Lighted,Straight,Grade,307,Veh'S Same Direction: Lane Change Left,Lane changes,N,0,0,1,0,1,1,0,1,0,0,0,0
330197,Medical treatment,2021,February,Thursday,14,Rear-end,Multi-Vehicle,153.3881849,-28.07360849,Robina Town Centre Dr,,,Robina,Gold Coast City,4226,Robina,Gold Coast,South Eastern,SEQ South,South Coast,Robina,Robina,Gold Coast,Major Cities,Mudgeeraba,Mcpherson,Locally-controlled,Intersection - Roundabout,No traffic control,0 - 50 km/h,Sealed - Dry,Clear,Daylight,Straight,Level,301,Veh'S Same Direction: Rear End,Rear-end,W,0,0,1,0,1,2,0,0,0,0,0,0
330198,Medical treatment,2021,February,Thursday,11,Rear-end,Multi-Vehicle,153.3541299,-28.07022848,Mudgeeraba Rd,Old Coach Rd,Advancetown - Mudgeeraba Road,Mudgeeraba,Gold Coast City,4213,Mudgeeraba,Gold Coast,South Eastern,SEQ South,South Coast,Mudgeeraba - Bonogin,Mudgeeraba - Tallebudgera,Gold Coast,Major Cities,Mudgeeraba,Mcpherson,State-controlled,Intersection - T-Junction,Operating traffic lights,0 - 50 km/h,Sealed - Dry,Clear,Daylight,Curved - view open,Level,301,Veh'S Same Direction: Rear End,Rear-end,S,0,0,1,0,1,3,0,0,0,0,0,0
330199,Medical treatment,2021,February,Saturday,21,Overturned,Single Vehicle,153.2717058,-28.20365793,Springbrook Rd,,Springbrook Road,Springbrook,Gold Coast City,4213,Mudgeeraba,Gold Coast,South Eastern,SEQ South,South Coast,Guanaba - Springbrook,Gold Coast Hinterland,Gold Coast,Inner Regional,Mudgeeraba,Wright,State-controlled,No Roadway Feature,No traffic control,0 - 50 km/h,Sealed - Dry,Clear,Darkness - Not lighted,Curved - view open,Dip,802,Off Path-Curve: Off Cway Left Bend,Off carriageway on curve,N,0,0,2,0,2,1,0,0,0,0,0,0
330200,Hospitalisation,2021,February,Sunday,1,Fall from vehicle,Single Vehicle,153.2647452,-28.14034584,Pine Creek Rd,,Gold Coast - Springbrook Road,Springbrook,Gold Coast City,4213,Mudgeeraba,Gold Coast,South Eastern,SEQ South,South Coast,Guanaba - Springbrook,Gold Coast Hinterland,Gold Coast,Inner Regional,Mudgeeraba,Wright,State-controlled,No Roadway Feature,No traffic control,60 km/h,Sealed - Dry,Clear,Daylight,Curved - view open,Crest,800,Off Path-Curve: Other,Other,S,0,1,0,0,1,0,1,0,0,0,0,0
330201,Hospitalisation,2021,March,Tuesday,9,Head-on,Multi-Vehicle,153.2790489,-28.13921848,Gold Coast - Springbrook Rd,,Gold Coast - Springbrook Road,Springbrook,Gold Coast City,4213,Mudgeeraba,Gold Coast,South Eastern,SEQ South,South Coast,Guanaba - Springbrook,Gold Coast Hinterland,Gold Coast,Inner Regional,Mudgeeraba,Wright,State-controlled,No Roadway Feature,No traffic control,60 km/h,Sealed - Dry,Clear,Daylight,Curved - view obscured,Grade,201,Veh'S Opposite Approach: Head On,Head-on,N,0,1,0,0,1,1,2,0,0,0,0,0
330202,Medical treatment,2021,March,Wednesday,5,Angle,Multi-Vehicle,153.3886709,-28.07911749,Robina Parkway,Robina Town Centre Dr,,Robina,Gold Coast City,4230,Robina,Gold Coast,South Eastern,SEQ South,South Coast,Robina,Robina,Gold Coast,Major Cities,Mudgeeraba,Mcpherson,Locally-controlled,Intersection - Roundabout,Give way sign,0 - 50 km/h,Sealed - Dry,Clear,Dawn/Dusk,Curved - view obscured,Level,101,Veh'S Adjacent Approach: Thru-Thru,Intersection from adjacent approaches,,0,0,1,0,1,1,1,0,0,0,0,0
330203,Hospitalisation,2021,March,Sunday,13,Rear-end,Multi-Vehicle,153.3640719,-28.07270748,Pacific Hwy,,Pacific Highway (Pacific Motorway),Robina,Gold Coast City,4226,Mudgeeraba,Gold Coast,South Eastern,SEQ South,South Coast,Robina,Robina,Gold Coast,Major Cities,Mudgeeraba,Mcpherson,State-controlled,No Roadway Feature,No traffic control,100 - 110 km/h,Sealed - Dry,Clear,Daylight,Straight,Level,301,Veh'S Same Direction: Rear End,Rear-end,S,0,1,0,0,1,2,0,0,0,0,0,0
330204,Minor injury,2021,March,Tuesday,12,Angle,Multi-Vehicle,153.3791788,-28.0735186,Laver Dr,Robina Town Centre Dr,,Robina,Gold Coast City,4226,Robina,Gold Coast,South Eastern,SEQ South,South Coast,Robina,Robina,Gold Coast,Major Cities,Mudgeeraba,Mcpherson,Locally-controlled,Intersection - Roundabout,Give way sign,0 - 50 km/h,Sealed - Dry,Clear,Daylight,Straight,Level,101,Veh'S Adjacent Approach: Thru-Thru,Intersection from adjacent approaches,E,0,0,0,1,1,0,1,0,1,0,0,0
330205,Minor injury,2021,March,Tuesday,17,Rear-end,Multi-Vehicle,153.3562529,-28.04921848,Gooding Dr,Pacific Hwy Off Ramp,Pacific Highway (Pacific Motorway),Merrimac,Gold Coast City,4226,Mudgeeraba,Gold Coast,South Eastern,SEQ South,South Coast,Merrimac,Robina,Gold Coast,Major Cities,Mudgeeraba,Mcpherson,State-controlled,Intersection - Roundabout,Give way sign,60 km/h,Sealed - Dry,Clear,Dawn/Dusk,Curved - view open,Level,303,Veh'S Same Direction: Right Rear,Rear-end,S,0,0,0,1,1,2,0,0,0,0,0,0
330206,Medical treatment,2021,March,Thursday,17,Head-on,Multi-Vehicle,153.3606799,-28.05985248,Highfield Dr,,,Merrimac,Gold Coast City,4226,Mudgeeraba,Gold Coast,South Eastern,SEQ South,South Coast,Merrimac,Robina,Gold Coast,Major Cities,Mudgeeraba,Mcpherson,Locally-controlled,No Roadway Feature,No traffic control,0 - 50 km/h,Sealed - Dry,Clear,Daylight,Curved - view open,Level,201,Veh'S Opposite Approach: Head On,Head-on,N,0,0,2,0,2,2,0,0,0,0,0,0