Crash_Severity,Crash_Year,Crash_Month,Crash_Day_Of_Week,Crash_Hour,Crash_Nature,Crash_Type,Crash_Longitude,Crash_Latitude,Crash_Street,Crash_Street_Intersecting,State_Road_Name,Loc_Suburb,Loc_Local_Government_Area,Loc_Post_Code,Loc_Police_Division,Loc_Police_District,Loc_Police_Region,Loc_Queensland_Transport_Region,Loc_Main_Roads_Region,Loc_ABS_Statistical_Area_2,Loc_ABS_Statistical_Area_3,Loc_ABS_Statistical_Area_4,Loc_ABS_Remoteness,Loc_State_Electorate,Loc_Federal_Electorate,Crash_Controlling_Authority,Crash_Roadway_Feature,Crash_Traffic_Control,Crash_Speed_Limit,Crash_Road_Surface_Condition,Crash_Atmospheric_Condition,Crash_Lighting_Condition,Crash_Road_Horiz_Align,Crash_Road_Vert_Align,Crash_DCA_Code,Crash_DCA_Description,Crash_DCA_Group_Description,DCA_Key_Approach_Dir,Count_Casualty_Fatality,Count_Casualty_Hospitalised,Count_Casualty_MedicallyTreated,Count_Casualty_MinorInjury,Count_Casualty_Total,Count_Unit_Car,Count_Unit_Motorcycle_Moped,Count_Unit_Truck,Count_Unit_Bus,Count_Unit_Bicycle,Count_Unit_Pedestrian,Count_Unit_Other,
330667,Minor injury,2021,March,Friday,18,Rear-end,Multi-Vehicle,152.9833221,-27.18634944,Old Gympie Rd,,,Narangba,Moreton Bay Region,4504,Burpengary,Moreton,North Coast,SEQ North,North Coast,Narangba,Narangba - Burpengary,Moreton Bay - North,Major Cities,Kurwongbah,Longman,Locally-controlled,No Roadway Feature,No traffic control,70 km/h,Sealed - Dry,Clear,Dawn/Dusk,Straight,Level,301,Veh'S Same Direction: Rear End,Rear-end,N,0,0,0,1,1,3,0,0,0,0,0,0
330668,Medical treatment,2021,March,Tuesday,6,Hit object,Single Vehicle,152.9782039,-27.16004807,Bruce Hwy,,Bruce Highway (Brisbane - Gympie),Burpengary,Moreton Bay Region,4505,Burpengary,Moreton,North Coast,SEQ North,North Coast,Burpengary,Narangba - Burpengary,Moreton Bay - North,Major Cities,Kurwongbah,Longman,State-controlled,No Roadway Feature,No traffic control,100 - 110 km/h,Sealed - Wet,Raining,Dawn/Dusk,Straight,Level,703,Off Path-Straight: Left Off Cway Hit Obj,Off carriageway on straight hit object,N,0,0,1,0,1,2,0,0,0,0,0,0
330669,Hospitalisation,2021,March,Thursday,17,Hit object,Single Vehicle,153.0206981,-27.17514544,Botany St,Solander St,,Deception Bay,Moreton Bay Region,4508,Deception Bay,Moreton,North Coast,SEQ North,North Coast,Deception Bay,Narangba - Burpengary,Moreton Bay - North,Major Cities,Bancroft,Petrie,Locally-controlled,Intersection - T-Junction,No traffic control,0 - 50 km/h,Sealed - Wet,Clear,Daylight,Straight,Level,703,Off Path-Straight: Left Off Cway Hit Obj,Off carriageway on straight hit object,W,0,1,0,0,1,1,0,0,0,0,0,0
330670,Minor injury,2021,March,Thursday,14,Rear-end,Multi-Vehicle,153.0180311,-27.19043344,Deception Bay Rd,,Deception Bay Road,Deception Bay,Moreton Bay Region,4508,Deception Bay,Moreton,North Coast,SEQ North,North Coast,Deception Bay,Narangba - Burpengary,Moreton Bay - North,Major Cities,Bancroft,Petrie,State-controlled,No Roadway Feature,No traffic control,70 km/h,Sealed - Wet,Raining,Daylight,Straight,Level,301,Veh'S Same Direction: Rear End,Rear-end,N,0,0,0,1,1,2,0,0,0,0,0,0
330671,Hospitalisation,2021,March,Friday,13,Angle,Multi-Vehicle,153.0101791,-27.17652744,Dawn St,Peta St,,Deception Bay,Moreton Bay Region,4508,Deception Bay,Moreton,North Coast,SEQ North,North Coast,Deception Bay,Narangba - Burpengary,Moreton Bay - North,Major Cities,Bancroft,Petrie,Locally-controlled,Intersection - T-Junction,Give way sign,0 - 50 km/h,Sealed - Dry,Clear,Daylight,Straight,Level,104,Veh'S Adjacent Approach: Thru-Right,Intersection from adjacent approaches,E,0,1,0,0,1,1,1,0,0,0,0,0
330672,Medical treatment,2021,March,Monday,18,Rear-end,Multi-Vehicle,152.9777704,-27.15548167,Bruce Hwy,,Bruce Highway (Brisbane - Gympie),Burpengary East,Moreton Bay Region,4505,Deception Bay,Moreton,North Coast,SEQ North,North Coast,Deception Bay,Narangba - Burpengary,Moreton Bay - North,Major Cities,Bancroft,Petrie,State-controlled,No Roadway Feature,No traffic control,100 - 110 km/h,Sealed - Wet,Raining,Darkness - Lighted,Straight,Level,301,Veh'S Same Direction: Rear End,Rear-end,S,0,0,1,0,1,2,0,0,0,0,0,0
330673,Medical treatment,2021,March,Wednesday,0,Hit object,Single Vehicle,153.0316471,-27.19597344,George St,,,Deception Bay,Moreton Bay Region,4508,Deception Bay,Moreton,North Coast,SEQ North,North Coast,Deception Bay,Narangba - Burpengary,Moreton Bay - North,Major Cities,Bancroft,Petrie,Locally-controlled,No Roadway Feature,No traffic control,0 - 50 km/h,Sealed - Wet,Clear,Darkness - Lighted,Straight,Level,200,Veh'S Opposite Approach: Other,Other,E,0,0,1,0,1,4,0,0,0,0,0,0
330674,Medical treatment,2021,March,Thursday,12,Rear-end,Multi-Vehicle,153.0310831,-27.19261544,Water St,,,Deception Bay,Moreton Bay Region,4508,Deception Bay,Moreton,North Coast,SEQ North,North Coast,Deception Bay,Narangba - Burpengary,Moreton Bay - North,Major Cities,Bancroft,Petrie,Locally-controlled,No Roadway Feature,No traffic control,0 - 50 km/h,Sealed - Dry,Clear,Daylight,Straight,Level,302,Veh'S Same Direction: Left Rear,Rear-end,N,0,0,1,0,1,2,0,0,0,0,0,0
330675,Medical treatment,2021,March,Tuesday,15,Rear-end,Multi-Vehicle,152.9693871,-27.15477944,Station Rd,,,Burpengary,Moreton Bay Region,4505,Burpengary,Moreton,North Coast,SEQ North,North Coast,Burpengary,Narangba - Burpengary,Moreton Bay - North,Major Cities,Kurwongbah,Longman,Locally-controlled,Intersection - T-Junction,Operating traffic lights,0 - 50 km/h,Sealed - Dry,Clear,Daylight,Straight,Level,301,Veh'S Same Direction: Rear End,Rear-end,W,0,0,1,1,2,2,0,0,0,0,0,0
330676,Medical treatment,2021,March,Tuesday,18,Angle,Multi-Vehicle,152.9904131,-27.15847944,Maitland Rd,Old Bay Rd,,Burpengary East,Moreton Bay Region,4505,Deception Bay,Moreton,North Coast,SEQ North,North Coast,Deception Bay,Narangba - Burpengary,Moreton Bay - North,Major Cities,Bancroft,Petrie,Locally-controlled,Intersection - Cross,Stop sign,0 - 50 km/h,Sealed - Dry,Clear,Darkness - Lighted,Straight,Level,101,Veh'S Adjacent Approach: Thru-Thru,Intersection from adjacent approaches,N,0,0,2,0,2,2,0,0,0,0,0,0
330677,Medical treatment,2021,April,Monday,15,Hit object,Single Vehicle,152.9816991,-27.17191044,Bruce Hwy,,Bruce Highway (Brisbane - Gympie),Burpengary,Moreton Bay Region,4505,Burpengary,Moreton,North Coast,SEQ North,North Coast,Burpengary,Narangba - Burpengary,Moreton Bay - North,Major Cities,Bancroft,Longman,State-controlled,Intersection - Interchange,No traffic control,100 - 110 km/h,Sealed - Wet,Raining,Daylight,Straight,Level,703,Off Path-Straight: Left Off Cway Hit Obj,Off carriageway on straight hit object,N,0,0,1,0,1,1,0,0,0,0,0,0
330678,Medical treatment,2021,April,Friday,14,Rear-end,Multi-Vehicle,152.9876051,-27.21182544,Boundary Rd,Old Gympie Rd,,Narangba,Moreton Bay Region,4504,Burpengary,Moreton,North Coast,SEQ North,North Coast,Narangba,Narangba - Burpengary,Moreton Bay - North,Major Cities,Murrumba,Longman,Locally-controlled,Intersection - Roundabout,Give way sign,60 km/h,Sealed - Dry,Clear,Daylight,Straight,Level,301,Veh'S Same Direction: Rear End,Rear-end,N,0,0,1,0,1,2,0,0,0,0,0,0
330679,Medical treatment,2021,April,Friday,16,Angle,Multi-Vehicle,153.0328111,-27.19975744,Deception Bay Rd,Phillip Pde,Deception Bay Road,Deception Bay,Moreton Bay Region,4508,Deception Bay,Moreton,North Coast,SEQ North,North Coast,Deception Bay,Narangba - Burpengary,Moreton Bay - North,Major Cities,Bancroft,Petrie,State-controlled,Intersection - T-Junction,Operating traffic lights,70 km/h,Sealed - Dry,Clear,Daylight,Straight,Level,202,Veh'S Opposite Approach: Thru-Right,Opposing vehicles turning,E,0,0,1,0,1,2,0,0,0,0,0,0
330680,Minor injury,2021,April,Friday,19,Rear-end,Multi-Vehicle,152.9867217,-27.18931592,Bruce Hwy,,Bruce Highway (Brisbane - Gympie),Deception Bay,Moreton Bay Region,4508,Deception Bay,Moreton,North Coast,SEQ North,North Coast,Deception Bay,Narangba - Burpengary,Moreton Bay - North,Major Cities,Bancroft,Petrie,State-controlled,No Roadway Feature,No traffic control,100 - 110 km/h,Sealed - Dry,Clear,Darkness - Lighted,Straight,Level,301,Veh'S Same Direction: Rear End,Rear-end,S,0,0,0,1,1,2,0,0,0,0,0,0
330681,Medical treatment,2021,April,Thursday,11,Rear-end,Multi-Vehicle,153.0352651,-27.20183644,Deception Bay Rd,Webster Rd,Deception Bay Road,Deception Bay,Moreton Bay Region,4508,Deception Bay,Moreton,North Coast,SEQ North,North Coast,Deception Bay,Narangba - Burpengary,Moreton Bay - North,Major Cities,Bancroft,Petrie,State-controlled,Intersection - Cross,Operating traffic lights,70 km/h,Sealed - Dry,Clear,Daylight,Straight,Level,301,Veh'S Same Direction: Rear End,Rear-end,S,0,0,2,0,2,2,0,0,0,0,0,0
330682,Minor injury,2021,April,Thursday,15,Rear-end,Multi-Vehicle,152.9831721,-27.17872544,Deception Bay Rd,,Deception Bay Road,Burpengary,Moreton Bay Region,4508,Burpengary,Moreton,North Coast,SEQ North,North Coast,Burpengary,Narangba - Burpengary,Moreton Bay - North,Major Cities,Kurwongbah,Longman,State-controlled,No Roadway Feature,No traffic control,0 - 50 km/h,Sealed - Dry,Clear,Daylight,Straight,Level,306,Veh'S Same Direction: Lane Change Right,Lane changes,E,0,0,0,1,1,1,0,1,0,0,0,0
330683,Hospitalisation,2021,April,Saturday,14,Hit object,Single Vehicle,152.9529181,-27.19708244,Oakey Flat Rd,Tibrogargan Dr,,Narangba,Moreton Bay Region,4504,Burpengary,Moreton,North Coast,SEQ North,North Coast,Narangba,Narangba - Burpengary,Moreton Bay - North,Major Cities,Kurwongbah,Longman,Locally-controlled,Intersection - T-Junction,No traffic control,60 km/h,Sealed - Dry,Clear,Daylight,Curved - view open,Level,803,Off Path-Curve: Off Cway Rt Bend Hit Obj,Off carriageway on curve hit object,W,0,1,0,0,1,1,0,0,0,0,0,0
330684,Hospitalisation,2021,April,Thursday,17,Rear-end,Multi-Vehicle,152.9774631,-27.15492117,Bruce Hwy,,Bruce Highway (Brisbane - Gympie),Burpengary,Moreton Bay Region,4505,Burpengary,Moreton,North Coast,SEQ North,North Coast,Burpengary,Narangba - Burpengary,Moreton Bay - North,Major Cities,Kurwongbah,Longman,State-controlled,No Roadway Feature,No traffic control,100 - 110 km/h,Sealed - Dry,Clear,Darkness - Lighted,Straight,Level,305,Veh'S Same Direction: Lane Side Swipe,Lane changes,N,0,1,0,0,1,0,1,0,0,0,0,1
330685,Hospitalisation,2021,May,Wednesday,11,Rear-end,Multi-Vehicle,153.0038012,-27.18455811,Deception Bay Rd,,Deception Bay Road,Deception Bay,Moreton Bay Region,4508,Deception Bay,Moreton,North Coast,SEQ North,North Coast,Deception Bay,Narangba - Burpengary,Moreton Bay - North,Major Cities,Bancroft,Petrie,State-controlled,No Roadway Feature,No traffic control,70 km/h,Sealed - Wet,Clear,Daylight,Straight,Level,301,Veh'S Same Direction: Rear End,Rear-end,E,0,1,0,1,2,2,0,0,0,0,0,0
330686,Medical treatment,2021,May,Tuesday,7,Rear-end,Multi-Vehicle,152.9776928,-27.15484024,Bruce Hwy,,Bruce Highway (Brisbane - Gympie),Burpengary East,Moreton Bay Region,4505,Deception Bay,Moreton,North Coast,SEQ North,North Coast,Deception Bay,Narangba - Burpengary,Moreton Bay - North,Major Cities,Bancroft,Petrie,State-controlled,No Roadway Feature,No traffic control,100 - 110 km/h,Sealed - Dry,Clear,Daylight,Straight,Level,301,Veh'S Same Direction: Rear End,Rear-end,S,0,0,1,0,1,2,0,0,0,0,0,0
330687,Medical treatment,2021,May,Thursday,14,Angle,Multi-Vehicle,152.9756711,-27.17080444,Wain Rd,,,Burpengary,Moreton Bay Region,4505,Burpengary,Moreton,North Coast,SEQ North,North Coast,Burpengary,Narangba - Burpengary,Moreton Bay - North,Major Cities,Kurwongbah,Longman,Locally-controlled,No Roadway Feature,No traffic control,0 - 50 km/h,Sealed - Dry,Clear,Daylight,Straight,Level,406,Veh'S Manoeuvring: Leaving Driveway,Vehicle leaving driveway,S,0,0,1,0,1,1,0,0,0,1,0,0
330688,Medical treatment,2021,May,Friday,8,Rear-end,Multi-Vehicle,152.9824911,-27.17893644,Bruce Hwy,Bruce Hwy On Ramp,Deception Bay Road,Burpengary,Moreton Bay Region,4505,Burpengary,Moreton,North Coast,SEQ North,North Coast,Burpengary,Narangba - Burpengary,Moreton Bay - North,Major Cities,Kurwongbah,Longman,State-controlled,Intersection - Interchange,Operating traffic lights,0 - 50 km/h,Sealed - Dry,Clear,Daylight,Straight,Grade,301,Veh'S Same Direction: Rear End,Rear-end,N,0,0,1,1,2,1,0,1,0,0,0,0
330689,Medical treatment,2021,May,Thursday,16,Rear-end,Multi-Vehicle,153.0211281,-27.19168444,Deception Bay Rd,,Deception Bay Road,Deception Bay,Moreton Bay Region,4508,Deception Bay,Moreton,North Coast,SEQ North,North Coast,Deception Bay,Narangba - Burpengary,Moreton Bay - North,Major Cities,Bancroft,Petrie,State-controlled,No Roadway Feature,No traffic control,70 km/h,Sealed - Dry,Clear,Daylight,Straight,Level,301,Veh'S Same Direction: Rear End,Rear-end,W,0,0,1,0,1,2,0,0,0,0,0,0
330690,Medical treatment,2021,May,Friday,3,Rear-end,Multi-Vehicle,152.9894971,-27.20509844,Bruce Hwy,,Bruce Highway (Brisbane - Gympie),Narangba,Moreton Bay Region,4504,Burpengary,Moreton,North Coast,SEQ North,North Coast,Narangba,Narangba - Burpengary,Moreton Bay - North,Major Cities,Kurwongbah,Longman,State-controlled,Intersection - Interchange,No traffic control,100 - 110 km/h,Sealed - Dry,Clear,Daylight,Straight,Level,300,Veh'S Same Direction: Other,Other,N,0,0,1,0,1,2,0,0,0,0,0,0
330691,Medical treatment,2021,May,Saturday,16,Angle,Multi-Vehicle,153.0420881,-27.20320444,Delmar St,Diamondcrest Ave,,Deception Bay,Moreton Bay Region,4508,Deception Bay,Moreton,North Coast,SEQ North,North Coast,Deception Bay,Narangba - Burpengary,Moreton Bay - North,Major Cities,Bancroft,Petrie,Locally-controlled,Intersection - T-Junction,No traffic control,0 - 50 km/h,Sealed - Dry,Clear,Daylight,Straight,Level,104,Veh'S Adjacent Approach: Thru-Right,Intersection from adjacent approaches,W,0,0,1,1,2,2,0,0,0,0,0,0
330692,Hospitalisation,2021,May,Monday,16,Rear-end,Multi-Vehicle,152.9815061,-27.17028344,Bruce Hwy,,Bruce Highway (Brisbane - Gympie),Burpengary East,Moreton Bay Region,4505,Deception Bay,Moreton,North Coast,SEQ North,North Coast,Deception Bay,Narangba - Burpengary,Moreton Bay - North,Major Cities,Bancroft,Petrie,State-controlled,No Roadway Feature,No traffic control,100 - 110 km/h,Sealed - Dry,Clear,Dawn/Dusk,Straight,Level,301,Veh'S Same Direction: Rear End,Rear-end,S,0,3,0,0,3,3,0,0,0,0,0,0
330693,Medical treatment,2021,May,Friday,13,Angle,Multi-Vehicle,153.0171321,-27.18993044,Deception Bay Rd,Park Rd,Deception Bay Road,Deception Bay,Moreton Bay Region,4508,Deception Bay,Moreton,North Coast,SEQ North,North Coast,Deception Bay,Narangba - Burpengary,Moreton Bay - North,Major Cities,Bancroft,Petrie,State-controlled,Intersection - Cross,Operating traffic lights,70 km/h,Sealed - Dry,Clear,Daylight,Straight,Level,105,Veh'S Adjacent Approach: Right-Right,Intersection from adjacent approaches,W,0,0,1,0,1,2,0,0,0,0,0,0
330694,Medical treatment,2021,June,Wednesday,14,Angle,Multi-Vehicle,153.0352411,-27.20200644,Deception Bay Rd,Webster Rd,Deception Bay Road,Deception Bay,Moreton Bay Region,4508,Deception Bay,Moreton,North Coast,SEQ North,North Coast,Deception Bay,Narangba - Burpengary,Moreton Bay - North,Major Cities,Bancroft,Petrie,State-controlled,Intersection - Cross,Operating traffic lights,70 km/h,Sealed - Dry,Clear,Daylight,Straight,Level,202,Veh'S Opposite Approach: Thru-Right,Opposing vehicles turning,W,0,0,2,1,3,2,0,0,0,0,0,0
330695,Hospitalisation,2021,June,Friday,11,Angle,Multi-Vehicle,152.9580491,-27.16151944,Burpengary Rd,Henderson Rd,,Burpengary,Moreton Bay Region,4505,Burpengary,Moreton,North Coast,SEQ North,North Coast,Burpengary,Narangba - Burpengary,Moreton Bay - North,Major Cities,Kurwongbah,Longman,Locally-controlled,Intersection - Roundabout,Give way sign,60 km/h,Sealed - Dry,Clear,Daylight,Straight,Level,102,Veh'S Adjacent Approach: Right-Thru,Intersection from adjacent approaches,S,0,1,0,0,1,1,1,0,0,0,0,0
330696,Hospitalisation,2021,June,Friday,13,Hit object,Single Vehicle,153.0150277,-27.2019272,Lipscombe Rd,,,Deception Bay,Moreton Bay Region,4508,Deception Bay,Moreton,North Coast,SEQ North,North Coast,Deception Bay,Narangba - Burpengary,Moreton Bay - North,Major Cities,Bancroft,Petrie,Locally-controlled,No Roadway Feature,No traffic control,0 - 50 km/h,Sealed - Dry,Clear,Daylight,Curved - view open,Level,808,Off Path-Curve: Mounts Traffic Island,Off carriageway on curve hit object,N,0,1,0,0,1,1,0,0,0,0,0,0
330697,Hospitalisation,2021,June,Saturday,15,Hit object,Single Vehicle,153.0372381,-27.20280844,Fern St,,,Deception Bay,Moreton Bay Region,4508,Deception Bay,Moreton,North Coast,SEQ North,North Coast,Deception Bay,Narangba - Burpengary,Moreton Bay - North,Major Cities,Bancroft,Petrie,Locally-controlled,No Roadway Feature,No traffic control,0 - 50 km/h,Sealed - Dry,Clear,Daylight,Curved - view open,Level,803,Off Path-Curve: Off Cway Rt Bend Hit Obj,Off carriageway on curve hit object,N,0,1,0,0,1,0,1,0,0,0,0,0
330698,Hospitalisation,2021,June,Saturday,10,Rear-end,Multi-Vehicle,152.9799981,-27.16517644,Bruce Hwy,,Bruce Highway (Brisbane - Gympie),Burpengary East,Moreton Bay Region,4505,Deception Bay,Moreton,North Coast,SEQ North,North Coast,Deception Bay,Narangba - Burpengary,Moreton Bay - North,Major Cities,Bancroft,Petrie,State-controlled,No Roadway Feature,No traffic control,100 - 110 km/h,Sealed - Dry,Clear,Daylight,Straight,Level,301,Veh'S Same Direction: Rear End,Rear-end,S,0,3,0,0,3,3,0,0,0,0,0,0
330699,Medical treatment,2021,June,Thursday,17,Rear-end,Multi-Vehicle,152.9795581,-27.16357344,Bruce Hwy,,Bruce Highway (Brisbane - Gympie),Burpengary East,Moreton Bay Region,4505,Deception Bay,Moreton,North Coast,SEQ North,North Coast,Deception Bay,Narangba - Burpengary,Moreton Bay - North,Major Cities,Bancroft,Petrie,State-controlled,No Roadway Feature,No traffic control,100 - 110 km/h,Sealed - Dry,Clear,Darkness - Lighted,Straight,Level,301,Veh'S Same Direction: Rear End,Rear-end,S,0,0,1,0,1,2,0,0,0,0,0,0
330700,Hospitalisation,2021,June,Friday,17,Rear-end,Multi-Vehicle,152.9955331,-27.15918244,Caulfield Dr,Old Bay Rd,,Burpengary East,Moreton Bay Region,4505,Deception Bay,Moreton,North Coast,SEQ North,North Coast,Deception Bay,Narangba - Burpengary,Moreton Bay - North,Major Cities,Bancroft,Petrie,Locally-controlled,Intersection - T-Junction,No traffic control,80 - 90 km/h,Sealed - Dry,Raining,Darkness - Lighted,Straight,Level,303,Veh'S Same Direction: Right Rear,Rear-end,E,0,1,0,0,1,2,0,0,0,0,0,0
330701,Medical treatment,2021,June,Tuesday,13,Rear-end,Multi-Vehicle,153.0157791,-27.19815344,Lipscombe Rd,Mariner Blvd,,Deception Bay,Moreton Bay Region,4508,Deception Bay,Moreton,North Coast,SEQ North,North Coast,Deception Bay,Narangba - Burpengary,Moreton Bay - North,Major Cities,Bancroft,Petrie,Locally-controlled,Intersection - T-Junction,No traffic control,60 km/h,Sealed - Dry,Clear,Daylight,Straight,Grade,301,Veh'S Same Direction: Rear End,Rear-end,S,0,0,1,0,1,4,0,0,0,0,0,0
330702,Medical treatment,2021,June,Tuesday,20,Hit object,Single Vehicle,153.0255811,-27.20022944,Diane Ct,Moreton Downs Dr,,Deception Bay,Moreton Bay Region,4508,Deception Bay,Moreton,North Coast,SEQ North,North Coast,Deception Bay,Narangba - Burpengary,Moreton Bay - North,Major Cities,Bancroft,Petrie,Locally-controlled,Intersection - Cross,No traffic control,60 km/h,Sealed - Dry,Clear,Darkness - Lighted,Straight,Level,0,Ped'N: Hit Other,Other,N,0,0,1,0,1,1,0,0,0,0,1,0
330810,Minor injury,2021,January,Wednesday,18,Angle,Multi-Vehicle,153.102562,-27.68804145,Waratah Dr,,,Crestmead,Logan City,4132,Crestmead,Logan,South Eastern,SEQ South,South Coast,Crestmead,Browns Plains,Logan - Beaudesert,Major Cities,Woodridge,Rankin,Locally-controlled,No Roadway Feature,No traffic control,60 km/h,Sealed - Dry,Clear,Daylight,Straight,Level,700,Off Path-Straight: Other,Other,,0,0,0,2,2,1,1,0,0,0,0,0
330811,Hospitalisation,2021,January,Thursday,3,Hit object,Single Vehicle,153.07678,-27.67440145,Browns Plains Rd,,,Berrinba,Logan City,4117,Crestmead,Logan,South Eastern,SEQ South,South Coast,Browns Plains,Browns Plains,Logan - Beaudesert,Major Cities,Woodridge,Rankin,Locally-controlled,No Roadway Feature,No traffic control,70 km/h,Sealed - Dry,Clear,Darkness - Lighted,Straight,Level,703,Off Path-Straight: Left Off Cway Hit Obj,Off carriageway on straight hit object,E,0,2,0,0,2,1,0,0,0,0,0,0
330812,Hospitalisation,2021,January,Thursday,16,Angle,Multi-Vehicle,153.121129,-27.68276746,Logan Reserve Rd,Mark La,,Waterford West,Logan City,4133,Crestmead,Logan,South Eastern,SEQ South,South Coast,Waterford West,Loganlea - Carbrook,Logan - Beaudesert,Major Cities,Waterford,Forde,Locally-controlled,Intersection - T-Junction,Stop sign,60 km/h,Sealed - Dry,Clear,Daylight,Straight,Level,104,Veh'S Adjacent Approach: Thru-Right,Intersection from adjacent approaches,N,0,1,0,0,1,2,0,0,0,0,0,0
330813,Minor injury,2021,January,Friday,12,Sideswipe,Multi-Vehicle,153.116177,-27.68018057,Chambers Flat Rd,,,Waterford West,Logan City,4133,Crestmead,Logan,South Eastern,SEQ South,South Coast,Waterford West,Loganlea - Carbrook,Logan - Beaudesert,Major Cities,Waterford,Forde,Locally-controlled,No Roadway Feature,No traffic control,60 km/h,Sealed - Dry,Clear,Daylight,Straight,Level,305,Veh'S Same Direction: Lane Side Swipe,Lane changes,,0,0,0,1,1,3,0,0,0,0,0,1
330814,Hospitalisation,2021,January,Friday,17,Hit parked vehicle,Single Vehicle,153.092646,-27.67621545,Waheed St,,,Marsden,Logan City,4132,Crestmead,Logan,South Eastern,SEQ South,South Coast,Marsden,Browns Plains,Logan - Beaudesert,Major Cities,Woodridge,Rankin,Locally-controlled,No Roadway Feature,No traffic control,0 - 50 km/h,Sealed - Dry,Clear,Daylight,Curved - view open,Level,200,Veh'S Opposite Approach: Other,Other,S,0,3,0,0,3,3,0,0,0,0,0,0
330815,Hospitalisation,2021,January,Monday,18,Hit pedestrian,Hit pedestrian,153.103125,-27.69815345,Rory St,,,Logan Reserve,Logan City,4133,Crestmead,Logan,South Eastern,SEQ South,South Coast,Chambers Flat - Logan Reserve,Browns Plains,Logan - Beaudesert,Major Cities,Waterford,Forde,Locally-controlled,No Roadway Feature,No traffic control,0 - 50 km/h,Sealed - Dry,Clear,Dawn/Dusk,Straight,Level,2,Ped'N: Hit Emerging Behind Vehicle,Pedestrian,W,0,1,0,0,1,1,0,0,0,0,1,0
330816,Hospitalisation,2021,January,Tuesday,23,Hit object,Single Vehicle,153.093053,-27.68225545,Bambil St,Waratah Dr,,Crestmead,Logan City,4132,Crestmead,Logan,South Eastern,SEQ South,South Coast,Crestmead,Browns Plains,Logan - Beaudesert,Major Cities,Woodridge,Rankin,Locally-controlled,Intersection - T-Junction,No traffic control,60 km/h,Sealed - Dry,Clear,Daylight,Straight,Level,703,Off Path-Straight: Left Off Cway Hit Obj,Off carriageway on straight hit object,W,0,1,0,0,1,1,0,0,0,0,0,0
330817,Hospitalisation,2021,January,Wednesday,15,Fall from vehicle,Single Vehicle,152.95321,-27.63380644,Johnson Rd,Woogaroo St,,Greenbank,Logan City,4124,Inala,South Brisbane,Brisbane,SEQ South,South Coast,Greenbank Military Camp,Browns Plains,Logan - Beaudesert,Major Cities,Jordan,Oxley,Locally-controlled,Intersection - T-Junction,Give way sign,0 - 50 km/h,Sealed - Dry,Clear,Daylight,Straight,Level,901,Pass & Misc: Fell In/From Vehicle,Other,S,0,1,0,0,1,1,1,0,0,0,0,0
330818,Medical treatment,2021,January,Saturday,17,Angle,Multi-Vehicle,153.042448,-27.66117845,Browns Plains Rd,Grand Plaza Dr,,Browns Plains,Logan City,4118,Browns Plains,Logan,South Eastern,SEQ South,South Coast,Browns Plains,Browns Plains,Logan - Beaudesert,Major Cities,Algester,Rankin,Locally-controlled,Intersection - T-Junction,Operating traffic lights,70 km/h,Sealed - Dry,Clear,Daylight,Straight,Level,202,Veh'S Opposite Approach: Thru-Right,Opposing vehicles turning,E,0,0,1,0,1,2,0,0,0,0,0,0
330819,Minor injury,2021,January,Sunday,15,Rear-end,Multi-Vehicle,153.084872,-27.67910745,Browns Plains Rd,,,Crestmead,Logan City,4132,Crestmead,Logan,South Eastern,SEQ South,South Coast,Marsden,Browns Plains,Logan - Beaudesert,Major Cities,Woodridge,Rankin,Locally-controlled,No Roadway Feature,No traffic control,60 km/h,Sealed - Dry,Clear,Daylight,Straight,Level,301,Veh'S Same Direction: Rear End,Rear-end,W,0,0,0,1,1,2,0,0,0,0,0,0
330820,Medical treatment,2021,January,Monday,11,Angle,Multi-Vehicle,153.091816,-27.66300945,Second Ave,Third Ave,,Marsden,Logan City,4132,Crestmead,Logan,South Eastern,SEQ South,South Coast,Marsden,Browns Plains,Logan - Beaudesert,Major Cities,Woodridge,Rankin,Locally-controlled,Intersection - Roundabout,Give way sign,60 km/h,Sealed - Dry,Clear,Daylight,Straight,Level,101,Veh'S Adjacent Approach: Thru-Thru,Intersection from adjacent approaches,S,0,0,1,0,1,2,0,0,0,0,0,0
330865,Hospitalisation,2021,January,Tuesday,15,Hit object,Single Vehicle,153.005553,-27.46157944,Given Tce,Martha St,,Paddington,Brisbane City,4064,Brisbane City,North Brisbane,Brisbane,SEQ North,Metropolitan,Paddington - Milton,Brisbane Inner - West,Brisbane Inner City,Major Cities,Cooper,Brisbane,Locally-controlled,Intersection - T-Junction,No traffic control,0 - 50 km/h,Sealed - Dry,Clear,Daylight,Straight,Grade,704,Off Path-Straight:Right Off Cway Hit Obj,Off carriageway on straight hit object,W,0,2,0,0,2,1,0,0,0,0,0,0
330866,Minor injury,2021,January,Tuesday,21,Rear-end,Multi-Vehicle,153.02431,-27.47171844,Elizabeth St,George St,,Brisbane City,Brisbane City,4000,Brisbane City,North Brisbane,Brisbane,SEQ North,Metropolitan,Brisbane City,Brisbane Inner,Brisbane Inner City,Major Cities,Mcconnel,Brisbane,Locally-controlled,Intersection - Cross,Operating traffic lights,0 - 50 km/h,Sealed - Dry,Clear,Darkness - Lighted,Straight,Level,301,Veh'S Same Direction: Rear End,Rear-end,W,0,0,0,2,2,2,0,0,0,0,0,0