Crash_Severity,Crash_Year,Crash_Month,Crash_Day_Of_Week,Crash_Hour,Crash_Nature,Crash_Type,Crash_Longitude,Crash_Latitude,Crash_Street,Crash_Street_Intersecting,State_Road_Name,Loc_Suburb,Loc_Local_Government_Area,Loc_Post_Code,Loc_Police_Division,Loc_Police_District,Loc_Police_Region,Loc_Queensland_Transport_Region,Loc_Main_Roads_Region,Loc_ABS_Statistical_Area_2,Loc_ABS_Statistical_Area_3,Loc_ABS_Statistical_Area_4,Loc_ABS_Remoteness,Loc_State_Electorate,Loc_Federal_Electorate,Crash_Controlling_Authority,Crash_Roadway_Feature,Crash_Traffic_Control,Crash_Speed_Limit,Crash_Road_Surface_Condition,Crash_Atmospheric_Condition,Crash_Lighting_Condition,Crash_Road_Horiz_Align,Crash_Road_Vert_Align,Crash_DCA_Code,Crash_DCA_Description,Crash_DCA_Group_Description,DCA_Key_Approach_Dir,Count_Casualty_Fatality,Count_Casualty_Hospitalised,Count_Casualty_MedicallyTreated,Count_Casualty_MinorInjury,Count_Casualty_Total,Count_Unit_Car,Count_Unit_Motorcycle_Moped,Count_Unit_Truck,Count_Unit_Bus,Count_Unit_Bicycle,Count_Unit_Pedestrian,Count_Unit_Other,
330915,Hospitalisation,2021,March,Tuesday,13,Rear-end,Multi-Vehicle,153.0241641,-27.47431544,Pacific Hwy,,South-East Arterial Road (Pacific Motorway),Brisbane City,Brisbane City,4000,Brisbane City,North Brisbane,Brisbane,SEQ North,Metropolitan,Brisbane City,Brisbane Inner,Brisbane Inner City,Major Cities,Mcconnel,Brisbane,State-controlled,No Roadway Feature,No traffic control,70 km/h,Sealed - Dry,Clear,Daylight,Straight,Level,301,Veh'S Same Direction: Rear End,Rear-end,N,0,1,0,0,1,5,0,0,0,0,0,0
330916,Medical treatment,2021,March,Tuesday,8,Rear-end,Multi-Vehicle,153.024668,-27.46384244,Astor Tce,Upper Edward St,,Spring Hill,Brisbane City,4000,Brisbane City,North Brisbane,Brisbane,SEQ North,Metropolitan,Spring Hill,Brisbane Inner,Brisbane Inner City,Major Cities,Mcconnel,Brisbane,Locally-controlled,Intersection - T-Junction,Operating traffic lights,60 km/h,Sealed - Dry,Clear,Daylight,Straight,Level,301,Veh'S Same Direction: Rear End,Rear-end,S,0,0,1,0,1,2,0,0,0,0,0,0
330917,Medical treatment,2021,March,Thursday,8,Hit pedestrian,Hit pedestrian,153.027155,-27.46550045,Ann St,Creek St,,Brisbane City,Brisbane City,4000,Brisbane City,North Brisbane,Brisbane,SEQ North,Metropolitan,Brisbane City,Brisbane Inner,Brisbane Inner City,Major Cities,Mcconnel,Brisbane,Locally-controlled,Intersection - Cross,Operating traffic lights,0 - 50 km/h,Sealed - Wet,Raining,Daylight,Straight,Level,1,Ped'N: Near Side Vehicle Hit From Right,Pedestrian,S,0,0,1,0,1,1,0,0,0,0,1,0
330918,Hospitalisation,2021,March,Friday,20,Hit object,Single Vehicle,153.008363,-27.45645144,Fullerton St,Musgrave Rd,,Red Hill,Brisbane City,4059,Brisbane City,North Brisbane,Brisbane,SEQ North,Metropolitan,Red Hill (qld),Brisbane Inner - West,Brisbane Inner City,Major Cities,Cooper,Brisbane,Locally-controlled,Intersection - T-Junction,No traffic control,60 km/h,Sealed - Dry,Clear,Darkness - Lighted,Straight,Crest,705,Off Path-Straight:Out Of Control On Cway,Out of control on straight,W,0,1,0,0,1,1,0,0,0,0,0,0
330919,Medical treatment,2021,March,Monday,13,Angle,Multi-Vehicle,153.016331,-27.46561444,Countess St,Inner Northern Busway,,Brisbane City,Brisbane City,4000,Brisbane City,North Brisbane,Brisbane,SEQ North,Metropolitan,Brisbane City,Brisbane Inner,Brisbane Inner City,Major Cities,Mcconnel,Brisbane,Locally-controlled,Intersection - T-Junction,Operating traffic lights,0 - 50 km/h,Sealed - Dry,Clear,Daylight,Curved - view open,Level,101,Veh'S Adjacent Approach: Thru-Thru,Intersection from adjacent approaches,N,0,0,3,1,4,1,0,0,1,0,0,0
330920,Minor injury,2021,March,Monday,22,Rear-end,Multi-Vehicle,153.021166,-27.47010544,Ann St,North Quay,South-East Arterial Road (Pacific Motorway),Brisbane City,Brisbane City,4000,Brisbane City,North Brisbane,Brisbane,SEQ North,Metropolitan,Brisbane City,Brisbane Inner,Brisbane Inner City,Major Cities,Mcconnel,Brisbane,State-controlled,Intersection - Cross,Operating traffic lights,0 - 50 km/h,Sealed - Wet,Raining,Darkness - Lighted,Straight,Level,301,Veh'S Same Direction: Rear End,Rear-end,E,0,0,0,1,1,2,0,0,0,0,0,0
330921,Medical treatment,2021,March,Thursday,22,Hit pedestrian,Hit pedestrian,153.033502,-27.46231345,Boundary St,,,Brisbane City,Brisbane City,4000,Fortitude Valley,North Brisbane,Brisbane,SEQ North,Metropolitan,Brisbane City,Brisbane Inner,Brisbane Inner City,Major Cities,Mcconnel,Brisbane,Locally-controlled,No Roadway Feature,No traffic control,0 - 50 km/h,Sealed - Dry,Clear,Darkness - Lighted,Straight,Level,7,Ped'N: Hit By Vehicle Enter/Leave D'Way,Pedestrian,N,0,0,1,0,1,1,0,0,0,0,1,0
330922,Medical treatment,2021,March,Monday,8,Rear-end,Multi-Vehicle,153.013552,-27.45913444,Musgrave Rd,,,Petrie Terrace,Brisbane City,4000,Brisbane City,North Brisbane,Brisbane,SEQ North,Metropolitan,Brisbane City,Brisbane Inner,Brisbane Inner City,Major Cities,Mcconnel,Brisbane,Locally-controlled,No Roadway Feature,No traffic control,60 km/h,Sealed - Dry,Clear,Daylight,Straight,Level,301,Veh'S Same Direction: Rear End,Rear-end,W,0,0,1,0,1,1,0,1,0,0,0,0
330923,Minor injury,2021,March,Monday,16,Rear-end,Multi-Vehicle,153.01064,-27.46676444,Milton Rd,,,Petrie Terrace,Brisbane City,4000,Brisbane City,North Brisbane,Brisbane,SEQ North,Metropolitan,Brisbane City,Brisbane Inner,Brisbane Inner City,Major Cities,Mcconnel,Brisbane,Locally-controlled,Intersection - Interchange,Operating traffic lights,60 km/h,Sealed - Wet,Raining,Daylight,Straight,Grade,303,Veh'S Same Direction: Right Rear,Rear-end,S,0,0,0,1,1,2,0,0,0,0,0,0
330924,Medical treatment,2021,March,Tuesday,13,Angle,Multi-Vehicle,152.997132,-27.46067644,Annie St,Ellena St,,Paddington,Brisbane City,4064,Brisbane City,North Brisbane,Brisbane,SEQ North,Metropolitan,Paddington - Milton,Brisbane Inner - West,Brisbane Inner City,Major Cities,Cooper,Brisbane,Locally-controlled,Intersection - Cross,Stop sign,0 - 50 km/h,Sealed - Wet,Raining,Daylight,Straight,Grade,101,Veh'S Adjacent Approach: Thru-Thru,Intersection from adjacent approaches,W,0,0,1,0,1,2,0,0,0,0,0,0
330925,Hospitalisation,2021,March,Tuesday,18,Rear-end,Multi-Vehicle,153.0109765,-27.46361918,Hale St,,,Milton,Brisbane City,4064,Brisbane City,North Brisbane,Brisbane,SEQ North,Metropolitan,Paddington - Milton,Brisbane Inner - West,Brisbane Inner City,Major Cities,Cooper,Brisbane,Locally-controlled,No Roadway Feature,No traffic control,60 km/h,Sealed - Wet,Clear,Darkness - Lighted,Straight,Level,301,Veh'S Same Direction: Rear End,Rear-end,N,0,2,0,0,2,3,0,0,0,0,0,0
330926,Medical treatment,2021,March,Tuesday,5,Angle,Multi-Vehicle,153.020532,-27.46175744,Bradley St,Wickham Tce,,Spring Hill,Brisbane City,4000,Brisbane City,North Brisbane,Brisbane,SEQ North,Metropolitan,Spring Hill,Brisbane Inner,Brisbane Inner City,Major Cities,Mcconnel,Brisbane,Locally-controlled,Intersection - T-Junction,Give way sign,0 - 50 km/h,Sealed - Wet,Raining,Dawn/Dusk,Straight,Level,107,Veh'S Adjacent Approach: Thru-Left,Intersection from adjacent approaches,E,0,0,1,0,1,1,1,0,0,0,0,0
330927,Medical treatment,2021,March,Thursday,12,Angle,Multi-Vehicle,153.029863,-27.46776245,Eagle St,,,Brisbane City,Brisbane City,4000,Brisbane City,North Brisbane,Brisbane,SEQ North,Metropolitan,Brisbane City,Brisbane Inner,Brisbane Inner City,Major Cities,Mcconnel,Brisbane,Locally-controlled,No Roadway Feature,No traffic control,0 - 50 km/h,Sealed - Dry,Clear,Daylight,Straight,Level,408,Veh'S Manoeuvring: Entering From Footway,Vehicle leaving driveway,S,0,0,1,0,1,1,1,0,0,0,0,0
330928,Medical treatment,2021,March,Friday,21,Angle,Multi-Vehicle,153.03036,-27.46171345,Boundary St,Turbot St,,Spring Hill,Brisbane City,4000,Brisbane City,North Brisbane,Brisbane,SEQ North,Metropolitan,Spring Hill,Brisbane Inner,Brisbane Inner City,Major Cities,Mcconnel,Brisbane,Locally-controlled,Intersection - Cross,Operating traffic lights,60 km/h,Sealed - Dry,Clear,Darkness - Lighted,Straight,Grade,101,Veh'S Adjacent Approach: Thru-Thru,Intersection from adjacent approaches,W,0,0,2,0,2,2,0,0,0,0,0,0
330929,Minor injury,2021,March,Saturday,22,Hit pedestrian,Hit pedestrian,153.030229,-27.46671245,Eagle St,,,Brisbane City,Brisbane City,4000,Brisbane City,North Brisbane,Brisbane,SEQ North,Metropolitan,Brisbane City,Brisbane Inner,Brisbane Inner City,Major Cities,Mcconnel,Brisbane,Locally-controlled,Merge Lane,No traffic control,0 - 50 km/h,Sealed - Dry,Clear,Darkness - Lighted,Straight,Level,0,Ped'N: Hit Other,Other,S,0,0,0,1,1,1,0,0,0,0,1,0
330930,Medical treatment,2021,March,Saturday,21,Sideswipe,Multi-Vehicle,153.029902,-27.47135945,Edward St,Margaret St,,Brisbane City,Brisbane City,4000,Brisbane City,North Brisbane,Brisbane,SEQ North,Metropolitan,Brisbane City,Brisbane Inner,Brisbane Inner City,Major Cities,Mcconnel,Brisbane,Locally-controlled,Intersection - Cross,Operating traffic lights,0 - 50 km/h,Sealed - Dry,Clear,Darkness - Lighted,Straight,Level,306,Veh'S Same Direction: Lane Change Right,Lane changes,N,0,0,1,0,1,2,0,0,0,0,0,0
330931,Minor injury,2021,March,Sunday,3,Angle,Multi-Vehicle,153.029165,-27.47060245,Edward St,Mary St,,Brisbane City,Brisbane City,4000,Brisbane City,North Brisbane,Brisbane,SEQ North,Metropolitan,Brisbane City,Brisbane Inner,Brisbane Inner City,Major Cities,Mcconnel,Brisbane,Locally-controlled,Intersection - Cross,Operating traffic lights,0 - 50 km/h,Sealed - Dry,Clear,Darkness - Lighted,Straight,Level,202,Veh'S Opposite Approach: Thru-Right,Opposing vehicles turning,N,0,0,0,1,1,2,0,0,0,0,0,0
330932,Medical treatment,2021,March,Sunday,16,Hit pedestrian,Hit pedestrian,153.015673,-27.46641044,Saul St,,,Brisbane City,Brisbane City,4000,Brisbane City,North Brisbane,Brisbane,SEQ North,Metropolitan,Brisbane City,Brisbane Inner,Brisbane Inner City,Major Cities,Mcconnel,Brisbane,Locally-controlled,No Roadway Feature,No traffic control,60 km/h,Sealed - Dry,Clear,Daylight,Straight,Level,4,Ped'N: Play; Work; Stand; Lie On C'Way,Pedestrian,S,0,0,1,0,1,1,0,0,0,0,1,0
330933,Minor injury,2021,March,Sunday,18,Rear-end,Multi-Vehicle,153.0154404,-27.46342629,Countess St,,,Petrie Terrace,Brisbane City,4000,Brisbane City,North Brisbane,Brisbane,SEQ North,Metropolitan,Brisbane City,Brisbane Inner,Brisbane Inner City,Major Cities,Mcconnel,Brisbane,Locally-controlled,No Roadway Feature,No traffic control,60 km/h,Sealed - Dry,Clear,Dawn/Dusk,Straight,Level,301,Veh'S Same Direction: Rear End,Rear-end,S,0,0,0,1,1,3,0,0,0,0,0,0
331004,Hospitalisation,2021,January,Wednesday,10,Hit parked vehicle,Single Vehicle,145.7523267,-16.93452673,Lyons St,,,Westcourt,Cairns Region,4870,Cairns,Far North,Far Northern,Northern,North Queensland,Westcourt - Bungalow,Cairns - South,Cairns,Outer Regional,Cairns,Leichhardt,Locally-controlled,No Roadway Feature,No traffic control,60 km/h,Sealed - Wet,Clear,Daylight,Straight,Level,400,Veh'S Manoeuvring: Other,Other,,0,1,0,0,1,3,0,0,0,0,0,0
331005,Medical treatment,2021,January,Friday,17,Rear-end,Multi-Vehicle,145.7380567,-16.94507373,Barr St,Mulgrave Rd,Mulgrave Road,Earlville,Cairns Region,4870,Cairns,Far North,Far Northern,Northern,North Queensland,Earlville - Bayview Heights,Cairns - South,Cairns,Outer Regional,Cairns,Leichhardt,State-controlled,Intersection - Cross,Operating traffic lights,60 km/h,Sealed - Dry,Clear,Daylight,Curved - view open,Level,301,Veh'S Same Direction: Rear End,Rear-end,N,0,0,1,0,1,3,0,0,0,0,0,0
331006,Hospitalisation,2021,January,Sunday,1,Hit object,Single Vehicle,145.7477487,-16.93003931,Gatton St,,,Manunda,Cairns Region,4870,Cairns,Far North,Far Northern,Northern,North Queensland,Manunda,Cairns - South,Cairns,Outer Regional,Cairns,Leichhardt,Locally-controlled,No Roadway Feature,No traffic control,0 - 50 km/h,Sealed - Wet,Clear,Darkness - Lighted,Straight,Level,703,Off Path-Straight: Left Off Cway Hit Obj,Off carriageway on straight hit object,S,0,2,0,0,2,1,0,0,0,0,0,0
331007,Hospitalisation,2021,January,Wednesday,11,Angle,Multi-Vehicle,145.7380567,-16.94507373,Barr St,Mulgrave Rd,Mulgrave Road,Earlville,Cairns Region,4870,Cairns,Far North,Far Northern,Northern,North Queensland,Earlville - Bayview Heights,Cairns - South,Cairns,Outer Regional,Cairns,Leichhardt,State-controlled,Intersection - T-Junction,Operating traffic lights,60 km/h,Sealed - Wet,Clear,Daylight,Curved - view open,Level,202,Veh'S Opposite Approach: Thru-Right,Opposing vehicles turning,S,0,1,0,0,1,2,0,0,0,0,0,0
331008,Hospitalisation,2021,January,Friday,9,Angle,Multi-Vehicle,145.7401257,-16.90108173,Forest Ave,Woodward St,,Edge Hill,Cairns Region,4870,Cairns,Far North,Far Northern,Northern,North Queensland,Whitfield - Edge Hill,Cairns - South,Cairns,Outer Regional,Cairns,Leichhardt,Locally-controlled,Intersection - Cross,Stop sign,60 km/h,Sealed - Dry,Clear,Daylight,Straight,Level,101,Veh'S Adjacent Approach: Thru-Thru,Intersection from adjacent approaches,S,0,1,0,0,1,2,0,0,0,0,0,0
331009,Hospitalisation,2021,January,Sunday,15,Sideswipe,Multi-Vehicle,145.7657987,-16.91065474,Charles St,Lake St,,Cairns North,Cairns Region,4870,Cairns,Far North,Far Northern,Northern,North Queensland,Cairns City,Cairns - South,Cairns,Outer Regional,Cairns,Leichhardt,Locally-controlled,Intersection - Cross,Stop sign,0 - 50 km/h,Sealed - Dry,Clear,Daylight,Straight,Level,101,Veh'S Adjacent Approach: Thru-Thru,Intersection from adjacent approaches,,0,1,0,1,2,2,0,0,0,0,0,0
331010,Hospitalisation,2021,January,Monday,8,Rear-end,Multi-Vehicle,145.7416267,-16.91621073,Pease St,Pioneer St,Anderson Street,Manoora,Cairns Region,4870,Cairns,Far North,Far Northern,Northern,North Queensland,Manoora,Cairns - South,Cairns,Outer Regional,Cairns,Leichhardt,State-controlled,Intersection - T-Junction,No traffic control,60 km/h,Sealed - Dry,Clear,Daylight,Straight,Grade,301,Veh'S Same Direction: Rear End,Rear-end,S,0,1,0,0,1,3,0,0,0,0,0,0
331011,Hospitalisation,2021,January,Wednesday,4,Hit object,Single Vehicle,145.7459177,-16.92722173,Birch St,English St,,Manunda,Cairns Region,4870,Cairns,Far North,Far Northern,Northern,North Queensland,Manunda,Cairns - South,Cairns,Outer Regional,Cairns,Leichhardt,Locally-controlled,Intersection - Roundabout,No traffic control,0 - 50 km/h,Sealed - Dry,Clear,Darkness - Lighted,Straight,Level,705,Off Path-Straight:Out Of Control On Cway,Out of control on straight,E,0,1,0,0,1,1,0,0,0,0,0,0
331012,Hospitalisation,2021,January,Thursday,12,Rear-end,Multi-Vehicle,145.7422517,-16.94979173,Mulgrave Rd,,Mulgrave Road,Earlville,Cairns Region,4870,Cairns,Far North,Far Northern,Northern,North Queensland,Earlville - Bayview Heights,Cairns - South,Cairns,Outer Regional,Cairns,Leichhardt,State-controlled,No Roadway Feature,No traffic control,60 km/h,Sealed - Wet,Raining,Daylight,Straight,Level,301,Veh'S Same Direction: Rear End,Rear-end,E,0,1,0,0,1,3,0,0,0,0,0,0
331013,Hospitalisation,2021,January,Thursday,12,Angle,Multi-Vehicle,145.7668697,-16.92357674,Florence St,Mulgrave Rd,Mulgrave Road,Parramatta Park,Cairns Region,4870,Cairns,Far North,Far Northern,Northern,North Queensland,Cairns City,Cairns - South,Cairns,Outer Regional,Cairns,Leichhardt,State-controlled,Intersection - T-Junction,Operating traffic lights,60 km/h,Sealed - Wet,Raining,Daylight,Curved - view open,Level,202,Veh'S Opposite Approach: Thru-Right,Opposing vehicles turning,N,0,2,0,0,2,2,0,0,0,0,0,0
331014,Minor injury,2021,January,Friday,14,Angle,Multi-Vehicle,145.7421757,-16.94069973,Ishmael Rd,Mulgrave Rd,Mulgrave Road,Earlville,Cairns Region,4870,Cairns,Far North,Far Northern,Northern,North Queensland,Earlville - Bayview Heights,Cairns - South,Cairns,Outer Regional,Cairns,Leichhardt,State-controlled,Intersection - T-Junction,Operating traffic lights,60 km/h,Sealed - Dry,Clear,Daylight,Straight,Level,202,Veh'S Opposite Approach: Thru-Right,Opposing vehicles turning,N,0,0,0,1,1,2,0,0,0,0,0,0
331015,Hospitalisation,2021,January,Saturday,10,Angle,Multi-Vehicle,145.7718587,-16.92682774,Bunda St,,Port Connection Road,Cairns City,Cairns Region,4870,Cairns,Far North,Far Northern,Northern,North Queensland,Cairns City,Cairns - South,Cairns,Outer Regional,Cairns,Leichhardt,State-controlled,No Roadway Feature,Give way sign,0 - 50 km/h,Sealed - Dry,Clear,Daylight,Straight,Level,406,Veh'S Manoeuvring: Leaving Driveway,Vehicle leaving driveway,E,0,1,0,0,1,1,1,0,0,0,0,0
331016,Hospitalisation,2021,February,Tuesday,14,Rear-end,Multi-Vehicle,145.7633447,-16.92370574,Severin St,,,Parramatta Park,Cairns Region,4870,Cairns,Far North,Far Northern,Northern,North Queensland,Cairns City,Cairns - South,Cairns,Outer Regional,Cairns,Leichhardt,Locally-controlled,No Roadway Feature,No traffic control,0 - 50 km/h,Sealed - Dry,Clear,Daylight,Straight,Level,301,Veh'S Same Direction: Rear End,Rear-end,W,0,1,0,1,2,3,0,0,0,0,0,0
331017,Hospitalisation,2021,February,Tuesday,16,Rear-end,Multi-Vehicle,145.7439387,-16.93924573,Kelly St,Mulgrave Rd,Mulgrave Road,Earlville,Cairns Region,4870,Cairns,Far North,Far Northern,Northern,North Queensland,Earlville - Bayview Heights,Cairns - South,Cairns,Outer Regional,Cairns,Leichhardt,State-controlled,Intersection - T-Junction,No traffic control,60 km/h,Sealed - Dry,Clear,Daylight,Straight,Level,301,Veh'S Same Direction: Rear End,Rear-end,N,0,1,0,0,1,3,0,0,0,0,0,0
331018,Hospitalisation,2021,February,Wednesday,19,Angle,Multi-Vehicle,145.7524617,-16.94003973,Newell St,Scott St,,Bungalow,Cairns Region,4870,Cairns,Far North,Far Northern,Northern,North Queensland,Westcourt - Bungalow,Cairns - South,Cairns,Outer Regional,Cairns,Leichhardt,Locally-controlled,Intersection - Cross,Give way sign,60 km/h,Sealed - Wet,Raining,Darkness - Lighted,Straight,Level,101,Veh'S Adjacent Approach: Thru-Thru,Intersection from adjacent approaches,E,0,1,0,0,1,2,0,0,0,0,0,0
331019,Medical treatment,2021,February,Wednesday,19,Angle,Multi-Vehicle,145.7619947,-16.91881774,Draper St,Gatton St,,Parramatta Park,Cairns Region,4870,Cairns,Far North,Far Northern,Northern,North Queensland,Cairns City,Cairns - South,Cairns,Outer Regional,Cairns,Leichhardt,Locally-controlled,Intersection - Cross,Stop sign,0 - 50 km/h,Sealed - Wet,Raining,Darkness - Not lighted,Straight,Level,101,Veh'S Adjacent Approach: Thru-Thru,Intersection from adjacent approaches,W,0,0,1,0,1,2,0,0,0,0,0,0
331020,Minor injury,2021,February,Wednesday,20,Sideswipe,Multi-Vehicle,145.7650647,-16.91123574,Charles St,Digger St,,Cairns North,Cairns Region,4870,Cairns,Far North,Far Northern,Northern,North Queensland,Cairns City,Cairns - South,Cairns,Outer Regional,Cairns,Leichhardt,Locally-controlled,Intersection - Cross,Stop sign,0 - 50 km/h,Sealed - Wet,Raining,Darkness - Lighted,Straight,Level,101,Veh'S Adjacent Approach: Thru-Thru,Intersection from adjacent approaches,W,0,0,0,2,2,2,0,0,0,0,0,0
331021,Medical treatment,2021,February,Thursday,14,Angle,Multi-Vehicle,145.7723667,-16.92195974,Aplin St,Sheridan St,,Cairns City,Cairns Region,4870,Cairns,Far North,Far Northern,Northern,North Queensland,Cairns City,Cairns - South,Cairns,Outer Regional,Cairns,Leichhardt,Locally-controlled,Intersection - Cross,Operating traffic lights,0 - 50 km/h,Sealed - Dry,Clear,Daylight,Straight,Level,101,Veh'S Adjacent Approach: Thru-Thru,Intersection from adjacent approaches,S,0,0,1,0,1,2,0,0,0,0,0,0
331022,Hospitalisation,2021,February,Friday,7,Angle,Multi-Vehicle,145.7704367,-16.91782374,Grafton St,Minnie St,,Cairns City,Cairns Region,4870,Cairns,Far North,Far Northern,Northern,North Queensland,Cairns City,Cairns - South,Cairns,Outer Regional,Cairns,Leichhardt,Locally-controlled,Intersection - Cross,Stop sign,60 km/h,Sealed - Dry,Clear,Daylight,Straight,Level,101,Veh'S Adjacent Approach: Thru-Thru,Intersection from adjacent approaches,,0,1,0,0,1,2,0,0,0,0,0,0
331023,Hospitalisation,2021,February,Friday,16,Hit pedestrian,Hit pedestrian,145.7465137,-16.92222873,English St,,,Manunda,Cairns Region,4870,Cairns,Far North,Far Northern,Northern,North Queensland,Manunda,Cairns - South,Cairns,Outer Regional,Cairns,Leichhardt,Locally-controlled,No Roadway Feature,No traffic control,60 km/h,Sealed - Dry,Clear,Daylight,Straight,Level,3,Ped'N: Far Side Vehicle Hit From Left,Pedestrian,S,0,1,0,0,1,1,0,0,0,0,1,0
331024,Medical treatment,2021,February,Friday,8,Rear-end,Multi-Vehicle,145.7542217,-16.89504473,Sheridan St,,Captain Cook Highway (Cairns - Mossman),Cairns North,Cairns Region,4870,Cairns,Far North,Far Northern,Northern,North Queensland,Cairns City,Cairns - South,Cairns,Outer Regional,Cairns,Leichhardt,State-controlled,No Roadway Feature,No traffic control,60 km/h,Sealed - Dry,Clear,Daylight,Straight,Level,301,Veh'S Same Direction: Rear End,Rear-end,S,0,0,1,0,1,3,0,0,0,0,0,0
331025,Hospitalisation,2021,February,Wednesday,18,Hit pedestrian,Hit pedestrian,145.7693097,-16.91871174,Minnie St,Sheridan St,Captain Cook Highway (Cairns - Mossman),Cairns City,Cairns Region,4870,Cairns,Far North,Far Northern,Northern,North Queensland,Cairns City,Cairns - South,Cairns,Outer Regional,Cairns,Leichhardt,State-controlled,Intersection - Cross,No traffic control,60 km/h,Sealed - Dry,Clear,Dawn/Dusk,Straight,Level,3,Ped'N: Far Side Vehicle Hit From Left,Pedestrian,W,0,1,0,0,1,1,0,0,0,0,1,0
331026,Fatal,2021,February,Wednesday,18,Head-on,Multi-Vehicle,145.7221367,-16.93091573,Lake Morris Rd,,,Mooroobool,Cairns Region,4870,Cairns,Far North,Far Northern,Northern,North Queensland,Kanimbla - Mooroobool,Cairns - South,Cairns,Outer Regional,Cairns,Leichhardt,Locally-controlled,No Roadway Feature,No traffic control,0 - 50 km/h,Sealed - Dry,Clear,Daylight,Curved - view obscured,Level,201,Veh'S Opposite Approach: Head On,Head-on,,1,0,0,1,2,1,0,0,0,1,0,0
331027,Minor injury,2021,February,Friday,13,Rear-end,Multi-Vehicle,145.7432547,-16.92295173,Hoare St,,,Manunda,Cairns Region,4870,Cairns,Far North,Far Northern,Northern,North Queensland,Manunda,Cairns - South,Cairns,Outer Regional,Cairns,Leichhardt,Locally-controlled,No Roadway Feature,Pedestrian operated lights,60 km/h,Sealed - Wet,Raining,Daylight,Straight,Level,301,Veh'S Same Direction: Rear End,Rear-end,E,0,0,0,1,1,2,0,0,0,0,0,0
331028,Medical treatment,2021,February,Friday,16,Angle,Multi-Vehicle,145.7411927,-16.94135473,Marsh St,Mulgrave Rd,Mulgrave Road,Earlville,Cairns Region,4870,Cairns,Far North,Far Northern,Northern,North Queensland,Earlville - Bayview Heights,Cairns - South,Cairns,Outer Regional,Cairns,Leichhardt,State-controlled,Intersection - T-Junction,No traffic control,60 km/h,Sealed - Wet,Clear,Daylight,Straight,Level,202,Veh'S Opposite Approach: Thru-Right,Opposing vehicles turning,N,0,0,2,0,2,2,0,0,0,0,0,0
331029,Medical treatment,2021,February,Friday,13,Angle,Multi-Vehicle,145.7528407,-16.93583473,Lyons St,Mulgrave Rd,Mulgrave Road,Bungalow,Cairns Region,4870,Cairns,Far North,Far Northern,Northern,North Queensland,Westcourt - Bungalow,Cairns - South,Cairns,Outer Regional,Cairns,Leichhardt,State-controlled,Intersection - T-Junction,No traffic control,60 km/h,Sealed - Wet,Clear,Daylight,Straight,Level,202,Veh'S Opposite Approach: Thru-Right,Opposing vehicles turning,N,0,0,1,0,1,2,0,0,0,0,0,0
331030,Hospitalisation,2021,February,Saturday,11,Hit pedestrian,Hit pedestrian,145.7796597,-16.92194274,Pier Point Rd,,,Cairns City,Cairns Region,4870,Cairns,Far North,Far Northern,Northern,North Queensland,Cairns City,Cairns - South,Cairns,Outer Regional,Cairns,Leichhardt,Locally-controlled,No Roadway Feature,No traffic control,0 - 50 km/h,Sealed - Dry,Clear,Daylight,Straight,Level,0,Ped'N: Hit Other,Other,E,0,1,0,0,1,1,0,0,0,0,1,0
331031,Hospitalisation,2021,February,Sunday,0,Angle,Multi-Vehicle,145.7605677,-16.91712774,Draper St,Grove St,,Parramatta Park,Cairns Region,4870,Cairns,Far North,Far Northern,Northern,North Queensland,Cairns City,Cairns - South,Cairns,Outer Regional,Cairns,Leichhardt,Locally-controlled,Intersection - Cross,Give way sign,60 km/h,Sealed - Dry,Clear,Darkness - Lighted,Straight,Level,101,Veh'S Adjacent Approach: Thru-Thru,Intersection from adjacent approaches,,0,3,0,0,3,2,0,0,0,0,0,0
331032,Hospitalisation,2021,February,Wednesday,15,Angle,Multi-Vehicle,145.7450667,-16.91624073,Anderson St,Mccormack St,Anderson Street,Manunda,Cairns Region,4870,Cairns,Far North,Far Northern,Northern,North Queensland,Manunda,Cairns - South,Cairns,Outer Regional,Cairns,Leichhardt,State-controlled,Intersection - Cross,No traffic control,60 km/h,Sealed - Dry,Clear,Daylight,Straight,Level,202,Veh'S Opposite Approach: Thru-Right,Opposing vehicles turning,E,0,1,0,0,1,2,0,0,0,0,0,0
331033,Hospitalisation,2021,February,Tuesday,14,Rear-end,Multi-Vehicle,145.7528407,-16.93583473,Lyons St,Mulgrave Rd,Mulgrave Road,Bungalow,Cairns Region,4870,Cairns,Far North,Far Northern,Northern,North Queensland,Westcourt - Bungalow,Cairns - South,Cairns,Outer Regional,Cairns,Leichhardt,State-controlled,Intersection - T-Junction,Give way sign,60 km/h,Sealed - Dry,Clear,Daylight,Straight,Level,302,Veh'S Same Direction: Left Rear,Rear-end,W,0,1,0,0,1,2,0,0,0,0,0,0
331034,Hospitalisation,2021,February,Wednesday,17,Angle,Multi-Vehicle,145.7450667,-16.91624073,Anderson St,Mccormack St,Anderson Street,Manunda,Cairns Region,4870,Cairns,Far North,Far Northern,Northern,North Queensland,Manunda,Cairns - South,Cairns,Outer Regional,Cairns,Leichhardt,State-controlled,Intersection - Cross,No traffic control,60 km/h,Sealed - Dry,Clear,Daylight,Straight,Level,408,Veh'S Manoeuvring: Entering From Footway,Vehicle leaving driveway,W,0,1,0,0,1,1,1,0,0,0,0,0