Crash_Severity,Crash_Year,Crash_Month,Crash_Day_Of_Week,Crash_Hour,Crash_Nature,Crash_Type,Crash_Longitude,Crash_Latitude,Crash_Street,Crash_Street_Intersecting,State_Road_Name,Loc_Suburb,Loc_Local_Government_Area,Loc_Post_Code,Loc_Police_Division,Loc_Police_District,Loc_Police_Region,Loc_Queensland_Transport_Region,Loc_Main_Roads_Region,Loc_ABS_Statistical_Area_2,Loc_ABS_Statistical_Area_3,Loc_ABS_Statistical_Area_4,Loc_ABS_Remoteness,Loc_State_Electorate,Loc_Federal_Electorate,Crash_Controlling_Authority,Crash_Roadway_Feature,Crash_Traffic_Control,Crash_Speed_Limit,Crash_Road_Surface_Condition,Crash_Atmospheric_Condition,Crash_Lighting_Condition,Crash_Road_Horiz_Align,Crash_Road_Vert_Align,Crash_DCA_Code,Crash_DCA_Description,Crash_DCA_Group_Description,DCA_Key_Approach_Dir,Count_Casualty_Fatality,Count_Casualty_Hospitalised,Count_Casualty_MedicallyTreated,Count_Casualty_MinorInjury,Count_Casualty_Total,Count_Unit_Car,Count_Unit_Motorcycle_Moped,Count_Unit_Truck,Count_Unit_Bus,Count_Unit_Bicycle,Count_Unit_Pedestrian,Count_Unit_Other,
331035,Hospitalisation,2021,February,Friday,8,Angle,Multi-Vehicle,145.7401897,-16.92082473,Murray St,Pease St,Cairns Western Arterial Road,Manoora,Cairns Region,4870,Cairns,Far North,Far Northern,Northern,North Queensland,Manoora,Cairns - South,Cairns,Outer Regional,Cairns,Leichhardt,State-controlled,Intersection - T-Junction,No traffic control,60 km/h,Sealed - Dry,Raining,Daylight,Straight,Level,202,Veh'S Opposite Approach: Thru-Right,Opposing vehicles turning,S,0,1,1,0,2,2,0,0,0,0,0,0
331036,Hospitalisation,2021,March,Sunday,15,Rear-end,Multi-Vehicle,145.7650177,-16.91361574,Grove St,Sheridan St,Captain Cook Highway (Cairns - Mossman),Cairns North,Cairns Region,4870,Cairns,Far North,Far Northern,Northern,North Queensland,Cairns City,Cairns - South,Cairns,Outer Regional,Cairns,Leichhardt,State-controlled,Intersection - Cross,Operating traffic lights,60 km/h,Sealed - Dry,Clear,Daylight,Straight,Level,303,Veh'S Same Direction: Right Rear,Rear-end,N,0,2,0,0,2,2,0,0,0,0,0,0
331037,Hospitalisation,2021,March,Sunday,19,Hit object,Single Vehicle,145.7299381,-16.91506746,Reservoir Rd,,Cairns Western Arterial Road,Whitfield,Cairns Region,4870,Cairns,Far North,Far Northern,Northern,North Queensland,Whitfield - Edge Hill,Cairns - South,Cairns,Outer Regional,Cairns,Leichhardt,State-controlled,Intersection - Interchange,No traffic control,80 - 90 km/h,Sealed - Wet,Clear,Darkness - Lighted,Curved - view open,Level,803,Off Path-Curve: Off Cway Rt Bend Hit Obj,Off carriageway on curve hit object,E,0,3,0,0,3,1,0,0,0,0,0,0
331038,Hospitalisation,2021,March,Monday,20,Hit object,Single Vehicle,145.7306057,-16.91558273,Reservoir Rd,,Cairns Western Arterial Road,Whitfield,Cairns Region,4870,Cairns,Far North,Far Northern,Northern,North Queensland,Kanimbla - Mooroobool,Cairns - South,Cairns,Outer Regional,Cairns,Leichhardt,State-controlled,No Roadway Feature,No traffic control,80 - 90 km/h,Sealed - Dry,Clear,Darkness - Lighted,Curved - view obscured,Dip,805,Off Path-Curve: Out Of Control On Cway,Out of control on curve,E,0,3,0,0,3,1,0,0,0,0,0,0
331039,Medical treatment,2021,March,Monday,19,Angle,Multi-Vehicle,145.7434777,-16.93109673,Lennon St,Mccormack St,Cairns Western Arterial Road,Manunda,Cairns Region,4870,Cairns,Far North,Far Northern,Northern,North Queensland,Westcourt - Bungalow,Cairns - South,Cairns,Outer Regional,Cairns,Leichhardt,State-controlled,Intersection - T-Junction,Operating traffic lights,60 km/h,Sealed - Dry,Clear,Dawn/Dusk,Curved - view open,Level,104,Veh'S Adjacent Approach: Thru-Right,Intersection from adjacent approaches,S,0,0,1,0,1,1,0,0,0,0,0,1
331040,Minor injury,2021,March,Tuesday,15,Rear-end,Multi-Vehicle,145.7213737,-16.91367773,Ramsey Dr,Reservoir Rd,Cairns Western Arterial Road,Kanimbla,Cairns Region,4870,Cairns,Far North,Far Northern,Northern,North Queensland,Kanimbla - Mooroobool,Cairns - South,Cairns,Outer Regional,Cairns,Leichhardt,State-controlled,Intersection - T-Junction,Give way sign,60 km/h,Sealed - Dry,Clear,Daylight,Straight,Level,302,Veh'S Same Direction: Left Rear,Rear-end,N,0,0,0,2,2,2,0,0,0,0,0,0
331041,Hospitalisation,2021,March,Thursday,7,Rear-end,Multi-Vehicle,145.7680577,-16.91688074,Sheridan St,Upward St,Captain Cook Highway (Cairns - Mossman),Cairns North,Cairns Region,4870,Cairns,Far North,Far Northern,Northern,North Queensland,Cairns City,Cairns - South,Cairns,Outer Regional,Cairns,Leichhardt,State-controlled,Intersection - Cross,Operating traffic lights,60 km/h,Sealed - Dry,Clear,Daylight,Straight,Level,301,Veh'S Same Direction: Rear End,Rear-end,E,0,2,0,0,2,4,0,0,0,0,0,0
331042,Hospitalisation,2021,March,Friday,15,Hit pedestrian,Hit pedestrian,145.7539587,-16.92516373,Aumuller St,Gatton St,,Manunda,Cairns Region,4870,Cairns,Far North,Far Northern,Northern,North Queensland,Manunda,Cairns - South,Cairns,Outer Regional,Cairns,Leichhardt,Locally-controlled,Intersection - Cross,Operating traffic lights,60 km/h,Sealed - Dry,Clear,Daylight,Straight,Level,1,Ped'N: Near Side Vehicle Hit From Right,Pedestrian,S,0,1,0,0,1,0,1,0,0,0,1,0
331043,Minor injury,2021,March,Friday,8,Sideswipe,Multi-Vehicle,145.7749732,-16.92314191,Grafton St,,,Cairns City,Cairns Region,4870,Cairns,Far North,Far Northern,Northern,North Queensland,Cairns City,Cairns - South,Cairns,Outer Regional,Cairns,Leichhardt,Locally-controlled,Median Opening,No traffic control,0 - 50 km/h,Sealed - Dry,Clear,Daylight,Straight,Level,207,Veh'S Opposite Approach: U-Turn,U-turn,E,0,0,0,1,1,1,1,0,0,0,0,0
331044,Hospitalisation,2021,March,Sunday,16,Angle,Multi-Vehicle,145.7585827,-16.90447473,Lily St,Sheridan St,Captain Cook Highway (Cairns - Mossman),Cairns North,Cairns Region,4870,Cairns,Far North,Far Northern,Northern,North Queensland,Cairns City,Cairns - South,Cairns,Outer Regional,Cairns,Leichhardt,State-controlled,Intersection - Cross,Operating traffic lights,0 - 50 km/h,Sealed - Dry,Clear,Daylight,Straight,Level,104,Veh'S Adjacent Approach: Thru-Right,Intersection from adjacent approaches,S,0,2,0,0,2,2,0,0,0,0,0,0
331045,Hospitalisation,2021,March,Friday,10,Angle,Multi-Vehicle,145.7499537,-16.92832573,Brown St,Gatton St,,Westcourt,Cairns Region,4870,Cairns,Far North,Far Northern,Northern,North Queensland,Manunda,Cairns - South,Cairns,Outer Regional,Cairns,Leichhardt,Locally-controlled,Intersection - Roundabout,Give way sign,0 - 50 km/h,Sealed - Dry,Clear,Daylight,Curved - view open,Level,101,Veh'S Adjacent Approach: Thru-Thru,Intersection from adjacent approaches,E,0,1,0,0,1,1,1,0,0,0,0,0
331046,Medical treatment,2021,March,Saturday,7,Angle,Multi-Vehicle,145.7329727,-16.90887873,Jensen St,Redwood St,,Whitfield,Cairns Region,4870,Cairns,Far North,Far Northern,Northern,North Queensland,Whitfield - Edge Hill,Cairns - South,Cairns,Outer Regional,Cairns,Leichhardt,Locally-controlled,Intersection - T-Junction,Give way sign,0 - 50 km/h,Sealed - Dry,Clear,Daylight,Straight,Level,105,Veh'S Adjacent Approach: Right-Right,Intersection from adjacent approaches,N,0,0,1,0,1,1,0,0,0,1,0,0
331047,Minor injury,2021,March,Wednesday,11,Hit object,Single Vehicle,145.7273827,-16.92278973,Ramsey Dr,,,Kanimbla,Cairns Region,4870,Cairns,Far North,Far Northern,Northern,North Queensland,Kanimbla - Mooroobool,Cairns - South,Cairns,Outer Regional,Cairns,Leichhardt,Locally-controlled,No Roadway Feature,No traffic control,60 km/h,Sealed - Dry,Clear,Daylight,Curved - view open,Level,805,Off Path-Curve: Out Of Control On Cway,Out of control on curve,S,0,0,0,1,1,1,0,0,0,0,0,0
331048,Hospitalisation,2021,March,Wednesday,14,Hit pedestrian,Hit pedestrian,145.7400247,-16.93325873,Callum St,Swallow St,,Mooroobool,Cairns Region,4870,Cairns,Far North,Far Northern,Northern,North Queensland,Kanimbla - Mooroobool,Cairns - South,Cairns,Outer Regional,Cairns,Leichhardt,Locally-controlled,Intersection - T-Junction,No traffic control,60 km/h,Sealed - Dry,Clear,Daylight,Straight,Level,1,Ped'N: Near Side Vehicle Hit From Right,Pedestrian,W,0,1,0,0,1,1,0,0,0,0,1,0
331049,Hospitalisation,2021,March,Thursday,18,Fall from vehicle,Single Vehicle,145.7499537,-16.92832573,Brown St,Gatton St,,Westcourt,Cairns Region,4870,Cairns,Far North,Far Northern,Northern,North Queensland,Manunda,Cairns - South,Cairns,Outer Regional,Cairns,Leichhardt,Locally-controlled,Intersection - Roundabout,Give way sign,0 - 50 km/h,Sealed - Dry,Clear,Darkness - Lighted,Straight,Level,705,Off Path-Straight:Out Of Control On Cway,Out of control on straight,N,0,1,0,0,1,0,1,0,0,0,0,1
331050,Medical treatment,2021,March,Thursday,13,Rear-end,Multi-Vehicle,145.7577368,-16.90362644,Sheridan St,,Captain Cook Highway (Cairns - Mossman),Cairns North,Cairns Region,4870,Cairns,Far North,Far Northern,Northern,North Queensland,Cairns City,Cairns - South,Cairns,Outer Regional,Cairns,Leichhardt,State-controlled,No Roadway Feature,No traffic control,60 km/h,Sealed - Dry,Clear,Daylight,Straight,Level,301,Veh'S Same Direction: Rear End,Rear-end,N,0,0,2,0,2,4,0,0,0,0,0,0
331051,Medical treatment,2021,March,Friday,13,Rear-end,Multi-Vehicle,145.7646277,-16.91960974,Martyn St,Upward St,,Parramatta Park,Cairns Region,4870,Cairns,Far North,Far Northern,Northern,North Queensland,Cairns City,Cairns - South,Cairns,Outer Regional,Cairns,Leichhardt,Locally-controlled,Intersection - Roundabout,No traffic control,0 - 50 km/h,Sealed - Dry,Clear,Daylight,Straight,Level,301,Veh'S Same Direction: Rear End,Rear-end,W,0,0,1,0,1,2,0,0,0,0,0,0
331052,Minor injury,2021,March,Saturday,9,Sideswipe,Multi-Vehicle,145.7397327,-16.94773473,Mario St,Mulgrave Rd,Mulgrave Road,Earlville,Cairns Region,4870,Cairns,Far North,Far Northern,Northern,North Queensland,Earlville - Bayview Heights,Cairns - South,Cairns,Outer Regional,Mulgrave,Leichhardt,State-controlled,Intersection - T-Junction,No traffic control,60 km/h,Sealed - Dry,Clear,Daylight,Curved - view open,Level,3,Ped'N: Far Side Vehicle Hit From Left,Pedestrian,E,0,0,0,1,1,1,0,0,0,0,1,0
331168,Hospitalisation,2021,January,Sunday,10,Hit object,Single Vehicle,153.2070653,-27.70255645,Dryandra Dr,,,Eagleby,Logan City,4207,Beenleigh,Logan,South Eastern,SEQ South,South Coast,Eagleby,Beenleigh,Logan - Beaudesert,Major Cities,Macalister,Forde,Locally-controlled,No Roadway Feature,No traffic control,0 - 50 km/h,Sealed - Dry,Clear,Daylight,Straight,Level,0,Ped'N: Hit Other,Other,N,0,1,0,0,1,1,0,0,0,0,1,0
331169,Minor injury,2021,January,Sunday,4,Hit object,Single Vehicle,153.1597475,-27.68904502,Holzheimer Rd,,,Bethania,Logan City,4205,Beenleigh,Logan,South Eastern,SEQ South,South Coast,Bethania - Waterford,Loganlea - Carbrook,Logan - Beaudesert,Major Cities,Waterford,Forde,Locally-controlled,No Roadway Feature,No traffic control,0 - 50 km/h,Sealed - Wet,Clear,Darkness - Lighted,Straight,Level,704,Off Path-Straight:Right Off Cway Hit Obj,Off carriageway on straight hit object,S,0,0,0,2,2,1,0,0,0,0,0,0
331170,Hospitalisation,2021,February,Monday,12,Rear-end,Multi-Vehicle,153.193127,-27.73388146,Beaudesert - Beenleigh Rd,Janine Dr,Beaudesert - Beenleigh Road,Bahrs Scrub,Logan City,4207,Beenleigh,Logan,South Eastern,SEQ South,South Coast,Mount Warren Park,Beenleigh,Logan - Beaudesert,Major Cities,Macalister,Forde,State-controlled,Intersection - T-Junction,No traffic control,70 km/h,Sealed - Dry,Clear,Daylight,Straight,Dip,303,Veh'S Same Direction: Right Rear,Rear-end,E,0,1,0,0,1,1,0,1,0,0,0,0
331171,Medical treatment,2021,February,Monday,6,Angle,Multi-Vehicle,153.1976056,-27.70094867,Pacific Hwy,,Pacific Highway (Pacific Motorway),Beenleigh,Logan City,4207,Beenleigh,Logan,South Eastern,SEQ South,South Coast,Beenleigh,Beenleigh,Logan - Beaudesert,Major Cities,Macalister,Forde,State-controlled,No Roadway Feature,No traffic control,100 - 110 km/h,Sealed - Dry,Clear,Daylight,Straight,Level,301,Veh'S Same Direction: Rear End,Rear-end,N,0,0,1,0,1,2,0,0,0,0,0,0
331172,Medical treatment,2021,February,Wednesday,13,Rear-end,Multi-Vehicle,153.2048612,-27.71649235,George St,,,Beenleigh,Logan City,4207,Beenleigh,Logan,South Eastern,SEQ South,South Coast,Beenleigh,Beenleigh,Logan - Beaudesert,Major Cities,Macalister,Forde,Locally-controlled,No Roadway Feature,No traffic control,0 - 50 km/h,Sealed - Dry,Clear,Daylight,Straight,Level,301,Veh'S Same Direction: Rear End,Rear-end,E,0,0,1,0,1,2,0,0,0,0,0,0
331173,Minor injury,2021,February,Friday,0,Sideswipe,Multi-Vehicle,153.158988,-27.71483346,Gardiner Rd,,,Holmview,Logan City,4207,Beenleigh,Logan,South Eastern,SEQ South,South Coast,Edens Landing - Holmview,Beenleigh,Logan - Beaudesert,Major Cities,Macalister,Forde,Locally-controlled,No Roadway Feature,No traffic control,60 km/h,Sealed - Dry,Clear,Daylight,Curved - view open,Level,305,Veh'S Same Direction: Lane Side Swipe,Lane changes,E,0,0,0,1,1,2,0,0,0,0,0,0
331174,Hospitalisation,2021,February,Friday,15,Angle,Multi-Vehicle,153.176491,-27.70816346,Kirkstall St,Lima St,,Holmview,Logan City,4207,Beenleigh,Logan,South Eastern,SEQ South,South Coast,Edens Landing - Holmview,Beenleigh,Logan - Beaudesert,Major Cities,Macalister,Forde,Locally-controlled,Intersection - T-Junction,No traffic control,0 - 50 km/h,Sealed - Dry,Clear,Daylight,Straight,Level,106,Veh'S Adjacent Approach: Left-Right,Intersection from adjacent approaches,W,0,1,0,0,1,0,0,1,0,1,0,0
331175,Hospitalisation,2021,February,Friday,20,Angle,Multi-Vehicle,153.217337,-27.75105847,Darlington Dr,Pagan Rd,,Yatala,Gold Coast City,4207,Coomera,Gold Coast,South Eastern,SEQ South,South Coast,Ormeau - Yatala,Ormeau - Oxenford,Gold Coast,Major Cities,Coomera,Forde,Locally-controlled,Intersection - Roundabout,Give way sign,70 km/h,Sealed - Dry,Clear,Darkness - Lighted,Curved - view open,Level,309,Veh'S Same Direction: Left Turn S/Swipe,Parallel lanes turning,W,0,1,0,0,1,3,0,0,0,0,0,0
331176,Hospitalisation,2021,February,Saturday,7,Angle,Multi-Vehicle,153.198543,-27.71563046,George St,Gordon St,,Beenleigh,Logan City,4207,Beenleigh,Logan,South Eastern,SEQ South,South Coast,Beenleigh,Beenleigh,Logan - Beaudesert,Major Cities,Macalister,Forde,Locally-controlled,Intersection - T-Junction,No traffic control,60 km/h,Sealed - Dry,Clear,Daylight,Straight,Grade,408,Veh'S Manoeuvring: Entering From Footway,Vehicle leaving driveway,W,0,2,0,0,2,1,0,0,0,2,0,0
331177,Hospitalisation,2021,February,Saturday,18,Head-on,Multi-Vehicle,153.1540475,-27.73700472,Hein Rd,,,Bahrs Scrub,Logan City,4207,Beenleigh,Logan,South Eastern,SEQ South,South Coast,Wolffdene - Bahrs Scrub,Beenleigh,Logan - Beaudesert,Major Cities,Macalister,Forde,Locally-controlled,No Roadway Feature,No traffic control,70 km/h,Sealed - Dry,Clear,Daylight,Curved - view obscured,Crest,201,Veh'S Opposite Approach: Head On,Head-on,S,0,3,1,0,4,2,0,0,0,0,0,0
331178,Hospitalisation,2021,February,Monday,2,Hit object,Single Vehicle,153.2068011,-27.71673758,George St,,,Beenleigh,Logan City,4207,Beenleigh,Logan,South Eastern,SEQ South,South Coast,Beenleigh,Beenleigh,Logan - Beaudesert,Major Cities,Macalister,Forde,Locally-controlled,No Roadway Feature,No traffic control,60 km/h,Sealed - Dry,Clear,Darkness - Lighted,Straight,Level,703,Off Path-Straight: Left Off Cway Hit Obj,Off carriageway on straight hit object,E,0,1,0,0,1,0,1,0,0,0,0,0
331179,Medical treatment,2021,February,Monday,17,Rear-end,Multi-Vehicle,153.229511,-27.73486447,Pacific Hwy Off Ramp,Stapylton - Jacobs Well Rd,Pacific Highway (Pacific Motorway),Stapylton,Gold Coast City,4207,Coomera,Gold Coast,South Eastern,SEQ South,South Coast,Ormeau - Yatala,Ormeau - Oxenford,Gold Coast,Major Cities,Coomera,Fadden,State-controlled,Intersection - Roundabout,Give way sign,0 - 50 km/h,Sealed - Dry,Clear,Daylight,Curved - view open,Level,301,Veh'S Same Direction: Rear End,Rear-end,W,0,0,1,0,1,1,0,0,0,0,0,1
331180,Hospitalisation,2021,February,Tuesday,1,Hit object,Single Vehicle,153.212912,-27.75626547,Stanmore Rd,,,Yatala,Gold Coast City,4207,Coomera,Gold Coast,South Eastern,SEQ South,South Coast,Ormeau - Yatala,Ormeau - Oxenford,Gold Coast,Major Cities,Coomera,Forde,Locally-controlled,No Roadway Feature,No traffic control,60 km/h,Sealed - Dry,Clear,Darkness - Lighted,Curved - view open,Level,808,Off Path-Curve: Mounts Traffic Island,Off carriageway on curve hit object,S,0,1,0,0,1,1,0,0,0,0,0,0
331181,Minor injury,2021,February,Wednesday,16,Sideswipe,Multi-Vehicle,153.251255,-27.76582647,Lahrs Rd,,,Ormeau,Gold Coast City,4208,Coomera,Gold Coast,South Eastern,SEQ South,South Coast,Ormeau - Yatala,Ormeau - Oxenford,Gold Coast,Major Cities,Coomera,Fadden,Locally-controlled,No Roadway Feature,No traffic control,60 km/h,Sealed - Dry,Clear,Daylight,Straight,Level,408,Veh'S Manoeuvring: Entering From Footway,Vehicle leaving driveway,N,0,0,0,1,1,2,0,0,0,0,0,0
331182,Hospitalisation,2021,February,Thursday,6,Rear-end,Multi-Vehicle,153.199144,-27.70223846,Pacific Hwy,,Pacific Highway (Pacific Motorway),Eagleby,Logan City,4207,Beenleigh,Logan,South Eastern,SEQ South,South Coast,Eagleby,Beenleigh,Logan - Beaudesert,Major Cities,Macalister,Forde,State-controlled,No Roadway Feature,No traffic control,100 - 110 km/h,Sealed - Dry,Clear,Daylight,Straight,Level,301,Veh'S Same Direction: Rear End,Rear-end,N,0,1,1,0,2,3,0,0,0,0,0,0
331183,Hospitalisation,2021,February,Wednesday,16,Hit object,Single Vehicle,153.2639717,-27.77229469,Goldmine Rd,,,Ormeau,Gold Coast City,4208,Coomera,Gold Coast,South Eastern,SEQ South,South Coast,Ormeau - Yatala,Ormeau - Oxenford,Gold Coast,Major Cities,Coomera,Fadden,Locally-controlled,No Roadway Feature,No traffic control,60 km/h,Unsealed - Dry,Raining,Daylight,Curved - view obscured,Dip,804,Off Path-Curve: Off Cway Lt Bend Hit Obj,Off carriageway on curve hit object,N,0,1,0,1,2,2,0,0,0,0,0,0
331184,Hospitalisation,2021,February,Wednesday,14,Angle,Multi-Vehicle,153.1814768,-27.71303308,Logan River Rd,,Brisbane - Beenleigh Road,Beenleigh,Logan City,4207,Beenleigh,Logan,South Eastern,SEQ South,South Coast,Beenleigh,Beenleigh,Logan - Beaudesert,Major Cities,Macalister,Forde,State-controlled,No Roadway Feature,No traffic control,60 km/h,Sealed - Dry,Clear,Daylight,Straight,Level,406,Veh'S Manoeuvring: Leaving Driveway,Vehicle leaving driveway,E,0,1,0,0,1,2,0,0,0,0,0,0
331185,Minor injury,2021,February,Thursday,9,Angle,Multi-Vehicle,153.203779,-27.71730346,Alamein St,,,Beenleigh,Logan City,4207,Beenleigh,Logan,South Eastern,SEQ South,South Coast,Beenleigh,Beenleigh,Logan - Beaudesert,Major Cities,Macalister,Forde,Locally-controlled,No Roadway Feature,No traffic control,60 km/h,Sealed - Wet,Raining,Daylight,Straight,Dip,408,Veh'S Manoeuvring: Entering From Footway,Vehicle leaving driveway,E,0,0,0,1,1,1,0,0,0,0,1,0
331186,Hospitalisation,2021,February,Thursday,16,Fall from vehicle,Single Vehicle,153.197815,-27.71551946,Bougainville St,George St,,Beenleigh,Logan City,4207,Beenleigh,Logan,South Eastern,SEQ South,South Coast,Beenleigh,Beenleigh,Logan - Beaudesert,Major Cities,Macalister,Forde,Locally-controlled,Intersection - Roundabout,Give way sign,0 - 50 km/h,Sealed - Wet,Raining,Daylight,Curved - view open,Dip,901,Pass & Misc: Fell In/From Vehicle,Other,W,0,1,0,0,1,1,0,0,0,0,0,0
331187,Medical treatment,2021,February,Friday,14,Sideswipe,Multi-Vehicle,153.263401,-27.77066947,Goldmine Rd,,,Ormeau,Gold Coast City,4208,Coomera,Gold Coast,South Eastern,SEQ South,South Coast,Ormeau - Yatala,Ormeau - Oxenford,Gold Coast,Major Cities,Coomera,Fadden,Locally-controlled,No Roadway Feature,No traffic control,0 - 50 km/h,Sealed - Dry,Clear,Daylight,Straight,Level,408,Veh'S Manoeuvring: Entering From Footway,Vehicle leaving driveway,S,0,0,1,0,1,2,0,0,0,0,0,0
331188,Fatal,2021,February,Saturday,22,Angle,Multi-Vehicle,153.186863,-27.75301546,Bannockburn Rd,Beaudesert - Beenleigh Rd,Beaudesert - Beenleigh Road,Belivah,Logan City,4207,Beenleigh,Logan,South Eastern,SEQ South,South Coast,Wolffdene - Bahrs Scrub,Beenleigh,Logan - Beaudesert,Major Cities,Macalister,Forde,State-controlled,Intersection - Cross,Give way sign,70 km/h,Sealed - Dry,Clear,Darkness - Lighted,Straight,Level,101,Veh'S Adjacent Approach: Thru-Thru,Intersection from adjacent approaches,W,1,2,2,3,8,2,0,0,0,0,0,0
331189,Medical treatment,2021,February,Thursday,8,Rear-end,Multi-Vehicle,153.203149,-27.70996746,City Rd,,,Beenleigh,Logan City,4207,Beenleigh,Logan,South Eastern,SEQ South,South Coast,Beenleigh,Beenleigh,Logan - Beaudesert,Major Cities,Macalister,Forde,Locally-controlled,No Roadway Feature,No traffic control,60 km/h,Sealed - Wet,Clear,Daylight,Straight,Grade,301,Veh'S Same Direction: Rear End,Rear-end,N,0,0,1,1,2,3,0,0,0,0,0,0
331190,Hospitalisation,2021,February,Thursday,18,Head-on,Multi-Vehicle,153.194644,-27.72002746,Hammel St,,Beenleigh Connection Road,Beenleigh,Logan City,4207,Beenleigh,Logan,South Eastern,SEQ South,South Coast,Beenleigh,Beenleigh,Logan - Beaudesert,Major Cities,Macalister,Forde,State-controlled,No Roadway Feature,No traffic control,60 km/h,Sealed - Dry,Clear,Darkness - Lighted,Straight,Level,201,Veh'S Opposite Approach: Head On,Head-on,E,0,3,0,0,3,3,0,0,0,0,0,0
331191,Hospitalisation,2021,February,Friday,13,Angle,Multi-Vehicle,153.197815,-27.71551946,Bougainville St,George St,,Beenleigh,Logan City,4207,Beenleigh,Logan,South Eastern,SEQ South,South Coast,Beenleigh,Beenleigh,Logan - Beaudesert,Major Cities,Macalister,Forde,Locally-controlled,Intersection - Roundabout,Give way sign,0 - 50 km/h,Sealed - Dry,Clear,Daylight,Straight,Grade,101,Veh'S Adjacent Approach: Thru-Thru,Intersection from adjacent approaches,,0,1,0,1,2,2,0,0,0,0,0,0
331192,Hospitalisation,2021,February,Friday,17,Rear-end,Multi-Vehicle,153.212459,-27.70577347,Fryar Rd,Monmouth St,,Eagleby,Logan City,4207,Beenleigh,Logan,South Eastern,SEQ South,South Coast,Eagleby,Beenleigh,Logan - Beaudesert,Major Cities,Macalister,Forde,Locally-controlled,Intersection - T-Junction,No traffic control,60 km/h,Sealed - Dry,Clear,Daylight,Straight,Level,303,Veh'S Same Direction: Right Rear,Rear-end,,0,2,1,1,4,3,0,0,0,0,0,0
331193,Hospitalisation,2021,March,Monday,8,Angle,Multi-Vehicle,153.243332,-27.75929947,Pacific Hwy,,Pacific Highway (Pacific Motorway),Yatala,Gold Coast City,4207,Coomera,Gold Coast,South Eastern,SEQ South,South Coast,Ormeau - Yatala,Ormeau - Oxenford,Gold Coast,Major Cities,Coomera,Fadden,State-controlled,No Roadway Feature,Police,80 - 90 km/h,Sealed - Dry,Clear,Daylight,Straight,Level,306,Veh'S Same Direction: Lane Change Right,Lane changes,W,0,1,0,0,1,1,0,1,0,0,0,0
331194,Minor injury,2021,March,Friday,16,Rear-end,Multi-Vehicle,153.2040243,-27.70583134,Brigade Dr,Pacific Hwy,Pacific Highway (Pacific Motorway),Eagleby,Logan City,4207,Beenleigh,Logan,South Eastern,SEQ South,South Coast,Eagleby,Beenleigh,Logan - Beaudesert,Major Cities,Macalister,Forde,State-controlled,Intersection - Roundabout,No traffic control,60 km/h,Sealed - Dry,Clear,Daylight,Straight,Level,301,Veh'S Same Direction: Rear End,Rear-end,W,0,0,0,1,1,2,0,0,0,0,0,0
331195,Medical treatment,2021,March,Saturday,9,Rear-end,Multi-Vehicle,153.211475,-27.72420347,Main St,,Beenleigh Connection Road,Beenleigh,Logan City,4207,Beenleigh,Logan,South Eastern,SEQ South,South Coast,Beenleigh,Beenleigh,Logan - Beaudesert,Major Cities,Macalister,Forde,State-controlled,No Roadway Feature,No traffic control,60 km/h,Sealed - Dry,Clear,Daylight,Straight,Level,303,Veh'S Same Direction: Right Rear,Rear-end,U,0,0,1,1,2,2,0,0,0,0,0,0
331196,Hospitalisation,2021,March,Monday,17,Rear-end,Multi-Vehicle,153.217801,-27.72301147,Pacific Hwy,,Pacific Highway (Pacific Motorway),Eagleby,Logan City,4207,Beenleigh,Logan,South Eastern,SEQ South,South Coast,Eagleby,Beenleigh,Logan - Beaudesert,Major Cities,Macalister,Forde,State-controlled,No Roadway Feature,No traffic control,100 - 110 km/h,Sealed - Dry,Clear,Daylight,Straight,Level,301,Veh'S Same Direction: Rear End,Rear-end,S,0,1,0,0,1,1,1,0,0,0,0,0
331197,Medical treatment,2021,March,Tuesday,8,Sideswipe,Multi-Vehicle,153.195128,-27.72152546,Lehmans Rd,Milne St,Beenleigh Connection Road,Beenleigh,Logan City,4207,Beenleigh,Logan,South Eastern,SEQ South,South Coast,Mount Warren Park,Beenleigh,Logan - Beaudesert,Major Cities,Macalister,Forde,State-controlled,Intersection - Roundabout,No traffic control,0 - 50 km/h,Sealed - Dry,Clear,Daylight,Straight,Level,100,Veh'S Adjacent Approach: Other,Intersection from adjacent approaches,N,0,0,1,0,1,2,0,0,0,0,0,0
331198,Medical treatment,2021,March,Saturday,9,Angle,Multi-Vehicle,153.368969,-27.78996448,Harbour Blvd,Moreton Dr,,Jacobs Well,Gold Coast City,4208,Coomera,Gold Coast,South Eastern,SEQ South,South Coast,Jacobs Well - Alberton,Ormeau - Oxenford,Gold Coast,Major Cities,Coomera,Fadden,Locally-controlled,Intersection - Roundabout,Give way sign,60 km/h,Sealed - Dry,Clear,Daylight,Straight,Level,107,Veh'S Adjacent Approach: Thru-Left,Intersection from adjacent approaches,W,0,0,1,0,1,1,1,0,0,0,0,0
331199,Medical treatment,2021,March,Saturday,22,Hit object,Single Vehicle,153.232132,-27.74186647,Pacific Hwy,,Pacific Highway (Pacific Motorway),Stapylton,Gold Coast City,4207,Coomera,Gold Coast,South Eastern,SEQ South,South Coast,Ormeau - Yatala,Ormeau - Oxenford,Gold Coast,Major Cities,Coomera,Fadden,State-controlled,No Roadway Feature,No traffic control,100 - 110 km/h,Sealed - Dry,Clear,Darkness - Lighted,Straight,Level,705,Off Path-Straight:Out Of Control On Cway,Out of control on straight,S,0,0,1,0,1,1,0,0,0,0,0,0