Crash_Severity,Crash_Year,Crash_Month,Crash_Day_Of_Week,Crash_Hour,Crash_Nature,Crash_Type,Crash_Longitude,Crash_Latitude,Crash_Street,Crash_Street_Intersecting,State_Road_Name,Loc_Suburb,Loc_Local_Government_Area,Loc_Post_Code,Loc_Police_Division,Loc_Police_District,Loc_Police_Region,Loc_Queensland_Transport_Region,Loc_Main_Roads_Region,Loc_ABS_Statistical_Area_2,Loc_ABS_Statistical_Area_3,Loc_ABS_Statistical_Area_4,Loc_ABS_Remoteness,Loc_State_Electorate,Loc_Federal_Electorate,Crash_Controlling_Authority,Crash_Roadway_Feature,Crash_Traffic_Control,Crash_Speed_Limit,Crash_Road_Surface_Condition,Crash_Atmospheric_Condition,Crash_Lighting_Condition,Crash_Road_Horiz_Align,Crash_Road_Vert_Align,Crash_DCA_Code,Crash_DCA_Description,Crash_DCA_Group_Description,DCA_Key_Approach_Dir,Count_Casualty_Fatality,Count_Casualty_Hospitalised,Count_Casualty_MedicallyTreated,Count_Casualty_MinorInjury,Count_Casualty_Total,Count_Unit_Car,Count_Unit_Motorcycle_Moped,Count_Unit_Truck,Count_Unit_Bus,Count_Unit_Bicycle,Count_Unit_Pedestrian,Count_Unit_Other,
331200,Hospitalisation,2021,March,Monday,15,Head-on,Multi-Vehicle,153.12945,-27.71452546,Waterford - Tamborine Rd,,Waterford - Tamborine Road,Waterford,Logan City,4133,Beenleigh,Logan,South Eastern,SEQ South,South Coast,Bethania - Waterford,Loganlea - Carbrook,Logan - Beaudesert,Major Cities,Waterford,Forde,State-controlled,No Roadway Feature,No traffic control,80 - 90 km/h,Sealed - Wet,Raining,Daylight,Straight,Level,201,Veh'S Opposite Approach: Head On,Head-on,S,0,3,0,0,3,2,0,0,0,0,0,0
331201,Minor injury,2021,March,Tuesday,22,Rear-end,Multi-Vehicle,153.2485165,-27.76481848,Pacific Hwy,,Pacific Highway (Pacific Motorway),Ormeau,Gold Coast City,4208,Coomera,Gold Coast,South Eastern,SEQ South,South Coast,Ormeau - Yatala,Ormeau - Oxenford,Gold Coast,Major Cities,Coomera,Fadden,State-controlled,No Roadway Feature,No traffic control,100 - 110 km/h,Sealed - Wet,Raining,Darkness - Lighted,Straight,Level,301,Veh'S Same Direction: Rear End,Rear-end,N,0,0,0,1,1,1,0,0,0,0,0,0
331202,Medical treatment,2021,March,Tuesday,12,Rear-end,Multi-Vehicle,153.203414,-27.70598946,Brigade Dr,Pacific Hwy,Pacific Highway (Pacific Motorway),Eagleby,Logan City,4207,Beenleigh,Logan,South Eastern,SEQ South,South Coast,Beenleigh,Beenleigh,Logan - Beaudesert,Major Cities,Macalister,Forde,State-controlled,Intersection - Roundabout,Give way sign,60 km/h,Sealed - Dry,Clear,Daylight,Straight,Level,301,Veh'S Same Direction: Rear End,Rear-end,S,0,0,2,0,2,2,0,0,0,0,0,0
331203,Minor injury,2021,March,Wednesday,16,Sideswipe,Multi-Vehicle,153.169984,-27.70224146,Loane Dr,Tokai Ct,,Edens Landing,Logan City,4207,Beenleigh,Logan,South Eastern,SEQ South,South Coast,Edens Landing - Holmview,Beenleigh,Logan - Beaudesert,Major Cities,Macalister,Forde,Locally-controlled,Intersection - T-Junction,No traffic control,0 - 50 km/h,Sealed - Wet,Raining,Daylight,Curved - view open,Grade,103,Veh'S Adjacent Approach: Left-Thru,Intersection from adjacent approaches,S,0,0,0,1,1,2,0,0,0,0,0,0
331204,Medical treatment,2021,March,Wednesday,17,Angle,Multi-Vehicle,153.201568,-27.71326446,Kokoda St,York St,,Beenleigh,Logan City,4207,Beenleigh,Logan,South Eastern,SEQ South,South Coast,Beenleigh,Beenleigh,Logan - Beaudesert,Major Cities,Macalister,Forde,Locally-controlled,Intersection - Cross,Stop sign,60 km/h,Sealed - Wet,Clear,Dawn/Dusk,Straight,Level,101,Veh'S Adjacent Approach: Thru-Thru,Intersection from adjacent approaches,N,0,0,1,0,1,2,0,0,0,0,0,0
331205,Minor injury,2021,March,Thursday,11,Rear-end,Multi-Vehicle,153.2205812,-27.72549931,Pacific Hwy,,Pacific Highway (Pacific Motorway),Eagleby,Logan City,4207,Beenleigh,Logan,South Eastern,SEQ South,South Coast,Eagleby,Beenleigh,Logan - Beaudesert,Major Cities,Macalister,Forde,State-controlled,No Roadway Feature,No traffic control,100 - 110 km/h,Sealed - Dry,Clear,Daylight,Straight,Level,301,Veh'S Same Direction: Rear End,Rear-end,S,0,0,0,1,1,2,0,0,0,0,0,0
331206,Minor injury,2021,March,Saturday,5,Sideswipe,Multi-Vehicle,153.2480073,-27.76358064,Pacific Hwy,,Pacific Highway (Pacific Motorway),Ormeau,Gold Coast City,4208,Coomera,Gold Coast,South Eastern,SEQ South,South Coast,Ormeau - Yatala,Ormeau - Oxenford,Gold Coast,Major Cities,Coomera,Fadden,State-controlled,No Roadway Feature,No traffic control,100 - 110 km/h,Sealed - Wet,Raining,Dawn/Dusk,Straight,Level,305,Veh'S Same Direction: Lane Side Swipe,Lane changes,S,0,0,0,1,1,2,0,0,0,0,0,0
331207,Hospitalisation,2021,March,Saturday,12,Angle,Multi-Vehicle,153.153969,-27.69510246,Albert St,Goodooga Dr,Brisbane - Beenleigh Road,Bethania,Logan City,4205,Beenleigh,Logan,South Eastern,SEQ South,South Coast,Bethania - Waterford,Loganlea - Carbrook,Logan - Beaudesert,Major Cities,Waterford,Forde,State-controlled,Intersection - Cross,Stop sign,0 - 50 km/h,Sealed - Dry,Clear,Daylight,Straight,Crest,107,Veh'S Adjacent Approach: Thru-Left,Intersection from adjacent approaches,S,0,1,1,0,2,2,0,0,0,0,0,0
331208,Minor injury,2021,March,Sunday,12,Rear-end,Multi-Vehicle,153.1408472,-27.69333405,Albert St,,Brisbane - Beenleigh Road,Waterford,Logan City,4133,Beenleigh,Logan,South Eastern,SEQ South,South Coast,Bethania - Waterford,Loganlea - Carbrook,Logan - Beaudesert,Major Cities,Waterford,Forde,State-controlled,No Roadway Feature,No traffic control,80 - 90 km/h,Sealed - Wet,Raining,Daylight,Straight,Level,301,Veh'S Same Direction: Rear End,Rear-end,E,0,0,0,1,1,5,0,0,0,0,0,0
331209,Hospitalisation,2021,March,Thursday,9,Rear-end,Multi-Vehicle,153.207598,-27.71267647,Pacific Hwy,,Pacific Highway (Pacific Motorway),Beenleigh,Logan City,4207,Beenleigh,Logan,South Eastern,SEQ South,South Coast,Eagleby,Beenleigh,Logan - Beaudesert,Major Cities,Macalister,Forde,State-controlled,No Roadway Feature,No traffic control,100 - 110 km/h,Sealed - Dry,Clear,Daylight,Straight,Level,301,Veh'S Same Direction: Rear End,Rear-end,N,0,1,0,0,1,2,0,0,0,0,0,0
331210,Hospitalisation,2021,March,Thursday,9,Sideswipe,Multi-Vehicle,153.2186893,-27.72366462,Pacific Hwy,,Pacific Highway (Pacific Motorway),Eagleby,Logan City,4207,Beenleigh,Logan,South Eastern,SEQ South,South Coast,Eagleby,Beenleigh,Logan - Beaudesert,Major Cities,Macalister,Forde,State-controlled,Median Opening,No traffic control,100 - 110 km/h,Sealed - Dry,Clear,Daylight,Straight,Level,308,Veh'S Same Direction: Right Turn S/Swipe,Parallel lanes turning,S,0,1,0,0,1,1,0,0,0,0,0,1
331211,Hospitalisation,2021,March,Thursday,19,Angle,Multi-Vehicle,153.325419,-27.74198948,Mill Rd,Short Cut Rd,,Steiglitz,Gold Coast City,4207,Coomera,Gold Coast,South Eastern,SEQ South,South Coast,Jacobs Well - Alberton,Ormeau - Oxenford,Gold Coast,Inner Regional,Coomera,Fadden,Locally-controlled,Intersection - Cross,Stop sign,70 km/h,Sealed - Dry,Clear,Darkness - Not lighted,Straight,Level,101,Veh'S Adjacent Approach: Thru-Thru,Intersection from adjacent approaches,E,0,1,0,0,1,2,0,0,0,0,0,0
331212,Hospitalisation,2021,March,Friday,8,Rear-end,Multi-Vehicle,153.2309943,-27.73428065,Stapylton - Jacobs Well Rd,,Stapylton - Jacobs Well Road,Stapylton,Gold Coast City,4207,Coomera,Gold Coast,South Eastern,SEQ South,South Coast,Ormeau - Yatala,Ormeau - Oxenford,Gold Coast,Major Cities,Coomera,Fadden,State-controlled,No Roadway Feature,No traffic control,60 km/h,Sealed - Dry,Clear,Daylight,Straight,Level,301,Veh'S Same Direction: Rear End,Rear-end,E,0,1,0,0,1,2,0,0,0,0,0,0
331213,Minor injury,2021,March,Friday,14,Rear-end,Multi-Vehicle,153.234763,-27.74789047,Pacific Hwy,,Pacific Highway (Pacific Motorway),Stapylton,Gold Coast City,4207,Coomera,Gold Coast,South Eastern,SEQ South,South Coast,Ormeau - Yatala,Ormeau - Oxenford,Gold Coast,Major Cities,Coomera,Forde,State-controlled,No Roadway Feature,No traffic control,100 - 110 km/h,Sealed - Dry,Clear,Daylight,Straight,Level,301,Veh'S Same Direction: Rear End,Rear-end,S,0,0,0,1,1,2,0,1,0,0,0,0
331214,Medical treatment,2021,March,Monday,8,Rear-end,Multi-Vehicle,153.194826,-27.69593046,Pacific Hwy,,Pacific Highway (Pacific Motorway),Loganholme,Logan City,4129,Beenleigh,Logan,South Eastern,SEQ South,South Coast,Loganholme - Tanah Merah,Loganlea - Carbrook,Logan - Beaudesert,Major Cities,Waterford,Forde,State-controlled,No Roadway Feature,No traffic control,100 - 110 km/h,Sealed - Dry,Clear,Daylight,Straight,Level,301,Veh'S Same Direction: Rear End,Rear-end,N,0,0,1,1,2,2,0,0,0,0,0,0
331215,Hospitalisation,2021,March,Tuesday,5,Angle,Multi-Vehicle,153.178056,-27.71265046,Holmview Rd,Logan River Rd,Brisbane - Beenleigh Road,Holmview,Logan City,4207,Beenleigh,Logan,South Eastern,SEQ South,South Coast,Edens Landing - Holmview,Beenleigh,Logan - Beaudesert,Major Cities,Macalister,Forde,State-controlled,Intersection - Cross,Operating traffic lights,70 km/h,Sealed - Dry,Clear,Darkness - Lighted,Straight,Level,202,Veh'S Opposite Approach: Thru-Right,Opposing vehicles turning,E,0,1,0,0,1,1,1,0,0,0,0,0
331216,Medical treatment,2021,April,Thursday,15,Rear-end,Multi-Vehicle,153.189874,-27.71453146,Crest St,Logan River Rd,Brisbane - Beenleigh Road,Beenleigh,Logan City,4207,Beenleigh,Logan,South Eastern,SEQ South,South Coast,Beenleigh,Beenleigh,Logan - Beaudesert,Major Cities,Macalister,Forde,State-controlled,Intersection - T-Junction,No traffic control,70 km/h,Sealed - Dry,Clear,Daylight,Straight,Level,301,Veh'S Same Direction: Rear End,Rear-end,W,0,0,2,0,2,3,0,0,0,0,0,0
331217,Hospitalisation,2021,April,Friday,0,Hit pedestrian,Hit pedestrian,153.1962502,-27.69845476,Pacific Hwy,,Pacific Highway (Pacific Motorway),Eagleby,Logan City,4207,Beenleigh,Logan,South Eastern,SEQ South,South Coast,Eagleby,Beenleigh,Logan - Beaudesert,Major Cities,Macalister,Forde,State-controlled,No Roadway Feature,No traffic control,100 - 110 km/h,Sealed - Wet,Raining,Darkness - Lighted,Straight,Level,4,Ped'N: Play; Work; Stand; Lie On C'Way,Pedestrian,S,0,1,0,0,1,2,0,0,0,0,1,0
331218,Hospitalisation,2021,April,Monday,2,Hit parked vehicle,Single Vehicle,153.198197,-27.72429053,Mt Warren Blvd,,,Mount Warren Park,Logan City,4207,Beenleigh,Logan,South Eastern,SEQ South,South Coast,Mount Warren Park,Beenleigh,Logan - Beaudesert,Major Cities,Macalister,Forde,Locally-controlled,No Roadway Feature,No traffic control,60 km/h,Sealed - Wet,Clear,Darkness - Lighted,Curved - view obscured,Dip,803,Off Path-Curve: Off Cway Rt Bend Hit Obj,Off carriageway on curve hit object,W,0,1,0,0,1,2,0,0,0,0,0,0
331219,Minor injury,2021,April,Tuesday,13,Rear-end,Multi-Vehicle,153.178056,-27.71265046,Holmview Rd,Logan River Rd,Brisbane - Beenleigh Road,Holmview,Logan City,4207,Beenleigh,Logan,South Eastern,SEQ South,South Coast,Edens Landing - Holmview,Beenleigh,Logan - Beaudesert,Major Cities,Macalister,Forde,State-controlled,Intersection - T-Junction,Operating traffic lights,70 km/h,Sealed - Wet,Raining,Daylight,Straight,Level,301,Veh'S Same Direction: Rear End,Rear-end,W,0,0,0,1,1,2,0,0,0,0,0,0
331220,Hospitalisation,2021,April,Tuesday,17,Head-on,Multi-Vehicle,153.19076,-27.77554946,Stanmore Rd,,,Luscombe,Gold Coast City,4207,Coomera,Gold Coast,South Eastern,SEQ South,South Coast,Ormeau - Yatala,Ormeau - Oxenford,Gold Coast,Major Cities,Coomera,Forde,Locally-controlled,No Roadway Feature,No traffic control,70 km/h,Sealed - Wet,Raining,Dawn/Dusk,Curved - view open,Level,201,Veh'S Opposite Approach: Head On,Head-on,E,0,3,0,0,3,2,0,0,0,0,0,0
331221,Medical treatment,2021,April,Tuesday,6,Rear-end,Multi-Vehicle,153.194728,-27.69590446,Pacific Hwy,,Pacific Highway (Pacific Motorway),Loganholme,Logan City,4129,Beenleigh,Logan,South Eastern,SEQ South,South Coast,Loganholme - Tanah Merah,Loganlea - Carbrook,Logan - Beaudesert,Major Cities,Waterford,Forde,State-controlled,Bridge/Causeway,No traffic control,100 - 110 km/h,Sealed - Wet,Raining,Dawn/Dusk,Straight,Level,301,Veh'S Same Direction: Rear End,Rear-end,N,0,0,1,0,1,2,0,0,0,0,0,1
331222,Medical treatment,2021,April,Tuesday,14,Rear-end,Multi-Vehicle,153.212478,-27.72370647,Beenleigh Connection Rd,,Beenleigh Connection Road,Beenleigh,Logan City,4207,Beenleigh,Logan,South Eastern,SEQ South,South Coast,Beenleigh,Beenleigh,Logan - Beaudesert,Major Cities,Macalister,Forde,State-controlled,No Roadway Feature,No traffic control,60 km/h,Sealed - Wet,Clear,Daylight,Straight,Grade,301,Veh'S Same Direction: Rear End,Rear-end,S,0,0,1,0,1,2,0,0,0,0,0,0
331223,Medical treatment,2021,April,Wednesday,19,Rear-end,Multi-Vehicle,153.213048,-27.70253947,Fryar Rd,River Hills Rd,,Eagleby,Logan City,4207,Beenleigh,Logan,South Eastern,SEQ South,South Coast,Eagleby,Beenleigh,Logan - Beaudesert,Major Cities,Macalister,Forde,Locally-controlled,Intersection - Cross,Operating traffic lights,60 km/h,Sealed - Dry,Clear,Darkness - Lighted,Straight,Level,302,Veh'S Same Direction: Left Rear,Rear-end,E,0,0,1,0,1,2,0,0,0,0,0,0
331224,Medical treatment,2021,April,Wednesday,12,Rear-end,Multi-Vehicle,153.187975,-27.71410346,Logan River Rd,Spanns Rd,Brisbane - Beenleigh Road,Beenleigh,Logan City,4207,Beenleigh,Logan,South Eastern,SEQ South,South Coast,Beenleigh,Beenleigh,Logan - Beaudesert,Major Cities,Macalister,Forde,State-controlled,Intersection - Cross,Operating traffic lights,60 km/h,Sealed - Dry,Clear,Daylight,Straight,Level,301,Veh'S Same Direction: Rear End,Rear-end,E,0,0,1,0,1,2,0,0,0,0,0,0
331225,Hospitalisation,2021,April,Thursday,8,Hit pedestrian,Hit pedestrian,153.202565,-27.71328346,City Rd,Kokoda St,,Beenleigh,Logan City,4207,Beenleigh,Logan,South Eastern,SEQ South,South Coast,Beenleigh,Beenleigh,Logan - Beaudesert,Major Cities,Macalister,Forde,Locally-controlled,Intersection - T-Junction,No traffic control,60 km/h,Sealed - Dry,Clear,Daylight,Straight,Level,1,Ped'N: Near Side Vehicle Hit From Right,Pedestrian,N,0,1,0,0,1,1,0,0,0,0,1,0
331226,Hospitalisation,2021,April,Thursday,20,Angle,Multi-Vehicle,153.210269,-27.71544747,Distillery Rd,Fryar Rd,,Eagleby,Logan City,4207,Beenleigh,Logan,South Eastern,SEQ South,South Coast,Eagleby,Beenleigh,Logan - Beaudesert,Major Cities,Macalister,Forde,Locally-controlled,Intersection - T-Junction,Operating traffic lights,60 km/h,Sealed - Dry,Clear,Darkness - Lighted,Curved - view open,Crest,202,Veh'S Opposite Approach: Thru-Right,Opposing vehicles turning,E,0,1,0,0,1,2,0,0,0,0,0,0
331227,Minor injury,2021,April,Thursday,14,Rear-end,Multi-Vehicle,153.223108,-27.72834547,Pacific Hwy,,Pacific Highway (Pacific Motorway),Stapylton,Gold Coast City,4207,Coomera,Gold Coast,South Eastern,SEQ South,South Coast,Ormeau - Yatala,Ormeau - Oxenford,Gold Coast,Major Cities,Coomera,Fadden,State-controlled,No Roadway Feature,No traffic control,100 - 110 km/h,Sealed - Dry,Clear,Daylight,Straight,Level,301,Veh'S Same Direction: Rear End,Rear-end,S,0,0,0,1,1,3,0,0,0,0,0,0
331228,Medical treatment,2021,April,Thursday,17,Rear-end,Multi-Vehicle,153.2048483,-27.70817387,Pacific Hwy,,Pacific Highway (Pacific Motorway),Beenleigh,Logan City,4207,Beenleigh,Logan,South Eastern,SEQ South,South Coast,Beenleigh,Beenleigh,Logan - Beaudesert,Major Cities,Macalister,Forde,State-controlled,No Roadway Feature,No traffic control,100 - 110 km/h,Sealed - Dry,Clear,Daylight,Straight,Level,301,Veh'S Same Direction: Rear End,Rear-end,N,0,0,1,0,1,3,0,0,0,0,0,0
331229,Hospitalisation,2021,April,Friday,11,Rear-end,Multi-Vehicle,153.177125,-27.79574346,Beaudesert - Beenleigh Rd,Veivers Rd,Beaudesert - Beenleigh Road,Wolffdene,Logan City,4207,Beenleigh,Logan,South Eastern,SEQ South,South Coast,Wolffdene - Bahrs Scrub,Beenleigh,Logan - Beaudesert,Major Cities,Logan,Forde,State-controlled,Intersection - T-Junction,No traffic control,70 km/h,Sealed - Dry,Clear,Daylight,Straight,Level,303,Veh'S Same Direction: Right Rear,Rear-end,S,0,1,0,1,2,2,0,0,0,0,0,0
331230,Hospitalisation,2021,April,Saturday,18,Angle,Multi-Vehicle,153.213018,-27.72087347,Distillery Rd,Pacific Hwy,Pacific Highway (Pacific Motorway),Beenleigh,Logan City,4207,Beenleigh,Logan,South Eastern,SEQ South,South Coast,Beenleigh,Beenleigh,Logan - Beaudesert,Major Cities,Macalister,Forde,State-controlled,Intersection - Roundabout,Give way sign,60 km/h,Sealed - Dry,Clear,Dawn/Dusk,Curved - view open,Level,305,Veh'S Same Direction: Lane Side Swipe,Lane changes,W,0,1,0,0,1,1,1,0,0,0,0,0
331231,Medical treatment,2021,April,Sunday,11,Rear-end,Multi-Vehicle,153.2363823,-27.75137274,Pacific Hwy,,Pacific Highway (Pacific Motorway),Stapylton,Gold Coast City,4207,Coomera,Gold Coast,South Eastern,SEQ South,South Coast,Ormeau - Yatala,Ormeau - Oxenford,Gold Coast,Major Cities,Coomera,Forde,State-controlled,No Roadway Feature,No traffic control,100 - 110 km/h,Sealed - Dry,Clear,Daylight,Curved - view open,Level,301,Veh'S Same Direction: Rear End,Rear-end,S,0,0,1,1,2,2,0,0,0,0,0,0
331232,Hospitalisation,2021,April,Thursday,8,Fall from vehicle,Single Vehicle,153.2099064,-27.71193373,Dongarven Dr,,,Eagleby,Logan City,4207,Beenleigh,Logan,South Eastern,SEQ South,South Coast,Eagleby,Beenleigh,Logan - Beaudesert,Major Cities,Macalister,Forde,Locally-controlled,No Roadway Feature,No traffic control,0 - 50 km/h,Sealed - Dry,Clear,Daylight,Straight,Grade,406,Veh'S Manoeuvring: Leaving Driveway,Vehicle leaving driveway,S,0,1,0,0,1,1,1,0,0,0,0,0
331233,Hospitalisation,2021,April,Friday,15,Angle,Multi-Vehicle,153.141057,-27.70889646,Cambogan Rd,Waterford - Tamborine Rd,Waterford - Tamborine Road,Waterford,Logan City,4133,Beenleigh,Logan,South Eastern,SEQ South,South Coast,Bethania - Waterford,Loganlea - Carbrook,Logan - Beaudesert,Major Cities,Waterford,Forde,State-controlled,Intersection - T-Junction,Give way sign,80 - 90 km/h,Sealed - Dry,Clear,Daylight,Straight,Level,104,Veh'S Adjacent Approach: Thru-Right,Intersection from adjacent approaches,W,0,1,0,0,1,1,1,0,0,0,0,0
331234,Minor injury,2021,April,Monday,13,Rear-end,Multi-Vehicle,153.256901,-27.78592447,Creek St,Eggersdorf Rd,Pacific Highway (Pacific Motorway),Ormeau,Gold Coast City,4208,Coomera,Gold Coast,South Eastern,SEQ South,South Coast,Ormeau - Yatala,Ormeau - Oxenford,Gold Coast,Major Cities,Coomera,Fadden,State-controlled,Intersection - Roundabout,No traffic control,60 km/h,Sealed - Dry,Clear,Daylight,Straight,Level,301,Veh'S Same Direction: Rear End,Rear-end,E,0,0,0,2,2,2,0,0,0,0,0,0
331235,Hospitalisation,2021,April,Tuesday,5,Sideswipe,Multi-Vehicle,153.2234158,-27.72881712,Pacific Hwy,,Pacific Highway (Pacific Motorway),Stapylton,Gold Coast City,4207,Coomera,Gold Coast,South Eastern,SEQ South,South Coast,Ormeau - Yatala,Ormeau - Oxenford,Gold Coast,Major Cities,Coomera,Fadden,State-controlled,No Roadway Feature,No traffic control,100 - 110 km/h,Sealed - Dry,Clear,Dawn/Dusk,Straight,Level,305,Veh'S Same Direction: Lane Side Swipe,Lane changes,S,0,1,0,0,1,3,0,0,0,0,0,0
331236,Medical treatment,2021,April,Thursday,8,Rear-end,Multi-Vehicle,153.185408,-27.74165746,Bahrs Scrub Rd,New Horizon Ave,,Bahrs Scrub,Logan City,4207,Beenleigh,Logan,South Eastern,SEQ South,South Coast,Wolffdene - Bahrs Scrub,Beenleigh,Logan - Beaudesert,Major Cities,Macalister,Forde,Locally-controlled,Intersection - Cross,No traffic control,60 km/h,Sealed - Dry,Clear,Daylight,Straight,Grade,303,Veh'S Same Direction: Right Rear,Rear-end,E,0,0,1,0,1,2,0,0,0,0,0,0
331237,Hospitalisation,2021,April,Friday,10,Head-on,Multi-Vehicle,153.190601,-27.72909546,Wuraga Rd,,,Bahrs Scrub,Logan City,4207,Beenleigh,Logan,South Eastern,SEQ South,South Coast,Wolffdene - Bahrs Scrub,Beenleigh,Logan - Beaudesert,Major Cities,Macalister,Forde,Locally-controlled,No Roadway Feature,No traffic control,60 km/h,Sealed - Dry,Clear,Daylight,Curved - view open,Grade,201,Veh'S Opposite Approach: Head On,Head-on,N,0,1,0,0,1,1,0,1,0,0,0,0
331238,Hospitalisation,2021,April,Saturday,8,Rear-end,Multi-Vehicle,153.177125,-27.79574346,Beaudesert - Beenleigh Rd,Veivers Rd,Beaudesert - Beenleigh Road,Wolffdene,Logan City,4207,Beenleigh,Logan,South Eastern,SEQ South,South Coast,Wolffdene - Bahrs Scrub,Beenleigh,Logan - Beaudesert,Major Cities,Logan,Forde,State-controlled,Intersection - T-Junction,Stop sign,70 km/h,Sealed - Dry,Clear,Daylight,Straight,Level,302,Veh'S Same Direction: Left Rear,Rear-end,E,0,1,0,0,1,0,2,0,0,0,0,0
331239,Hospitalisation,2021,April,Tuesday,2,Angle,Multi-Vehicle,153.14492,-27.70898346,Easterly St,Waterford - Tamborine Rd,Waterford - Tamborine Road,Waterford,Logan City,4133,Beenleigh,Logan,South Eastern,SEQ South,South Coast,Bethania - Waterford,Loganlea - Carbrook,Logan - Beaudesert,Major Cities,Waterford,Forde,State-controlled,Intersection - Cross,No traffic control,60 km/h,Sealed - Dry,Clear,Darkness - Lighted,Curved - view open,Level,104,Veh'S Adjacent Approach: Thru-Right,Intersection from adjacent approaches,W,0,1,0,0,1,1,1,0,0,0,0,0
331240,Hospitalisation,2021,April,Wednesday,7,Angle,Multi-Vehicle,153.252331,-27.77015047,Lahrs Rd,,,Ormeau,Gold Coast City,4208,Coomera,Gold Coast,South Eastern,SEQ South,South Coast,Ormeau - Yatala,Ormeau - Oxenford,Gold Coast,Major Cities,Coomera,Fadden,Locally-controlled,No Roadway Feature,No traffic control,60 km/h,Sealed - Dry,Clear,Daylight,Straight,Level,406,Veh'S Manoeuvring: Leaving Driveway,Vehicle leaving driveway,N,0,1,0,0,1,2,0,0,0,0,0,0
331241,Hospitalisation,2021,April,Wednesday,16,Rear-end,Multi-Vehicle,153.192921,-27.73822946,Beaudesert - Beenleigh Rd,,Beaudesert - Beenleigh Road,Windaroo,Logan City,4207,Beenleigh,Logan,South Eastern,SEQ South,South Coast,Wolffdene - Bahrs Scrub,Beenleigh,Logan - Beaudesert,Major Cities,Macalister,Forde,State-controlled,No Roadway Feature,No traffic control,70 km/h,Sealed - Dry,Clear,Daylight,Curved - view open,Grade,301,Veh'S Same Direction: Rear End,Rear-end,N,0,1,0,0,1,2,0,0,0,0,0,0
331242,Hospitalisation,2021,April,Friday,18,Angle,Multi-Vehicle,153.203073,-27.71782446,Bellew St,Main St,,Beenleigh,Logan City,4207,Beenleigh,Logan,South Eastern,SEQ South,South Coast,Beenleigh,Beenleigh,Logan - Beaudesert,Major Cities,Macalister,Forde,Locally-controlled,Intersection - Cross,No traffic control,60 km/h,Sealed - Wet,Raining,Darkness - Lighted,Straight,Level,202,Veh'S Opposite Approach: Thru-Right,Opposing vehicles turning,N,0,1,0,0,1,2,0,0,0,0,0,0
331243,Hospitalisation,2021,May,Sunday,7,Angle,Multi-Vehicle,153.199468,-27.70819346,Gailes St,Logan St,Beenleigh Connection Road,Beenleigh,Logan City,4207,Beenleigh,Logan,South Eastern,SEQ South,South Coast,Beenleigh,Beenleigh,Logan - Beaudesert,Major Cities,Macalister,Forde,State-controlled,Intersection - T-Junction,Stop sign,60 km/h,Sealed - Wet,Clear,Daylight,Straight,Grade,104,Veh'S Adjacent Approach: Thru-Right,Intersection from adjacent approaches,W,0,1,0,0,1,2,0,0,0,0,0,0
331244,Hospitalisation,2021,May,Monday,17,Rear-end,Multi-Vehicle,153.181738,-27.70523246,Grove Rd,Holmview Rd,,Holmview,Logan City,4207,Beenleigh,Logan,South Eastern,SEQ South,South Coast,Edens Landing - Holmview,Beenleigh,Logan - Beaudesert,Major Cities,Macalister,Forde,Locally-controlled,Intersection - T-Junction,No traffic control,60 km/h,Sealed - Dry,Clear,Dawn/Dusk,Curved - view open,Level,303,Veh'S Same Direction: Right Rear,Rear-end,W,0,1,0,0,1,2,0,0,0,0,0,0
331245,Hospitalisation,2021,May,Tuesday,17,Head-on,Multi-Vehicle,153.250257,-27.78615547,Peachey Rd,Vaughan Dr,,Ormeau,Gold Coast City,4208,Coomera,Gold Coast,South Eastern,SEQ South,South Coast,Ormeau - Yatala,Ormeau - Oxenford,Gold Coast,Major Cities,Coomera,Forde,Locally-controlled,Intersection - Roundabout,No traffic control,60 km/h,Sealed - Dry,Clear,Dawn/Dusk,Curved - view open,Grade,201,Veh'S Opposite Approach: Head On,Head-on,W,0,1,0,0,1,4,0,0,0,0,0,0
331246,Hospitalisation,2021,May,Tuesday,16,Angle,Multi-Vehicle,153.177125,-27.79574346,Beaudesert - Beenleigh Rd,Veivers Rd,Beaudesert - Beenleigh Road,Wolffdene,Logan City,4207,Beenleigh,Logan,South Eastern,SEQ South,South Coast,Wolffdene - Bahrs Scrub,Beenleigh,Logan - Beaudesert,Major Cities,Logan,Forde,State-controlled,Intersection - T-Junction,Stop sign,80 - 90 km/h,Sealed - Dry,Clear,Daylight,Straight,Level,202,Veh'S Opposite Approach: Thru-Right,Opposing vehicles turning,S,0,2,0,0,2,2,0,0,0,0,0,0
331247,Medical treatment,2021,May,Wednesday,14,Angle,Multi-Vehicle,153.203389,-27.70872846,City Rd,Logan St,Beenleigh Connection Road,Beenleigh,Logan City,4207,Beenleigh,Logan,South Eastern,SEQ South,South Coast,Beenleigh,Beenleigh,Logan - Beaudesert,Major Cities,Macalister,Forde,State-controlled,Intersection - Cross,Operating traffic lights,0 - 50 km/h,Sealed - Wet,Raining,Daylight,Straight,Level,101,Veh'S Adjacent Approach: Thru-Thru,Intersection from adjacent approaches,S,0,0,2,0,2,2,0,0,0,0,0,0
331248,Medical treatment,2021,May,Wednesday,17,Rear-end,Multi-Vehicle,153.203073,-27.71782446,Bellew St,Main St,,Beenleigh,Logan City,4207,Beenleigh,Logan,South Eastern,SEQ South,South Coast,Beenleigh,Beenleigh,Logan - Beaudesert,Major Cities,Macalister,Forde,Locally-controlled,Intersection - Cross,Give way sign,0 - 50 km/h,Sealed - Dry,Clear,Dawn/Dusk,Straight,Level,302,Veh'S Same Direction: Left Rear,Rear-end,,0,0,1,0,1,2,0,0,0,0,0,0