Crash_Severity,Crash_Year,Crash_Month,Crash_Day_Of_Week,Crash_Hour,Crash_Nature,Crash_Type,Crash_Longitude,Crash_Latitude,Crash_Street,Crash_Street_Intersecting,State_Road_Name,Loc_Suburb,Loc_Local_Government_Area,Loc_Post_Code,Loc_Police_Division,Loc_Police_District,Loc_Police_Region,Loc_Queensland_Transport_Region,Loc_Main_Roads_Region,Loc_ABS_Statistical_Area_2,Loc_ABS_Statistical_Area_3,Loc_ABS_Statistical_Area_4,Loc_ABS_Remoteness,Loc_State_Electorate,Loc_Federal_Electorate,Crash_Controlling_Authority,Crash_Roadway_Feature,Crash_Traffic_Control,Crash_Speed_Limit,Crash_Road_Surface_Condition,Crash_Atmospheric_Condition,Crash_Lighting_Condition,Crash_Road_Horiz_Align,Crash_Road_Vert_Align,Crash_DCA_Code,Crash_DCA_Description,Crash_DCA_Group_Description,DCA_Key_Approach_Dir,Count_Casualty_Fatality,Count_Casualty_Hospitalised,Count_Casualty_MedicallyTreated,Count_Casualty_MinorInjury,Count_Casualty_Total,Count_Unit_Car,Count_Unit_Motorcycle_Moped,Count_Unit_Truck,Count_Unit_Bus,Count_Unit_Bicycle,Count_Unit_Pedestrian,Count_Unit_Other,
331249,Hospitalisation,2021,May,Thursday,4,Hit parked vehicle,Single Vehicle,153.183837,-27.71355746,Logan River Rd,,Brisbane - Beenleigh Road,Beenleigh,Logan City,4207,Beenleigh,Logan,South Eastern,SEQ South,South Coast,Beenleigh,Beenleigh,Logan - Beaudesert,Major Cities,Macalister,Forde,State-controlled,No Roadway Feature,No traffic control,70 km/h,Sealed - Dry,Clear,Dawn/Dusk,Straight,Level,703,Off Path-Straight: Left Off Cway Hit Obj,Off carriageway on straight hit object,W,0,1,0,0,1,1,0,0,0,0,0,1
331250,Minor injury,2021,May,Friday,8,Rear-end,Multi-Vehicle,153.213935,-27.71893247,Distillery Rd,Pacific Hwy,Pacific Highway (Pacific Motorway),Eagleby,Logan City,4207,Beenleigh,Logan,South Eastern,SEQ South,South Coast,Eagleby,Beenleigh,Logan - Beaudesert,Major Cities,Macalister,Forde,State-controlled,Intersection - Interchange,Give way sign,60 km/h,Sealed - Dry,Clear,Daylight,Curved - view open,Level,301,Veh'S Same Direction: Rear End,Rear-end,S,0,0,0,1,1,2,0,0,0,0,0,0
331251,Medical treatment,2021,May,Tuesday,15,Rear-end,Multi-Vehicle,153.138903,-27.69259046,Albert St,,Brisbane - Beenleigh Road,Waterford,Logan City,4133,Beenleigh,Logan,South Eastern,SEQ South,South Coast,Waterford West,Loganlea - Carbrook,Logan - Beaudesert,Major Cities,Waterford,Forde,State-controlled,Bridge/Causeway,No traffic control,70 km/h,Sealed - Dry,Clear,Daylight,Straight,Level,301,Veh'S Same Direction: Rear End,Rear-end,E,0,0,1,0,1,3,0,0,0,0,0,0
331252,Medical treatment,2021,May,Wednesday,11,Angle,Multi-Vehicle,153.210269,-27.71544747,Distillery Rd,Fryar Rd,,Eagleby,Logan City,4207,Beenleigh,Logan,South Eastern,SEQ South,South Coast,Eagleby,Beenleigh,Logan - Beaudesert,Major Cities,Macalister,Forde,Locally-controlled,Intersection - T-Junction,Operating traffic lights,60 km/h,Sealed - Dry,Clear,Daylight,Curved - view open,Level,202,Veh'S Opposite Approach: Thru-Right,Opposing vehicles turning,N,0,0,1,1,2,2,0,0,0,0,0,0
331253,Minor injury,2021,May,Wednesday,18,Hit object,Single Vehicle,153.356783,-27.78361048,Pimpama - Jacobs Well Rd,,,Jacobs Well,Gold Coast City,4208,Coomera,Gold Coast,South Eastern,SEQ South,South Coast,Jacobs Well - Alberton,Ormeau - Oxenford,Gold Coast,Major Cities,Coomera,Fadden,Locally-controlled,No Roadway Feature,No traffic control,80 - 90 km/h,Sealed - Wet,Raining,Darkness - Not lighted,Curved - view obscured,Level,703,Off Path-Straight: Left Off Cway Hit Obj,Off carriageway on straight hit object,S,0,0,0,1,1,1,0,0,0,0,0,0
331254,Medical treatment,2021,May,Thursday,15,Rear-end,Multi-Vehicle,153.236679,-27.75330347,Cuthbert Dr,Darlington Dr,,Yatala,Gold Coast City,4207,Coomera,Gold Coast,South Eastern,SEQ South,South Coast,Ormeau - Yatala,Ormeau - Oxenford,Gold Coast,Major Cities,Coomera,Forde,Locally-controlled,Intersection - T-Junction,Give way sign,60 km/h,Sealed - Dry,Clear,Daylight,Curved - view open,Level,302,Veh'S Same Direction: Left Rear,Rear-end,E,0,0,1,0,1,2,0,0,0,0,0,0
331255,Medical treatment,2021,May,Friday,14,Angle,Multi-Vehicle,153.203817,-27.70124461,River Hills Rd,,,Eagleby,Logan City,4207,Beenleigh,Logan,South Eastern,SEQ South,South Coast,Eagleby,Beenleigh,Logan - Beaudesert,Major Cities,Macalister,Forde,Locally-controlled,No Roadway Feature,No traffic control,60 km/h,Sealed - Dry,Clear,Daylight,Straight,Level,408,Veh'S Manoeuvring: Entering From Footway,Vehicle leaving driveway,E,0,0,1,0,1,1,0,1,0,0,0,0
331256,Hospitalisation,2021,May,Friday,11,Hit pedestrian,Hit pedestrian,153.19394,-27.71495947,Boundary St,George St,Beenleigh Connection Road,Beenleigh,Logan City,4207,Beenleigh,Logan,South Eastern,SEQ South,South Coast,Beenleigh,Beenleigh,Logan - Beaudesert,Major Cities,Macalister,Forde,State-controlled,No Roadway Feature,No traffic control,60 km/h,Sealed - Dry,Clear,Daylight,Straight,Level,3,Ped'N: Far Side Vehicle Hit From Left,Pedestrian,E,0,1,0,0,1,1,0,0,0,1,0,0
331257,Medical treatment,2021,May,Friday,11,Rear-end,Multi-Vehicle,153.158694,-27.70156846,Castile Cres,Fletcher St,Brisbane - Beenleigh Road,Bethania,Logan City,4205,Beenleigh,Logan,South Eastern,SEQ South,South Coast,Bethania - Waterford,Loganlea - Carbrook,Logan - Beaudesert,Major Cities,Waterford,Forde,State-controlled,Intersection - Cross,Operating traffic lights,80 - 90 km/h,Sealed - Dry,Clear,Daylight,Straight,Dip,301,Veh'S Same Direction: Rear End,Rear-end,N,0,0,1,0,1,2,0,0,0,0,0,0
331258,Medical treatment,2021,May,Friday,17,Rear-end,Multi-Vehicle,153.181721,-27.71324446,Harburg Dr,Logan River Rd,Brisbane - Beenleigh Road,Beenleigh,Logan City,4207,Beenleigh,Logan,South Eastern,SEQ South,South Coast,Beenleigh,Beenleigh,Logan - Beaudesert,Major Cities,Macalister,Forde,State-controlled,Intersection - T-Junction,Give way sign,0 - 50 km/h,Sealed - Dry,Clear,Dawn/Dusk,Straight,Level,302,Veh'S Same Direction: Left Rear,Rear-end,N,0,0,1,0,1,2,0,0,0,0,0,0
331259,Hospitalisation,2021,May,Monday,14,Angle,Multi-Vehicle,153.194339,-27.71742946,Coral St,Hammel St,Beenleigh Connection Road,Beenleigh,Logan City,4207,Beenleigh,Logan,South Eastern,SEQ South,South Coast,Beenleigh,Beenleigh,Logan - Beaudesert,Major Cities,Macalister,Forde,State-controlled,Intersection - Cross,No traffic control,60 km/h,Sealed - Dry,Clear,Daylight,Straight,Level,202,Veh'S Opposite Approach: Thru-Right,Opposing vehicles turning,N,0,1,0,1,2,3,0,0,0,0,0,0
331260,Hospitalisation,2021,May,Tuesday,12,Angle,Multi-Vehicle,153.155358,-27.69528446,Albert St,Brisbane - Beenleigh Rd,Brisbane - Beenleigh Road,Bethania,Logan City,4205,Beenleigh,Logan,South Eastern,SEQ South,South Coast,Bethania - Waterford,Loganlea - Carbrook,Logan - Beaudesert,Major Cities,Waterford,Forde,State-controlled,Intersection - Interchange,No traffic control,60 km/h,Sealed - Dry,Clear,Daylight,Curved - view open,Dip,101,Veh'S Adjacent Approach: Thru-Thru,Intersection from adjacent approaches,W,0,1,0,0,1,1,0,0,0,1,0,0
331261,Hospitalisation,2021,May,Tuesday,16,Angle,Multi-Vehicle,153.242358,-27.75310847,Burnside Rd,,,Ormeau,Gold Coast City,4208,Coomera,Gold Coast,South Eastern,SEQ South,South Coast,Ormeau - Yatala,Ormeau - Oxenford,Gold Coast,Major Cities,Coomera,Fadden,Locally-controlled,No Roadway Feature,No traffic control,0 - 50 km/h,Sealed - Dry,Clear,Daylight,Straight,Level,406,Veh'S Manoeuvring: Leaving Driveway,Vehicle leaving driveway,S,0,1,0,0,1,1,1,0,0,0,0,0
331262,Medical treatment,2021,May,Wednesday,15,Hit pedestrian,Hit pedestrian,153.211334,-27.70261347,Bishop St,,,Eagleby,Logan City,4207,Beenleigh,Logan,South Eastern,SEQ South,South Coast,Eagleby,Beenleigh,Logan - Beaudesert,Major Cities,Macalister,Forde,Locally-controlled,No Roadway Feature,No traffic control,0 - 50 km/h,Sealed - Dry,Clear,Daylight,Straight,Level,4,Ped'N: Play; Work; Stand; Lie On C'Way,Pedestrian,U,0,0,1,0,1,3,0,0,0,0,1,1
331263,Hospitalisation,2021,May,Wednesday,16,Hit object,Single Vehicle,153.154492,-27.69573746,Brisbane - Beenleigh Rd,,Brisbane - Beenleigh Road,Bethania,Logan City,4205,Beenleigh,Logan,South Eastern,SEQ South,South Coast,Bethania - Waterford,Loganlea - Carbrook,Logan - Beaudesert,Major Cities,Waterford,Forde,State-controlled,Bridge/Causeway,No traffic control,60 km/h,Sealed - Dry,Clear,Dawn/Dusk,Straight,Level,200,Veh'S Opposite Approach: Other,Other,W,0,1,0,0,1,2,0,0,0,0,0,0
331264,Hospitalisation,2021,May,Monday,10,Hit object,Single Vehicle,153.145065,-27.69719561,Nerang St,,Waterford - Tamborine Road,Waterford,Logan City,4133,Beenleigh,Logan,South Eastern,SEQ South,South Coast,Bethania - Waterford,Loganlea - Carbrook,Logan - Beaudesert,Major Cities,Waterford,Forde,State-controlled,No Roadway Feature,No traffic control,60 km/h,Sealed - Dry,Clear,Daylight,Straight,Level,704,Off Path-Straight:Right Off Cway Hit Obj,Off carriageway on straight hit object,N,0,1,0,0,1,0,0,1,0,0,0,0
331265,Medical treatment,2021,May,Tuesday,14,Angle,Multi-Vehicle,153.211709,-27.70989647,Fryar Rd,Logan St,,Eagleby,Logan City,4207,Beenleigh,Logan,South Eastern,SEQ South,South Coast,Eagleby,Beenleigh,Logan - Beaudesert,Major Cities,Macalister,Forde,Locally-controlled,Intersection - Cross,No traffic control,60 km/h,Sealed - Dry,Clear,Daylight,Straight,Level,101,Veh'S Adjacent Approach: Thru-Thru,Intersection from adjacent approaches,W,0,0,2,1,3,2,0,0,0,0,0,0
331266,Medical treatment,2021,May,Tuesday,7,Rear-end,Multi-Vehicle,153.2011101,-27.70400039,Pacific Hwy,,Pacific Highway (Pacific Motorway),Eagleby,Logan City,4207,Beenleigh,Logan,South Eastern,SEQ South,South Coast,Eagleby,Beenleigh,Logan - Beaudesert,Major Cities,Macalister,Forde,State-controlled,No Roadway Feature,No traffic control,100 - 110 km/h,Sealed - Dry,Clear,Daylight,Straight,Grade,301,Veh'S Same Direction: Rear End,Rear-end,N,0,0,1,1,2,2,0,1,0,0,0,0
331267,Minor injury,2021,May,Wednesday,8,Rear-end,Multi-Vehicle,153.2141374,-27.7196351,Distillery Rd,Pacific Hwy,Pacific Highway (Pacific Motorway),Eagleby,Logan City,4207,Beenleigh,Logan,South Eastern,SEQ South,South Coast,Eagleby,Beenleigh,Logan - Beaudesert,Major Cities,Macalister,Forde,State-controlled,Intersection - Roundabout,No traffic control,60 km/h,Sealed - Dry,Clear,Daylight,Straight,Level,301,Veh'S Same Direction: Rear End,Rear-end,N,0,0,0,1,1,2,0,0,0,0,0,0
331268,Minor injury,2021,May,Wednesday,7,Rear-end,Multi-Vehicle,153.241734,-27.75714647,Pacific Hwy,,Pacific Highway (Pacific Motorway),Ormeau,Gold Coast City,4208,Coomera,Gold Coast,South Eastern,SEQ South,South Coast,Ormeau - Yatala,Ormeau - Oxenford,Gold Coast,Major Cities,Coomera,Fadden,State-controlled,Intersection - Interchange,No traffic control,60 km/h,Sealed - Dry,Clear,Daylight,Curved - view open,Level,301,Veh'S Same Direction: Rear End,Rear-end,E,0,0,0,1,1,2,0,0,0,0,0,0
331269,Hospitalisation,2021,May,Saturday,9,Angle,Multi-Vehicle,153.156006,-27.69538146,High Rd,King Arthur Blvd,,Bethania,Logan City,4205,Beenleigh,Logan,South Eastern,SEQ South,South Coast,Bethania - Waterford,Loganlea - Carbrook,Logan - Beaudesert,Major Cities,Waterford,Forde,Locally-controlled,Intersection - Cross,Give way sign,60 km/h,Sealed - Dry,Clear,Daylight,Straight,Level,101,Veh'S Adjacent Approach: Thru-Thru,Intersection from adjacent approaches,W,0,1,0,0,1,1,1,0,0,0,0,0
331270,Minor injury,2021,May,Monday,23,Rear-end,Multi-Vehicle,153.203414,-27.70598946,Brigade Dr,Pacific Hwy,Pacific Highway (Pacific Motorway),Eagleby,Logan City,4207,Beenleigh,Logan,South Eastern,SEQ South,South Coast,Beenleigh,Beenleigh,Logan - Beaudesert,Major Cities,Macalister,Forde,State-controlled,Intersection - Roundabout,Give way sign,60 km/h,Sealed - Dry,Clear,Darkness - Lighted,Curved - view open,Level,301,Veh'S Same Direction: Rear End,Rear-end,S,0,0,0,1,1,2,0,0,0,0,0,0
331271,Hospitalisation,2021,June,Wednesday,6,Hit parked vehicle,Single Vehicle,153.2300913,-27.75931695,Pearson Rd,,,Yatala,Gold Coast City,4207,Coomera,Gold Coast,South Eastern,SEQ South,South Coast,Ormeau - Yatala,Ormeau - Oxenford,Gold Coast,Major Cities,Coomera,Forde,Locally-controlled,No Roadway Feature,No traffic control,60 km/h,Sealed - Dry,Clear,Daylight,Straight,Level,703,Off Path-Straight: Left Off Cway Hit Obj,Off carriageway on straight hit object,S,0,1,0,0,1,3,0,0,0,0,0,0
331272,Hospitalisation,2021,June,Thursday,14,Hit object,Single Vehicle,153.1603742,-27.7068567,Logan River Rd,,Brisbane - Beenleigh Road,Waterford,Logan City,4133,Beenleigh,Logan,South Eastern,SEQ South,South Coast,Edens Landing - Holmview,Beenleigh,Logan - Beaudesert,Major Cities,Macalister,Forde,State-controlled,No Roadway Feature,No traffic control,80 - 90 km/h,Sealed - Wet,Raining,Daylight,Straight,Grade,201,Veh'S Opposite Approach: Head On,Head-on,S,0,3,0,0,3,2,0,0,0,0,0,0
331273,Medical treatment,2021,June,Friday,17,Hit object,Single Vehicle,153.357782,-27.78269248,Pimpama - Jacobs Well Rd,,,Jacobs Well,Gold Coast City,4208,Coomera,Gold Coast,South Eastern,SEQ South,South Coast,Jacobs Well - Alberton,Ormeau - Oxenford,Gold Coast,Major Cities,Coomera,Fadden,Locally-controlled,No Roadway Feature,No traffic control,60 km/h,Sealed - Dry,Clear,Dawn/Dusk,Straight,Level,704,Off Path-Straight:Right Off Cway Hit Obj,Off carriageway on straight hit object,N,0,0,2,0,2,1,0,0,0,0,0,0
331274,Hospitalisation,2021,June,Saturday,16,Hit parked vehicle,Single Vehicle,153.201136,-27.72119046,Kent St,Muchow St,,Beenleigh,Logan City,4207,Beenleigh,Logan,South Eastern,SEQ South,South Coast,Beenleigh,Beenleigh,Logan - Beaudesert,Major Cities,Macalister,Forde,Locally-controlled,Intersection - T-Junction,No traffic control,60 km/h,Sealed - Dry,Clear,Daylight,Straight,Level,408,Veh'S Manoeuvring: Entering From Footway,Vehicle leaving driveway,S,0,1,0,0,1,1,0,0,0,1,0,0
331275,Minor injury,2021,June,Sunday,14,Angle,Multi-Vehicle,153.164378,-27.72567746,Menora Rd,Wuraga Rd,,Holmview,Logan City,4207,Beenleigh,Logan,South Eastern,SEQ South,South Coast,Wolffdene - Bahrs Scrub,Beenleigh,Logan - Beaudesert,Major Cities,Macalister,Forde,Locally-controlled,Intersection - T-Junction,No traffic control,60 km/h,Sealed - Dry,Clear,Daylight,Straight,Level,202,Veh'S Opposite Approach: Thru-Right,Opposing vehicles turning,E,0,0,0,2,2,2,0,0,0,0,0,0
331276,Hospitalisation,2021,June,Monday,12,Head-on,Multi-Vehicle,153.2552328,-27.80013724,River Run Cct,,,Ormeau Hills,Gold Coast City,4208,Coomera,Gold Coast,South Eastern,SEQ South,South Coast,Ormeau - Yatala,Ormeau - Oxenford,Gold Coast,Major Cities,Coomera,Forde,Locally-controlled,No Roadway Feature,No traffic control,0 - 50 km/h,Sealed - Dry,Clear,Daylight,Curved - view open,Level,201,Veh'S Opposite Approach: Head On,Head-on,N,0,1,0,0,1,0,1,1,0,0,0,0
331277,Hospitalisation,2021,June,Tuesday,8,Hit parked vehicle,Single Vehicle,153.148091,-27.71212927,Sanctuary Pwy,,,Waterford,Logan City,4133,Beenleigh,Logan,South Eastern,SEQ South,South Coast,Bethania - Waterford,Loganlea - Carbrook,Logan - Beaudesert,Major Cities,Macalister,Forde,Locally-controlled,No Roadway Feature,No traffic control,0 - 50 km/h,Sealed - Dry,Clear,Daylight,Curved - view open,Level,601,Veh'S On Path: Parked,Hit parked vehicle,E,0,1,0,0,1,1,0,1,0,0,1,0
331278,Hospitalisation,2021,June,Wednesday,17,Rear-end,Multi-Vehicle,153.230292,-27.73822347,Pacific Hwy,,Pacific Highway (Pacific Motorway),Stapylton,Gold Coast City,4207,Coomera,Gold Coast,South Eastern,SEQ South,South Coast,Ormeau - Yatala,Ormeau - Oxenford,Gold Coast,Major Cities,Coomera,Fadden,State-controlled,No Roadway Feature,No traffic control,100 - 110 km/h,Sealed - Dry,Clear,Daylight,Straight,Level,301,Veh'S Same Direction: Rear End,Rear-end,S,0,1,0,0,1,2,0,0,0,0,0,0
331279,Medical treatment,2021,June,Friday,19,Angle,Multi-Vehicle,153.2019518,-27.70095165,River Hills Rd,,,Eagleby,Logan City,4207,Beenleigh,Logan,South Eastern,SEQ South,South Coast,Eagleby,Beenleigh,Logan - Beaudesert,Major Cities,Macalister,Forde,Locally-controlled,No Roadway Feature,No traffic control,60 km/h,Sealed - Dry,Clear,Darkness - Lighted,Straight,Level,308,Veh'S Same Direction: Right Turn S/Swipe,Parallel lanes turning,E,0,0,1,0,1,1,1,0,0,0,0,0
331280,Medical treatment,2021,June,Monday,16,Rear-end,Multi-Vehicle,153.2118469,-27.70898068,Fryar Rd,,,Eagleby,Logan City,4207,Beenleigh,Logan,South Eastern,SEQ South,South Coast,Eagleby,Beenleigh,Logan - Beaudesert,Major Cities,Macalister,Forde,Locally-controlled,No Roadway Feature,No traffic control,60 km/h,Sealed - Dry,Clear,Daylight,Straight,Level,302,Veh'S Same Direction: Left Rear,Rear-end,S,0,0,1,0,1,2,0,0,0,0,0,0
331281,Hospitalisation,2021,June,Wednesday,4,Hit object,Single Vehicle,153.180475,-27.80852646,Beaudesert - Beenleigh Rd,,Beaudesert - Beenleigh Road,Luscombe,Gold Coast City,4207,Coomera,Gold Coast,South Eastern,SEQ South,South Coast,Ormeau - Yatala,Ormeau - Oxenford,Gold Coast,Major Cities,Coomera,Forde,State-controlled,No Roadway Feature,No traffic control,80 - 90 km/h,Sealed - Dry,Clear,Darkness - Not lighted,Curved - view obscured,Level,804,Off Path-Curve: Off Cway Lt Bend Hit Obj,Off carriageway on curve hit object,N,0,1,0,0,1,0,0,0,1,0,0,0
331282,Hospitalisation,2021,June,Wednesday,15,Sideswipe,Multi-Vehicle,153.232001,-27.74129847,Pacific Hwy,,Pacific Highway (Pacific Motorway),Stapylton,Gold Coast City,4207,Coomera,Gold Coast,South Eastern,SEQ South,South Coast,Ormeau - Yatala,Ormeau - Oxenford,Gold Coast,Major Cities,Coomera,Fadden,State-controlled,Intersection - Interchange,No traffic control,100 - 110 km/h,Sealed - Dry,Clear,Daylight,Straight,Level,307,Veh'S Same Direction: Lane Change Left,Lane changes,S,0,1,0,0,1,1,0,1,0,0,0,0
331283,Medical treatment,2021,June,Wednesday,13,Rear-end,Multi-Vehicle,153.214408,-27.69518147,Fryar Rd,Herses Rd,,Eagleby,Logan City,4207,Beenleigh,Logan,South Eastern,SEQ South,South Coast,Eagleby,Beenleigh,Logan - Beaudesert,Major Cities,Macalister,Forde,Locally-controlled,Intersection - Cross,Operating traffic lights,60 km/h,Sealed - Dry,Clear,Daylight,Straight,Level,302,Veh'S Same Direction: Left Rear,Rear-end,N,0,0,1,0,1,2,0,0,0,0,0,0
331284,Hospitalisation,2021,June,Friday,13,Hit pedestrian,Hit pedestrian,153.197815,-27.71551946,Bougainville St,George St,,Beenleigh,Logan City,4207,Beenleigh,Logan,South Eastern,SEQ South,South Coast,Beenleigh,Beenleigh,Logan - Beaudesert,Major Cities,Macalister,Forde,Locally-controlled,Intersection - Roundabout,No traffic control,60 km/h,Sealed - Dry,Clear,Daylight,Straight,Level,3,Ped'N: Far Side Vehicle Hit From Left,Pedestrian,W,0,1,0,0,1,1,0,0,0,0,1,0
331285,Medical treatment,2021,June,Friday,7,Rear-end,Multi-Vehicle,153.255956,-27.78751947,Peachey Rd,Tillyroen Rd,Pacific Highway (Pacific Motorway),Ormeau,Gold Coast City,4208,Coomera,Gold Coast,South Eastern,SEQ South,South Coast,Ormeau - Yatala,Ormeau - Oxenford,Gold Coast,Major Cities,Coomera,Forde,State-controlled,Intersection - Roundabout,Give way sign,60 km/h,Sealed - Dry,Clear,Daylight,Curved - view open,Level,302,Veh'S Same Direction: Left Rear,Rear-end,W,0,0,1,0,1,2,0,0,0,0,0,0
331286,Medical treatment,2021,June,Friday,17,Rear-end,Multi-Vehicle,153.196208,-27.69854846,Pacific Hwy,,Pacific Highway (Pacific Motorway),Eagleby,Logan City,4207,Beenleigh,Logan,South Eastern,SEQ South,South Coast,Eagleby,Beenleigh,Logan - Beaudesert,Major Cities,Macalister,Forde,State-controlled,Intersection - Interchange,No traffic control,100 - 110 km/h,Sealed - Dry,Clear,Daylight,Straight,Level,301,Veh'S Same Direction: Rear End,Rear-end,S,0,0,1,0,1,3,0,0,0,0,0,0
331287,Minor injury,2021,June,Friday,5,Rear-end,Multi-Vehicle,153.224521,-27.73016247,Pacific Hwy,,Pacific Highway (Pacific Motorway),Stapylton,Gold Coast City,4207,Coomera,Gold Coast,South Eastern,SEQ South,South Coast,Ormeau - Yatala,Ormeau - Oxenford,Gold Coast,Major Cities,Coomera,Fadden,State-controlled,No Roadway Feature,No traffic control,100 - 110 km/h,Sealed - Dry,Clear,Darkness - Lighted,Straight,Level,305,Veh'S Same Direction: Lane Side Swipe,Lane changes,S,0,0,0,1,1,1,0,1,0,0,0,0
331288,Hospitalisation,2021,June,Saturday,23,Hit object,Single Vehicle,153.2131002,-27.71860637,Pacific Hwy,,Pacific Highway (Pacific Motorway),Eagleby,Logan City,4207,Beenleigh,Logan,South Eastern,SEQ South,South Coast,Eagleby,Beenleigh,Logan - Beaudesert,Major Cities,Macalister,Forde,State-controlled,Intersection - Interchange,No traffic control,60 km/h,Sealed - Dry,Clear,Darkness - Lighted,Curved - view open,Grade,803,Off Path-Curve: Off Cway Rt Bend Hit Obj,Off carriageway on curve hit object,S,0,1,0,0,1,1,0,0,0,0,0,0
331289,Minor injury,2021,June,Tuesday,9,Angle,Multi-Vehicle,153.325419,-27.74198948,Mill Rd,Short Cut Rd,,Steiglitz,Gold Coast City,4207,Coomera,Gold Coast,South Eastern,SEQ South,South Coast,Jacobs Well - Alberton,Ormeau - Oxenford,Gold Coast,Inner Regional,Coomera,Fadden,Locally-controlled,Intersection - Cross,Stop sign,80 - 90 km/h,Sealed - Dry,Clear,Daylight,Straight,Level,101,Veh'S Adjacent Approach: Thru-Thru,Intersection from adjacent approaches,E,0,0,0,1,1,2,0,0,0,0,0,0
331376,Hospitalisation,2021,January,Sunday,11,Fall from vehicle,Single Vehicle,146.8552185,-19.15684683,Sooning St,,,Nelly Bay,Townsville City,4819,Magnetic Island,Townsville,Northern,Northern,North Queensland,Magnetic Island,Townsville,Townsville,Outer Regional,Townsville,Herbert,Locally-controlled,No Roadway Feature,No traffic control,60 km/h,Sealed - Wet,Raining,Daylight,Curved - view open,Level,801,Off Path-Curve: Off Cway Right Bend,Off carriageway on curve,E,0,1,0,0,1,0,1,0,0,0,0,0
331377,Hospitalisation,2021,May,Saturday,15,Fall from vehicle,Single Vehicle,146.8699305,-19.13467683,Horseshoe Bay Rd,,,Arcadia,Townsville City,4819,Magnetic Island,Townsville,Northern,Northern,North Queensland,Magnetic Island,Townsville,Townsville,Outer Regional,Townsville,Herbert,Locally-controlled,No Roadway Feature,No traffic control,60 km/h,Sealed - Dry,Clear,Daylight,Curved - view open,Grade,805,Off Path-Curve: Out Of Control On Cway,Out of control on curve,S,0,1,0,0,1,0,1,0,0,0,0,0
331378,Hospitalisation,2021,May,Thursday,16,Hit object,Single Vehicle,146.8675454,-19.14987283,Armand Wy,Marine Pde,,Arcadia,Townsville City,4819,Magnetic Island,Townsville,Northern,Northern,North Queensland,Magnetic Island,Townsville,Townsville,Outer Regional,Townsville,Herbert,Locally-controlled,Intersection - T-Junction,No traffic control,60 km/h,Sealed - Dry,Clear,Dawn/Dusk,Curved - view obscured,Grade,804,Off Path-Curve: Off Cway Lt Bend Hit Obj,Off carriageway on curve hit object,N,0,1,0,0,1,0,1,0,0,0,0,0
331379,Medical treatment,2021,May,Saturday,15,Fall from vehicle,Single Vehicle,146.8675454,-19.14987283,Armand Wy,Marine Pde,,Arcadia,Townsville City,4819,Magnetic Island,Townsville,Northern,Northern,North Queensland,Magnetic Island,Townsville,Townsville,Outer Regional,Townsville,Herbert,Locally-controlled,Intersection - T-Junction,No traffic control,60 km/h,Sealed - Dry,Clear,Daylight,Curved - view open,Level,801,Off Path-Curve: Off Cway Right Bend,Off carriageway on curve,S,0,0,1,0,1,0,1,0,0,0,0,0
331380,Hospitalisation,2021,June,Tuesday,18,Hit object,Single Vehicle,146.8434534,-19.17393383,Nelly Bay Rd,,,Nelly Bay,Townsville City,4819,Magnetic Island,Townsville,Northern,Northern,North Queensland,Magnetic Island,Townsville,Townsville,Outer Regional,Townsville,Herbert,Locally-controlled,No Roadway Feature,No traffic control,60 km/h,Sealed - Dry,Clear,Darkness - Not lighted,Curved - view open,Crest,805,Off Path-Curve: Out Of Control On Cway,Out of control on curve,N,0,1,0,0,1,0,1,0,0,0,0,0
331490,Minor injury,2021,January,Saturday,14,Hit object,Single Vehicle,152.792767,-27.57120942,Mount Crosby Rd,,Mount Crosby Road,Chuwar,Ipswich City,4306,Karana Downs,Ipswich,Southern,SEQ South,Metropolitan,Karalee - Barellan Point,Ipswich Inner,Ipswich,Major Cities,Ipswich West,Blair,State-controlled,No Roadway Feature,No traffic control,60 km/h,Sealed - Wet,Raining,Daylight,Curved - view open,Level,201,Veh'S Opposite Approach: Head On,Head-on,N,0,0,0,1,1,2,0,0,0,0,0,0
331491,Hospitalisation,2021,January,Tuesday,14,Head-on,Multi-Vehicle,152.8007969,-27.5754495,Warrego Hwy,,Warrego Highway (Ipswich - Toowoomba),Karalee,Ipswich City,4306,Karana Downs,Ipswich,Southern,SEQ South,Metropolitan,Karalee - Barellan Point,Ipswich Inner,Ipswich,Major Cities,Ipswich West,Blair,State-controlled,No Roadway Feature,No traffic control,100 - 110 km/h,Sealed - Dry,Clear,Daylight,Straight,Level,201,Veh'S Opposite Approach: Head On,Head-on,E,0,2,0,0,2,2,0,0,0,0,0,0
331492,Medical treatment,2021,January,Monday,15,Rear-end,Multi-Vehicle,152.793764,-27.56750042,Mount Crosby Rd,,Mount Crosby Road,Chuwar,Ipswich City,4306,Karana Downs,Ipswich,Southern,SEQ South,Metropolitan,Ipswich - North,Ipswich Inner,Ipswich,Major Cities,Ipswich West,Blair,State-controlled,No Roadway Feature,No traffic control,60 km/h,Sealed - Dry,Clear,Daylight,Straight,Level,301,Veh'S Same Direction: Rear End,Rear-end,S,0,0,2,0,2,3,0,0,0,0,0,0
331493,Medical treatment,2021,February,Monday,17,Rear-end,Multi-Vehicle,152.7938814,-27.57391532,Warrego Hwy,,Warrego Highway (Ipswich - Toowoomba),North Tivoli,Ipswich City,4305,Karana Downs,Ipswich,Southern,SEQ South,Metropolitan,North Ipswich - Tivoli,Ipswich Inner,Ipswich,Major Cities,Ipswich West,Blair,State-controlled,No Roadway Feature,No traffic control,100 - 110 km/h,Sealed - Dry,Clear,Daylight,Curved - view open,Level,301,Veh'S Same Direction: Rear End,Rear-end,W,0,0,2,0,2,3,0,0,0,0,0,0