Crash_Severity,Crash_Year,Crash_Month,Crash_Day_Of_Week,Crash_Hour,Crash_Nature,Crash_Type,Crash_Longitude,Crash_Latitude,Crash_Street,Crash_Street_Intersecting,State_Road_Name,Loc_Suburb,Loc_Local_Government_Area,Loc_Post_Code,Loc_Police_Division,Loc_Police_District,Loc_Police_Region,Loc_Queensland_Transport_Region,Loc_Main_Roads_Region,Loc_ABS_Statistical_Area_2,Loc_ABS_Statistical_Area_3,Loc_ABS_Statistical_Area_4,Loc_ABS_Remoteness,Loc_State_Electorate,Loc_Federal_Electorate,Crash_Controlling_Authority,Crash_Roadway_Feature,Crash_Traffic_Control,Crash_Speed_Limit,Crash_Road_Surface_Condition,Crash_Atmospheric_Condition,Crash_Lighting_Condition,Crash_Road_Horiz_Align,Crash_Road_Vert_Align,Crash_DCA_Code,Crash_DCA_Description,Crash_DCA_Group_Description,DCA_Key_Approach_Dir,Count_Casualty_Fatality,Count_Casualty_Hospitalised,Count_Casualty_MedicallyTreated,Count_Casualty_MinorInjury,Count_Casualty_Total,Count_Unit_Car,Count_Unit_Motorcycle_Moped,Count_Unit_Truck,Count_Unit_Bus,Count_Unit_Bicycle,Count_Unit_Pedestrian,Count_Unit_Other,
331494,Hospitalisation,2021,February,Monday,6,Rear-end,Multi-Vehicle,152.793045,-27.57368442,Warrego Hwy,,Warrego Highway (Ipswich - Toowoomba),Karalee,Ipswich City,4306,Karana Downs,Ipswich,Southern,SEQ South,Metropolitan,Karalee - Barellan Point,Ipswich Inner,Ipswich,Major Cities,Ipswich West,Blair,State-controlled,Intersection - Interchange,No traffic control,100 - 110 km/h,Sealed - Dry,Clear,Daylight,Straight,Grade,301,Veh'S Same Direction: Rear End,Rear-end,E,0,1,0,0,1,1,1,0,0,0,0,0
331495,Medical treatment,2021,February,Friday,9,Angle,Multi-Vehicle,152.82689,-27.54675943,College Rd,,,Karana Downs,Brisbane City,4306,Karana Downs,Ipswich,Southern,SEQ North,Metropolitan,Karana Downs,Ipswich Inner,Ipswich,Major Cities,Moggill,Blair,Locally-controlled,No Roadway Feature,No traffic control,0 - 50 km/h,Sealed - Wet,Clear,Daylight,Curved - view obscured,Grade,406,Veh'S Manoeuvring: Leaving Driveway,Vehicle leaving driveway,S,0,0,1,0,1,2,0,0,0,0,0,0
331496,Hospitalisation,2021,February,Friday,3,Hit object,Single Vehicle,152.797201,-27.55791342,Mount Crosby Rd,,Mount Crosby Road,Chuwar,Ipswich City,4306,Karana Downs,Ipswich,Southern,SEQ South,Metropolitan,Ipswich - North,Ipswich Inner,Ipswich,Major Cities,Ipswich West,Blair,State-controlled,No Roadway Feature,No traffic control,60 km/h,Sealed - Dry,Clear,Darkness - Not lighted,Straight,Level,703,Off Path-Straight: Left Off Cway Hit Obj,Off carriageway on straight hit object,W,0,1,0,0,1,1,0,0,0,0,0,0
331497,Hospitalisation,2021,March,Sunday,10,Hit object,Single Vehicle,152.790615,-27.57401142,Warrego Hwy,,Warrego Highway (Ipswich - Toowoomba),Karalee,Ipswich City,4306,Karana Downs,Ipswich,Southern,SEQ South,Metropolitan,Karalee - Barellan Point,Ipswich Inner,Ipswich,Major Cities,Ipswich West,Blair,State-controlled,Intersection - Interchange,No traffic control,60 km/h,Sealed - Dry,Clear,Daylight,Curved - view open,Grade,805,Off Path-Curve: Out Of Control On Cway,Out of control on curve,E,0,1,0,0,1,1,0,0,0,0,0,0
331498,Medical treatment,2021,March,Wednesday,17,Angle,Multi-Vehicle,152.80024,-27.56584342,Dan St,Langlands St,,Karalee,Ipswich City,4306,Karana Downs,Ipswich,Southern,SEQ South,Metropolitan,Karalee - Barellan Point,Ipswich Inner,Ipswich,Major Cities,Ipswich West,Blair,Locally-controlled,Intersection - Roundabout,Give way sign,0 - 50 km/h,Sealed - Dry,Clear,Daylight,Straight,Level,101,Veh'S Adjacent Approach: Thru-Thru,Intersection from adjacent approaches,W,0,0,1,0,1,1,1,0,0,0,0,0
331499,Hospitalisation,2021,April,Saturday,13,Rear-end,Multi-Vehicle,152.7467281,-27.56502442,Kholo Rd,,,Kholo,Brisbane City,4306,Karana Downs,Ipswich,Southern,SEQ North,Metropolitan,Karana Downs,Ipswich Inner,Ipswich,Inner Regional,Moggill,Blair,Locally-controlled,Bridge/Causeway,No traffic control,60 km/h,Sealed - Dry,Clear,Daylight,Curved - view obscured,Dip,301,Veh'S Same Direction: Rear End,Rear-end,E,0,1,0,0,1,1,2,0,0,0,0,0
331500,Hospitalisation,2021,April,Friday,23,Hit object,Single Vehicle,152.818164,-27.52434842,Banksia Dr,,,Mount Crosby,Brisbane City,4306,Karana Downs,Ipswich,Southern,SEQ North,Metropolitan,Karana Downs,Ipswich Inner,Ipswich,Major Cities,Moggill,Blair,Locally-controlled,No Roadway Feature,No traffic control,0 - 50 km/h,Sealed - Dry,Clear,Darkness - Not lighted,Curved - view open,Grade,803,Off Path-Curve: Off Cway Rt Bend Hit Obj,Off carriageway on curve hit object,N,0,4,0,0,4,1,0,0,0,0,0,0
331501,Hospitalisation,2021,April,Thursday,7,Rear-end,Multi-Vehicle,152.7940396,-27.56593406,Mount Crosby Rd,,Mount Crosby Road,Chuwar,Ipswich City,4306,Karana Downs,Ipswich,Southern,SEQ South,Metropolitan,Ipswich - North,Ipswich Inner,Ipswich,Major Cities,Ipswich West,Blair,State-controlled,No Roadway Feature,No traffic control,60 km/h,Sealed - Dry,Clear,Daylight,Straight,Grade,301,Veh'S Same Direction: Rear End,Rear-end,S,0,1,1,0,2,2,0,0,0,0,0,0
331502,Medical treatment,2021,May,Sunday,17,Overturned,Single Vehicle,152.7660945,-27.52006937,Kholo Rd,,,Kholo,Brisbane City,4306,Karana Downs,Ipswich,Southern,SEQ North,Metropolitan,Karana Downs,Ipswich Inner,Ipswich,Inner Regional,Moggill,Blair,Locally-controlled,No Roadway Feature,No traffic control,60 km/h,Sealed - Wet,Raining,Darkness - Not lighted,Curved - view open,Level,802,Off Path-Curve: Off Cway Left Bend,Off carriageway on curve,S,0,0,1,0,1,1,0,0,0,0,0,0
331503,Medical treatment,2021,June,Wednesday,11,Rear-end,Multi-Vehicle,152.7889914,-27.57564541,Mount Crosby Rd,,Mount Crosby Road,North Tivoli,Ipswich City,4305,Karana Downs,Ipswich,Southern,SEQ South,Metropolitan,North Ipswich - Tivoli,Ipswich Inner,Ipswich,Major Cities,Ipswich West,Blair,State-controlled,No Roadway Feature,No traffic control,60 km/h,Sealed - Dry,Clear,Daylight,Curved - view open,Dip,301,Veh'S Same Direction: Rear End,Rear-end,W,0,0,1,0,1,2,0,0,0,0,0,0
331504,Minor injury,2021,June,Saturday,11,Rear-end,Multi-Vehicle,152.818293,-27.56721843,Junction Rd,,,Karalee,Ipswich City,4306,Karana Downs,Ipswich,Southern,SEQ South,Metropolitan,Karalee - Barellan Point,Ipswich Inner,Ipswich,Major Cities,Ipswich West,Blair,Locally-controlled,No Roadway Feature,No traffic control,60 km/h,Sealed - Dry,Clear,Daylight,Curved - view open,Level,301,Veh'S Same Direction: Rear End,Rear-end,E,0,0,0,2,2,3,0,0,0,0,0,0
331621,Medical treatment,2021,February,Wednesday,16,Angle,Multi-Vehicle,152.5642019,-26.9408944,Kennedy St,Mccauley St,Kilcoy - Murgon Road,Kilcoy,Somerset Region,4515,Kilcoy,Moreton,North Coast,SEQ North,North Coast,Kilcoy,Caboolture Hinterland,Moreton Bay - North,Inner Regional,Nanango,Blair,State-controlled,Intersection - Cross,Give way sign,60 km/h,Sealed - Dry,Clear,Daylight,Straight,Grade,101,Veh'S Adjacent Approach: Thru-Thru,Intersection from adjacent approaches,E,0,0,1,0,1,2,0,0,0,0,0,0
331622,Minor injury,2021,February,Saturday,14,Head-on,Multi-Vehicle,152.3294502,-26.57745237,Diaper Rd,,,Kingaham,Somerset Region,4515,Kilcoy,Moreton,North Coast,SEQ North,North Coast,Kilcoy,Caboolture Hinterland,Moreton Bay - North,Outer Regional,Nanango,Blair,Locally-controlled,No Roadway Feature,No traffic control,60 km/h,Unsealed - Dry,Clear,Daylight,Curved - view open,Crest,201,Veh'S Opposite Approach: Head On,Head-on,S,0,0,0,1,1,2,0,0,0,0,0,0
331623,Hospitalisation,2021,April,Monday,12,Hit object,Single Vehicle,152.3735762,-26.58607137,Kilcoy - Murgon Rd,,Kilcoy - Murgon Road,Kingaham,Somerset Region,4515,Kilcoy,Moreton,North Coast,SEQ North,North Coast,Kilcoy,Caboolture Hinterland,Moreton Bay - North,Outer Regional,Nanango,Blair,State-controlled,No Roadway Feature,No traffic control,80 - 90 km/h,Unsealed - Dry,Clear,Daylight,Curved - view open,Grade,804,Off Path-Curve: Off Cway Lt Bend Hit Obj,Off carriageway on curve hit object,N,0,1,0,0,1,0,1,0,0,0,0,0
331624,Hospitalisation,2021,April,Sunday,20,Overturned,Single Vehicle,152.6333401,-26.9576064,Billy Green Dr,Villeneuve Rd,,Villeneuve,Somerset Region,4514,Kilcoy,Moreton,North Coast,SEQ North,North Coast,Kilcoy,Caboolture Hinterland,Moreton Bay - North,Inner Regional,Nanango,Blair,Locally-controlled,Intersection - T-Junction,No traffic control,60 km/h,Sealed - Dry,Clear,Darkness - Not lighted,Straight,Level,705,Off Path-Straight:Out Of Control On Cway,Out of control on straight,N,0,1,0,0,1,1,0,0,0,0,0,0
331625,Hospitalisation,2021,April,Thursday,3,Overturned,Single Vehicle,152.6533614,-26.9380854,D'Aguilar Hwy,,D'Aguilar Highway (Caboolture - Kilcoy),Royston,Somerset Region,4515,Kilcoy,Moreton,North Coast,SEQ North,North Coast,Kilcoy,Caboolture Hinterland,Moreton Bay - North,Inner Regional,Nanango,Blair,State-controlled,No Roadway Feature,No traffic control,100 - 110 km/h,Sealed - Dry,Fog,Darkness - Not lighted,Straight,Level,400,Veh'S Manoeuvring: Other,Other,W,0,1,0,0,1,1,0,0,0,0,0,0
331626,Medical treatment,2021,June,Friday,17,Angle,Multi-Vehicle,152.5642601,-26.94298839,Kennedy St,William St,Kilcoy - Murgon Road,Kilcoy,Somerset Region,4515,Kilcoy,Moreton,North Coast,SEQ North,North Coast,Kilcoy,Caboolture Hinterland,Moreton Bay - North,Inner Regional,Nanango,Blair,State-controlled,Intersection - Roundabout,Give way sign,0 - 50 km/h,Sealed - Dry,Clear,Dawn/Dusk,Straight,Crest,107,Veh'S Adjacent Approach: Thru-Left,Intersection from adjacent approaches,E,0,0,1,0,1,2,0,0,0,0,0,0
331627,Hospitalisation,2021,June,Sunday,16,Head-on,Multi-Vehicle,152.5976601,-26.9432664,Neurum Rd,Winya Rd,,Winya,Somerset Region,4515,Kilcoy,Moreton,North Coast,SEQ North,North Coast,Kilcoy,Caboolture Hinterland,Moreton Bay - North,Inner Regional,Nanango,Blair,Locally-controlled,Intersection - T-Junction,No traffic control,80 - 90 km/h,Sealed - Dry,Clear,Daylight,Curved - view open,Crest,202,Veh'S Opposite Approach: Thru-Right,Opposing vehicles turning,W,0,3,0,2,5,2,0,0,0,0,0,0
331807,Medical treatment,2021,February,Monday,16,Angle,Multi-Vehicle,146.7658874,-19.28932083,Borg St,Fulham Rd,,Vincent,Townsville City,4814,Mundingburra,Townsville,Northern,Northern,North Queensland,Gulliver - Currajong - Vincent,Townsville,Townsville,Outer Regional,Mundingburra,Herbert,Locally-controlled,Intersection - T-Junction,No traffic control,60 km/h,Sealed - Dry,Clear,Daylight,Straight,Level,202,Veh'S Opposite Approach: Thru-Right,Opposing vehicles turning,E,0,0,1,0,1,1,1,0,0,0,0,0
331808,Medical treatment,2021,February,Friday,13,Rear-end,Multi-Vehicle,146.7613344,-19.30043283,Alfred St,Nathan St,Douglas - Garbutt Road,Aitkenvale,Townsville City,4814,Mundingburra,Townsville,Northern,Northern,North Queensland,Aitkenvale,Townsville,Townsville,Outer Regional,Mundingburra,Herbert,State-controlled,Intersection - T-Junction,Operating traffic lights,60 km/h,Sealed - Dry,Clear,Daylight,Straight,Level,301,Veh'S Same Direction: Rear End,Rear-end,S,0,0,1,0,1,2,0,0,0,0,0,0
331809,Hospitalisation,2021,February,Saturday,7,Angle,Multi-Vehicle,146.7615671,-19.29832409,Nathan St,Ross River Rd,Douglas - Garbutt Road,Aitkenvale,Townsville City,4814,Mundingburra,Townsville,Northern,Northern,North Queensland,Aitkenvale,Townsville,Townsville,Outer Regional,Mundingburra,Herbert,State-controlled,Intersection - Cross,Operating traffic lights,60 km/h,Sealed - Dry,Clear,Daylight,Straight,Level,101,Veh'S Adjacent Approach: Thru-Thru,Intersection from adjacent approaches,S,0,1,0,0,1,2,0,0,0,0,0,0
331810,Hospitalisation,2021,February,Monday,8,Hit object,Single Vehicle,146.7904254,-19.29035383,Kings Rd,,,Pimlico,Townsville City,4812,Mundingburra,Townsville,Northern,Northern,North Queensland,Mundingburra,Townsville,Townsville,Outer Regional,Mundingburra,Herbert,Locally-controlled,No Roadway Feature,No traffic control,60 km/h,Sealed - Dry,Clear,Darkness - Lighted,Curved - view open,Level,803,Off Path-Curve: Off Cway Rt Bend Hit Obj,Off carriageway on curve hit object,N,0,1,0,0,1,1,0,0,0,0,0,0
331811,Hospitalisation,2021,February,Sunday,2,Hit object,Single Vehicle,146.7883004,-19.29525983,Ross River Rd,Water St,Ross River Road,Mundingburra,Townsville City,4812,Mundingburra,Townsville,Northern,Northern,North Queensland,Mundingburra,Townsville,Townsville,Outer Regional,Mundingburra,Herbert,State-controlled,Intersection - T-Junction,No traffic control,60 km/h,Sealed - Wet,Raining,Darkness - Lighted,Curved - view open,Level,803,Off Path-Curve: Off Cway Rt Bend Hit Obj,Off carriageway on curve hit object,W,0,1,0,0,1,1,0,0,0,0,0,0
331812,Hospitalisation,2021,February,Monday,20,Rear-end,Multi-Vehicle,146.7711054,-19.29609883,Charlotte St,Ross River Rd,Ross River Road,Aitkenvale,Townsville City,4814,Mundingburra,Townsville,Northern,Northern,North Queensland,Aitkenvale,Townsville,Townsville,Outer Regional,Mundingburra,Herbert,State-controlled,Intersection - T-Junction,Operating traffic lights,60 km/h,Sealed - Dry,Clear,Darkness - Lighted,Straight,Level,301,Veh'S Same Direction: Rear End,Rear-end,E,0,1,0,0,1,1,0,1,0,0,0,0
331813,Hospitalisation,2021,February,Saturday,8,Hit pedestrian,Hit pedestrian,146.7969894,-19.29530583,Bowen Rd,,Townsville Connection Road,Rosslea,Townsville City,4812,Mundingburra,Townsville,Northern,Northern,North Queensland,Hermit Park - Rosslea,Townsville,Townsville,Outer Regional,Townsville,Herbert,State-controlled,No Roadway Feature,No traffic control,60 km/h,Sealed - Dry,Raining,Daylight,Straight,Level,3,Ped'N: Far Side Vehicle Hit From Left,Pedestrian,W,0,1,0,0,1,1,0,0,0,0,1,0
331814,Hospitalisation,2021,February,Sunday,13,Hit object,Single Vehicle,146.7643404,-19.29767683,Elizabeth St,Ross River Rd,Ross River Road,Aitkenvale,Townsville City,4814,Mundingburra,Townsville,Northern,Northern,North Queensland,Aitkenvale,Townsville,Townsville,Outer Regional,Mundingburra,Herbert,State-controlled,Intersection - Cross,Operating traffic lights,60 km/h,Sealed - Wet,Raining,Daylight,Straight,Level,708,Off Path-Straight: Mounts Traffic Island,Off carriageway on straight hit object,E,0,1,0,3,4,1,0,0,0,0,0,0
331815,Hospitalisation,2021,March,Friday,7,Rear-end,Multi-Vehicle,146.7639924,-19.28823104,Fulham Rd,,,Vincent,Townsville City,4814,Mundingburra,Townsville,Northern,Northern,North Queensland,Gulliver - Currajong - Vincent,Townsville,Townsville,Outer Regional,Mundingburra,Herbert,Locally-controlled,No Roadway Feature,Supervised school crossing,60 km/h,Sealed - Dry,Clear,Daylight,Curved - view open,Level,301,Veh'S Same Direction: Rear End,Rear-end,E,0,1,0,0,1,2,0,0,0,0,0,0
331816,Minor injury,2021,March,Tuesday,10,Angle,Multi-Vehicle,146.7639414,-19.28412883,Beattie Cres,Palmerston St,,Vincent,Townsville City,4814,Mundingburra,Townsville,Northern,Northern,North Queensland,Gulliver - Currajong - Vincent,Townsville,Townsville,Outer Regional,Mundingburra,Herbert,Locally-controlled,Intersection - T-Junction,No traffic control,60 km/h,Sealed - Dry,Clear,Daylight,Curved - view open,Level,408,Veh'S Manoeuvring: Entering From Footway,Vehicle leaving driveway,N,0,0,0,2,2,2,0,0,0,0,0,0
331817,Hospitalisation,2021,April,Monday,23,Hit object,Single Vehicle,146.8023124,-19.29187171,Lindsay St,,,Rosslea,Townsville City,4812,Mundingburra,Townsville,Northern,Northern,North Queensland,Hermit Park - Rosslea,Townsville,Townsville,Outer Regional,Townsville,Herbert,Locally-controlled,No Roadway Feature,No traffic control,0 - 50 km/h,Sealed - Dry,Clear,Darkness - Not lighted,Straight,Level,704,Off Path-Straight:Right Off Cway Hit Obj,Off carriageway on straight hit object,S,0,1,0,0,1,1,0,0,0,0,0,0
331818,Medical treatment,2021,April,Wednesday,18,Head-on,Multi-Vehicle,146.7710403,-19.29667471,Charlotte St,,,Aitkenvale,Townsville City,4814,Mundingburra,Townsville,Northern,Northern,North Queensland,Aitkenvale,Townsville,Townsville,Outer Regional,Mundingburra,Herbert,Locally-controlled,No Roadway Feature,No traffic control,60 km/h,Sealed - Dry,Clear,Darkness - Lighted,Straight,Level,201,Veh'S Opposite Approach: Head On,Head-on,N,0,0,1,1,2,2,0,0,0,0,0,0
331819,Minor injury,2021,April,Thursday,8,Rear-end,Multi-Vehicle,146.7997074,-19.27852083,Charters Towers Rd,,Townsville Connection Road,Hyde Park,Townsville City,4812,Mundingburra,Townsville,Northern,Northern,North Queensland,Hyde Park - Pimlico,Townsville,Townsville,Outer Regional,Townsville,Herbert,State-controlled,No Roadway Feature,No traffic control,60 km/h,Sealed - Dry,Clear,Daylight,Straight,Grade,301,Veh'S Same Direction: Rear End,Rear-end,N,0,0,0,1,1,2,0,0,0,0,0,0
331820,Medical treatment,2021,May,Saturday,16,Angle,Multi-Vehicle,146.7638865,-19.30006135,Alfred St,,,Aitkenvale,Townsville City,4814,Mundingburra,Townsville,Northern,Northern,North Queensland,Aitkenvale,Townsville,Townsville,Outer Regional,Mundingburra,Herbert,Locally-controlled,No Roadway Feature,No traffic control,0 - 50 km/h,Sealed - Dry,Clear,Daylight,Straight,Level,408,Veh'S Manoeuvring: Entering From Footway,Vehicle leaving driveway,E,0,0,1,1,2,0,0,0,1,1,0,0
331821,Hospitalisation,2021,May,Friday,10,Angle,Multi-Vehicle,146.7649004,-19.29989683,Alfred St,Elizabeth St,,Aitkenvale,Townsville City,4814,Mundingburra,Townsville,Northern,Northern,North Queensland,Aitkenvale,Townsville,Townsville,Outer Regional,Mundingburra,Herbert,Locally-controlled,Intersection - Roundabout,Give way sign,60 km/h,Sealed - Dry,Clear,Daylight,Straight,Level,101,Veh'S Adjacent Approach: Thru-Thru,Intersection from adjacent approaches,S,0,1,0,0,1,2,0,0,0,0,0,0
331822,Medical treatment,2021,May,Friday,21,Angle,Multi-Vehicle,146.7942684,-19.29272583,Cross St,Ross River Rd,Ross River Road,Mundingburra,Townsville City,4812,Mundingburra,Townsville,Northern,Northern,North Queensland,Mundingburra,Townsville,Townsville,Outer Regional,Townsville,Herbert,State-controlled,Intersection - Cross,Operating traffic lights,60 km/h,Sealed - Dry,Clear,Darkness - Lighted,Curved - view open,Level,101,Veh'S Adjacent Approach: Thru-Thru,Intersection from adjacent approaches,W,0,0,1,0,1,2,0,0,0,0,0,0
331823,Medical treatment,2021,June,Wednesday,14,Fall from vehicle,Single Vehicle,146.7996416,-19.27880985,Charters Towers Rd,,Townsville Connection Road,Hyde Park,Townsville City,4812,Mundingburra,Townsville,Northern,Northern,North Queensland,Hyde Park - Pimlico,Townsville,Townsville,Outer Regional,Townsville,Herbert,State-controlled,No Roadway Feature,No traffic control,60 km/h,Sealed - Dry,Clear,Daylight,Straight,Level,705,Off Path-Straight:Out Of Control On Cway,Out of control on straight,N,0,0,1,0,1,0,1,0,0,0,0,0
331824,Hospitalisation,2021,June,Wednesday,10,Angle,Multi-Vehicle,146.7927244,-19.27099083,Kings Rd,Woolcock St,North Townsville Road,Hyde Park,Townsville City,4812,Townsville,Townsville,Northern,Northern,North Queensland,Hyde Park - Pimlico,Townsville,Townsville,Outer Regional,Townsville,Herbert,State-controlled,Intersection - Cross,Operating traffic lights,70 km/h,Sealed - Dry,Clear,Daylight,Straight,Level,305,Veh'S Same Direction: Lane Side Swipe,Lane changes,E,0,1,0,0,1,1,1,0,0,1,0,0
331825,Medical treatment,2021,June,Friday,11,Angle,Multi-Vehicle,146.7816744,-19.29173483,Gulliver St,Healy St,,Mundingburra,Townsville City,4812,Mundingburra,Townsville,Northern,Northern,North Queensland,Mundingburra,Townsville,Townsville,Outer Regional,Mundingburra,Herbert,Locally-controlled,Intersection - T-Junction,No traffic control,60 km/h,Sealed - Dry,Clear,Daylight,Straight,Level,101,Veh'S Adjacent Approach: Thru-Thru,Intersection from adjacent approaches,N,0,0,1,0,1,1,0,0,0,1,0,0
331845,Medical treatment,2021,March,Friday,6,Rear-end,Multi-Vehicle,153.0589853,-27.39958841,Sandgate Rd,,Sandgate Sub-Arterial Road,Nundah,Brisbane City,4012,Hendra,North Brisbane,Brisbane,SEQ North,Metropolitan,Nundah,Nundah,Brisbane - North,Major Cities,Nudgee,Lilley,State-controlled,No Roadway Feature,No traffic control,60 km/h,Sealed - Dry,Clear,Daylight,Straight,Level,301,Veh'S Same Direction: Rear End,Rear-end,S,0,0,1,0,1,3,0,0,0,0,0,0
331846,Hospitalisation,2021,March,Friday,16,Hit object,Single Vehicle,153.052709,-27.43933745,Kingsford Smith Dr,,,Hamilton,Brisbane City,4007,Hendra,North Brisbane,Brisbane,SEQ North,Metropolitan,Hamilton (qld),Brisbane Inner - North,Brisbane Inner City,Major Cities,Clayfield,Brisbane,Locally-controlled,No Roadway Feature,No traffic control,60 km/h,Sealed - Dry,Clear,Daylight,Curved - view open,Level,805,Off Path-Curve: Out Of Control On Cway,Out of control on curve,W,0,1,0,0,1,1,0,0,0,0,0,0
331847,Hospitalisation,2021,March,Friday,18,Angle,Multi-Vehicle,153.059749,-27.40761245,Parkland St,Sandgate Rd,Sandgate Sub-Arterial Road,Nundah,Brisbane City,4012,Hendra,North Brisbane,Brisbane,SEQ North,Metropolitan,Nundah,Nundah,Brisbane - North,Major Cities,Nudgee,Lilley,State-controlled,Intersection - Cross,Operating traffic lights,60 km/h,Sealed - Dry,Clear,Darkness - Lighted,Straight,Level,408,Veh'S Manoeuvring: Entering From Footway,Vehicle leaving driveway,E,0,1,0,0,1,1,0,0,0,1,0,0
331848,Hospitalisation,2021,March,Friday,7,Angle,Multi-Vehicle,153.05066,-27.41491745,Junction Rd,Park Ave,East-West Arterial Road,Clayfield,Brisbane City,4011,Hendra,North Brisbane,Brisbane,SEQ North,Metropolitan,Clayfield,Brisbane Inner - North,Brisbane Inner City,Major Cities,Clayfield,Brisbane,State-controlled,Intersection - T-Junction,No traffic control,60 km/h,Sealed - Dry,Clear,Darkness - Lighted,Straight,Level,202,Veh'S Opposite Approach: Thru-Right,Opposing vehicles turning,W,0,1,0,0,1,1,1,0,0,0,0,0
331849,Medical treatment,2021,March,Friday,16,Sideswipe,Multi-Vehicle,153.030977,-27.43806945,Lutwyche Rd,Newmarket Rd,,Windsor,Brisbane City,4030,Stafford,North Brisbane,Brisbane,SEQ North,Metropolitan,Windsor,Brisbane Inner - North,Brisbane Inner City,Major Cities,Clayfield,Brisbane,Locally-controlled,Intersection - T-Junction,Operating traffic lights,0 - 50 km/h,Sealed - Dry,Clear,Daylight,Straight,Level,307,Veh'S Same Direction: Lane Change Left,Lane changes,N,0,0,1,0,1,2,0,0,0,0,0,0
331850,Minor injury,2021,March,Friday,16,Rear-end,Multi-Vehicle,153.0735294,-27.39414877,Toombul Rd,,,Northgate,Brisbane City,4013,Hendra,North Brisbane,Brisbane,SEQ North,Metropolitan,Northgate - Virginia,Nundah,Brisbane - North,Major Cities,Nudgee,Lilley,Locally-controlled,No Roadway Feature,No traffic control,60 km/h,Sealed - Dry,Clear,Daylight,Straight,Level,301,Veh'S Same Direction: Rear End,Rear-end,N,0,0,0,1,1,2,0,0,0,0,0,0
331851,Hospitalisation,2021,March,Monday,7,Hit pedestrian,Hit pedestrian,153.050071,-27.41484647,Junction Rd,,East-West Arterial Road,Clayfield,Brisbane City,4011,Hendra,North Brisbane,Brisbane,SEQ North,Metropolitan,Wooloowin - Lutwyche,Brisbane Inner - North,Brisbane Inner City,Major Cities,Clayfield,Brisbane,State-controlled,No Roadway Feature,No traffic control,60 km/h,Sealed - Dry,Clear,Daylight,Straight,Level,0,Ped'N: Hit Other,Other,N,0,1,0,0,1,1,0,0,0,0,1,0
331852,Medical treatment,2021,March,Monday,18,Angle,Multi-Vehicle,153.041754,-27.42993745,Albion Rd,Sandgate Rd,,Albion,Brisbane City,4010,Hendra,North Brisbane,Brisbane,SEQ North,Metropolitan,Albion,Brisbane Inner - North,Brisbane Inner City,Major Cities,Clayfield,Brisbane,Locally-controlled,Intersection - Cross,Operating traffic lights,60 km/h,Sealed - Wet,Raining,Darkness - Lighted,Curved - view open,Level,101,Veh'S Adjacent Approach: Thru-Thru,Intersection from adjacent approaches,E,0,0,1,0,1,2,0,0,0,0,0,0
331853,Minor injury,2021,March,Monday,14,Angle,Multi-Vehicle,153.059472,-27.38887645,Flower St,Sandgate Rd,Sandgate Sub-Arterial Road,Virginia,Brisbane City,4014,Hendra,North Brisbane,Brisbane,SEQ North,Metropolitan,Northgate - Virginia,Nundah,Brisbane - North,Major Cities,Nudgee,Lilley,State-controlled,Intersection - Cross,No traffic control,60 km/h,Sealed - Dry,Clear,Daylight,Curved - view open,Level,202,Veh'S Opposite Approach: Thru-Right,Opposing vehicles turning,N,0,0,0,1,1,2,0,0,0,0,0,0
331854,Medical treatment,2021,March,Tuesday,7,Angle,Multi-Vehicle,153.088362,-27.41271845,Airport Dr,Lomandra Dr,,Brisbane Airport,Brisbane City,4008,Hendra,North Brisbane,Brisbane,SEQ North,Metropolitan,Brisbane Airport,Nundah,Brisbane - North,Major Cities,Clayfield,Lilley,Locally-controlled,Intersection - T-Junction,Operating traffic lights,70 km/h,Sealed - Dry,Clear,Daylight,Straight,Level,202,Veh'S Opposite Approach: Thru-Right,Opposing vehicles turning,E,0,0,1,0,1,2,0,0,0,0,0,0
331855,Medical treatment,2021,March,Tuesday,18,Rear-end,Multi-Vehicle,153.0668338,-27.43862745,Kingsford Smith Dr,,,Hamilton,Brisbane City,4007,Hendra,North Brisbane,Brisbane,SEQ North,Metropolitan,Hamilton (qld),Brisbane Inner - North,Brisbane Inner City,Major Cities,Clayfield,Brisbane,Locally-controlled,No Roadway Feature,No traffic control,60 km/h,Sealed - Wet,Raining,Darkness - Lighted,Straight,Level,301,Veh'S Same Direction: Rear End,Rear-end,E,0,0,1,0,1,3,0,0,0,0,0,0
331856,Medical treatment,2021,March,Wednesday,5,Rear-end,Multi-Vehicle,153.063008,-27.38189145,Sandgate Rd,Sandgate Sub-Arterial Rd,Sandgate Sub-Arterial Road,Virginia,Brisbane City,4014,Boondall,North Brisbane,Brisbane,SEQ North,Metropolitan,Northgate - Virginia,Nundah,Brisbane - North,Major Cities,Nudgee,Lilley,State-controlled,Intersection - T-Junction,Give way sign,60 km/h,Sealed - Dry,Clear,Daylight,Curved - view open,Grade,302,Veh'S Same Direction: Left Rear,Rear-end,S,0,0,2,0,2,2,0,0,0,0,0,0