Crash_Severity,Crash_Year,Crash_Month,Crash_Day_Of_Week,Crash_Hour,Crash_Nature,Crash_Type,Crash_Longitude,Crash_Latitude,Crash_Street,Crash_Street_Intersecting,State_Road_Name,Loc_Suburb,Loc_Local_Government_Area,Loc_Post_Code,Loc_Police_Division,Loc_Police_District,Loc_Police_Region,Loc_Queensland_Transport_Region,Loc_Main_Roads_Region,Loc_ABS_Statistical_Area_2,Loc_ABS_Statistical_Area_3,Loc_ABS_Statistical_Area_4,Loc_ABS_Remoteness,Loc_State_Electorate,Loc_Federal_Electorate,Crash_Controlling_Authority,Crash_Roadway_Feature,Crash_Traffic_Control,Crash_Speed_Limit,Crash_Road_Surface_Condition,Crash_Atmospheric_Condition,Crash_Lighting_Condition,Crash_Road_Horiz_Align,Crash_Road_Vert_Align,Crash_DCA_Code,Crash_DCA_Description,Crash_DCA_Group_Description,DCA_Key_Approach_Dir,Count_Casualty_Fatality,Count_Casualty_Hospitalised,Count_Casualty_MedicallyTreated,Count_Casualty_MinorInjury,Count_Casualty_Total,Count_Unit_Car,Count_Unit_Motorcycle_Moped,Count_Unit_Truck,Count_Unit_Bus,Count_Unit_Bicycle,Count_Unit_Pedestrian,Count_Unit_Other,
331957,Medical treatment,2021,April,Saturday,0,Angle,Multi-Vehicle,153.060299,-27.59024445,Pinelands Rd,,,Sunnybank Hills,Brisbane City,4109,Acacia Ridge,South Brisbane,Brisbane,SEQ South,Metropolitan,Sunnybank Hills,Sunnybank,Brisbane - South,Major Cities,Stretton,Moreton,Locally-controlled,No Roadway Feature,No traffic control,60 km/h,Sealed - Dry,Clear,Daylight,Straight,Level,406,Veh'S Manoeuvring: Leaving Driveway,Vehicle leaving driveway,S,0,0,1,0,1,2,0,0,0,0,0,0
331958,Medical treatment,2021,April,Saturday,18,Angle,Multi-Vehicle,153.064782,-27.59130245,Gowan Rd,,,Sunnybank Hills,Brisbane City,4109,Acacia Ridge,South Brisbane,Brisbane,SEQ South,Metropolitan,Runcorn,Sunnybank,Brisbane - South,Major Cities,Stretton,Moreton,Locally-controlled,No Roadway Feature,No traffic control,60 km/h,Sealed - Dry,Clear,Darkness - Lighted,Straight,Level,406,Veh'S Manoeuvring: Leaving Driveway,Vehicle leaving driveway,N,0,0,1,2,3,2,0,0,0,0,0,0
331959,Medical treatment,2021,May,Monday,19,Angle,Multi-Vehicle,153.050802,-27.58273645,Beenleigh Rd,Stones Rd,,Sunnybank,Brisbane City,4109,Upper Mount Gravatt,South Brisbane,Brisbane,SEQ South,Metropolitan,Sunnybank,Sunnybank,Brisbane - South,Major Cities,Toohey,Moreton,Locally-controlled,Intersection - Cross,Operating traffic lights,60 km/h,Sealed - Dry,Clear,Darkness - Lighted,Straight,Level,202,Veh'S Opposite Approach: Thru-Right,Opposing vehicles turning,S,0,0,1,0,1,2,0,0,0,0,0,0
331960,Hospitalisation,2021,May,Tuesday,17,Angle,Multi-Vehicle,153.027153,-27.57999945,Mortimer Rd,Oswin St,,Acacia Ridge,Brisbane City,4110,Acacia Ridge,South Brisbane,Brisbane,SEQ South,Metropolitan,Rocklea - Acacia Ridge,Rocklea - Acacia Ridge,Brisbane - South,Major Cities,Algester,Moreton,Locally-controlled,Intersection - Cross,Give way sign,0 - 50 km/h,Sealed - Dry,Clear,Dawn/Dusk,Straight,Level,101,Veh'S Adjacent Approach: Thru-Thru,Intersection from adjacent approaches,S,0,1,0,0,1,1,1,0,0,0,0,0
331961,Medical treatment,2021,May,Friday,16,Angle,Multi-Vehicle,153.04443,-27.59601345,Jackson Rd,,,Sunnybank Hills,Brisbane City,4109,Acacia Ridge,South Brisbane,Brisbane,SEQ South,Metropolitan,Sunnybank Hills,Sunnybank,Brisbane - South,Major Cities,Stretton,Moreton,Locally-controlled,No Roadway Feature,No traffic control,60 km/h,Sealed - Dry,Clear,Daylight,Straight,Level,202,Veh'S Opposite Approach: Thru-Right,Opposing vehicles turning,N,0,0,1,0,1,1,1,0,0,0,0,0
331962,Minor injury,2021,May,Tuesday,10,Angle,Multi-Vehicle,153.0159874,-27.55845844,Beatty Rd,Gladstone St,,Archerfield,Brisbane City,4108,Moorooka,South Brisbane,Brisbane,SEQ South,Metropolitan,Rocklea - Acacia Ridge,Rocklea - Acacia Ridge,Brisbane - South,Major Cities,Algester,Moreton,Locally-controlled,No Roadway Feature,No traffic control,60 km/h,Sealed - Dry,Clear,Daylight,Straight,Level,202,Veh'S Opposite Approach: Thru-Right,Opposing vehicles turning,S,0,0,0,1,1,2,0,0,0,0,0,0
331963,Minor injury,2021,May,Wednesday,13,Angle,Multi-Vehicle,153.078184,-27.61332145,Compton Rd,Persse Rd,,Runcorn,Brisbane City,4113,Calamvale,South Brisbane,Brisbane,SEQ South,Metropolitan,Calamvale - Stretton,Rocklea - Acacia Ridge,Brisbane - South,Major Cities,Stretton,Rankin,Locally-controlled,Intersection - T-Junction,Operating traffic lights,60 km/h,Sealed - Dry,Clear,Daylight,Curved - view open,Grade,102,Veh'S Adjacent Approach: Right-Thru,Intersection from adjacent approaches,S,0,0,0,2,2,2,0,0,0,0,0,0
331964,Minor injury,2021,May,Wednesday,17,Rear-end,Multi-Vehicle,153.072138,-27.59523945,Beenleigh Rd,Penarth St,,Runcorn,Brisbane City,4113,Upper Mount Gravatt,South Brisbane,Brisbane,SEQ South,Metropolitan,Runcorn,Sunnybank,Brisbane - South,Major Cities,Toohey,Moreton,Locally-controlled,Intersection - T-Junction,Operating traffic lights,60 km/h,Sealed - Wet,Raining,Darkness - Lighted,Straight,Level,301,Veh'S Same Direction: Rear End,Rear-end,W,0,0,0,1,1,2,0,0,0,0,0,0
331965,Hospitalisation,2021,May,Thursday,20,Angle,Multi-Vehicle,153.021302,-27.57908245,Mortimer Rd,Watson Rd,,Acacia Ridge,Brisbane City,4110,Acacia Ridge,South Brisbane,Brisbane,SEQ South,Metropolitan,Rocklea - Acacia Ridge,Rocklea - Acacia Ridge,Brisbane - South,Major Cities,Algester,Moreton,Locally-controlled,Intersection - Cross,Operating traffic lights,60 km/h,Sealed - Dry,Clear,Darkness - Lighted,Straight,Level,202,Veh'S Opposite Approach: Thru-Right,Opposing vehicles turning,N,0,1,0,0,1,1,1,0,0,0,0,0
331966,Medical treatment,2021,May,Friday,8,Sideswipe,Multi-Vehicle,153.011984,-27.55727644,Granard Rd,,Griffith Arterial Road,Archerfield,Brisbane City,4108,Moorooka,South Brisbane,Brisbane,SEQ South,Metropolitan,Rocklea - Acacia Ridge,Rocklea - Acacia Ridge,Brisbane - South,Major Cities,Algester,Moreton,State-controlled,No Roadway Feature,No traffic control,60 km/h,Sealed - Dry,Clear,Daylight,Straight,Level,307,Veh'S Same Direction: Lane Change Left,Lane changes,W,0,0,1,0,1,1,0,1,0,0,0,0
331967,Hospitalisation,2021,May,Wednesday,7,Rear-end,Multi-Vehicle,153.0376441,-27.58811319,Bradman St,,,Acacia Ridge,Brisbane City,4110,Acacia Ridge,South Brisbane,Brisbane,SEQ South,Metropolitan,Rocklea - Acacia Ridge,Rocklea - Acacia Ridge,Brisbane - South,Major Cities,Stretton,Moreton,Locally-controlled,No Roadway Feature,No traffic control,60 km/h,Sealed - Dry,Clear,Daylight,Straight,Level,301,Veh'S Same Direction: Rear End,Rear-end,S,0,2,0,0,2,3,0,0,0,0,0,0
331968,Medical treatment,2021,May,Thursday,14,Rear-end,Multi-Vehicle,153.027832,-27.59750945,Learoyd Rd,Paradise Rd,,Willawong,Brisbane City,4110,Acacia Ridge,South Brisbane,Brisbane,SEQ South,Metropolitan,Pallara - Willawong,Rocklea - Acacia Ridge,Brisbane - South,Major Cities,Algester,Moreton,Locally-controlled,Intersection - T-Junction,Operating traffic lights,60 km/h,Sealed - Dry,Clear,Daylight,Straight,Level,303,Veh'S Same Direction: Right Rear,Rear-end,N,0,0,1,0,1,2,0,0,0,0,0,0
331969,Hospitalisation,2021,May,Saturday,3,Hit parked vehicle,Single Vehicle,153.018975,-27.59147945,Watson Rd,,,Acacia Ridge,Brisbane City,4110,Acacia Ridge,South Brisbane,Brisbane,SEQ South,Metropolitan,Rocklea - Acacia Ridge,Rocklea - Acacia Ridge,Brisbane - South,Major Cities,Algester,Moreton,Locally-controlled,No Roadway Feature,No traffic control,60 km/h,Sealed - Dry,Clear,Darkness - Lighted,Straight,Level,703,Off Path-Straight: Left Off Cway Hit Obj,Off carriageway on straight hit object,S,0,1,0,0,1,2,0,0,0,0,0,0
331970,Medical treatment,2021,May,Monday,7,Angle,Multi-Vehicle,153.078394,-27.61319245,Compton Rd,Persse Rd,,Runcorn,Brisbane City,4113,Calamvale,South Brisbane,Brisbane,SEQ South,Metropolitan,Kuraby,Sunnybank,Brisbane - South,Major Cities,Stretton,Moreton,Locally-controlled,Intersection - Interchange,Give way sign,70 km/h,Sealed - Dry,Clear,Daylight,Straight,Level,203,Veh'S Opposite Approach: Right-Left,Opposing vehicles turning,N,0,0,1,0,1,2,0,0,0,0,0,0
331971,Minor injury,2021,May,Monday,18,Rear-end,Multi-Vehicle,153.015165,-27.56699944,Beatty Rd,Boundary Rd,,Archerfield,Brisbane City,4108,Moorooka,South Brisbane,Brisbane,SEQ South,Metropolitan,Rocklea - Acacia Ridge,Rocklea - Acacia Ridge,Brisbane - South,Major Cities,Algester,Moreton,Locally-controlled,Intersection - T-Junction,Operating traffic lights,60 km/h,Sealed - Dry,Clear,Darkness - Lighted,Straight,Level,303,Veh'S Same Direction: Right Rear,Rear-end,N,0,0,0,1,1,2,0,0,0,0,0,0
331972,Minor injury,2021,May,Thursday,15,Rear-end,Multi-Vehicle,153.081043,-27.59906745,Beenleigh Rd,Persse Rd,,Runcorn,Brisbane City,4113,Upper Mount Gravatt,South Brisbane,Brisbane,SEQ South,Metropolitan,Runcorn,Sunnybank,Brisbane - South,Major Cities,Stretton,Moreton,Locally-controlled,Intersection - T-Junction,Operating traffic lights,0 - 50 km/h,Sealed - Dry,Clear,Daylight,Straight,Level,301,Veh'S Same Direction: Rear End,Rear-end,W,0,0,0,1,1,2,0,0,0,0,0,0
331973,Hospitalisation,2021,May,Saturday,18,Rear-end,Multi-Vehicle,153.061715,-27.58384345,Mains Rd,Mulgowie St,,Sunnybank,Brisbane City,4109,Upper Mount Gravatt,South Brisbane,Brisbane,SEQ South,Metropolitan,Sunnybank,Sunnybank,Brisbane - South,Major Cities,Toohey,Moreton,Locally-controlled,Intersection - T-Junction,No traffic control,60 km/h,Sealed - Dry,Clear,Darkness - Lighted,Straight,Level,301,Veh'S Same Direction: Rear End,Rear-end,N,0,1,0,0,1,3,0,0,0,0,0,0
331974,Hospitalisation,2021,June,Thursday,17,Angle,Multi-Vehicle,153.043162,-27.60306845,Jackson Rd,The Avenue,,Sunnybank Hills,Brisbane City,4109,Acacia Ridge,South Brisbane,Brisbane,SEQ South,Metropolitan,Sunnybank Hills,Sunnybank,Brisbane - South,Major Cities,Stretton,Moreton,Locally-controlled,No Roadway Feature,No traffic control,60 km/h,Sealed - Dry,Clear,Darkness - Lighted,Straight,Level,202,Veh'S Opposite Approach: Thru-Right,Opposing vehicles turning,N,0,1,0,0,1,2,0,0,0,0,0,0
331975,Hospitalisation,2021,June,Sunday,0,Angle,Multi-Vehicle,153.02419,-27.56836345,Beaudesert Rd,Boundary Rd,Mount Lindesay Arterial Road,Coopers Plains,Brisbane City,4108,Acacia Ridge,South Brisbane,Brisbane,SEQ South,Metropolitan,Coopers Plains,Nathan,Brisbane - South,Major Cities,Toohey,Moreton,State-controlled,Intersection - Cross,Operating traffic lights,60 km/h,Sealed - Dry,Clear,Darkness - Lighted,Straight,Level,101,Veh'S Adjacent Approach: Thru-Thru,Intersection from adjacent approaches,N,0,1,0,0,1,1,0,1,0,0,0,0
331976,Hospitalisation,2021,June,Monday,14,Angle,Multi-Vehicle,153.053523,-27.58446145,Beenleigh Rd,Bendell St,,Sunnybank,Brisbane City,4109,Upper Mount Gravatt,South Brisbane,Brisbane,SEQ South,Metropolitan,Sunnybank Hills,Sunnybank,Brisbane - South,Major Cities,Toohey,Moreton,Locally-controlled,Intersection - T-Junction,No traffic control,60 km/h,Sealed - Dry,Clear,Daylight,Straight,Crest,104,Veh'S Adjacent Approach: Thru-Right,Intersection from adjacent approaches,N,0,2,0,1,3,2,0,0,0,0,0,0
331977,Medical treatment,2021,June,Wednesday,14,Rear-end,Multi-Vehicle,153.02572,-27.57981345,Beaudesert Rd,Mortimer Rd,Mount Lindesay Arterial Road,Acacia Ridge,Brisbane City,4110,Acacia Ridge,South Brisbane,Brisbane,SEQ South,Metropolitan,Rocklea - Acacia Ridge,Rocklea - Acacia Ridge,Brisbane - South,Major Cities,Algester,Moreton,State-controlled,Intersection - T-Junction,No traffic control,60 km/h,Sealed - Dry,Clear,Daylight,Straight,Level,302,Veh'S Same Direction: Left Rear,Rear-end,U,0,0,1,0,1,2,0,0,0,0,0,0
331978,Medical treatment,2021,June,Friday,17,Rear-end,Multi-Vehicle,153.023802,-27.57952245,Mortimer Rd,,,Acacia Ridge,Brisbane City,4110,Acacia Ridge,South Brisbane,Brisbane,SEQ South,Metropolitan,Rocklea - Acacia Ridge,Rocklea - Acacia Ridge,Brisbane - South,Major Cities,Algester,Moreton,Locally-controlled,No Roadway Feature,No traffic control,60 km/h,Sealed - Dry,Clear,Darkness - Lighted,Straight,Level,301,Veh'S Same Direction: Rear End,Rear-end,E,0,0,1,0,1,2,0,0,0,0,0,0
331979,Medical treatment,2021,June,Wednesday,8,Angle,Multi-Vehicle,153.036262,-27.59584045,Beaudesert Rd,Bradman St,Mount Lindesay Arterial Road,Acacia Ridge,Brisbane City,4110,Acacia Ridge,South Brisbane,Brisbane,SEQ South,Metropolitan,Rocklea - Acacia Ridge,Rocklea - Acacia Ridge,Brisbane - South,Major Cities,Stretton,Moreton,State-controlled,Intersection - Cross,Operating traffic lights,70 km/h,Sealed - Dry,Fog,Daylight,Straight,Level,101,Veh'S Adjacent Approach: Thru-Thru,Intersection from adjacent approaches,S,0,0,1,0,1,2,0,0,0,0,0,0
331980,Medical treatment,2021,June,Wednesday,15,Rear-end,Multi-Vehicle,153.042727,-27.60340245,Beaudesert Rd,Jackson Rd,Mount Lindesay Arterial Road,Sunnybank Hills,Brisbane City,4109,Acacia Ridge,South Brisbane,Brisbane,SEQ South,Metropolitan,Sunnybank Hills,Sunnybank,Brisbane - South,Major Cities,Stretton,Moreton,State-controlled,Intersection - T-Junction,Give way sign,60 km/h,Sealed - Dry,Clear,Daylight,Curved - view open,Level,302,Veh'S Same Direction: Left Rear,Rear-end,S,0,0,1,0,1,2,0,0,0,0,0,0
331981,Hospitalisation,2021,June,Monday,18,Sideswipe,Multi-Vehicle,153.05868,-27.59866345,Pinelands Rd,,,Sunnybank Hills,Brisbane City,4109,Acacia Ridge,South Brisbane,Brisbane,SEQ South,Metropolitan,Sunnybank Hills,Sunnybank,Brisbane - South,Major Cities,Stretton,Moreton,Locally-controlled,No Roadway Feature,No traffic control,70 km/h,Sealed - Dry,Clear,Darkness - Lighted,Straight,Level,305,Veh'S Same Direction: Lane Side Swipe,Lane changes,S,0,2,0,0,2,4,0,0,0,0,0,0
331982,Medical treatment,2021,June,Monday,13,Rear-end,Multi-Vehicle,153.059612,-27.59958545,Hellawell Rd,,,Sunnybank Hills,Brisbane City,4109,Acacia Ridge,South Brisbane,Brisbane,SEQ South,Metropolitan,Sunnybank Hills,Sunnybank,Brisbane - South,Major Cities,Stretton,Moreton,Locally-controlled,No Roadway Feature,No traffic control,60 km/h,Sealed - Dry,Clear,Daylight,Straight,Grade,301,Veh'S Same Direction: Rear End,Rear-end,E,0,0,1,0,1,3,0,0,0,0,0,0
331983,Medical treatment,2021,June,Wednesday,17,Angle,Multi-Vehicle,153.027112,-27.58948345,Elizabeth St,,,Acacia Ridge,Brisbane City,4110,Acacia Ridge,South Brisbane,Brisbane,SEQ South,Metropolitan,Rocklea - Acacia Ridge,Rocklea - Acacia Ridge,Brisbane - South,Major Cities,Algester,Moreton,Locally-controlled,No Roadway Feature,No traffic control,0 - 50 km/h,Sealed - Dry,Clear,Darkness - Lighted,Straight,Level,406,Veh'S Manoeuvring: Leaving Driveway,Vehicle leaving driveway,S,0,0,2,1,3,2,0,0,0,0,0,0
332201,Hospitalisation,2021,January,Tuesday,10,Sideswipe,Multi-Vehicle,150.5941328,-23.26970818,Yeppoon Rd,,Rockhampton - Yeppoon Road,Ironpot,Livingstone Shire,4610,North Rockhampton,Capricornia,Central,Central,Central Queensland,Rockhampton Region - East,Rockhampton,Central Queensland,Inner Regional,Keppel,Capricornia,State-controlled,No Roadway Feature,No traffic control,100 - 110 km/h,Sealed - Dry,Clear,Daylight,Straight,Level,506,Veh'S Overtaking: Overtake-Right Turn,Overtaking same direction,N,0,1,0,0,1,2,0,0,0,0,0,0
332202,Hospitalisation,2021,January,Thursday,15,Hit object,Single Vehicle,150.6768328,-23.25952719,Warcon Rd,,,Cawarral,Livingstone Shire,4702,Lakes Creek,Capricornia,Central,Central,Central Queensland,Rockhampton Region - East,Rockhampton,Central Queensland,Inner Regional,Keppel,Capricornia,Locally-controlled,No Roadway Feature,No traffic control,0 - 50 km/h,Unsealed - Dry,Clear,Daylight,Curved - view obscured,Crest,803,Off Path-Curve: Off Cway Rt Bend Hit Obj,Off carriageway on curve hit object,W,0,1,0,0,1,1,0,0,0,0,0,0
332203,Hospitalisation,2021,March,Sunday,5,Hit object,Single Vehicle,150.7259254,-23.26837422,Emu Park Rd,,Rockhampton - Emu Park Road,Coorooman,Livingstone Shire,4702,Lakes Creek,Capricornia,Central,Central,Central Queensland,Rockhampton Region - East,Rockhampton,Central Queensland,Inner Regional,Keppel,Capricornia,State-controlled,No Roadway Feature,No traffic control,100 - 110 km/h,Sealed - Dry,Clear,Darkness - Not lighted,Straight,Grade,704,Off Path-Straight:Right Off Cway Hit Obj,Off carriageway on straight hit object,S,0,5,0,0,5,1,0,0,0,0,0,0
332204,Hospitalisation,2021,March,Monday,14,Sideswipe,Multi-Vehicle,150.5615608,-23.37900618,Lakes Creek Rd,,Rockhampton - Emu Park Road,Lakes Creek,Rockhampton Region,4701,Lakes Creek,Capricornia,Central,Central,Central Queensland,Lakes Creek,Rockhampton,Central Queensland,Inner Regional,Keppel,Capricornia,State-controlled,No Roadway Feature,No traffic control,60 km/h,Sealed - Dry,Clear,Daylight,Straight,Crest,703,Off Path-Straight: Left Off Cway Hit Obj,Off carriageway on straight hit object,W,0,1,0,0,1,1,0,0,0,1,0,0
332205,Hospitalisation,2021,March,Saturday,7,Hit object,Single Vehicle,150.6281887,-23.38301818,Emu Park Rd,Thompsons Pt Rd,Rockhampton - Emu Park Road,Nankin,Livingstone Shire,4701,Lakes Creek,Capricornia,Central,Central,Central Queensland,Rockhampton Region - East,Rockhampton,Central Queensland,Outer Regional,Keppel,Capricornia,State-controlled,Intersection - T-Junction,No traffic control,100 - 110 km/h,Sealed - Dry,Clear,Daylight,Curved - view open,Level,803,Off Path-Curve: Off Cway Rt Bend Hit Obj,Off carriageway on curve hit object,S,0,1,0,0,1,1,0,0,0,0,0,0
332206,Hospitalisation,2021,April,Wednesday,0,Hit object,Single Vehicle,150.6464098,-23.30510218,Sleipner Rd,,,Mount Chalmers,Livingstone Shire,4702,Lakes Creek,Capricornia,Central,Central,Central Queensland,Rockhampton Region - East,Rockhampton,Central Queensland,Inner Regional,Keppel,Capricornia,Locally-controlled,No Roadway Feature,No traffic control,60 km/h,Unsealed - Dry,Clear,Daylight,Curved - view obscured,Crest,805,Off Path-Curve: Out Of Control On Cway,Out of control on curve,S,0,1,0,0,1,1,0,0,0,0,0,0
332207,Hospitalisation,2021,April,Saturday,9,Fall from vehicle,Single Vehicle,150.5847958,-23.34706218,Pilbeam Dr,,,Mount Archer,Rockhampton Region,4701,North Rockhampton,Capricornia,Central,Central,Central Queensland,Frenchville - Mount Archer,Rockhampton,Central Queensland,Inner Regional,Keppel,Capricornia,Locally-controlled,No Roadway Feature,No traffic control,0 - 50 km/h,Sealed - Wet,Raining,Daylight,Curved - view obscured,Dip,805,Off Path-Curve: Out Of Control On Cway,Out of control on curve,W,0,1,0,0,1,0,1,0,0,0,0,0
332208,Hospitalisation,2021,May,Tuesday,14,Angle,Multi-Vehicle,150.6580837,-23.19737602,Yeppoon Rd,,Rockhampton - Yeppoon Road,Bondoola,Livingstone Shire,4703,Yeppoon,Capricornia,Central,Central,Central Queensland,Rockhampton Region - North,Rockhampton,Central Queensland,Inner Regional,Keppel,Capricornia,State-controlled,No Roadway Feature,No traffic control,100 - 110 km/h,Sealed - Dry,Clear,Daylight,Straight,Level,406,Veh'S Manoeuvring: Leaving Driveway,Vehicle leaving driveway,W,0,1,0,1,2,0,0,2,0,0,0,0
332209,Hospitalisation,2021,June,Tuesday,15,Hit object,Single Vehicle,150.6613648,-23.19424118,Yeppoon Rd,,Rockhampton - Yeppoon Road,Bondoola,Livingstone Shire,4703,Yeppoon,Capricornia,Central,Central,Central Queensland,Rockhampton Region - North,Rockhampton,Central Queensland,Inner Regional,Keppel,Capricornia,State-controlled,No Roadway Feature,No traffic control,100 - 110 km/h,Sealed - Dry,Clear,Daylight,Straight,Level,703,Off Path-Straight: Left Off Cway Hit Obj,Off carriageway on straight hit object,S,0,1,0,0,1,1,0,0,0,0,0,0
332377,Hospitalisation,2021,February,Tuesday,19,Hit object,Single Vehicle,147.0611614,-19.52237685,Bruce Hwy,,Bruce Highway (Ayr - Townsville),Mount Surround,Burdekin Shire,4809,Giru,Townsville,Northern,Northern,North Queensland,Burdekin,Charters Towers - Ayr - Ingham,Townsville,Outer Regional,Burdekin,Dawson,State-controlled,No Roadway Feature,No traffic control,60 km/h,Sealed - Dry,Clear,Darkness - Not lighted,Straight,Level,606,Veh'S On Path: Temporary Roadworks,Other,E,0,1,0,0,1,1,0,0,0,0,0,0
332378,Hospitalisation,2021,February,Saturday,20,Head-on,Multi-Vehicle,147.0513082,-19.55672945,Woodstock - Giru Rd,,Woodstock - Giru Road,Shirbourne,Burdekin Shire,4809,Giru,Townsville,Northern,Northern,North Queensland,Burdekin,Charters Towers - Ayr - Ingham,Townsville,Outer Regional,Burdekin,Dawson,State-controlled,No Roadway Feature,No traffic control,100 - 110 km/h,Sealed - Wet,Raining,Darkness - Not lighted,Curved - view obscured,Dip,201,Veh'S Opposite Approach: Head On,Head-on,E,0,3,0,0,3,2,0,0,0,0,0,0
332379,Medical treatment,2021,February,Friday,7,Rear-end,Multi-Vehicle,147.0891906,-19.54193029,Bruce Hwy,,Bruce Highway (Ayr - Townsville),Giru,Burdekin Shire,4809,Giru,Townsville,Northern,Northern,North Queensland,Burdekin,Charters Towers - Ayr - Ingham,Townsville,Outer Regional,Burdekin,Dawson,State-controlled,No Roadway Feature,No traffic control,60 km/h,Sealed - Wet,Raining,Daylight,Straight,Level,301,Veh'S Same Direction: Rear End,Rear-end,N,0,0,1,0,1,2,0,1,0,0,0,0
332380,Fatal,2021,March,Friday,15,Head-on,Multi-Vehicle,147.0390034,-19.50157985,Bruce Hwy,,Bruce Highway (Ayr - Townsville),Cromarty,Burdekin Shire,4809,Giru,Townsville,Northern,Northern,North Queensland,Burdekin,Charters Towers - Ayr - Ingham,Townsville,Outer Regional,Burdekin,Dawson,State-controlled,Bridge/Causeway,No traffic control,100 - 110 km/h,Sealed - Dry,Clear,Daylight,Straight,Level,201,Veh'S Opposite Approach: Head On,Head-on,S,1,0,0,0,1,0,1,1,0,0,0,0
332381,Medical treatment,2021,May,Wednesday,13,Hit object,Single Vehicle,147.1632829,-19.56438203,Bruce Hwy,,Bruce Highway (Ayr - Townsville),Horseshoe Lagoon,Burdekin Shire,4809,Giru,Townsville,Northern,Northern,North Queensland,Burdekin,Charters Towers - Ayr - Ingham,Townsville,Outer Regional,Burdekin,Dawson,State-controlled,No Roadway Feature,No traffic control,100 - 110 km/h,Sealed - Dry,Clear,Daylight,Straight,Level,703,Off Path-Straight: Left Off Cway Hit Obj,Off carriageway on straight hit object,S,0,0,1,0,1,1,0,0,0,0,0,0
332382,Hospitalisation,2021,May,Sunday,3,Hit object,Single Vehicle,147.093181,-19.54546782,Bruce Hwy,,Bruce Highway (Ayr - Townsville),Giru,Burdekin Shire,4809,Giru,Townsville,Northern,Northern,North Queensland,Burdekin,Charters Towers - Ayr - Ingham,Townsville,Outer Regional,Burdekin,Dawson,State-controlled,No Roadway Feature,No traffic control,80 - 90 km/h,Sealed - Dry,Clear,Darkness - Not lighted,Straight,Level,703,Off Path-Straight: Left Off Cway Hit Obj,Off carriageway on straight hit object,W,0,1,0,0,1,0,1,0,0,0,0,0
332957,Minor injury,2021,January,Saturday,6,Rear-end,Multi-Vehicle,150.4889698,-23.36751217,Bracher St,Wandal Rd,Rockhampton - Ridgelands Road,Wandal,Rockhampton Region,4700,Rockhampton,Capricornia,Central,Central,Central Queensland,Rockhampton - West,Rockhampton,Central Queensland,Inner Regional,Rockhampton,Capricornia,State-controlled,Intersection - T-Junction,No traffic control,0 - 50 km/h,Sealed - Wet,Raining,Daylight,Straight,Crest,303,Veh'S Same Direction: Right Rear,Rear-end,W,0,0,0,1,1,2,0,0,0,0,0,0
332958,Hospitalisation,2021,January,Wednesday,2,Sideswipe,Multi-Vehicle,150.4992638,-23.41136817,Bruce Hwy,,Bruce Highway (Benaraby - Rockhampton),Allenstown,Rockhampton Region,4700,Rockhampton,Capricornia,Central,Central,Central Queensland,The Range - Allenstown,Rockhampton,Central Queensland,Inner Regional,Rockhampton,Capricornia,State-controlled,Bridge/Causeway,No traffic control,70 km/h,Sealed - Dry,Clear,Darkness - Lighted,Straight,Level,307,Veh'S Same Direction: Lane Change Left,Lane changes,N,0,1,0,0,1,1,0,1,0,0,0,0
332959,Hospitalisation,2021,January,Wednesday,12,Hit object,Single Vehicle,150.4953788,-23.37877417,Canning St,,,The Range,Rockhampton Region,4700,Rockhampton,Capricornia,Central,Central,Central Queensland,The Range - Allenstown,Rockhampton,Central Queensland,Inner Regional,Rockhampton,Capricornia,Locally-controlled,No Roadway Feature,No traffic control,60 km/h,Sealed - Dry,Clear,Daylight,Straight,Crest,703,Off Path-Straight: Left Off Cway Hit Obj,Off carriageway on straight hit object,N,0,1,0,0,1,1,0,0,0,0,0,0
332960,Minor injury,2021,January,Friday,17,Angle,Multi-Vehicle,150.5091528,-23.38342317,Campbell St,William St,,Rockhampton City,Rockhampton Region,4700,Rockhampton,Capricornia,Central,Central,Central Queensland,Rockhampton City,Rockhampton,Central Queensland,Inner Regional,Rockhampton,Capricornia,Locally-controlled,Intersection - Cross,Stop sign,60 km/h,Sealed - Dry,Clear,Daylight,Straight,Level,101,Veh'S Adjacent Approach: Thru-Thru,Intersection from adjacent approaches,E,0,0,0,2,2,2,0,0,0,0,0,0
332961,Hospitalisation,2021,January,Wednesday,8,Rear-end,Multi-Vehicle,150.5067426,-23.38948836,Gladstone Rd,,Bruce Highway (Benaraby - Rockhampton),Allenstown,Rockhampton Region,4700,Rockhampton,Capricornia,Central,Central,Central Queensland,The Range - Allenstown,Rockhampton,Central Queensland,Inner Regional,Rockhampton,Capricornia,State-controlled,No Roadway Feature,No traffic control,60 km/h,Sealed - Dry,Clear,Daylight,Straight,Level,301,Veh'S Same Direction: Rear End,Rear-end,N,0,2,0,0,2,4,0,0,0,0,0,0
332962,Hospitalisation,2021,January,Friday,17,Angle,Multi-Vehicle,150.5007268,-23.38867917,Davis St,William St,,The Range,Rockhampton Region,4700,Rockhampton,Capricornia,Central,Central,Central Queensland,The Range - Allenstown,Rockhampton,Central Queensland,Inner Regional,Rockhampton,Capricornia,Locally-controlled,Intersection - Cross,Give way sign,0 - 50 km/h,Sealed - Dry,Clear,Daylight,Straight,Level,101,Veh'S Adjacent Approach: Thru-Thru,Intersection from adjacent approaches,,0,3,0,0,3,2,0,0,0,0,0,0