Crash_Severity,Crash_Year,Crash_Month,Crash_Day_Of_Week,Crash_Hour,Crash_Nature,Crash_Type,Crash_Longitude,Crash_Latitude,Crash_Street,Crash_Street_Intersecting,State_Road_Name,Loc_Suburb,Loc_Local_Government_Area,Loc_Post_Code,Loc_Police_Division,Loc_Police_District,Loc_Police_Region,Loc_Queensland_Transport_Region,Loc_Main_Roads_Region,Loc_ABS_Statistical_Area_2,Loc_ABS_Statistical_Area_3,Loc_ABS_Statistical_Area_4,Loc_ABS_Remoteness,Loc_State_Electorate,Loc_Federal_Electorate,Crash_Controlling_Authority,Crash_Roadway_Feature,Crash_Traffic_Control,Crash_Speed_Limit,Crash_Road_Surface_Condition,Crash_Atmospheric_Condition,Crash_Lighting_Condition,Crash_Road_Horiz_Align,Crash_Road_Vert_Align,Crash_DCA_Code,Crash_DCA_Description,Crash_DCA_Group_Description,DCA_Key_Approach_Dir,Count_Casualty_Fatality,Count_Casualty_Hospitalised,Count_Casualty_MedicallyTreated,Count_Casualty_MinorInjury,Count_Casualty_Total,Count_Unit_Car,Count_Unit_Motorcycle_Moped,Count_Unit_Truck,Count_Unit_Bus,Count_Unit_Bicycle,Count_Unit_Pedestrian,Count_Unit_Other,
333010,Minor injury,2021,May,Wednesday,6,Angle,Multi-Vehicle,153.4407969,-28.07777749,Christine Ave,Joan St,,Miami,Gold Coast City,4220,Palm Beach,Gold Coast,South Eastern,SEQ South,South Coast,Miami,Broadbeach - Burleigh,Gold Coast,Major Cities,Mermaid Beach,Mcpherson,Locally-controlled,Intersection - Roundabout,Give way sign,0 - 50 km/h,Sealed - Dry,Clear,Dawn/Dusk,Straight,Level,408,Veh'S Manoeuvring: Entering From Footway,Vehicle leaving driveway,E,0,0,0,1,1,1,0,0,0,1,0,0
333011,Hospitalisation,2021,May,Thursday,17,Angle,Multi-Vehicle,153.4432449,-28.07705149,Christine Ave,Lemana La,,Miami,Gold Coast City,4220,Palm Beach,Gold Coast,South Eastern,SEQ South,South Coast,Miami,Broadbeach - Burleigh,Gold Coast,Major Cities,Mermaid Beach,Mcpherson,Locally-controlled,Intersection - Cross,Operating traffic lights,0 - 50 km/h,Sealed - Dry,Clear,Dawn/Dusk,Straight,Level,202,Veh'S Opposite Approach: Thru-Right,Opposing vehicles turning,E,0,1,0,0,1,1,0,0,0,1,0,0
333012,Medical treatment,2021,May,Sunday,12,Rear-end,Multi-Vehicle,153.4103719,-28.11070249,Pacific Hwy,,Pacific Highway (Pacific Motorway),Burleigh Heads,Gold Coast City,4220,Robina,Gold Coast,South Eastern,SEQ South,South Coast,Burleigh Heads,Broadbeach - Burleigh,Gold Coast,Major Cities,Burleigh,Mcpherson,State-controlled,No Roadway Feature,No traffic control,80 - 90 km/h,Sealed - Dry,Clear,Daylight,Curved - view open,Level,301,Veh'S Same Direction: Rear End,Rear-end,E,0,0,1,0,1,3,0,0,0,0,0,0
333013,Medical treatment,2021,May,Tuesday,19,Rear-end,Multi-Vehicle,153.4224559,-28.10096949,Reedy Creek Rd,,Burleigh Connection Road,Burleigh Waters,Gold Coast City,4220,Robina,Gold Coast,South Eastern,SEQ South,South Coast,Burleigh Heads,Broadbeach - Burleigh,Gold Coast,Major Cities,Burleigh,Mcpherson,State-controlled,No Roadway Feature,No traffic control,80 - 90 km/h,Sealed - Dry,Clear,Darkness - Lighted,Straight,Level,301,Veh'S Same Direction: Rear End,Rear-end,E,0,0,1,1,2,3,0,0,0,0,0,0
333014,Hospitalisation,2021,May,Wednesday,22,Hit parked vehicle,Single Vehicle,153.4511669,-28.12049649,Chestnut St,Nineteenth Ave,,Elanora,Gold Coast City,4221,Palm Beach,Gold Coast,South Eastern,SEQ South,South Coast,Elanora,Coolangatta,Gold Coast,Major Cities,Currumbin,Mcpherson,Locally-controlled,Intersection - Roundabout,No traffic control,60 km/h,Sealed - Dry,Clear,Darkness - Lighted,Curved - view open,Level,808,Off Path-Curve: Mounts Traffic Island,Off carriageway on curve hit object,E,0,1,0,0,1,1,0,0,0,0,0,0
333015,Medical treatment,2021,May,Saturday,14,Angle,Multi-Vehicle,153.4217059,-28.10076049,Reedy Creek Rd,,,Burleigh Waters,Gold Coast City,4220,Robina,Gold Coast,South Eastern,SEQ South,South Coast,Burleigh Waters,Broadbeach - Burleigh,Gold Coast,Major Cities,Burleigh,Mcpherson,Locally-controlled,No Roadway Feature,No traffic control,0 - 50 km/h,Sealed - Dry,Clear,Daylight,Straight,Level,400,Veh'S Manoeuvring: Other,Other,,0,0,1,0,1,1,0,0,0,1,0,0
333016,Hospitalisation,2021,May,Thursday,9,Rear-end,Multi-Vehicle,153.4256749,-28.11618949,Pacific Hwy,,Pacific Highway (Pacific Motorway),Burleigh Heads,Gold Coast City,4220,Robina,Gold Coast,South Eastern,SEQ South,South Coast,Reedy Creek - Andrews,Mudgeeraba - Tallebudgera,Gold Coast,Major Cities,Burleigh,Mcpherson,State-controlled,No Roadway Feature,No traffic control,80 - 90 km/h,Sealed - Dry,Clear,Daylight,Straight,Level,301,Veh'S Same Direction: Rear End,Rear-end,W,0,1,0,2,3,2,0,1,0,0,0,0
333017,Minor injury,2021,May,Thursday,14,Rear-end,Multi-Vehicle,153.4423462,-28.11443244,Pacific Hwy On Ramp,,Pacific Highway (Pacific Motorway),Burleigh Heads,Gold Coast City,4219,Palm Beach,Gold Coast,South Eastern,SEQ South,South Coast,Burleigh Heads,Broadbeach - Burleigh,Gold Coast,Major Cities,Burleigh,Mcpherson,State-controlled,Bridge/Causeway,No traffic control,80 - 90 km/h,Sealed - Dry,Clear,Daylight,Straight,Level,301,Veh'S Same Direction: Rear End,Rear-end,S,0,0,0,1,1,1,0,1,0,0,0,0
333018,Hospitalisation,2021,May,Friday,13,Rear-end,Multi-Vehicle,153.4146739,-28.11313049,Pacific Hwy,,Pacific Highway (Pacific Motorway),Burleigh Heads,Gold Coast City,4220,Robina,Gold Coast,South Eastern,SEQ South,South Coast,Burleigh Heads,Broadbeach - Burleigh,Gold Coast,Major Cities,Burleigh,Mcpherson,State-controlled,No Roadway Feature,No traffic control,60 km/h,Sealed - Dry,Clear,Daylight,Straight,Level,301,Veh'S Same Direction: Rear End,Rear-end,E,0,1,0,0,1,2,0,0,0,0,0,0
333019,Medical treatment,2021,May,Friday,16,Rear-end,Multi-Vehicle,153.4389839,-28.10065849,Reedy Creek Rd,,Burleigh Connection Road,Burleigh Waters,Gold Coast City,4220,Robina,Gold Coast,South Eastern,SEQ South,South Coast,Burleigh Waters,Broadbeach - Burleigh,Gold Coast,Major Cities,Burleigh,Mcpherson,State-controlled,No Roadway Feature,No traffic control,60 km/h,Sealed - Dry,Clear,Daylight,Straight,Crest,301,Veh'S Same Direction: Rear End,Rear-end,E,0,0,1,0,1,2,0,0,0,0,0,0
333020,Medical treatment,2021,May,Friday,15,Rear-end,Multi-Vehicle,153.4668199,-28.12345249,Palm Beach Ave,Tahiti Ave,,Palm Beach,Gold Coast City,4221,Palm Beach,Gold Coast,South Eastern,SEQ South,South Coast,Palm Beach,Coolangatta,Gold Coast,Major Cities,Burleigh,Mcpherson,Locally-controlled,Intersection - Roundabout,Give way sign,0 - 50 km/h,Sealed - Dry,Clear,Daylight,Straight,Level,303,Veh'S Same Direction: Right Rear,Rear-end,,0,0,1,0,1,2,0,0,0,0,0,0
333021,Minor injury,2021,May,Sunday,17,Angle,Multi-Vehicle,153.4413869,-28.11262449,Tallebudgera Creek Rd,,Tallebudgera Creek Road,Burleigh Heads,Gold Coast City,4219,Palm Beach,Gold Coast,South Eastern,SEQ South,South Coast,Burleigh Heads,Broadbeach - Burleigh,Gold Coast,Major Cities,Burleigh,Mcpherson,State-controlled,No Roadway Feature,No traffic control,0 - 50 km/h,Sealed - Dry,Clear,Darkness - Lighted,Straight,Level,506,Veh'S Overtaking: Overtake-Right Turn,Overtaking same direction,S,0,0,0,1,1,2,0,0,0,0,0,0
333022,Medical treatment,2021,June,Tuesday,16,Rear-end,Multi-Vehicle,153.4511349,-28.11683049,Pacific Hwy,,Pacific Highway (Pacific Motorway),Palm Beach,Gold Coast City,4221,Palm Beach,Gold Coast,South Eastern,SEQ South,South Coast,Elanora,Coolangatta,Gold Coast,Major Cities,Burleigh,Mcpherson,State-controlled,No Roadway Feature,No traffic control,100 - 110 km/h,Unsealed - Dry,Clear,Daylight,Straight,Level,301,Veh'S Same Direction: Rear End,Rear-end,N,0,0,1,0,1,2,0,0,0,0,0,0
333023,Medical treatment,2021,June,Tuesday,16,Rear-end,Multi-Vehicle,153.4098931,-28.10168367,Reedy Creek Rd,,Burleigh Connection Road,Varsity Lakes,Gold Coast City,4227,Robina,Gold Coast,South Eastern,SEQ South,South Coast,Varsity Lakes,Robina,Gold Coast,Major Cities,Burleigh,Mcpherson,State-controlled,No Roadway Feature,No traffic control,80 - 90 km/h,Sealed - Dry,Clear,Daylight,Straight,Grade,301,Veh'S Same Direction: Rear End,Rear-end,E,0,0,1,0,1,3,0,0,0,0,0,0
333024,Medical treatment,2021,June,Thursday,9,Angle,Multi-Vehicle,153.4741889,-28.1334845,Thrower Dr,,,Palm Beach,Gold Coast City,4221,Palm Beach,Gold Coast,South Eastern,SEQ South,South Coast,Palm Beach,Coolangatta,Gold Coast,Major Cities,Burleigh,Mcpherson,Locally-controlled,No Roadway Feature,No traffic control,0 - 50 km/h,Sealed - Dry,Clear,Daylight,Curved - view open,Level,408,Veh'S Manoeuvring: Entering From Footway,Vehicle leaving driveway,S,0,0,1,0,1,1,0,0,0,1,0,0
333025,Minor injury,2021,June,Friday,19,Rear-end,Multi-Vehicle,153.4435702,-28.07691402,Christine Ave,,,Miami,Gold Coast City,4220,Palm Beach,Gold Coast,South Eastern,SEQ South,South Coast,Miami,Broadbeach - Burleigh,Gold Coast,Major Cities,Mermaid Beach,Mcpherson,Locally-controlled,No Roadway Feature,No traffic control,60 km/h,Sealed - Dry,Clear,Darkness - Lighted,Straight,Level,301,Veh'S Same Direction: Rear End,Rear-end,W,0,0,0,1,1,3,0,0,0,0,0,0
333026,Medical treatment,2021,June,Saturday,7,Angle,Multi-Vehicle,153.4379339,-28.08209849,Burleigh St,,,Burleigh Waters,Gold Coast City,4220,Palm Beach,Gold Coast,South Eastern,SEQ South,South Coast,Burleigh Waters,Broadbeach - Burleigh,Gold Coast,Major Cities,Burleigh,Mcpherson,Locally-controlled,No Roadway Feature,No traffic control,0 - 50 km/h,Sealed - Dry,Clear,Daylight,Straight,Level,400,Veh'S Manoeuvring: Other,Other,,0,0,1,0,1,1,0,0,0,1,0,0
333027,Medical treatment,2021,June,Monday,8,Rear-end,Multi-Vehicle,153.4526329,-28.09818549,Tabilban St,,,Burleigh Heads,Gold Coast City,4220,Palm Beach,Gold Coast,South Eastern,SEQ South,South Coast,Burleigh Heads,Broadbeach - Burleigh,Gold Coast,Major Cities,Burleigh,Mcpherson,Locally-controlled,No Roadway Feature,No traffic control,0 - 50 km/h,Sealed - Dry,Clear,Daylight,Straight,Level,301,Veh'S Same Direction: Rear End,Rear-end,E,0,0,1,0,1,1,0,0,0,0,0,1
333028,Medical treatment,2021,June,Wednesday,7,Overturned,Single Vehicle,153.3778089,-28.12570549,Carrington Rd,,,Bonogin,Gold Coast City,4213,Mudgeeraba,Gold Coast,South Eastern,SEQ South,South Coast,Mudgeeraba - Bonogin,Mudgeeraba - Tallebudgera,Gold Coast,Major Cities,Mudgeeraba,Mcpherson,Locally-controlled,No Roadway Feature,No traffic control,60 km/h,Sealed - Dry,Clear,Daylight,Curved - view obscured,Grade,805,Off Path-Curve: Out Of Control On Cway,Out of control on curve,N,0,0,1,0,1,1,0,0,0,0,0,0
333029,Minor injury,2021,June,Wednesday,8,Rear-end,Multi-Vehicle,153.4008889,-28.09944749,Pacific Hwy,,Pacific Highway (Pacific Motorway),Varsity Lakes,Gold Coast City,4227,Robina,Gold Coast,South Eastern,SEQ South,South Coast,Varsity Lakes,Robina,Gold Coast,Major Cities,Mudgeeraba,Mcpherson,State-controlled,No Roadway Feature,No traffic control,100 - 110 km/h,Sealed - Dry,Clear,Daylight,Straight,Level,301,Veh'S Same Direction: Rear End,Rear-end,S,0,0,0,1,1,2,0,0,0,0,0,0
333030,Hospitalisation,2021,June,Thursday,8,Hit object,Single Vehicle,153.3767339,-28.22112249,Currumbin Creek Rd,,,Currumbin Valley,Gold Coast City,4223,Coolangatta,Gold Coast,South Eastern,SEQ South,South Coast,Currumbin Valley - Tallebudgera,Mudgeeraba - Tallebudgera,Gold Coast,Inner Regional,Currumbin,Mcpherson,Locally-controlled,No Roadway Feature,No traffic control,60 km/h,Sealed - Wet,Clear,Daylight,Curved - view obscured,Grade,805,Off Path-Curve: Out Of Control On Cway,Out of control on curve,S,0,1,0,0,1,1,0,0,0,0,0,0
333031,Medical treatment,2021,June,Monday,8,Sideswipe,Multi-Vehicle,153.4592872,-28.09972512,Gold Coast Hwy,,Gold Coast Highway (Broadbeach - Coolangatta),Palm Beach,Gold Coast City,4221,Palm Beach,Gold Coast,South Eastern,SEQ South,South Coast,Palm Beach,Coolangatta,Gold Coast,Major Cities,Burleigh,Mcpherson,State-controlled,No Roadway Feature,No traffic control,60 km/h,Sealed - Dry,Clear,Daylight,Straight,Level,306,Veh'S Same Direction: Lane Change Right,Lane changes,N,0,0,1,0,1,1,1,0,0,0,0,0
333032,Minor injury,2021,June,Wednesday,11,Rear-end,Multi-Vehicle,153.4257272,-28.08557991,Bermuda St,,Southport - Burleigh Road,Burleigh Waters,Gold Coast City,4220,Robina,Gold Coast,South Eastern,SEQ South,South Coast,Burleigh Waters,Broadbeach - Burleigh,Gold Coast,Major Cities,Burleigh,Mcpherson,State-controlled,No Roadway Feature,No traffic control,80 - 90 km/h,Sealed - Dry,Clear,Daylight,Straight,Level,301,Veh'S Same Direction: Rear End,Rear-end,S,0,0,0,2,2,2,0,0,0,0,0,0
333033,Hospitalisation,2021,June,Thursday,17,Rear-end,Multi-Vehicle,153.4257809,-28.08564149,Bermuda St,Christine Ave,Southport - Burleigh Road,Burleigh Waters,Gold Coast City,4220,Robina,Gold Coast,South Eastern,SEQ South,South Coast,Burleigh Waters,Broadbeach - Burleigh,Gold Coast,Major Cities,Burleigh,Mcpherson,State-controlled,Intersection - Cross,Operating traffic lights,80 - 90 km/h,Sealed - Dry,Clear,Darkness - Lighted,Straight,Level,301,Veh'S Same Direction: Rear End,Rear-end,S,0,1,0,0,1,2,0,0,0,0,0,0
333034,Medical treatment,2021,June,Saturday,11,Hit parked vehicle,Single Vehicle,153.4634062,-28.11486612,Tahiti Ave,,,Palm Beach,Gold Coast City,4221,Palm Beach,Gold Coast,South Eastern,SEQ South,South Coast,Palm Beach,Coolangatta,Gold Coast,Major Cities,Burleigh,Mcpherson,Locally-controlled,No Roadway Feature,No traffic control,0 - 50 km/h,Sealed - Wet,Raining,Daylight,Straight,Level,703,Off Path-Straight: Left Off Cway Hit Obj,Off carriageway on straight hit object,N,0,0,1,0,1,4,0,0,0,0,0,0
333035,Hospitalisation,2021,June,Sunday,10,Angle,Multi-Vehicle,153.4383359,-28.16938749,Currumbin Creek Rd,Stackpole St,Currumbin Creek Road,Currumbin Valley,Gold Coast City,4223,Coolangatta,Gold Coast,South Eastern,SEQ South,South Coast,Currumbin Valley - Tallebudgera,Mudgeeraba - Tallebudgera,Gold Coast,Major Cities,Currumbin,Mcpherson,State-controlled,Intersection - T-Junction,Give way sign,80 - 90 km/h,Sealed - Dry,Clear,Daylight,Curved - view open,Level,104,Veh'S Adjacent Approach: Thru-Right,Intersection from adjacent approaches,E,0,1,0,0,1,1,1,0,0,0,0,0
333036,Medical treatment,2021,June,Monday,17,Angle,Multi-Vehicle,153.4041019,-28.09808149,Bayswater Ave,Scottsdale Dr,,Varsity Lakes,Gold Coast City,4227,Robina,Gold Coast,South Eastern,SEQ South,South Coast,Varsity Lakes,Robina,Gold Coast,Major Cities,Burleigh,Mcpherson,Locally-controlled,Intersection - Cross,Operating traffic lights,60 km/h,Sealed - Dry,Clear,Dawn/Dusk,Curved - view open,Level,202,Veh'S Opposite Approach: Thru-Right,Opposing vehicles turning,S,0,0,1,0,1,2,0,0,0,0,0,0
333037,Medical treatment,2021,June,Monday,8,Rear-end,Multi-Vehicle,153.4064539,-28.10202949,Reedy Creek Rd,Scottsdale Dr,Burleigh Connection Road,Varsity Lakes,Gold Coast City,4227,Robina,Gold Coast,South Eastern,SEQ South,South Coast,Varsity Lakes,Robina,Gold Coast,Major Cities,Burleigh,Mcpherson,State-controlled,Intersection - T-Junction,Give way sign,0 - 50 km/h,Sealed - Dry,Clear,Daylight,Straight,Level,302,Veh'S Same Direction: Left Rear,Rear-end,S,0,0,1,0,1,2,0,0,0,0,0,0
333038,Hospitalisation,2021,June,Tuesday,15,Head-on,Multi-Vehicle,153.4304539,-28.16400149,Tallebudgera Connection Rd,,Tallebudgera Connection Road,Tallebudgera,Gold Coast City,4228,Palm Beach,Gold Coast,South Eastern,SEQ South,South Coast,Currumbin Valley - Tallebudgera,Mudgeeraba - Tallebudgera,Gold Coast,Major Cities,Currumbin,Mcpherson,State-controlled,No Roadway Feature,No traffic control,60 km/h,Sealed - Wet,Raining,Daylight,Curved - view obscured,Grade,201,Veh'S Opposite Approach: Head On,Head-on,W,0,1,2,0,3,2,0,0,0,0,0,0
333039,Minor injury,2021,June,Tuesday,23,Hit object,Single Vehicle,153.4611079,-28.10037649,Gold Coast Hwy,,Gold Coast Highway (Broadbeach - Coolangatta),Palm Beach,Gold Coast City,4221,Palm Beach,Gold Coast,South Eastern,SEQ South,South Coast,Palm Beach,Coolangatta,Gold Coast,Major Cities,Burleigh,Mcpherson,State-controlled,Merge Lane,No traffic control,60 km/h,Sealed - Wet,Clear,Darkness - Lighted,Curved - view open,Level,808,Off Path-Curve: Mounts Traffic Island,Off carriageway on curve hit object,W,0,0,0,1,1,1,0,0,0,0,0,0
333040,Minor injury,2021,June,Wednesday,21,Hit parked vehicle,Single Vehicle,153.4649719,-28.10795321,Invalid Street From Police,,Gold Coast Highway (Broadbeach - Coolangatta),Palm Beach,Gold Coast City,4221,Palm Beach,Gold Coast,South Eastern,SEQ South,South Coast,Palm Beach,Coolangatta,Gold Coast,Major Cities,Burleigh,Mcpherson,State-controlled,No Roadway Feature,No traffic control,60 km/h,Sealed - Dry,Clear,Darkness - Not lighted,Straight,Level,601,Veh'S On Path: Parked,Hit parked vehicle,E,0,0,0,1,1,2,0,0,0,0,0,0
333365,Medical treatment,2021,February,Friday,15,Hit pedestrian,Hit pedestrian,151.9442067,-26.23951726,Angel Ave,,,Murgon,South Burnett Region,4605,Murgon,Darling Downs,Southern,Southern,Southern Queensland,Kingaroy Region - North,Burnett,Wide Bay,Inner Regional,Nanango,Wide Bay,Locally-controlled,No Roadway Feature,No traffic control,0 - 50 km/h,Sealed - Dry,Clear,Daylight,Straight,Level,1,Ped'N: Near Side Vehicle Hit From Right,Pedestrian,W,0,0,1,0,1,1,0,0,0,0,1,0
333366,Hospitalisation,2021,April,Tuesday,17,Hit object,Single Vehicle,151.8590047,-26.14650732,Gayndah Rd,,Murgon - Gayndah Road,Merlwood,South Burnett Region,4605,Murgon,Darling Downs,Southern,Southern,Southern Queensland,Kingaroy Region - North,Burnett,Wide Bay,Outer Regional,Nanango,Wide Bay,State-controlled,No Roadway Feature,No traffic control,100 - 110 km/h,Sealed - Wet,Raining,Dawn/Dusk,Straight,Level,607,Veh'S On Path: Temporary Object On C'Way,Other,E,0,1,0,0,1,1,0,0,0,0,0,0
333367,Hospitalisation,2021,June,Wednesday,12,Overturned,Single Vehicle,151.8116828,-26.16327366,Silverleaf Rd,,,Silverleaf,South Burnett Region,4605,Murgon,Darling Downs,Southern,Southern,Southern Queensland,Kingaroy Region - North,Burnett,Wide Bay,Outer Regional,Nanango,Wide Bay,Locally-controlled,No Roadway Feature,No traffic control,100 - 110 km/h,Sealed - Dry,Clear,Daylight,Curved - view obscured,Level,801,Off Path-Curve: Off Cway Right Bend,Off carriageway on curve,E,0,1,0,0,1,1,0,0,0,0,0,0
333368,Hospitalisation,2021,June,Tuesday,17,Angle,Multi-Vehicle,151.8507163,-26.18827832,Friebergs Rd,Silverleaf Rd,Byee Road,Byee,South Burnett Region,4605,Murgon,Darling Downs,Southern,Southern,Southern Queensland,Kingaroy Region - North,Burnett,Wide Bay,Outer Regional,Nanango,Wide Bay,State-controlled,Intersection - Cross,Give way sign,100 - 110 km/h,Sealed - Dry,Clear,Daylight,Straight,Level,101,Veh'S Adjacent Approach: Thru-Thru,Intersection from adjacent approaches,N,0,1,0,0,1,2,0,0,0,0,0,0
333502,Medical treatment,2021,January,Saturday,13,Head-on,Multi-Vehicle,153.1866853,-27.91265149,Tamborine Mountain Rd,,Tamborine Mountain Road,Tamborine Mountain,Scenic Rim Region,4272,North Tamborine,Logan,South Eastern,SEQ South,South Coast,Tamborine - Canungra,Gold Coast Hinterland,Gold Coast,Inner Regional,Scenic Rim,Wright,State-controlled,No Roadway Feature,No traffic control,60 km/h,Sealed - Dry,Clear,Daylight,Curved - view obscured,Grade,201,Veh'S Opposite Approach: Head On,Head-on,S,0,0,3,0,3,2,0,0,0,0,0,0
333503,Hospitalisation,2021,January,Monday,13,Head-on,Multi-Vehicle,153.200308,-27.91986547,Wongawallan Rd,,,Tamborine Mountain,Scenic Rim Region,4271,North Tamborine,Logan,South Eastern,SEQ South,South Coast,Tamborine - Canungra,Gold Coast Hinterland,Gold Coast,Major Cities,Scenic Rim,Wright,Locally-controlled,No Roadway Feature,No traffic control,0 - 50 km/h,Sealed - Wet,Raining,Daylight,Straight,Level,201,Veh'S Opposite Approach: Head On,Head-on,E,0,1,0,0,1,3,0,0,0,0,0,0
333504,Medical treatment,2021,January,Thursday,8,Sideswipe,Multi-Vehicle,153.183457,-27.95747946,Main Western Rd,,Tamborine Mountain Road,Tamborine Mountain,Scenic Rim Region,4272,North Tamborine,Logan,South Eastern,SEQ South,South Coast,Tamborine - Canungra,Gold Coast Hinterland,Gold Coast,Major Cities,Scenic Rim,Wright,State-controlled,No Roadway Feature,No traffic control,60 km/h,Sealed - Wet,Raining,Daylight,Curved - view obscured,Level,201,Veh'S Opposite Approach: Head On,Head-on,N,0,0,1,0,1,1,1,0,0,0,0,0
333505,Minor injury,2021,January,Sunday,10,Angle,Multi-Vehicle,153.199677,-27.91920947,Long Rd,Morell St,Tamborine - Oxenford Road,Tamborine Mountain,Scenic Rim Region,4271,North Tamborine,Logan,South Eastern,SEQ South,South Coast,Tamborine - Canungra,Gold Coast Hinterland,Gold Coast,Major Cities,Scenic Rim,Wright,State-controlled,Intersection - T-Junction,No traffic control,60 km/h,Sealed - Dry,Clear,Daylight,Curved - view open,Grade,506,Veh'S Overtaking: Overtake-Right Turn,Overtaking same direction,N,0,0,0,2,2,1,1,0,0,0,0,0
333506,Hospitalisation,2021,February,Monday,17,Rear-end,Multi-Vehicle,153.1463532,-27.87246895,Beaudesert - Beenleigh Rd,,Beaudesert - Beenleigh Road,Tamborine,Scenic Rim Region,4270,North Tamborine,Logan,South Eastern,SEQ South,South Coast,Tamborine - Canungra,Gold Coast Hinterland,Gold Coast,Inner Regional,Scenic Rim,Wright,State-controlled,No Roadway Feature,No traffic control,80 - 90 km/h,Sealed - Dry,Clear,Daylight,Straight,Level,301,Veh'S Same Direction: Rear End,Rear-end,N,0,3,0,3,6,3,0,0,0,0,0,0
333507,Hospitalisation,2021,February,Tuesday,19,Hit object,Single Vehicle,153.1852613,-27.91078129,Tamborine Mountain Rd,,Tamborine Mountain Road,Tamborine Mountain,Scenic Rim Region,4272,North Tamborine,Logan,South Eastern,SEQ South,South Coast,Tamborine - Canungra,Gold Coast Hinterland,Gold Coast,Inner Regional,Scenic Rim,Wright,State-controlled,No Roadway Feature,No traffic control,60 km/h,Sealed - Dry,Clear,Darkness - Not lighted,Curved - view open,Grade,800,Off Path-Curve: Other,Other,N,0,1,0,0,1,1,0,0,0,0,0,0
333508,Hospitalisation,2021,March,Tuesday,16,Angle,Multi-Vehicle,153.150214,-27.95071246,Mundoolun Connection Rd,Wagonwheel Rd,Mundoolun Connection Road,Boyland,Scenic Rim Region,4275,Canungra,Logan,South Eastern,SEQ South,South Coast,Tamborine - Canungra,Gold Coast Hinterland,Gold Coast,Inner Regional,Scenic Rim,Wright,State-controlled,Intersection - T-Junction,Give way sign,100 - 110 km/h,Sealed - Wet,Raining,Daylight,Straight,Level,104,Veh'S Adjacent Approach: Thru-Right,Intersection from adjacent approaches,S,0,1,0,0,1,1,1,0,0,0,0,0
333509,Hospitalisation,2021,April,Friday,21,Hit object,Single Vehicle,153.192064,-27.92578647,Eagle Heights Rd,Geissmann Dr,Tamborine Mountain Road,Tamborine Mountain,Scenic Rim Region,4272,North Tamborine,Logan,South Eastern,SEQ South,South Coast,Tamborine - Canungra,Gold Coast Hinterland,Gold Coast,Major Cities,Scenic Rim,Wright,State-controlled,Intersection - T-Junction,No traffic control,60 km/h,Sealed - Wet,Clear,Darkness - Not lighted,Curved - view open,Grade,607,Veh'S On Path: Temporary Object On C'Way,Other,N,0,1,0,0,1,0,1,0,0,0,0,0
333510,Medical treatment,2021,April,Thursday,17,Rear-end,Multi-Vehicle,153.1590085,-28.01543411,Beaudesert - Nerang Rd,,Beaudesert - Nerang Road,Canungra,Scenic Rim Region,4275,Canungra,Logan,South Eastern,SEQ South,South Coast,Tamborine - Canungra,Gold Coast Hinterland,Gold Coast,Inner Regional,Scenic Rim,Wright,State-controlled,No Roadway Feature,No traffic control,70 km/h,Sealed - Dry,Clear,Daylight,Straight,Level,301,Veh'S Same Direction: Rear End,Rear-end,N,0,0,1,0,1,2,0,0,0,0,0,0
333511,Hospitalisation,2021,April,Friday,20,Hit object,Single Vehicle,153.138827,-27.87221946,Beaudesert - Beenleigh Rd,,Beaudesert - Beenleigh Road,Tamborine,Scenic Rim Region,4270,North Tamborine,Logan,South Eastern,SEQ South,South Coast,Tamborine - Canungra,Gold Coast Hinterland,Gold Coast,Inner Regional,Scenic Rim,Wright,State-controlled,Bridge/Causeway,No traffic control,80 - 90 km/h,Sealed - Dry,Clear,Darkness - Not lighted,Curved - view open,Level,803,Off Path-Curve: Off Cway Rt Bend Hit Obj,Off carriageway on curve hit object,E,0,1,1,0,2,1,0,0,0,0,0,0
333512,Medical treatment,2021,April,Friday,19,Head-on,Multi-Vehicle,153.179909,-27.94008446,Main Western Rd,,Tamborine Mountain Road,Boyland,Scenic Rim Region,4275,North Tamborine,Logan,South Eastern,SEQ South,South Coast,Tamborine - Canungra,Gold Coast Hinterland,Gold Coast,Inner Regional,Scenic Rim,Wright,State-controlled,No Roadway Feature,No traffic control,60 km/h,Sealed - Dry,Clear,Darkness - Not lighted,Curved - view open,Crest,201,Veh'S Opposite Approach: Head On,Head-on,S,0,0,1,0,1,1,1,0,0,0,0,0
333513,Hospitalisation,2021,May,Friday,22,Fall from vehicle,Single Vehicle,153.185791,-27.95817546,Bartle Rd,Bishopp Ct,Tamborine Mountain Road,Tamborine Mountain,Scenic Rim Region,4272,North Tamborine,Logan,South Eastern,SEQ South,South Coast,Tamborine - Canungra,Gold Coast Hinterland,Gold Coast,Major Cities,Scenic Rim,Wright,State-controlled,Intersection - Roundabout,No traffic control,60 km/h,Sealed - Dry,Clear,Darkness - Lighted,Straight,Grade,707,Off Path-Straight: Right Turn,Off carriageway on straight,E,0,1,1,0,2,0,1,0,0,0,0,0
333514,Hospitalisation,2021,May,Wednesday,7,Hit parked vehicle,Single Vehicle,153.2078497,-27.92243692,Southport Ave,,,Tamborine Mountain,Scenic Rim Region,4271,North Tamborine,Logan,South Eastern,SEQ South,South Coast,Tamborine - Canungra,Gold Coast Hinterland,Gold Coast,Major Cities,Scenic Rim,Wright,Locally-controlled,No Roadway Feature,No traffic control,0 - 50 km/h,Sealed - Wet,Clear,Daylight,Straight,Level,601,Veh'S On Path: Parked,Hit parked vehicle,E,0,1,0,0,1,2,0,0,0,0,0,2