Crash_Severity,Crash_Year,Crash_Month,Crash_Day_Of_Week,Crash_Hour,Crash_Nature,Crash_Type,Crash_Longitude,Crash_Latitude,Crash_Street,Crash_Street_Intersecting,State_Road_Name,Loc_Suburb,Loc_Local_Government_Area,Loc_Post_Code,Loc_Police_Division,Loc_Police_District,Loc_Police_Region,Loc_Queensland_Transport_Region,Loc_Main_Roads_Region,Loc_ABS_Statistical_Area_2,Loc_ABS_Statistical_Area_3,Loc_ABS_Statistical_Area_4,Loc_ABS_Remoteness,Loc_State_Electorate,Loc_Federal_Electorate,Crash_Controlling_Authority,Crash_Roadway_Feature,Crash_Traffic_Control,Crash_Speed_Limit,Crash_Road_Surface_Condition,Crash_Atmospheric_Condition,Crash_Lighting_Condition,Crash_Road_Horiz_Align,Crash_Road_Vert_Align,Crash_DCA_Code,Crash_DCA_Description,Crash_DCA_Group_Description,DCA_Key_Approach_Dir,Count_Casualty_Fatality,Count_Casualty_Hospitalised,Count_Casualty_MedicallyTreated,Count_Casualty_MinorInjury,Count_Casualty_Total,Count_Unit_Car,Count_Unit_Motorcycle_Moped,Count_Unit_Truck,Count_Unit_Bus,Count_Unit_Bicycle,Count_Unit_Pedestrian,Count_Unit_Other,
333515,Hospitalisation,2021,May,Thursday,9,Overturned,Single Vehicle,153.1578255,-28.01247412,Beaudesert - Nerang Rd,,Beaudesert - Nerang Road,Canungra,Scenic Rim Region,4275,Canungra,Logan,South Eastern,SEQ South,South Coast,Tamborine - Canungra,Gold Coast Hinterland,Gold Coast,Inner Regional,Scenic Rim,Wright,State-controlled,No Roadway Feature,No traffic control,80 - 90 km/h,Sealed - Dry,Clear,Daylight,Curved - view open,Level,802,Off Path-Curve: Off Cway Left Bend,Off carriageway on curve,N,0,1,0,0,1,1,0,0,0,0,0,0
333516,Hospitalisation,2021,June,Sunday,16,Fall from vehicle,Single Vehicle,153.18023,-27.93385746,Main Western Rd,,Tamborine Mountain Road,Tamborine Mountain,Scenic Rim Region,4272,North Tamborine,Logan,South Eastern,SEQ South,South Coast,Tamborine - Canungra,Gold Coast Hinterland,Gold Coast,Major Cities,Scenic Rim,Wright,State-controlled,No Roadway Feature,No traffic control,60 km/h,Sealed - Dry,Clear,Daylight,Curved - view open,Level,805,Off Path-Curve: Out Of Control On Cway,Out of control on curve,N,0,1,0,0,1,1,1,0,0,0,0,0
333517,Medical treatment,2021,June,Wednesday,11,Struck by external load,Other,153.1929702,-27.9231081,Geissmann Dr,,Tamborine Mountain Road,Tamborine Mountain,Scenic Rim Region,4271,North Tamborine,Logan,South Eastern,SEQ South,South Coast,Tamborine - Canungra,Gold Coast Hinterland,Gold Coast,Inner Regional,Scenic Rim,Wright,State-controlled,No Roadway Feature,No traffic control,0 - 50 km/h,Sealed - Wet,Clear,Daylight,Curved - view obscured,Grade,600,Veh'S On Path: Other,Other,N,0,0,1,0,1,1,0,0,0,0,0,0
333518,Hospitalisation,2021,June,Tuesday,9,Head-on,Multi-Vehicle,153.192758,-27.92303847,Geissmann Dr,,Tamborine Mountain Road,Tamborine Mountain,Scenic Rim Region,4272,North Tamborine,Logan,South Eastern,SEQ South,South Coast,Tamborine - Canungra,Gold Coast Hinterland,Gold Coast,Major Cities,Scenic Rim,Wright,State-controlled,No Roadway Feature,No traffic control,0 - 50 km/h,Sealed - Dry,Clear,Daylight,Curved - view obscured,Grade,201,Veh'S Opposite Approach: Head On,Head-on,S,0,1,0,0,1,1,0,1,0,0,0,0
333671,Hospitalisation,2021,January,Friday,8,Angle,Multi-Vehicle,145.7366307,-16.98727673,Foster Rd,Lizard St,,Mount Sheridan,Cairns Region,4868,Edmonton,Far North,Far Northern,Northern,North Queensland,Mount Sheridan,Cairns - South,Cairns,Outer Regional,Mulgrave,Leichhardt,Locally-controlled,Intersection - Roundabout,Give way sign,60 km/h,Sealed - Dry,Clear,Daylight,Curved - view open,Grade,107,Veh'S Adjacent Approach: Thru-Left,Intersection from adjacent approaches,N,0,1,0,0,1,2,0,0,0,0,0,0
333672,Minor injury,2021,January,Sunday,13,Angle,Multi-Vehicle,145.7449747,-17.01881573,Bruce Hwy,Thomson Rd,Bruce Highway (Innisfail - Cairns),Edmonton,Cairns Region,4869,Edmonton,Far North,Far Northern,Northern,North Queensland,Edmonton,Cairns - South,Cairns,Outer Regional,Mulgrave,Kennedy,State-controlled,Intersection - Cross,Operating traffic lights,80 - 90 km/h,Sealed - Wet,Clear,Daylight,Straight,Level,101,Veh'S Adjacent Approach: Thru-Thru,Intersection from adjacent approaches,E,0,0,0,2,2,2,0,0,0,0,0,0
333673,Medical treatment,2021,January,Saturday,15,Hit object,Single Vehicle,145.7510077,-16.97132873,Hollywood Blvd,Kambara St,,White Rock,Cairns Region,4868,Edmonton,Far North,Far Northern,Northern,North Queensland,White Rock,Cairns - South,Cairns,Outer Regional,Mulgrave,Leichhardt,Locally-controlled,Intersection - T-Junction,Give way sign,60 km/h,Sealed - Dry,Clear,Daylight,Straight,Level,700,Off Path-Straight: Other,Other,,0,0,1,0,1,1,0,0,0,0,0,0
333674,Hospitalisation,2021,January,Saturday,10,Rear-end,Multi-Vehicle,145.7449237,-17.01854873,Bruce Hwy,Thomson Rd,Bruce Highway (Innisfail - Cairns),Edmonton,Cairns Region,4869,Edmonton,Far North,Far Northern,Northern,North Queensland,Edmonton,Cairns - South,Cairns,Outer Regional,Mulgrave,Kennedy,State-controlled,Intersection - Cross,Operating traffic lights,80 - 90 km/h,Sealed - Dry,Clear,Daylight,Straight,Level,301,Veh'S Same Direction: Rear End,Rear-end,S,0,1,0,0,1,1,0,1,0,0,0,0
333675,Hospitalisation,2021,January,Sunday,12,Sideswipe,Multi-Vehicle,145.7441967,-17.00464073,Bruce Hwy,Robert Rd,Bruce Highway (Innisfail - Cairns),Bentley Park,Cairns Region,4869,Edmonton,Far North,Far Northern,Northern,North Queensland,Bentley Park,Cairns - South,Cairns,Outer Regional,Mulgrave,Kennedy,State-controlled,Intersection - Cross,Operating traffic lights,80 - 90 km/h,Sealed - Dry,Clear,Daylight,Straight,Level,408,Veh'S Manoeuvring: Entering From Footway,Vehicle leaving driveway,N,0,1,0,0,1,2,1,0,0,0,0,0
333676,Medical treatment,2021,January,Wednesday,17,Angle,Multi-Vehicle,145.7400647,-16.95656173,Toogood Rd,Windarra St,,Woree,Cairns Region,4868,Cairns,Far North,Far Northern,Northern,North Queensland,Woree,Cairns - South,Cairns,Outer Regional,Mulgrave,Leichhardt,Locally-controlled,Intersection - T-Junction,Operating traffic lights,60 km/h,Sealed - Dry,Clear,Daylight,Straight,Level,202,Veh'S Opposite Approach: Thru-Right,Opposing vehicles turning,E,0,0,1,1,2,2,0,0,0,0,0,0
333677,Minor injury,2021,January,Friday,16,Angle,Multi-Vehicle,145.7400647,-16.95656173,Toogood Rd,Windarra St,,Woree,Cairns Region,4868,Cairns,Far North,Far Northern,Northern,North Queensland,Woree,Cairns - South,Cairns,Outer Regional,Mulgrave,Leichhardt,Locally-controlled,Intersection - T-Junction,Operating traffic lights,60 km/h,Sealed - Wet,Raining,Daylight,Straight,Level,202,Veh'S Opposite Approach: Thru-Right,Opposing vehicles turning,W,0,0,0,1,1,2,0,0,0,0,0,0
333678,Hospitalisation,2021,January,Saturday,5,Rear-end,Multi-Vehicle,145.7461477,-16.96846773,Bruce Hwy,,Bruce Highway (Innisfail - Cairns),Woree,Cairns Region,4868,Edmonton,Far North,Far Northern,Northern,North Queensland,Woree,Cairns - South,Cairns,Outer Regional,Mulgrave,Leichhardt,State-controlled,No Roadway Feature,No traffic control,80 - 90 km/h,Sealed - Dry,Clear,Dawn/Dusk,Straight,Level,301,Veh'S Same Direction: Rear End,Rear-end,N,0,2,1,0,3,2,0,0,0,0,0,0
333679,Minor injury,2021,February,Wednesday,15,Sideswipe,Multi-Vehicle,145.739116,-16.98419647,Forest Gardens Blvd,George Cannon Dr,,Mount Sheridan,Cairns Region,4868,Edmonton,Far North,Far Northern,Northern,North Queensland,Mount Sheridan,Cairns - South,Cairns,Outer Regional,Mulgrave,Leichhardt,Locally-controlled,Intersection - Roundabout,Give way sign,60 km/h,Sealed - Dry,Clear,Daylight,Curved - view open,Level,408,Veh'S Manoeuvring: Entering From Footway,Vehicle leaving driveway,E,0,0,0,1,1,1,0,0,0,1,0,0
333680,Medical treatment,2021,February,Friday,15,Rear-end,Multi-Vehicle,145.7403697,-16.96073573,Windarra St,,,Woree,Cairns Region,4868,Cairns,Far North,Far Northern,Northern,North Queensland,Woree,Cairns - South,Cairns,Outer Regional,Mulgrave,Leichhardt,Locally-controlled,No Roadway Feature,No traffic control,0 - 50 km/h,Sealed - Wet,Raining,Daylight,Straight,Level,301,Veh'S Same Direction: Rear End,Rear-end,S,0,0,1,0,1,2,0,0,0,0,0,0
333681,Hospitalisation,2021,March,Thursday,6,Rear-end,Multi-Vehicle,145.7259447,-17.00904573,Robert Rd,,,Bentley Park,Cairns Region,4869,Edmonton,Far North,Far Northern,Northern,North Queensland,Bentley Park,Cairns - South,Cairns,Outer Regional,Mulgrave,Kennedy,Locally-controlled,No Roadway Feature,No traffic control,60 km/h,Sealed - Dry,Clear,Daylight,Curved - view open,Grade,301,Veh'S Same Direction: Rear End,Rear-end,E,0,1,0,0,1,0,0,1,0,1,0,0
333682,Medical treatment,2021,March,Friday,18,Rear-end,Multi-Vehicle,145.7277097,-17.02137973,Hambledon Dr,,,Edmonton,Cairns Region,4869,Edmonton,Far North,Far Northern,Northern,North Queensland,Edmonton,Cairns - South,Cairns,Outer Regional,Mulgrave,Kennedy,Locally-controlled,No Roadway Feature,No traffic control,60 km/h,Sealed - Dry,Clear,Dawn/Dusk,Curved - view open,Level,301,Veh'S Same Direction: Rear End,Rear-end,,0,0,1,0,1,2,0,0,0,0,0,0
333683,Minor injury,2021,March,Saturday,6,Sideswipe,Multi-Vehicle,145.6982717,-16.90054173,Redlynch Intake Rd,Shaws Rd,,Redlynch,Cairns Region,4870,Cairns,Far North,Far Northern,Northern,North Queensland,Redlynch,Cairns - North,Cairns,Outer Regional,Barron River,Leichhardt,Locally-controlled,Intersection - Roundabout,Give way sign,0 - 50 km/h,Sealed - Dry,Clear,Dawn/Dusk,Curved - view open,Level,305,Veh'S Same Direction: Lane Side Swipe,Lane changes,S,0,0,0,1,1,1,0,0,0,1,0,0
333684,Medical treatment,2021,April,Friday,6,Fall from vehicle,Single Vehicle,145.7430067,-17.01937073,Mount Peter Rd,Ravizza Dr,,Edmonton,Cairns Region,4869,Edmonton,Far North,Far Northern,Northern,North Queensland,Edmonton,Cairns - South,Cairns,Outer Regional,Mulgrave,Kennedy,Locally-controlled,Intersection - Roundabout,Give way sign,60 km/h,Sealed - Wet,Clear,Dawn/Dusk,Straight,Level,301,Veh'S Same Direction: Rear End,Rear-end,E,0,0,1,0,1,1,1,0,0,0,0,0
333685,Hospitalisation,2021,April,Tuesday,20,Hit pedestrian,Hit pedestrian,145.7340834,-17.00351068,Hardy Rd,,,Mount Sheridan,Cairns Region,4868,Edmonton,Far North,Far Northern,Northern,North Queensland,Mount Sheridan,Cairns - South,Cairns,Outer Regional,Mulgrave,Leichhardt,Locally-controlled,No Roadway Feature,No traffic control,60 km/h,Sealed - Dry,Clear,Darkness - Lighted,Straight,Grade,0,Ped'N: Hit Other,Other,U,0,1,0,0,1,1,0,0,0,0,1,0
333686,Minor injury,2021,April,Saturday,21,Rear-end,Multi-Vehicle,145.7470547,-16.95642473,Des Chalmers Dr,Mulgrave Rd,Bruce Highway (Innisfail - Cairns),Woree,Cairns Region,4868,Cairns,Far North,Far Northern,Northern,North Queensland,Woree,Cairns - South,Cairns,Outer Regional,Mulgrave,Leichhardt,State-controlled,Intersection - Interchange,Operating traffic lights,60 km/h,Sealed - Dry,Clear,Darkness - Lighted,Straight,Level,301,Veh'S Same Direction: Rear End,Rear-end,N,0,0,0,2,2,2,0,0,0,0,0,0
333687,Medical treatment,2021,April,Thursday,8,Rear-end,Multi-Vehicle,145.7466717,-16.96714673,Bruce Hwy,,Bruce Highway (Innisfail - Cairns),Woree,Cairns Region,4868,Cairns,Far North,Far Northern,Northern,North Queensland,Woree,Cairns - South,Cairns,Outer Regional,Mulgrave,Leichhardt,State-controlled,No Roadway Feature,No traffic control,80 - 90 km/h,Sealed - Dry,Clear,Daylight,Curved - view open,Level,301,Veh'S Same Direction: Rear End,Rear-end,N,0,0,1,0,1,3,0,0,0,0,0,0
333688,Hospitalisation,2021,April,Friday,13,Hit object,Single Vehicle,145.7428284,-16.95049097,Mulgrave Rd,,Mulgrave Road,Woree,Cairns Region,4868,Cairns,Far North,Far Northern,Northern,North Queensland,Woree,Cairns - South,Cairns,Outer Regional,Mulgrave,Leichhardt,State-controlled,No Roadway Feature,No traffic control,60 km/h,Sealed - Dry,Clear,Daylight,Straight,Level,708,Off Path-Straight: Mounts Traffic Island,Off carriageway on straight hit object,E,0,1,0,0,1,1,0,0,0,0,0,0
333689,Hospitalisation,2021,May,Wednesday,17,Angle,Multi-Vehicle,145.7430217,-16.97860373,Des Chalmers Dr,George Cannon Dr,,Mount Sheridan,Cairns Region,4868,Edmonton,Far North,Far Northern,Northern,North Queensland,Mount Sheridan,Cairns - South,Cairns,Outer Regional,Mulgrave,Leichhardt,Locally-controlled,Intersection - T-Junction,Operating traffic lights,60 km/h,Sealed - Dry,Clear,Dawn/Dusk,Straight,Level,202,Veh'S Opposite Approach: Thru-Right,Opposing vehicles turning,S,0,1,0,1,2,2,0,0,0,0,0,0
333690,Hospitalisation,2021,May,Thursday,8,Rear-end,Multi-Vehicle,145.7421027,-16.98606373,Bruce Hwy,Coombs St,Bruce Highway (Innisfail - Cairns),Mount Sheridan,Cairns Region,4868,Edmonton,Far North,Far Northern,Northern,North Queensland,Mount Sheridan,Cairns - South,Cairns,Outer Regional,Mulgrave,Leichhardt,State-controlled,Intersection - T-Junction,Operating traffic lights,80 - 90 km/h,Sealed - Wet,Raining,Darkness - Lighted,Straight,Level,301,Veh'S Same Direction: Rear End,Rear-end,N,0,1,0,0,1,2,0,0,0,0,0,0
333691,Hospitalisation,2021,May,Wednesday,14,Hit pedestrian,Hit pedestrian,145.7400647,-16.95656173,Invalid Street From Police,,,Woree,Cairns Region,4868,Cairns,Far North,Far Northern,Northern,North Queensland,Woree,Cairns - South,Cairns,Outer Regional,Mulgrave,Leichhardt,Locally-controlled,Intersection - T-Junction,Operating traffic lights,60 km/h,Sealed - Dry,Clear,Daylight,Straight,Level,1,Ped'N: Near Side Vehicle Hit From Right,Pedestrian,W,0,1,0,0,1,1,0,0,0,0,1,0
333692,Medical treatment,2021,May,Wednesday,11,Angle,Multi-Vehicle,145.7383527,-16.98711673,Forest Gardens Blvd,Foster Rd,,Mount Sheridan,Cairns Region,4868,Edmonton,Far North,Far Northern,Northern,North Queensland,Mount Sheridan,Cairns - South,Cairns,Outer Regional,Mulgrave,Leichhardt,Locally-controlled,Intersection - T-Junction,Give way sign,60 km/h,Sealed - Dry,Clear,Daylight,Straight,Level,104,Veh'S Adjacent Approach: Thru-Right,Intersection from adjacent approaches,E,0,0,1,0,1,2,0,0,0,0,0,0
333693,Hospitalisation,2021,May,Saturday,6,Hit object,Single Vehicle,145.7391055,-16.99772307,Idalia Rd,,,Mount Sheridan,Cairns Region,4868,Edmonton,Far North,Far Northern,Northern,North Queensland,Mount Sheridan,Cairns - South,Cairns,Outer Regional,Mulgrave,Leichhardt,Locally-controlled,No Roadway Feature,No traffic control,0 - 50 km/h,Sealed - Dry,Clear,Dawn/Dusk,Curved - view open,Level,803,Off Path-Curve: Off Cway Rt Bend Hit Obj,Off carriageway on curve hit object,S,0,2,0,0,2,1,0,0,0,0,0,0
333694,Minor injury,2021,May,Saturday,12,Rear-end,Multi-Vehicle,145.7418147,-16.98749173,Bruce Hwy,Foster Rd,Bruce Highway (Innisfail - Cairns),Mount Sheridan,Cairns Region,4868,Edmonton,Far North,Far Northern,Northern,North Queensland,Mount Sheridan,Cairns - South,Cairns,Outer Regional,Mulgrave,Leichhardt,State-controlled,Intersection - T-Junction,Operating traffic lights,80 - 90 km/h,Sealed - Dry,Clear,Daylight,Straight,Level,301,Veh'S Same Direction: Rear End,Rear-end,N,0,0,0,1,1,2,0,0,0,0,0,0
333695,Hospitalisation,2021,May,Sunday,11,Hit object,Single Vehicle,145.7311287,-17.01978573,Mill Rd,,,Edmonton,Cairns Region,4869,Edmonton,Far North,Far Northern,Northern,North Queensland,Edmonton,Cairns - South,Cairns,Outer Regional,Mulgrave,Kennedy,Locally-controlled,No Roadway Feature,No traffic control,60 km/h,Sealed - Dry,Clear,Daylight,Straight,Level,703,Off Path-Straight: Left Off Cway Hit Obj,Off carriageway on straight hit object,E,0,1,0,1,2,0,1,0,0,0,0,0
333696,Hospitalisation,2021,June,Tuesday,18,Hit parked vehicle,Single Vehicle,145.7384167,-16.96518173,Lyndel Dr,,,Woree,Cairns Region,4868,Cairns,Far North,Far Northern,Northern,North Queensland,Woree,Cairns - South,Cairns,Outer Regional,Mulgrave,Leichhardt,Locally-controlled,No Roadway Feature,No traffic control,0 - 50 km/h,Sealed - Dry,Clear,Darkness - Lighted,Straight,Level,601,Veh'S On Path: Parked,Hit parked vehicle,W,0,1,0,0,1,2,0,0,0,0,0,0
333697,Medical treatment,2021,June,Tuesday,10,Angle,Multi-Vehicle,145.7464527,-16.99476573,Fretwell Rd,Johnson Rd,,White Rock,Cairns Region,4868,Edmonton,Far North,Far Northern,Northern,North Queensland,White Rock,Cairns - South,Cairns,Outer Regional,Mulgrave,Leichhardt,Locally-controlled,Intersection - T-Junction,No traffic control,60 km/h,Sealed - Dry,Clear,Daylight,Curved - view open,Level,202,Veh'S Opposite Approach: Thru-Right,Opposing vehicles turning,N,0,0,1,0,1,2,0,0,0,0,0,0
333698,Medical treatment,2021,June,Thursday,18,Rear-end,Multi-Vehicle,145.7445467,-17.01792573,Bruce Hwy,,Bruce Highway (Innisfail - Cairns),Edmonton,Cairns Region,4869,Edmonton,Far North,Far Northern,Northern,North Queensland,Edmonton,Cairns - South,Cairns,Outer Regional,Mulgrave,Kennedy,State-controlled,No Roadway Feature,No traffic control,80 - 90 km/h,Sealed - Dry,Clear,Darkness - Lighted,Straight,Level,301,Veh'S Same Direction: Rear End,Rear-end,N,0,0,1,0,1,2,0,1,0,0,0,0
333699,Hospitalisation,2021,June,Monday,2,Hit object,Single Vehicle,145.7366307,-16.98727673,Foster Rd,Lizard St,,Mount Sheridan,Cairns Region,4868,Edmonton,Far North,Far Northern,Northern,North Queensland,Mount Sheridan,Cairns - South,Cairns,Outer Regional,Mulgrave,Leichhardt,Locally-controlled,Intersection - Roundabout,No traffic control,0 - 50 km/h,Sealed - Dry,Clear,Darkness - Lighted,Curved - view open,Grade,800,Off Path-Curve: Other,Other,E,0,1,0,0,1,0,1,0,0,0,0,0
333700,Medical treatment,2021,June,Monday,19,Rear-end,Multi-Vehicle,145.7350107,-16.99502273,Hardy Rd,Verbena Dr,,Mount Sheridan,Cairns Region,4868,Edmonton,Far North,Far Northern,Northern,North Queensland,Mount Sheridan,Cairns - South,Cairns,Outer Regional,Mulgrave,Leichhardt,Locally-controlled,Intersection - Roundabout,No traffic control,60 km/h,Sealed - Dry,Clear,Darkness - Lighted,Straight,Grade,301,Veh'S Same Direction: Rear End,Rear-end,S,0,0,1,0,1,2,0,0,0,0,0,0
333701,Hospitalisation,2021,June,Wednesday,14,Angle,Multi-Vehicle,145.7002157,-16.89512973,Larsen Rd,Redlynch Connector Rd,,Redlynch,Cairns Region,4870,Cairns,Far North,Far Northern,Northern,North Queensland,Redlynch,Cairns - North,Cairns,Outer Regional,Barron River,Leichhardt,Locally-controlled,Intersection - T-Junction,Operating traffic lights,60 km/h,Sealed - Dry,Clear,Daylight,Straight,Level,202,Veh'S Opposite Approach: Thru-Right,Opposing vehicles turning,S,0,1,0,0,1,2,0,0,0,0,0,0
334107,Medical treatment,2021,January,Monday,16,Angle,Multi-Vehicle,148.0461097,-22.00188592,Griffin St,,,Moranbah,Isaac Region,4744,Moranbah,Mackay,Central,Central,Central Queensland,Moranbah,Bowen Basin - North,Mackay - Isaac - Whitsunday,Outer Regional,Burdekin,Capricornia,Locally-controlled,No Roadway Feature,No traffic control,0 - 50 km/h,Sealed - Dry,Clear,Daylight,Straight,Level,400,Veh'S Manoeuvring: Other,Other,,0,0,1,0,1,1,0,0,0,1,0,0
334108,Medical treatment,2021,February,Thursday,5,Rear-end,Multi-Vehicle,147.9544061,-21.82409994,Goonyella Rd,,,Moranbah,Isaac Region,4744,Moranbah,Mackay,Central,Central,Central Queensland,Moranbah,Bowen Basin - North,Mackay - Isaac - Whitsunday,Outer Regional,Burdekin,Capricornia,Locally-controlled,Railway Crossing,Railway - lights and boom gate,60 km/h,Sealed - Dry,Clear,Dawn/Dusk,Curved - view open,Level,301,Veh'S Same Direction: Rear End,Rear-end,S,0,0,1,0,1,2,0,0,0,0,0,0
334109,Minor injury,2021,March,Friday,9,Angle,Multi-Vehicle,148.0429931,-22.00354195,Bacon St,Mills Ave,,Moranbah,Isaac Region,4744,Moranbah,Mackay,Central,Central,Central Queensland,Moranbah,Bowen Basin - North,Mackay - Isaac - Whitsunday,Outer Regional,Burdekin,Capricornia,Locally-controlled,Intersection - T-Junction,No traffic control,60 km/h,Sealed - Dry,Clear,Daylight,Straight,Level,104,Veh'S Adjacent Approach: Thru-Right,Intersection from adjacent approaches,N,0,0,0,2,2,2,0,0,0,0,0,0
334110,Hospitalisation,2021,March,Wednesday,5,Angle,Multi-Vehicle,147.9404643,-21.8136876,Riverside Mine Rd,,,Moranbah,Isaac Region,4744,Moranbah,Mackay,Central,Central,Central Queensland,Moranbah,Bowen Basin - North,Mackay - Isaac - Whitsunday,Outer Regional,Burdekin,Capricornia,Locally-controlled,No Roadway Feature,No traffic control,100 - 110 km/h,Sealed - Dry,Clear,Darkness - Not lighted,Straight,Level,408,Veh'S Manoeuvring: Entering From Footway,Vehicle leaving driveway,N,0,3,0,0,3,3,0,0,0,0,0,0
334111,Hospitalisation,2021,April,Friday,6,Angle,Multi-Vehicle,148.0398321,-22.00617595,Goonyella Rd,Mills Ave,,Moranbah,Isaac Region,4744,Moranbah,Mackay,Central,Central,Central Queensland,Moranbah,Bowen Basin - North,Mackay - Isaac - Whitsunday,Outer Regional,Burdekin,Capricornia,Locally-controlled,Intersection - T-Junction,Give way sign,60 km/h,Sealed - Dry,Clear,Daylight,Straight,Level,104,Veh'S Adjacent Approach: Thru-Right,Intersection from adjacent approaches,E,0,1,0,0,1,2,0,0,0,0,0,0
334112,Hospitalisation,2021,April,Tuesday,5,Rear-end,Multi-Vehicle,147.9679421,-21.85043894,Red Hill Rd,,,Moranbah,Isaac Region,4744,Moranbah,Mackay,Central,Central,Central Queensland,Moranbah,Bowen Basin - North,Mackay - Isaac - Whitsunday,Outer Regional,Burdekin,Capricornia,Locally-controlled,Railway Crossing,Railway - lights and boom gate,80 - 90 km/h,Sealed - Dry,Clear,Dawn/Dusk,Straight,Level,301,Veh'S Same Direction: Rear End,Rear-end,W,0,2,0,0,2,2,0,0,0,0,0,0
334113,Medical treatment,2021,April,Thursday,9,Sideswipe,Multi-Vehicle,148.0686481,-22.00523095,Clements St,Nonette St,,Moranbah,Isaac Region,4744,Moranbah,Mackay,Central,Central,Central Queensland,Moranbah,Bowen Basin - North,Mackay - Isaac - Whitsunday,Outer Regional,Burdekin,Capricornia,Locally-controlled,Intersection - T-Junction,No traffic control,0 - 50 km/h,Sealed - Wet,Raining,Daylight,Straight,Level,104,Veh'S Adjacent Approach: Thru-Right,Intersection from adjacent approaches,E,0,0,1,0,1,2,0,0,0,0,0,0
334114,Hospitalisation,2021,June,Wednesday,18,Head-on,Multi-Vehicle,148.2167311,-22.21536897,Peak Downs - Dysart Rd,,,Winchester,Isaac Region,4721,Moranbah,Mackay,Central,Central,Central Queensland,Clermont,Bowen Basin - North,Mackay - Isaac - Whitsunday,Remote,Burdekin,Capricornia,Locally-controlled,No Roadway Feature,No traffic control,100 - 110 km/h,Sealed - Wet,Raining,Darkness - Not lighted,Straight,Level,501,Veh'S Overtaking: Head On,Head-on,N,0,2,0,0,2,2,0,0,0,0,0,0
334192,Hospitalisation,2021,March,Friday,13,Angle,Multi-Vehicle,151.9297715,-24.50104931,Coast Rd,Fernfield Rd,,Baffle Creek,Gladstone Region,4674,Rosedale,Capricornia,Central,Central,Central Queensland,Agnes Water - Miriam Vale,Gladstone,Central Queensland,Outer Regional,Burnett,Flynn,Locally-controlled,Intersection - T-Junction,Give way sign,80 - 90 km/h,Sealed - Wet,Raining,Daylight,Straight,Level,109,Veh'S Adjacent Approach: Left-Left,Intersection from adjacent approaches,E,0,1,0,0,1,1,0,1,0,0,0,0
334193,Hospitalisation,2021,April,Tuesday,8,Rear-end,Multi-Vehicle,151.9682994,-24.50560851,Coast Rd,,,Baffle Creek,Gladstone Region,4674,Rosedale,Capricornia,Central,Central,Central Queensland,Agnes Water - Miriam Vale,Gladstone,Central Queensland,Outer Regional,Burnett,Flynn,Locally-controlled,No Roadway Feature,No traffic control,60 km/h,Sealed - Dry,Clear,Daylight,Curved - view open,Level,301,Veh'S Same Direction: Rear End,Rear-end,E,0,1,1,0,2,2,0,0,0,0,0,0
334194,Hospitalisation,2021,May,Tuesday,22,Hit object,Single Vehicle,151.8913275,-24.22852731,Lady Elliott Dr,,,Agnes Water,Gladstone Region,4677,Agnes Water,Capricornia,Central,Central,Central Queensland,Agnes Water - Miriam Vale,Gladstone,Central Queensland,Outer Regional,Burnett,Flynn,Locally-controlled,No Roadway Feature,No traffic control,80 - 90 km/h,Sealed - Dry,Clear,Darkness - Not lighted,Straight,Level,704,Off Path-Straight:Right Off Cway Hit Obj,Off carriageway on straight hit object,E,0,4,0,0,4,1,0,0,0,0,0,0
334195,Fatal,2021,June,Saturday,11,Head-on,Multi-Vehicle,151.9088565,-24.48168531,Coast Rd,,,Baffle Creek,Gladstone Region,4674,Rosedale,Capricornia,Central,Central,Central Queensland,Agnes Water - Miriam Vale,Gladstone,Central Queensland,Outer Regional,Burnett,Flynn,Locally-controlled,No Roadway Feature,No traffic control,60 km/h,Sealed - Dry,Clear,Daylight,Straight,Level,202,Veh'S Opposite Approach: Thru-Right,Opposing vehicles turning,W,1,3,0,0,4,2,0,0,0,0,0,0
334196,Hospitalisation,2021,June,Tuesday,8,Head-on,Multi-Vehicle,151.7691665,-24.3232833,Palm Grove Rd,Round Hill Rd,,Captain Creek,Gladstone Region,4677,Agnes Water,Capricornia,Central,Central,Central Queensland,Agnes Water - Miriam Vale,Gladstone,Central Queensland,Outer Regional,Burnett,Flynn,Locally-controlled,Intersection - T-Junction,Give way sign,100 - 110 km/h,Sealed - Dry,Clear,Daylight,Curved - view open,Level,101,Veh'S Adjacent Approach: Thru-Thru,Intersection from adjacent approaches,S,0,2,0,0,2,2,0,0,0,0,0,0
334260,Medical treatment,2021,January,Saturday,14,Rear-end,Multi-Vehicle,153.1149806,-27.5995396,Pacific Hwy,,Pacific Highway (Pacific Motorway),Rochedale South,Logan City,4123,Springwood,Logan,South Eastern,SEQ South,South Coast,Rochedale South - Priestdale,Springwood - Kingston,Logan - Beaudesert,Major Cities,Springwood,Rankin,State-controlled,No Roadway Feature,No traffic control,100 - 110 km/h,Sealed - Wet,Raining,Daylight,Straight,Level,301,Veh'S Same Direction: Rear End,Rear-end,S,0,0,1,0,1,2,0,0,0,0,0,0
334261,Hospitalisation,2021,January,Friday,12,Angle,Multi-Vehicle,153.126465,-27.60929146,Donna Ave,Springwood Rd,,Springwood,Logan City,4127,Springwood,Logan,South Eastern,SEQ South,South Coast,Springwood,Springwood - Kingston,Logan - Beaudesert,Major Cities,Springwood,Rankin,Locally-controlled,Intersection - T-Junction,Operating traffic lights,60 km/h,Sealed - Dry,Clear,Daylight,Straight,Grade,202,Veh'S Opposite Approach: Thru-Right,Opposing vehicles turning,W,0,2,0,0,2,2,0,0,0,0,0,0