Crash_Severity,Crash_Year,Crash_Month,Crash_Day_Of_Week,Crash_Hour,Crash_Nature,Crash_Type,Crash_Longitude,Crash_Latitude,Crash_Street,Crash_Street_Intersecting,State_Road_Name,Loc_Suburb,Loc_Local_Government_Area,Loc_Post_Code,Loc_Police_Division,Loc_Police_District,Loc_Police_Region,Loc_Queensland_Transport_Region,Loc_Main_Roads_Region,Loc_ABS_Statistical_Area_2,Loc_ABS_Statistical_Area_3,Loc_ABS_Statistical_Area_4,Loc_ABS_Remoteness,Loc_State_Electorate,Loc_Federal_Electorate,Crash_Controlling_Authority,Crash_Roadway_Feature,Crash_Traffic_Control,Crash_Speed_Limit,Crash_Road_Surface_Condition,Crash_Atmospheric_Condition,Crash_Lighting_Condition,Crash_Road_Horiz_Align,Crash_Road_Vert_Align,Crash_DCA_Code,Crash_DCA_Description,Crash_DCA_Group_Description,DCA_Key_Approach_Dir,Count_Casualty_Fatality,Count_Casualty_Hospitalised,Count_Casualty_MedicallyTreated,Count_Casualty_MinorInjury,Count_Casualty_Total,Count_Unit_Car,Count_Unit_Motorcycle_Moped,Count_Unit_Truck,Count_Unit_Bus,Count_Unit_Bicycle,Count_Unit_Pedestrian,Count_Unit_Other,
334262,Hospitalisation,2021,January,Friday,12,Rear-end,Multi-Vehicle,153.1291111,-27.6256854,Pacific Hwy,,Pacific Highway (Pacific Motorway),Springwood,Logan City,4127,Springwood,Logan,South Eastern,SEQ South,South Coast,Springwood,Springwood - Kingston,Logan - Beaudesert,Major Cities,Springwood,Rankin,State-controlled,No Roadway Feature,No traffic control,100 - 110 km/h,Sealed - Dry,Clear,Daylight,Straight,Level,301,Veh'S Same Direction: Rear End,Rear-end,S,0,2,0,0,2,2,0,0,0,0,0,0
334263,Medical treatment,2021,January,Friday,10,Rear-end,Multi-Vehicle,153.154014,-27.64786146,Pacific Hwy,,Pacific Highway (Pacific Motorway),Slacks Creek,Logan City,4127,Springwood,Logan,South Eastern,SEQ South,South Coast,Slacks Creek,Springwood - Kingston,Logan - Beaudesert,Major Cities,Waterford,Rankin,State-controlled,No Roadway Feature,No traffic control,100 - 110 km/h,Sealed - Dry,Clear,Daylight,Straight,Level,301,Veh'S Same Direction: Rear End,Rear-end,N,0,0,1,1,2,3,0,0,0,0,0,0
334264,Hospitalisation,2021,January,Tuesday,13,Angle,Multi-Vehicle,153.135992,-27.63677446,Pacific Hwy,,,Slacks Creek,Logan City,4127,Springwood,Logan,South Eastern,SEQ South,South Coast,Slacks Creek,Springwood - Kingston,Logan - Beaudesert,Major Cities,Waterford,Rankin,Locally-controlled,No Roadway Feature,Operating traffic lights,60 km/h,Sealed - Dry,Clear,Daylight,Straight,Level,202,Veh'S Opposite Approach: Thru-Right,Opposing vehicles turning,S,0,1,0,0,1,2,0,0,0,0,0,0
334265,Medical treatment,2021,January,Thursday,16,Rear-end,Multi-Vehicle,153.160771,-27.65239346,Pacific Hwy,,Pacific Highway (Pacific Motorway),Slacks Creek,Logan City,4127,Loganholme,Logan,South Eastern,SEQ South,South Coast,Shailer Park,Loganlea - Carbrook,Logan - Beaudesert,Major Cities,Waterford,Forde,State-controlled,No Roadway Feature,No traffic control,60 km/h,Sealed - Dry,Clear,Daylight,Straight,Level,301,Veh'S Same Direction: Rear End,Rear-end,W,0,0,2,0,2,3,0,0,0,0,0,0
334266,Medical treatment,2021,January,Monday,6,Angle,Multi-Vehicle,153.16225,-27.65453246,Pacific Hwy Ramp Fa,Pacific Hwy Ramp Fb,Pacific Highway (Pacific Motorway),Slacks Creek,Logan City,4127,Loganholme,Logan,South Eastern,SEQ South,South Coast,Slacks Creek,Springwood - Kingston,Logan - Beaudesert,Major Cities,Waterford,Rankin,State-controlled,Intersection - Interchange,Give way sign,60 km/h,Sealed - Dry,Clear,Daylight,Curved - view open,Level,104,Veh'S Adjacent Approach: Thru-Right,Intersection from adjacent approaches,S,0,0,1,0,1,2,0,0,0,0,0,0
334267,Minor injury,2021,January,Monday,11,Rear-end,Multi-Vehicle,153.119162,-27.60630046,Pacific Hwy,,Pacific Highway (Pacific Motorway),Underwood,Logan City,4119,Springwood,Logan,South Eastern,SEQ South,South Coast,Rochedale South - Priestdale,Springwood - Kingston,Logan - Beaudesert,Major Cities,Waterford,Rankin,State-controlled,Intersection - Interchange,No traffic control,80 - 90 km/h,Sealed - Dry,Clear,Daylight,Straight,Dip,300,Veh'S Same Direction: Other,Other,N,0,0,0,1,1,2,0,1,0,0,0,0
334268,Minor injury,2021,January,Thursday,8,Rear-end,Multi-Vehicle,153.134115,-27.63321746,Barbaralla Dr,Pacific Hwy,,Springwood,Logan City,4127,Springwood,Logan,South Eastern,SEQ South,South Coast,Daisy Hill,Springwood - Kingston,Logan - Beaudesert,Major Cities,Springwood,Rankin,Locally-controlled,Intersection - Roundabout,No traffic control,60 km/h,Sealed - Dry,Clear,Daylight,Curved - view open,Crest,301,Veh'S Same Direction: Rear End,Rear-end,E,0,0,0,1,1,2,0,0,0,0,0,0
334269,Medical treatment,2021,January,Friday,12,Sideswipe,Multi-Vehicle,153.117432,-27.60354146,Pacific Hwy,,Pacific Highway (Pacific Motorway),Rochedale South,Logan City,4123,Springwood,Logan,South Eastern,SEQ South,South Coast,Rochedale South - Priestdale,Springwood - Kingston,Logan - Beaudesert,Major Cities,Springwood,Rankin,State-controlled,No Roadway Feature,No traffic control,80 - 90 km/h,Sealed - Dry,Clear,Daylight,Straight,Level,307,Veh'S Same Direction: Lane Change Left,Lane changes,N,0,0,1,1,2,1,0,1,1,0,0,0
334270,Hospitalisation,2021,January,Saturday,18,Angle,Multi-Vehicle,153.145397,-27.64434246,Loganlea Rd,Pacific Hwy Ramp Dd,Pacific Highway (Pacific Motorway),Slacks Creek,Logan City,4127,Springwood,Logan,South Eastern,SEQ South,South Coast,Slacks Creek,Springwood - Kingston,Logan - Beaudesert,Major Cities,Waterford,Rankin,State-controlled,Intersection - Cross,Operating traffic lights,60 km/h,Sealed - Dry,Clear,Daylight,Straight,Level,101,Veh'S Adjacent Approach: Thru-Thru,Intersection from adjacent approaches,S,0,2,0,0,2,2,0,0,0,0,0,0
334271,Medical treatment,2021,January,Sunday,11,Rear-end,Multi-Vehicle,153.11143,-27.59407045,Pacific Hwy,,Pacific Highway (Pacific Motorway),Rochedale South,Logan City,4123,Springwood,Logan,South Eastern,SEQ South,South Coast,Rochedale South - Priestdale,Springwood - Kingston,Logan - Beaudesert,Major Cities,Springwood,Rankin,State-controlled,No Roadway Feature,No traffic control,100 - 110 km/h,Sealed - Dry,Clear,Daylight,Straight,Level,301,Veh'S Same Direction: Rear End,Rear-end,N,0,0,1,0,1,3,0,0,0,0,0,0
334272,Hospitalisation,2021,January,Wednesday,7,Rear-end,Multi-Vehicle,153.120773,-27.60229946,Rochedale Rd,,,Rochedale South,Logan City,4123,Springwood,Logan,South Eastern,SEQ South,South Coast,Rochedale South - Priestdale,Springwood - Kingston,Logan - Beaudesert,Major Cities,Springwood,Rankin,Locally-controlled,No Roadway Feature,No traffic control,60 km/h,Sealed - Dry,Clear,Daylight,Straight,Grade,303,Veh'S Same Direction: Right Rear,Rear-end,N,0,1,0,0,1,2,0,0,0,0,0,0
334273,Medical treatment,2021,January,Thursday,15,Rear-end,Multi-Vehicle,153.135782,-27.63565246,Pacific Hwy,,Pacific Highway (Pacific Motorway),Daisy Hill,Logan City,4127,Springwood,Logan,South Eastern,SEQ South,South Coast,Daisy Hill,Springwood - Kingston,Logan - Beaudesert,Major Cities,Springwood,Rankin,State-controlled,No Roadway Feature,No traffic control,100 - 110 km/h,Sealed - Dry,Clear,Daylight,Straight,Level,301,Veh'S Same Direction: Rear End,Rear-end,E,0,0,1,0,1,2,0,0,0,0,0,0
334274,Medical treatment,2021,January,Friday,16,Rear-end,Multi-Vehicle,153.135875,-27.63598946,Pacific Hwy,,Pacific Highway (Pacific Motorway),Daisy Hill,Logan City,4127,Springwood,Logan,South Eastern,SEQ South,South Coast,Daisy Hill,Springwood - Kingston,Logan - Beaudesert,Major Cities,Springwood,Rankin,State-controlled,No Roadway Feature,No traffic control,100 - 110 km/h,Sealed - Dry,Clear,Daylight,Straight,Level,301,Veh'S Same Direction: Rear End,Rear-end,N,0,0,2,0,2,2,0,0,0,0,0,0
334275,Hospitalisation,2021,February,Thursday,9,Rear-end,Multi-Vehicle,153.124782,-27.61684846,Pacific Hwy,,Pacific Highway (Pacific Motorway),Slacks Creek,Logan City,4127,Springwood,Logan,South Eastern,SEQ South,South Coast,Springwood,Springwood - Kingston,Logan - Beaudesert,Major Cities,Springwood,Rankin,State-controlled,No Roadway Feature,No traffic control,100 - 110 km/h,Sealed - Dry,Clear,Daylight,Straight,Level,301,Veh'S Same Direction: Rear End,Rear-end,W,0,1,0,0,1,1,1,0,0,0,0,0
334276,Hospitalisation,2021,February,Thursday,21,Hit object,Single Vehicle,153.127384,-27.62168446,Pacific Hwy,,Pacific Highway (Pacific Motorway),Springwood,Logan City,4127,Springwood,Logan,South Eastern,SEQ South,South Coast,Springwood,Springwood - Kingston,Logan - Beaudesert,Major Cities,Springwood,Rankin,State-controlled,No Roadway Feature,No traffic control,100 - 110 km/h,Sealed - Dry,Clear,Darkness - Lighted,Straight,Level,705,Off Path-Straight:Out Of Control On Cway,Out of control on straight,S,0,1,0,0,1,1,0,0,0,0,0,0
334277,Medical treatment,2021,February,Thursday,12,Rear-end,Multi-Vehicle,153.135042,-27.63531046,Pacific Hwy,,Pacific Highway (Pacific Motorway),Daisy Hill,Logan City,4127,Springwood,Logan,South Eastern,SEQ South,South Coast,Slacks Creek,Springwood - Kingston,Logan - Beaudesert,Major Cities,Waterford,Rankin,State-controlled,Intersection - Interchange,Operating traffic lights,60 km/h,Sealed - Dry,Clear,Daylight,Straight,Grade,301,Veh'S Same Direction: Rear End,Rear-end,N,0,0,1,0,1,2,0,0,0,0,0,0
334278,Medical treatment,2021,February,Thursday,11,Angle,Multi-Vehicle,153.125027,-27.61618446,Pacific Hwy,Vanessa Blvd,Pacific Highway (Pacific Motorway),Springwood,Logan City,4127,Springwood,Logan,South Eastern,SEQ South,South Coast,Springwood,Springwood - Kingston,Logan - Beaudesert,Major Cities,Springwood,Rankin,State-controlled,Intersection - T-Junction,Operating traffic lights,60 km/h,Sealed - Dry,Clear,Daylight,Curved - view open,Crest,202,Veh'S Opposite Approach: Thru-Right,Opposing vehicles turning,N,0,0,1,0,1,2,0,0,0,0,0,0
334279,Medical treatment,2021,February,Wednesday,9,Rear-end,Multi-Vehicle,153.110339,-27.60546145,Beenleigh Rd,Logan Rd,Brisbane - Beenleigh Road,Underwood,Logan City,4119,Logan Central,Logan,South Eastern,SEQ South,South Coast,Underwood,Springwood - Kingston,Logan - Beaudesert,Major Cities,Waterford,Rankin,State-controlled,Intersection - T-Junction,Give way sign,70 km/h,Sealed - Dry,Clear,Daylight,Curved - view open,Level,302,Veh'S Same Direction: Left Rear,Rear-end,N,0,0,1,0,1,2,0,0,0,0,0,0
334280,Medical treatment,2021,February,Saturday,8,Angle,Multi-Vehicle,153.145397,-27.64434246,Loganlea Rd,Pacific Hwy Ramp Dd,Pacific Highway (Pacific Motorway),Slacks Creek,Logan City,4127,Springwood,Logan,South Eastern,SEQ South,South Coast,Slacks Creek,Springwood - Kingston,Logan - Beaudesert,Major Cities,Waterford,Rankin,State-controlled,Intersection - Interchange,Operating traffic lights,60 km/h,Sealed - Dry,Clear,Daylight,Straight,Level,101,Veh'S Adjacent Approach: Thru-Thru,Intersection from adjacent approaches,W,0,0,4,0,4,2,0,0,0,0,0,0
334281,Hospitalisation,2021,February,Saturday,10,Rear-end,Multi-Vehicle,153.137711,-27.63768246,Pacific Hwy,,Pacific Highway (Pacific Motorway),Daisy Hill,Logan City,4127,Springwood,Logan,South Eastern,SEQ South,South Coast,Daisy Hill,Springwood - Kingston,Logan - Beaudesert,Major Cities,Springwood,Rankin,State-controlled,No Roadway Feature,No traffic control,100 - 110 km/h,Sealed - Dry,Clear,Daylight,Straight,Level,301,Veh'S Same Direction: Rear End,Rear-end,N,0,1,1,0,2,2,0,0,0,0,0,0
334282,Medical treatment,2021,February,Saturday,12,Rear-end,Multi-Vehicle,153.131007,-27.63035946,Pacific Hwy,,Pacific Highway (Pacific Motorway),Springwood,Logan City,4127,Springwood,Logan,South Eastern,SEQ South,South Coast,Springwood,Springwood - Kingston,Logan - Beaudesert,Major Cities,Springwood,Rankin,State-controlled,No Roadway Feature,No traffic control,100 - 110 km/h,Sealed - Dry,Clear,Daylight,Straight,Level,301,Veh'S Same Direction: Rear End,Rear-end,S,0,0,1,0,1,3,0,0,0,0,0,0
334283,Hospitalisation,2021,February,Sunday,2,Hit object,Single Vehicle,153.1414736,-27.64104999,Pacific Hwy,,Pacific Highway (Pacific Motorway),Slacks Creek,Logan City,4127,Springwood,Logan,South Eastern,SEQ South,South Coast,Slacks Creek,Springwood - Kingston,Logan - Beaudesert,Major Cities,Waterford,Rankin,State-controlled,No Roadway Feature,No traffic control,100 - 110 km/h,Sealed - Wet,Raining,Darkness - Lighted,Straight,Level,703,Off Path-Straight: Left Off Cway Hit Obj,Off carriageway on straight hit object,N,0,1,0,0,1,1,0,0,0,0,0,0
334284,Minor injury,2021,February,Sunday,13,Rear-end,Multi-Vehicle,153.1591394,-27.6509871,Pacific Hwy,,Pacific Highway (Pacific Motorway),Slacks Creek,Logan City,4127,Loganholme,Logan,South Eastern,SEQ South,South Coast,Shailer Park,Loganlea - Carbrook,Logan - Beaudesert,Major Cities,Waterford,Forde,State-controlled,No Roadway Feature,No traffic control,100 - 110 km/h,Sealed - Dry,Clear,Daylight,Straight,Level,301,Veh'S Same Direction: Rear End,Rear-end,N,0,0,0,1,1,3,0,0,0,0,0,0
334285,Hospitalisation,2021,February,Monday,11,Rear-end,Multi-Vehicle,153.125278,-27.61762946,Pacific Hwy,,Pacific Highway (Pacific Motorway),Slacks Creek,Logan City,4127,Springwood,Logan,South Eastern,SEQ South,South Coast,Springwood,Springwood - Kingston,Logan - Beaudesert,Major Cities,Springwood,Rankin,State-controlled,No Roadway Feature,No traffic control,100 - 110 km/h,Sealed - Dry,Clear,Daylight,Curved - view open,Grade,301,Veh'S Same Direction: Rear End,Rear-end,N,0,1,1,0,2,6,1,0,0,0,0,0
334286,Medical treatment,2021,February,Tuesday,8,Angle,Multi-Vehicle,153.155294,-27.63320346,Daisy Hill Rd,,,Daisy Hill,Logan City,4127,Springwood,Logan,South Eastern,SEQ South,South Coast,Daisy Hill,Springwood - Kingston,Logan - Beaudesert,Major Cities,Springwood,Rankin,Locally-controlled,No Roadway Feature,No traffic control,60 km/h,Sealed - Dry,Clear,Daylight,Straight,Grade,406,Veh'S Manoeuvring: Leaving Driveway,Vehicle leaving driveway,N,0,0,1,0,1,2,0,0,0,0,0,0
334287,Hospitalisation,2021,February,Sunday,12,Rear-end,Multi-Vehicle,153.119977,-27.60677746,Kumbari St,Rochedale Rd,Pacific Highway (Pacific Motorway),Rochedale South,Logan City,4123,Springwood,Logan,South Eastern,SEQ South,South Coast,Rochedale South - Priestdale,Springwood - Kingston,Logan - Beaudesert,Major Cities,Springwood,Rankin,State-controlled,Intersection - Interchange,Operating traffic lights,60 km/h,Sealed - Dry,Clear,Daylight,Straight,Level,301,Veh'S Same Direction: Rear End,Rear-end,S,0,1,0,1,2,2,0,0,0,0,0,0
334288,Hospitalisation,2021,March,Tuesday,9,Rear-end,Multi-Vehicle,153.147559,-27.64392946,Pacific Hwy,Winnetts Rd,Pacific Highway (Pacific Motorway),Daisy Hill,Logan City,4127,Springwood,Logan,South Eastern,SEQ South,South Coast,Daisy Hill,Springwood - Kingston,Logan - Beaudesert,Major Cities,Springwood,Rankin,State-controlled,Intersection - Interchange,Give way sign,60 km/h,Sealed - Dry,Clear,Daylight,Curved - view open,Crest,302,Veh'S Same Direction: Left Rear,Rear-end,N,0,1,0,0,1,2,0,0,0,0,0,0
334289,Minor injury,2021,March,Sunday,15,Rear-end,Multi-Vehicle,153.1264383,-27.62008182,Pacific Hwy,,Pacific Highway (Pacific Motorway),Slacks Creek,Logan City,4127,Springwood,Logan,South Eastern,SEQ South,South Coast,Springwood,Springwood - Kingston,Logan - Beaudesert,Major Cities,Springwood,Rankin,State-controlled,No Roadway Feature,No traffic control,100 - 110 km/h,Sealed - Dry,Clear,Daylight,Straight,Level,301,Veh'S Same Direction: Rear End,Rear-end,N,0,0,0,1,1,2,0,0,0,0,0,0
334290,Hospitalisation,2021,March,Tuesday,5,Rear-end,Multi-Vehicle,153.1337124,-27.63393657,Pacific Hwy,,Pacific Highway (Pacific Motorway),Daisy Hill,Logan City,4127,Springwood,Logan,South Eastern,SEQ South,South Coast,Daisy Hill,Springwood - Kingston,Logan - Beaudesert,Major Cities,Springwood,Rankin,State-controlled,No Roadway Feature,No traffic control,100 - 110 km/h,Sealed - Wet,Raining,Dawn/Dusk,Straight,Level,301,Veh'S Same Direction: Rear End,Rear-end,N,0,1,0,0,1,2,0,0,0,0,0,0
334291,Medical treatment,2021,March,Sunday,17,Rear-end,Multi-Vehicle,153.13218,-27.61510346,Cinderella Dr,,,Springwood,Logan City,4127,Springwood,Logan,South Eastern,SEQ South,South Coast,Springwood,Springwood - Kingston,Logan - Beaudesert,Major Cities,Springwood,Rankin,Locally-controlled,No Roadway Feature,No traffic control,60 km/h,Sealed - Dry,Clear,Daylight,Straight,Level,302,Veh'S Same Direction: Left Rear,Rear-end,E,0,0,1,0,1,2,0,0,0,0,0,0
334292,Medical treatment,2021,March,Tuesday,18,Rear-end,Multi-Vehicle,153.11322,-27.59706904,Pacific Hwy,,Pacific Highway (Pacific Motorway),Underwood,Logan City,4119,Springwood,Logan,South Eastern,SEQ South,South Coast,Rochedale South - Priestdale,Springwood - Kingston,Logan - Beaudesert,Major Cities,Waterford,Rankin,State-controlled,No Roadway Feature,No traffic control,100 - 110 km/h,Sealed - Wet,Raining,Dawn/Dusk,Straight,Grade,301,Veh'S Same Direction: Rear End,Rear-end,N,0,0,1,0,1,2,0,0,0,0,0,0
334293,Hospitalisation,2021,March,Tuesday,7,Rear-end,Multi-Vehicle,153.123606,-27.59567146,Bart St,Underwood Rd,,Rochedale South,Logan City,4123,Springwood,Logan,South Eastern,SEQ South,South Coast,Rochedale South - Priestdale,Springwood - Kingston,Logan - Beaudesert,Major Cities,Springwood,Rankin,Locally-controlled,Intersection - T-Junction,No traffic control,60 km/h,Sealed - Wet,Raining,Daylight,Straight,Level,301,Veh'S Same Direction: Rear End,Rear-end,E,0,1,0,0,1,1,0,0,0,0,0,1
334294,Medical treatment,2021,March,Thursday,16,Rear-end,Multi-Vehicle,153.126378,-27.61951446,Pacific Hwy,,Pacific Highway (Pacific Motorway),Springwood,Logan City,4127,Springwood,Logan,South Eastern,SEQ South,South Coast,Springwood,Springwood - Kingston,Logan - Beaudesert,Major Cities,Springwood,Rankin,State-controlled,No Roadway Feature,No traffic control,60 km/h,Sealed - Dry,Clear,Daylight,Straight,Level,301,Veh'S Same Direction: Rear End,Rear-end,S,0,0,1,1,2,2,0,0,0,0,0,0
334295,Hospitalisation,2021,March,Saturday,16,Angle,Multi-Vehicle,153.142573,-27.63428946,Brentwood Dr,Chatswood Rd,,Springwood,Logan City,4127,Springwood,Logan,South Eastern,SEQ South,South Coast,Springwood,Springwood - Kingston,Logan - Beaudesert,Major Cities,Springwood,Rankin,Locally-controlled,Intersection - T-Junction,No traffic control,70 km/h,Sealed - Dry,Clear,Daylight,Straight,Level,308,Veh'S Same Direction: Right Turn S/Swipe,Parallel lanes turning,E,0,2,0,0,2,1,1,0,0,0,0,0
334296,Hospitalisation,2021,March,Saturday,14,Hit object,Single Vehicle,153.139882,-27.63939646,Pacific Hwy,,Pacific Highway (Pacific Motorway),Daisy Hill,Logan City,4127,Springwood,Logan,South Eastern,SEQ South,South Coast,Daisy Hill,Springwood - Kingston,Logan - Beaudesert,Major Cities,Springwood,Rankin,State-controlled,No Roadway Feature,No traffic control,100 - 110 km/h,Sealed - Dry,Clear,Daylight,Straight,Level,305,Veh'S Same Direction: Lane Side Swipe,Lane changes,E,0,1,2,0,3,3,0,0,0,0,0,0
334297,Hospitalisation,2021,March,Wednesday,11,Rear-end,Multi-Vehicle,153.123454,-27.61019146,Springwood Rd,,,Springwood,Logan City,4127,Springwood,Logan,South Eastern,SEQ South,South Coast,Rochedale South - Priestdale,Springwood - Kingston,Logan - Beaudesert,Major Cities,Springwood,Rankin,Locally-controlled,No Roadway Feature,No traffic control,60 km/h,Sealed - Dry,Clear,Daylight,Straight,Grade,301,Veh'S Same Direction: Rear End,Rear-end,W,0,1,1,0,2,2,0,0,0,0,0,0
334298,Medical treatment,2021,April,Thursday,0,Hit object,Single Vehicle,153.1627209,-27.65431126,Pacific Hwy Ramp Fb,,Pacific Highway (Pacific Motorway),Slacks Creek,Logan City,4127,Loganholme,Logan,South Eastern,SEQ South,South Coast,Slacks Creek,Springwood - Kingston,Logan - Beaudesert,Major Cities,Waterford,Rankin,State-controlled,No Roadway Feature,No traffic control,60 km/h,Sealed - Dry,Clear,Darkness - Lighted,Curved - view obscured,Grade,804,Off Path-Curve: Off Cway Lt Bend Hit Obj,Off carriageway on curve hit object,N,0,0,6,0,6,1,0,0,0,0,0,0
334299,Minor injury,2021,April,Wednesday,6,Hit object,Single Vehicle,153.109728,-27.59944845,Frankcom Dr,,Brisbane - Beenleigh Road,Underwood,Logan City,4119,Logan Central,Logan,South Eastern,SEQ South,South Coast,Underwood,Springwood - Kingston,Logan - Beaudesert,Major Cities,Waterford,Rankin,State-controlled,No Roadway Feature,No traffic control,60 km/h,Sealed - Wet,Raining,Daylight,Straight,Level,301,Veh'S Same Direction: Rear End,Rear-end,W,0,0,0,1,1,3,0,0,0,0,0,0
334300,Hospitalisation,2021,April,Thursday,17,Angle,Multi-Vehicle,153.137269,-27.63488846,Old Chatswood Rd,,Pacific Highway (Pacific Motorway),Daisy Hill,Logan City,4127,Springwood,Logan,South Eastern,SEQ South,South Coast,Daisy Hill,Springwood - Kingston,Logan - Beaudesert,Major Cities,Springwood,Rankin,State-controlled,Median Opening,No traffic control,60 km/h,Sealed - Dry,Clear,Darkness - Lighted,Straight,Level,207,Veh'S Opposite Approach: U-Turn,U-turn,S,0,1,0,0,1,1,1,0,0,0,0,0
334301,Hospitalisation,2021,April,Friday,11,Rear-end,Multi-Vehicle,153.107694,-27.59344645,Logan Rd,Underwood Rd,Brisbane - Beenleigh Road,Underwood,Logan City,4119,Logan Central,Logan,South Eastern,SEQ South,South Coast,Underwood,Springwood - Kingston,Logan - Beaudesert,Major Cities,Waterford,Rankin,State-controlled,Intersection - Cross,Operating traffic lights,80 - 90 km/h,Sealed - Dry,Clear,Daylight,Straight,Level,301,Veh'S Same Direction: Rear End,Rear-end,S,0,1,0,0,1,2,0,0,0,0,0,0
334302,Medical treatment,2021,April,Friday,17,Rear-end,Multi-Vehicle,153.1415347,-27.64080261,Pacific Hwy,,Pacific Highway (Pacific Motorway),Daisy Hill,Logan City,4127,Springwood,Logan,South Eastern,SEQ South,South Coast,Daisy Hill,Springwood - Kingston,Logan - Beaudesert,Major Cities,Springwood,Rankin,State-controlled,No Roadway Feature,No traffic control,100 - 110 km/h,Sealed - Dry,Clear,Daylight,Straight,Level,301,Veh'S Same Direction: Rear End,Rear-end,S,0,0,2,0,2,3,0,0,0,0,0,0
334303,Medical treatment,2021,April,Wednesday,12,Rear-end,Multi-Vehicle,153.1203783,-27.6081867,Pacific Hwy,,Pacific Highway (Pacific Motorway),Underwood,Logan City,4119,Springwood,Logan,South Eastern,SEQ South,South Coast,Rochedale South - Priestdale,Springwood - Kingston,Logan - Beaudesert,Major Cities,Waterford,Rankin,State-controlled,No Roadway Feature,No traffic control,100 - 110 km/h,Sealed - Dry,Clear,Daylight,Straight,Level,301,Veh'S Same Direction: Rear End,Rear-end,N,0,0,1,0,1,2,0,1,0,0,0,0
334304,Medical treatment,2021,April,Wednesday,9,Angle,Multi-Vehicle,153.114988,-27.61003746,Gunn St,Logan Rd,Pacific Highway Connection Road,Underwood,Logan City,4119,Logan Central,Logan,South Eastern,SEQ South,South Coast,Underwood,Springwood - Kingston,Logan - Beaudesert,Major Cities,Waterford,Rankin,State-controlled,Intersection - Cross,Stop sign,60 km/h,Sealed - Dry,Clear,Daylight,Curved - view open,Level,101,Veh'S Adjacent Approach: Thru-Thru,Intersection from adjacent approaches,W,0,0,1,0,1,2,0,0,0,0,0,0
334305,Hospitalisation,2021,April,Saturday,11,Sideswipe,Multi-Vehicle,153.133091,-27.63299546,Pacific Hwy,,Pacific Highway (Pacific Motorway),Springwood,Logan City,4127,Springwood,Logan,South Eastern,SEQ South,South Coast,Springwood,Springwood - Kingston,Logan - Beaudesert,Major Cities,Springwood,Rankin,State-controlled,No Roadway Feature,No traffic control,100 - 110 km/h,Sealed - Dry,Clear,Daylight,Straight,Level,307,Veh'S Same Direction: Lane Change Left,Lane changes,E,0,1,1,0,2,2,0,0,0,0,0,0
334306,Hospitalisation,2021,April,Thursday,15,Rear-end,Multi-Vehicle,153.138409,-27.63803546,Pacific Hwy,,Pacific Highway (Pacific Motorway),Daisy Hill,Logan City,4127,Springwood,Logan,South Eastern,SEQ South,South Coast,Daisy Hill,Springwood - Kingston,Logan - Beaudesert,Major Cities,Springwood,Rankin,State-controlled,No Roadway Feature,No traffic control,100 - 110 km/h,Sealed - Dry,Clear,Daylight,Straight,Level,301,Veh'S Same Direction: Rear End,Rear-end,S,0,1,0,0,1,2,1,0,0,0,0,0
334307,Medical treatment,2021,May,Wednesday,14,Angle,Multi-Vehicle,153.15287,-27.64704046,Daisy Hill Rd,Shailer Rd,,Daisy Hill,Logan City,4127,Springwood,Logan,South Eastern,SEQ South,South Coast,Daisy Hill,Springwood - Kingston,Logan - Beaudesert,Major Cities,Springwood,Rankin,Locally-controlled,Intersection - Roundabout,Give way sign,60 km/h,Sealed - Dry,Clear,Daylight,Curved - view open,Level,202,Veh'S Opposite Approach: Thru-Right,Opposing vehicles turning,W,0,0,1,0,1,2,0,0,0,0,0,0
334308,Minor injury,2021,May,Monday,15,Rear-end,Multi-Vehicle,153.129232,-27.62052246,Dennis Rd,,,Springwood,Logan City,4127,Springwood,Logan,South Eastern,SEQ South,South Coast,Springwood,Springwood - Kingston,Logan - Beaudesert,Major Cities,Springwood,Rankin,Locally-controlled,No Roadway Feature,No traffic control,60 km/h,Sealed - Dry,Clear,Daylight,Straight,Grade,301,Veh'S Same Direction: Rear End,Rear-end,W,0,0,0,2,2,3,0,0,0,0,0,0
334309,Hospitalisation,2021,May,Wednesday,16,Hit object,Single Vehicle,153.148523,-27.63524746,Chatswood Rd,John Paul Dr,,Daisy Hill,Logan City,4127,Springwood,Logan,South Eastern,SEQ South,South Coast,Daisy Hill,Springwood - Kingston,Logan - Beaudesert,Major Cities,Springwood,Rankin,Locally-controlled,Intersection - Cross,Operating traffic lights,60 km/h,Sealed - Wet,Raining,Darkness - Lighted,Straight,Level,708,Off Path-Straight: Mounts Traffic Island,Off carriageway on straight hit object,E,0,1,0,0,1,1,0,0,0,0,0,0