Crash_Severity,Crash_Year,Crash_Month,Crash_Day_Of_Week,Crash_Hour,Crash_Nature,Crash_Type,Crash_Longitude,Crash_Latitude,Crash_Street,Crash_Street_Intersecting,State_Road_Name,Loc_Suburb,Loc_Local_Government_Area,Loc_Post_Code,Loc_Police_Division,Loc_Police_District,Loc_Police_Region,Loc_Queensland_Transport_Region,Loc_Main_Roads_Region,Loc_ABS_Statistical_Area_2,Loc_ABS_Statistical_Area_3,Loc_ABS_Statistical_Area_4,Loc_ABS_Remoteness,Loc_State_Electorate,Loc_Federal_Electorate,Crash_Controlling_Authority,Crash_Roadway_Feature,Crash_Traffic_Control,Crash_Speed_Limit,Crash_Road_Surface_Condition,Crash_Atmospheric_Condition,Crash_Lighting_Condition,Crash_Road_Horiz_Align,Crash_Road_Vert_Align,Crash_DCA_Code,Crash_DCA_Description,Crash_DCA_Group_Description,DCA_Key_Approach_Dir,Count_Casualty_Fatality,Count_Casualty_Hospitalised,Count_Casualty_MedicallyTreated,Count_Casualty_MinorInjury,Count_Casualty_Total,Count_Unit_Car,Count_Unit_Motorcycle_Moped,Count_Unit_Truck,Count_Unit_Bus,Count_Unit_Bicycle,Count_Unit_Pedestrian,Count_Unit_Other,
334310,Minor injury,2021,May,Sunday,16,Rear-end,Multi-Vehicle,153.158608,-27.65046346,Pacific Hwy,,Pacific Highway (Pacific Motorway),Slacks Creek,Logan City,4127,Loganholme,Logan,South Eastern,SEQ South,South Coast,Shailer Park,Loganlea - Carbrook,Logan - Beaudesert,Major Cities,Springwood,Forde,State-controlled,No Roadway Feature,No traffic control,100 - 110 km/h,Sealed - Dry,Clear,Daylight,Straight,Level,301,Veh'S Same Direction: Rear End,Rear-end,W,0,0,0,2,2,5,0,0,0,0,0,0
334311,Medical treatment,2021,May,Monday,18,Rear-end,Multi-Vehicle,153.1206148,-27.6082755,Pacific Hwy,,Pacific Highway (Pacific Motorway),Rochedale South,Logan City,4123,Springwood,Logan,South Eastern,SEQ South,South Coast,Rochedale South - Priestdale,Springwood - Kingston,Logan - Beaudesert,Major Cities,Springwood,Rankin,State-controlled,No Roadway Feature,No traffic control,100 - 110 km/h,Sealed - Dry,Clear,Dawn/Dusk,Straight,Level,301,Veh'S Same Direction: Rear End,Rear-end,S,0,0,2,0,2,2,0,0,0,0,0,0
334312,Medical treatment,2021,May,Monday,12,Rear-end,Multi-Vehicle,153.1276501,-27.62184845,Pacific Hwy,,,Springwood,Logan City,4127,Springwood,Logan,South Eastern,SEQ South,South Coast,Springwood,Springwood - Kingston,Logan - Beaudesert,Major Cities,Springwood,Rankin,Locally-controlled,No Roadway Feature,No traffic control,0 - 50 km/h,Sealed - Dry,Clear,Daylight,Straight,Level,301,Veh'S Same Direction: Rear End,Rear-end,N,0,0,1,0,1,2,0,0,0,0,0,0
334313,Medical treatment,2021,May,Tuesday,15,Rear-end,Multi-Vehicle,153.1317,-27.63151446,Pacific Hwy,,Pacific Highway (Pacific Motorway),Springwood,Logan City,4127,Springwood,Logan,South Eastern,SEQ South,South Coast,Springwood,Springwood - Kingston,Logan - Beaudesert,Major Cities,Springwood,Rankin,State-controlled,No Roadway Feature,No traffic control,100 - 110 km/h,Sealed - Dry,Clear,Daylight,Straight,Level,301,Veh'S Same Direction: Rear End,Rear-end,E,0,0,1,0,1,2,0,0,0,0,0,0
334314,Minor injury,2021,May,Tuesday,14,Rear-end,Multi-Vehicle,153.117241,-27.60277546,Pacific Hwy,,Pacific Highway (Pacific Motorway),Rochedale South,Logan City,4123,Springwood,Logan,South Eastern,SEQ South,South Coast,Rochedale South - Priestdale,Springwood - Kingston,Logan - Beaudesert,Major Cities,Springwood,Rankin,State-controlled,No Roadway Feature,No traffic control,100 - 110 km/h,Sealed - Dry,Clear,Daylight,Straight,Level,301,Veh'S Same Direction: Rear End,Rear-end,E,0,0,0,1,1,1,0,1,0,0,0,0
334315,Medical treatment,2021,May,Wednesday,21,Rear-end,Multi-Vehicle,153.119977,-27.60677746,Kumbari St,Rochedale Rd,Pacific Highway (Pacific Motorway),Rochedale South,Logan City,4123,Springwood,Logan,South Eastern,SEQ South,South Coast,Rochedale South - Priestdale,Springwood - Kingston,Logan - Beaudesert,Major Cities,Springwood,Rankin,State-controlled,Intersection - Interchange,Operating traffic lights,60 km/h,Sealed - Dry,Clear,Darkness - Lighted,Straight,Crest,301,Veh'S Same Direction: Rear End,Rear-end,E,0,0,1,0,1,2,0,0,0,0,0,0
334316,Medical treatment,2021,May,Thursday,6,Sideswipe,Multi-Vehicle,153.145917,-27.64407346,Pacific Hwy,,Pacific Highway (Pacific Motorway),Daisy Hill,Logan City,4127,Springwood,Logan,South Eastern,SEQ South,South Coast,Daisy Hill,Springwood - Kingston,Logan - Beaudesert,Major Cities,Springwood,Rankin,State-controlled,No Roadway Feature,No traffic control,100 - 110 km/h,Sealed - Dry,Clear,Daylight,Straight,Level,306,Veh'S Same Direction: Lane Change Right,Lane changes,W,0,0,1,0,1,2,0,0,0,0,0,0
334317,Minor injury,2021,May,Thursday,15,Rear-end,Multi-Vehicle,153.1250748,-27.61710996,Pacific Hwy,,Pacific Highway (Pacific Motorway),Springwood,Logan City,4127,Springwood,Logan,South Eastern,SEQ South,South Coast,Springwood,Springwood - Kingston,Logan - Beaudesert,Major Cities,Springwood,Rankin,State-controlled,No Roadway Feature,No traffic control,100 - 110 km/h,Sealed - Dry,Clear,Daylight,Straight,Level,301,Veh'S Same Direction: Rear End,Rear-end,S,0,0,0,2,2,3,0,0,0,0,0,1
334318,Medical treatment,2021,May,Friday,17,Sideswipe,Multi-Vehicle,153.119162,-27.60630046,Pacific Hwy,,Pacific Highway (Pacific Motorway),Underwood,Logan City,4119,Springwood,Logan,South Eastern,SEQ South,South Coast,Rochedale South - Priestdale,Springwood - Kingston,Logan - Beaudesert,Major Cities,Waterford,Rankin,State-controlled,Intersection - Interchange,No traffic control,100 - 110 km/h,Sealed - Dry,Clear,Daylight,Straight,Level,300,Veh'S Same Direction: Other,Other,N,0,0,2,0,2,1,0,1,0,0,0,0
334319,Medical treatment,2021,May,Friday,11,Rear-end,Multi-Vehicle,153.120474,-27.60835916,Pacific Hwy,,Pacific Highway (Pacific Motorway),Underwood,Logan City,4119,Springwood,Logan,South Eastern,SEQ South,South Coast,Underwood,Springwood - Kingston,Logan - Beaudesert,Major Cities,Waterford,Rankin,State-controlled,No Roadway Feature,No traffic control,100 - 110 km/h,Sealed - Dry,Clear,Daylight,Straight,Grade,301,Veh'S Same Direction: Rear End,Rear-end,W,0,0,1,0,1,0,0,2,0,0,0,0
334320,Medical treatment,2021,June,Thursday,7,Sideswipe,Multi-Vehicle,153.155493,-27.63225246,Daisy Hill Rd,,,Daisy Hill,Logan City,4127,Springwood,Logan,South Eastern,SEQ South,South Coast,Daisy Hill,Springwood - Kingston,Logan - Beaudesert,Major Cities,Springwood,Rankin,Locally-controlled,No Roadway Feature,No traffic control,0 - 50 km/h,Sealed - Wet,Raining,Daylight,Straight,Grade,201,Veh'S Opposite Approach: Head On,Head-on,N,0,0,1,0,1,2,0,0,0,0,0,0
334321,Hospitalisation,2021,June,Saturday,12,Hit parked vehicle,Single Vehicle,153.1289262,-27.59640345,Underwood Rd,,,Rochedale South,Logan City,4123,Springwood,Logan,South Eastern,SEQ South,South Coast,Rochedale South - Priestdale,Springwood - Kingston,Logan - Beaudesert,Major Cities,Springwood,Rankin,Locally-controlled,No Roadway Feature,No traffic control,60 km/h,Sealed - Dry,Clear,Daylight,Straight,Dip,703,Off Path-Straight: Left Off Cway Hit Obj,Off carriageway on straight hit object,E,0,1,0,0,1,2,0,0,0,0,0,0
334468,Hospitalisation,2021,April,Thursday,4,Hit pedestrian,Hit pedestrian,151.9365051,-27.59907834,Spring St,West St,,Darling Heights,Toowoomba Region,4350,Toowoomba,Darling Downs,Southern,Southern,Southern Queensland,Darling Heights,Toowoomba,Toowoomba,Inner Regional,Toowoomba South,Groom,Locally-controlled,Intersection - T-Junction,Pedestrian operated lights,60 km/h,Sealed - Dry,Clear,Darkness - Lighted,Straight,Level,3,Ped'N: Far Side Vehicle Hit From Left,Pedestrian,N,0,1,0,0,1,1,0,0,0,0,1,0
334469,Hospitalisation,2021,April,Thursday,15,Angle,Multi-Vehicle,151.9306851,-27.56431034,Anzac Ave,Gatfield St,,Newtown,Toowoomba Region,4350,Toowoomba,Darling Downs,Southern,Southern,Southern Queensland,Newtown (qld),Toowoomba,Toowoomba,Inner Regional,Toowoomba North,Groom,Locally-controlled,No Roadway Feature,Operating traffic lights,60 km/h,Sealed - Dry,Clear,Daylight,Straight,Level,406,Veh'S Manoeuvring: Leaving Driveway,Vehicle leaving driveway,U,0,1,0,0,1,1,0,0,0,0,0,1
334470,Medical treatment,2021,April,Saturday,17,Hit object,Single Vehicle,151.9554515,-27.57481725,Hume St,,,South Toowoomba,Toowoomba Region,4350,Toowoomba,Darling Downs,Southern,Southern,Southern Queensland,Toowoomba - Central,Toowoomba,Toowoomba,Inner Regional,Toowoomba South,Groom,Locally-controlled,No Roadway Feature,No traffic control,60 km/h,Sealed - Dry,Clear,Dawn/Dusk,Straight,Level,703,Off Path-Straight: Left Off Cway Hit Obj,Off carriageway on straight hit object,N,0,0,1,0,1,1,0,0,0,0,0,0
334471,Medical treatment,2021,April,Saturday,19,Angle,Multi-Vehicle,151.9327561,-27.59805934,Fleet St,Wuth St,,Darling Heights,Toowoomba Region,4350,Drayton,Darling Downs,Southern,Southern,Southern Queensland,Darling Heights,Toowoomba,Toowoomba,Inner Regional,Toowoomba South,Groom,Locally-controlled,Intersection - Cross,Give way sign,60 km/h,Sealed - Dry,Clear,Darkness - Lighted,Straight,Level,101,Veh'S Adjacent Approach: Thru-Thru,Intersection from adjacent approaches,S,0,0,1,0,1,2,0,0,0,0,0,0
334472,Hospitalisation,2021,April,Sunday,19,Hit object,Single Vehicle,151.9599426,-27.56582984,Herries St,,,East Toowoomba,Toowoomba Region,4350,Toowoomba,Darling Downs,Southern,Southern,Southern Queensland,Toowoomba - East,Toowoomba,Toowoomba,Inner Regional,Toowoomba North,Groom,Locally-controlled,No Roadway Feature,No traffic control,60 km/h,Sealed - Wet,Raining,Darkness - Lighted,Straight,Level,703,Off Path-Straight: Left Off Cway Hit Obj,Off carriageway on straight hit object,E,0,1,0,0,1,1,0,0,0,0,0,0
334473,Medical treatment,2021,April,Sunday,20,Overturned,Single Vehicle,151.9199836,-27.44932527,Woolmer Rd,,,Woolmer,Toowoomba Region,4352,Highfields,Darling Downs,Southern,Southern,Southern Queensland,Highfields,Toowoomba,Toowoomba,Inner Regional,Toowoomba North,Groom,Locally-controlled,No Roadway Feature,No traffic control,60 km/h,Sealed - Wet,Raining,Darkness - Not lighted,Straight,Grade,705,Off Path-Straight:Out Of Control On Cway,Out of control on straight,N,0,0,1,0,1,1,0,0,0,0,0,0
334474,Medical treatment,2021,April,Tuesday,12,Hit object,Single Vehicle,151.8716548,-27.52649915,Troys Rd,,Toowoomba Connection Road,Charlton,Toowoomba Region,4350,Toowoomba,Darling Downs,Southern,Southern,Southern Queensland,Toowoomba - West,Toowoomba,Toowoomba,Inner Regional,Condamine,Groom,State-controlled,Intersection - Interchange,No traffic control,60 km/h,Sealed - Wet,Raining,Daylight,Curved - view open,Grade,803,Off Path-Curve: Off Cway Rt Bend Hit Obj,Off carriageway on curve hit object,E,0,0,1,0,1,1,0,0,0,0,0,0
334475,Medical treatment,2021,April,Thursday,11,Rear-end,Multi-Vehicle,151.9458041,-27.55794234,Kingston St,Russell St,,Toowoomba City,Toowoomba Region,4350,Toowoomba,Darling Downs,Southern,Southern,Southern Queensland,Toowoomba - Central,Toowoomba,Toowoomba,Inner Regional,Toowoomba North,Groom,Locally-controlled,Intersection - T-Junction,No traffic control,60 km/h,Sealed - Dry,Clear,Daylight,Straight,Crest,303,Veh'S Same Direction: Right Rear,Rear-end,,0,0,1,0,1,2,0,1,0,0,0,0
334476,Hospitalisation,2021,April,Friday,9,Rear-end,Multi-Vehicle,151.9208531,-27.54251234,Beryl St,Bridge St,Toowoomba Connection Road,Wilsonton,Toowoomba Region,4350,Toowoomba,Darling Downs,Southern,Southern,Southern Queensland,Wilsonton,Toowoomba,Toowoomba,Inner Regional,Toowoomba North,Groom,State-controlled,No Roadway Feature,No traffic control,60 km/h,Sealed - Dry,Clear,Daylight,Straight,Level,301,Veh'S Same Direction: Rear End,Rear-end,E,0,1,0,0,1,2,0,0,0,0,0,0
334477,Hospitalisation,2021,April,Friday,13,Angle,Multi-Vehicle,151.9733811,-27.56583147,Curzon St,,,East Toowoomba,Toowoomba Region,4350,Toowoomba,Darling Downs,Southern,Southern,Southern Queensland,Toowoomba - East,Toowoomba,Toowoomba,Inner Regional,Toowoomba North,Groom,Locally-controlled,Intersection - Cross,Stop sign,0 - 50 km/h,Sealed - Dry,Clear,Daylight,Straight,Level,101,Veh'S Adjacent Approach: Thru-Thru,Intersection from adjacent approaches,W,0,1,1,2,4,2,0,0,0,0,0,0
334478,Medical treatment,2021,April,Saturday,9,Fall from vehicle,Single Vehicle,151.9326548,-27.58473922,Drayton Rd,,,Harristown,Toowoomba Region,4350,Toowoomba,Darling Downs,Southern,Southern,Southern Queensland,Drayton - Harristown,Toowoomba,Toowoomba,Inner Regional,Toowoomba South,Groom,Locally-controlled,No Roadway Feature,No traffic control,60 km/h,Sealed - Dry,Clear,Daylight,Straight,Level,705,Off Path-Straight:Out Of Control On Cway,Out of control on straight,N,0,0,1,0,1,0,1,0,0,0,0,0
334479,Medical treatment,2021,April,Sunday,9,Rear-end,Multi-Vehicle,151.9492093,-27.56832675,James St,,Toowoomba Connection Road,South Toowoomba,Toowoomba Region,4350,Toowoomba,Darling Downs,Southern,Southern,Southern Queensland,Toowoomba - Central,Toowoomba,Toowoomba,Inner Regional,Toowoomba North,Groom,State-controlled,No Roadway Feature,No traffic control,60 km/h,Sealed - Dry,Clear,Daylight,Straight,Level,301,Veh'S Same Direction: Rear End,Rear-end,W,0,0,2,0,2,3,0,0,0,0,0,0
334480,Hospitalisation,2021,April,Tuesday,16,Head-on,Multi-Vehicle,151.9291131,-27.55384934,Taylor St,Tor St,Toowoomba - Cecil Plains Road,Newtown,Toowoomba Region,4350,Toowoomba,Darling Downs,Southern,Southern,Southern Queensland,Newtown (qld),Toowoomba,Toowoomba,Inner Regional,Toowoomba North,Groom,State-controlled,Intersection - Cross,Operating traffic lights,60 km/h,Sealed - Dry,Clear,Daylight,Straight,Level,202,Veh'S Opposite Approach: Thru-Right,Opposing vehicles turning,W,0,1,0,0,1,2,0,0,0,0,0,0
334481,Hospitalisation,2021,April,Sunday,17,Hit object,Single Vehicle,151.9448346,-27.42731883,Kleinton School Rd,,,Kleinton,Toowoomba Region,4352,Highfields,Darling Downs,Southern,Southern,Southern Queensland,Highfields,Toowoomba,Toowoomba,Inner Regional,Condamine,Groom,Locally-controlled,No Roadway Feature,No traffic control,80 - 90 km/h,Sealed - Dry,Clear,Daylight,Straight,Level,704,Off Path-Straight:Right Off Cway Hit Obj,Off carriageway on straight hit object,S,0,2,0,0,2,1,0,0,0,0,0,0
334482,Medical treatment,2021,April,Thursday,20,Hit parked vehicle,Single Vehicle,151.9726861,-27.57749834,Long St,,,Rangeville,Toowoomba Region,4350,Toowoomba,Darling Downs,Southern,Southern,Southern Queensland,Rangeville,Toowoomba,Toowoomba,Inner Regional,Toowoomba South,Groom,Locally-controlled,No Roadway Feature,No traffic control,60 km/h,Sealed - Dry,Clear,Darkness - Lighted,Straight,Grade,601,Veh'S On Path: Parked,Hit parked vehicle,W,0,0,1,0,1,2,0,0,0,0,0,0
334483,Medical treatment,2021,April,Saturday,21,Hit parked vehicle,Single Vehicle,151.9498301,-27.60754534,Hume St,,,Middle Ridge,Toowoomba Region,4350,Toowoomba,Darling Downs,Southern,Southern,Southern Queensland,Middle Ridge,Toowoomba,Toowoomba,Inner Regional,Toowoomba South,Groom,Locally-controlled,No Roadway Feature,No traffic control,60 km/h,Sealed - Dry,Clear,Darkness - Lighted,Straight,Level,601,Veh'S On Path: Parked,Hit parked vehicle,S,0,0,1,0,1,1,0,1,0,0,0,0
334484,Minor injury,2021,April,Sunday,18,Hit parked vehicle,Single Vehicle,151.9361511,-27.60135434,West St,,,Kearneys Spring,Toowoomba Region,4350,Toowoomba,Darling Downs,Southern,Southern,Southern Queensland,Darling Heights,Toowoomba,Toowoomba,Inner Regional,Toowoomba South,Groom,Locally-controlled,No Roadway Feature,No traffic control,60 km/h,Sealed - Dry,Clear,Darkness - Lighted,Straight,Level,704,Off Path-Straight:Right Off Cway Hit Obj,Off carriageway on straight hit object,N,0,0,0,1,1,2,0,0,0,0,0,0
334485,Medical treatment,2021,April,Sunday,8,Rear-end,Multi-Vehicle,151.9566931,-27.56530234,Herries St,,,Toowoomba City,Toowoomba Region,4350,Toowoomba,Darling Downs,Southern,Southern,Southern Queensland,Toowoomba - Central,Toowoomba,Toowoomba,Inner Regional,Toowoomba North,Groom,Locally-controlled,No Roadway Feature,No traffic control,60 km/h,Sealed - Dry,Clear,Daylight,Straight,Level,301,Veh'S Same Direction: Rear End,Rear-end,E,0,0,1,0,1,2,0,0,0,0,0,0
334486,Minor injury,2021,April,Monday,14,Angle,Multi-Vehicle,151.9748211,-27.57177234,Cohoe St,James St,Toowoomba Connection Road,Rangeville,Toowoomba Region,4350,Toowoomba,Darling Downs,Southern,Southern,Southern Queensland,Rangeville,Toowoomba,Toowoomba,Inner Regional,Toowoomba South,Groom,State-controlled,Intersection - T-Junction,Give way sign,60 km/h,Sealed - Dry,Clear,Daylight,Curved - view open,Level,105,Veh'S Adjacent Approach: Right-Right,Intersection from adjacent approaches,N,0,0,0,2,2,2,0,0,0,0,0,0
334487,Hospitalisation,2021,April,Wednesday,11,Hit pedestrian,Hit pedestrian,151.9753941,-27.60415434,Rowbotham St,,,Middle Ridge,Toowoomba Region,4350,Toowoomba,Darling Downs,Southern,Southern,Southern Queensland,Middle Ridge,Toowoomba,Toowoomba,Inner Regional,Toowoomba South,Groom,Locally-controlled,No Roadway Feature,No traffic control,60 km/h,Sealed - Dry,Clear,Daylight,Straight,Level,4,Ped'N: Play; Work; Stand; Lie On C'Way,Pedestrian,U,0,1,0,0,1,0,1,0,0,0,1,0
334488,Hospitalisation,2021,April,Wednesday,15,Rear-end,Multi-Vehicle,151.9416891,-27.57008334,Diagonal St,West St,,South Toowoomba,Toowoomba Region,4350,Toowoomba,Darling Downs,Southern,Southern,Southern Queensland,Toowoomba - Central,Toowoomba,Toowoomba,Inner Regional,Toowoomba South,Groom,Locally-controlled,Merge Lane,No traffic control,60 km/h,Sealed - Dry,Clear,Daylight,Straight,Level,301,Veh'S Same Direction: Rear End,Rear-end,S,0,2,0,0,2,2,0,0,0,0,0,0
334489,Minor injury,2021,April,Wednesday,10,Rear-end,Multi-Vehicle,151.9697751,-27.57103134,James St,,Toowoomba Connection Road,East Toowoomba,Toowoomba Region,4350,Toowoomba,Darling Downs,Southern,Southern,Southern Queensland,Toowoomba - East,Toowoomba,Toowoomba,Inner Regional,Toowoomba North,Groom,State-controlled,No Roadway Feature,No traffic control,60 km/h,Sealed - Dry,Clear,Daylight,Straight,Grade,301,Veh'S Same Direction: Rear End,Rear-end,E,0,0,0,2,2,2,0,0,0,0,0,0
334490,Medical treatment,2021,April,Wednesday,16,Angle,Multi-Vehicle,151.9232241,-27.56055534,Hursley Rd,,,Newtown,Toowoomba Region,4350,Toowoomba,Darling Downs,Southern,Southern,Southern Queensland,Newtown (qld),Toowoomba,Toowoomba,Inner Regional,Toowoomba North,Groom,Locally-controlled,No Roadway Feature,No traffic control,60 km/h,Sealed - Dry,Clear,Daylight,Straight,Level,408,Veh'S Manoeuvring: Entering From Footway,Vehicle leaving driveway,E,0,0,1,1,2,2,0,0,0,0,0,0
334491,Minor injury,2021,April,Thursday,9,Angle,Multi-Vehicle,151.9647981,-27.55692334,Campbell St,Lindsay St,,East Toowoomba,Toowoomba Region,4350,Toowoomba,Darling Downs,Southern,Southern,Southern Queensland,Toowoomba - East,Toowoomba,Toowoomba,Inner Regional,Toowoomba North,Groom,Locally-controlled,Intersection - Cross,Stop sign,60 km/h,Sealed - Dry,Clear,Daylight,Straight,Level,202,Veh'S Opposite Approach: Thru-Right,Opposing vehicles turning,E,0,0,0,1,1,2,0,0,0,0,0,0
334492,Hospitalisation,2021,April,Thursday,15,Rear-end,Multi-Vehicle,151.9530182,-27.58884594,Hume St,,,Kearneys Spring,Toowoomba Region,4350,Toowoomba,Darling Downs,Southern,Southern,Southern Queensland,Darling Heights,Toowoomba,Toowoomba,Inner Regional,Toowoomba South,Groom,Locally-controlled,No Roadway Feature,No traffic control,60 km/h,Sealed - Dry,Clear,Daylight,Straight,Crest,303,Veh'S Same Direction: Right Rear,Rear-end,S,0,2,0,0,2,2,0,0,0,0,0,0
334493,Minor injury,2021,April,Thursday,14,Rear-end,Multi-Vehicle,151.9303761,-27.54698634,Bridge St,Tor St,Toowoomba Connection Road,Newtown,Toowoomba Region,4350,Toowoomba,Darling Downs,Southern,Southern,Southern Queensland,Newtown (qld),Toowoomba,Toowoomba,Inner Regional,Toowoomba North,Groom,State-controlled,Intersection - T-Junction,Give way sign,60 km/h,Sealed - Dry,Clear,Daylight,Straight,Grade,302,Veh'S Same Direction: Left Rear,Rear-end,N,0,0,0,1,1,2,0,0,0,0,0,0
334494,Medical treatment,2021,April,Friday,8,Rear-end,Multi-Vehicle,151.9546068,-27.56904519,James St,,Toowoomba Connection Road,South Toowoomba,Toowoomba Region,4350,Toowoomba,Darling Downs,Southern,Southern,Southern Queensland,Toowoomba - Central,Toowoomba,Toowoomba,Inner Regional,Toowoomba North,Groom,State-controlled,No Roadway Feature,No traffic control,60 km/h,Sealed - Dry,Clear,Daylight,Straight,Level,301,Veh'S Same Direction: Rear End,Rear-end,W,0,0,1,0,1,2,0,0,0,0,0,0
334495,Medical treatment,2021,April,Friday,22,Hit object,Single Vehicle,151.9039891,-27.54272434,Boundary St,Cumners Rd,,Torrington,Toowoomba Region,4350,Toowoomba,Darling Downs,Southern,Southern,Southern Queensland,Toowoomba - West,Toowoomba,Toowoomba,Inner Regional,Condamine,Groom,Locally-controlled,Intersection - T-Junction,No traffic control,70 km/h,Sealed - Wet,Clear,Darkness - Lighted,Straight,Level,703,Off Path-Straight: Left Off Cway Hit Obj,Off carriageway on straight hit object,N,0,0,1,0,1,1,0,0,0,0,0,0
334496,Medical treatment,2021,May,Monday,8,Angle,Multi-Vehicle,151.9559841,-27.50528234,Murphys Creek Rd,New England Hwy,New England Highway (Yarraman - Toowoomba),Blue Mountain Heights,Toowoomba Region,4350,Toowoomba,Darling Downs,Southern,Southern,Southern Queensland,Highfields,Toowoomba,Toowoomba,Inner Regional,Toowoomba North,Groom,State-controlled,Intersection - T-Junction,Operating traffic lights,70 km/h,Sealed - Dry,Clear,Daylight,Straight,Crest,202,Veh'S Opposite Approach: Thru-Right,Opposing vehicles turning,E,0,0,2,0,2,2,0,0,0,0,0,0
334497,Hospitalisation,2021,May,Wednesday,13,Overturned,Single Vehicle,151.9829316,-27.57200261,Toowoomba Connection Rd,,Toowoomba Connection Road,Redwood,Toowoomba Region,4350,Toowoomba,Darling Downs,Southern,Southern,Southern Queensland,Toowoomba - East,Toowoomba,Toowoomba,Inner Regional,Toowoomba North,Groom,State-controlled,No Roadway Feature,No traffic control,70 km/h,Sealed - Wet,Clear,Daylight,Curved - view open,Grade,502,Veh'S Overtaking: Out Of Control,Off carriageway on straight,W,0,1,0,0,1,1,0,0,0,0,0,0
334498,Hospitalisation,2021,May,Wednesday,15,Angle,Multi-Vehicle,151.9753501,-27.56790934,Cohoe St,Herries St,Toowoomba Connection Road,East Toowoomba,Toowoomba Region,4350,Toowoomba,Darling Downs,Southern,Southern,Southern Queensland,Toowoomba - East,Toowoomba,Toowoomba,Inner Regional,Toowoomba North,Groom,State-controlled,Intersection - Cross,Operating traffic lights,60 km/h,Sealed - Dry,Clear,Daylight,Straight,Crest,102,Veh'S Adjacent Approach: Right-Thru,Intersection from adjacent approaches,E,0,1,0,0,1,2,0,0,0,0,0,0
334499,Hospitalisation,2021,May,Tuesday,8,Hit object,Single Vehicle,151.9319801,-27.57775634,Buckland St,,,Harristown,Toowoomba Region,4350,Toowoomba,Darling Downs,Southern,Southern,Southern Queensland,Drayton - Harristown,Toowoomba,Toowoomba,Inner Regional,Toowoomba South,Groom,Locally-controlled,No Roadway Feature,No traffic control,0 - 50 km/h,Sealed - Wet,Clear,Daylight,Straight,Level,703,Off Path-Straight: Left Off Cway Hit Obj,Off carriageway on straight hit object,E,0,1,0,0,1,1,0,0,0,0,0,0
334500,Hospitalisation,2021,May,Wednesday,11,Angle,Multi-Vehicle,151.9592061,-27.55225234,Bridge St,Hume St,,East Toowoomba,Toowoomba Region,4350,Toowoomba,Darling Downs,Southern,Southern,Southern Queensland,Toowoomba - East,Toowoomba,Toowoomba,Inner Regional,Toowoomba North,Groom,Locally-controlled,Intersection - Cross,Operating traffic lights,60 km/h,Sealed - Dry,Clear,Daylight,Straight,Level,101,Veh'S Adjacent Approach: Thru-Thru,Intersection from adjacent approaches,E,0,1,1,0,2,3,0,0,0,0,0,0
334501,Medical treatment,2021,May,Friday,8,Angle,Multi-Vehicle,151.9404233,-27.58360828,Alderley St,Hoey St,,Kearneys Spring,Toowoomba Region,4350,Toowoomba,Darling Downs,Southern,Southern,Southern Queensland,Darling Heights,Toowoomba,Toowoomba,Inner Regional,Toowoomba South,Groom,Locally-controlled,Intersection - T-Junction,No traffic control,60 km/h,Sealed - Dry,Clear,Daylight,Straight,Level,102,Veh'S Adjacent Approach: Right-Thru,Intersection from adjacent approaches,N,0,0,2,0,2,3,0,0,0,0,0,0
334502,Medical treatment,2021,May,Sunday,17,Angle,Multi-Vehicle,151.9692601,-27.57695834,Long St,Mackenzie St,,South Toowoomba,Toowoomba Region,4350,Toowoomba,Darling Downs,Southern,Southern,Southern Queensland,Toowoomba - Central,Toowoomba,Toowoomba,Inner Regional,Toowoomba South,Groom,Locally-controlled,Intersection - Roundabout,Give way sign,60 km/h,Sealed - Dry,Clear,Dawn/Dusk,Straight,Level,101,Veh'S Adjacent Approach: Thru-Thru,Intersection from adjacent approaches,N,0,0,2,0,2,2,0,0,0,0,0,0
334503,Medical treatment,2021,May,Tuesday,5,Angle,Multi-Vehicle,151.9547651,-27.57897634,Hume St,South St,,Centenary Heights,Toowoomba Region,4350,Toowoomba,Darling Downs,Southern,Southern,Southern Queensland,Toowoomba - Central,Toowoomba,Toowoomba,Inner Regional,Toowoomba South,Groom,Locally-controlled,Intersection - Roundabout,Give way sign,0 - 50 km/h,Sealed - Dry,Clear,Dawn/Dusk,Straight,Grade,101,Veh'S Adjacent Approach: Thru-Thru,Intersection from adjacent approaches,W,0,0,2,0,2,2,0,0,0,0,0,0
334504,Medical treatment,2021,May,Wednesday,15,Rear-end,Multi-Vehicle,151.9555281,-27.57435534,Hume St,Somerset St,,South Toowoomba,Toowoomba Region,4350,Toowoomba,Darling Downs,Southern,Southern,Southern Queensland,Toowoomba - Central,Toowoomba,Toowoomba,Inner Regional,Toowoomba South,Groom,Locally-controlled,Intersection - T-Junction,No traffic control,60 km/h,Sealed - Dry,Clear,Daylight,Straight,Level,301,Veh'S Same Direction: Rear End,Rear-end,N,0,0,1,0,1,2,0,0,0,0,0,0