Crash_Severity,Crash_Year,Crash_Month,Crash_Day_Of_Week,Crash_Hour,Crash_Nature,Crash_Type,Crash_Longitude,Crash_Latitude,Crash_Street,Crash_Street_Intersecting,State_Road_Name,Loc_Suburb,Loc_Local_Government_Area,Loc_Post_Code,Loc_Police_Division,Loc_Police_District,Loc_Police_Region,Loc_Queensland_Transport_Region,Loc_Main_Roads_Region,Loc_ABS_Statistical_Area_2,Loc_ABS_Statistical_Area_3,Loc_ABS_Statistical_Area_4,Loc_ABS_Remoteness,Loc_State_Electorate,Loc_Federal_Electorate,Crash_Controlling_Authority,Crash_Roadway_Feature,Crash_Traffic_Control,Crash_Speed_Limit,Crash_Road_Surface_Condition,Crash_Atmospheric_Condition,Crash_Lighting_Condition,Crash_Road_Horiz_Align,Crash_Road_Vert_Align,Crash_DCA_Code,Crash_DCA_Description,Crash_DCA_Group_Description,DCA_Key_Approach_Dir,Count_Casualty_Fatality,Count_Casualty_Hospitalised,Count_Casualty_MedicallyTreated,Count_Casualty_MinorInjury,Count_Casualty_Total,Count_Unit_Car,Count_Unit_Motorcycle_Moped,Count_Unit_Truck,Count_Unit_Bus,Count_Unit_Bicycle,Count_Unit_Pedestrian,Count_Unit_Other,
334792,Hospitalisation,2021,May,Thursday,12,Rear-end,Multi-Vehicle,153.3403639,-27.99669948,Railway Pde,Spencer Rd,Pacific Highway (Pacific Motorway),Nerang,Gold Coast City,4211,Nerang,Gold Coast,South Eastern,SEQ South,South Coast,Nerang - Mount Nathan,Nerang,Gold Coast,Major Cities,Gaven,Moncrieff,State-controlled,Intersection - Cross,Operating traffic lights,60 km/h,Sealed - Dry,Clear,Daylight,Straight,Level,303,Veh'S Same Direction: Right Rear,Rear-end,S,0,1,0,0,1,1,1,0,0,0,0,0
334793,Medical treatment,2021,May,Friday,8,Rear-end,Multi-Vehicle,153.3471019,-27.96843448,Pacific Hwy,,Pacific Highway (Pacific Motorway),Molendinar,Gold Coast City,4214,Nerang,Gold Coast,South Eastern,SEQ South,South Coast,Molendinar,Southport,Gold Coast,Major Cities,Southport,Moncrieff,State-controlled,No Roadway Feature,No traffic control,100 - 110 km/h,Sealed - Dry,Clear,Daylight,Curved - view open,Grade,301,Veh'S Same Direction: Rear End,Rear-end,S,0,0,2,0,2,2,0,0,0,0,0,0
334794,Hospitalisation,2021,May,Saturday,5,Hit object,Single Vehicle,153.3018766,-28.00114209,Yarrimbah Dr,,,Nerang,Gold Coast City,4211,Nerang,Gold Coast,South Eastern,SEQ South,South Coast,Nerang - Mount Nathan,Nerang,Gold Coast,Major Cities,Gaven,Moncrieff,Locally-controlled,No Roadway Feature,No traffic control,0 - 50 km/h,Sealed - Dry,Clear,Darkness - Lighted,Curved - view open,Level,804,Off Path-Curve: Off Cway Lt Bend Hit Obj,Off carriageway on curve hit object,S,0,1,0,0,1,1,0,0,0,0,0,0
334795,Hospitalisation,2021,May,Monday,17,Rear-end,Multi-Vehicle,153.3440859,-27.97702448,Pacific Hwy,,Pacific Highway (Pacific Motorway),Nerang,Gold Coast City,4211,Nerang,Gold Coast,South Eastern,SEQ South,South Coast,Nerang - Mount Nathan,Nerang,Gold Coast,Major Cities,Gaven,Moncrieff,State-controlled,No Roadway Feature,No traffic control,100 - 110 km/h,Sealed - Dry,Clear,Dawn/Dusk,Straight,Level,301,Veh'S Same Direction: Rear End,Rear-end,N,0,3,0,1,4,4,0,0,0,0,0,0
334796,Hospitalisation,2021,May,Thursday,10,Head-on,Multi-Vehicle,153.2437889,-28.05215547,Beechmont Rd,,Beechmont Road,Lower Beechmont,Gold Coast City,4211,Nerang,Gold Coast,South Eastern,SEQ South,South Coast,Guanaba - Springbrook,Gold Coast Hinterland,Gold Coast,Inner Regional,Mudgeeraba,Wright,State-controlled,No Roadway Feature,No traffic control,80 - 90 km/h,Sealed - Dry,Clear,Daylight,Curved - view open,Level,201,Veh'S Opposite Approach: Head On,Head-on,N,0,1,0,0,1,0,1,1,0,0,0,0
334797,Hospitalisation,2021,May,Friday,12,Angle,Multi-Vehicle,153.3231029,-27.93845848,Howland Cct,,,Pacific Pines,Gold Coast City,4211,Nerang,Gold Coast,South Eastern,SEQ South,South Coast,Pacific Pines - Gaven,Nerang,Gold Coast,Major Cities,Gaven,Fadden,Locally-controlled,No Roadway Feature,No traffic control,0 - 50 km/h,Sealed - Dry,Clear,Daylight,Curved - view open,Level,406,Veh'S Manoeuvring: Leaving Driveway,Vehicle leaving driveway,E,0,1,0,0,1,1,1,0,0,0,0,0
334798,Medical treatment,2021,May,Saturday,15,Rear-end,Multi-Vehicle,153.3407629,-27.98924248,Pacific Hwy,,Pacific Highway (Pacific Motorway),Nerang,Gold Coast City,4211,Nerang,Gold Coast,South Eastern,SEQ South,South Coast,Nerang - Mount Nathan,Nerang,Gold Coast,Major Cities,Gaven,Moncrieff,State-controlled,No Roadway Feature,No traffic control,100 - 110 km/h,Sealed - Dry,Clear,Daylight,Straight,Grade,301,Veh'S Same Direction: Rear End,Rear-end,S,0,0,2,1,3,2,0,0,0,0,0,0
334799,Medical treatment,2021,May,Sunday,18,Hit object,Single Vehicle,153.3339849,-27.99084948,Cotton St,White St,,Nerang,Gold Coast City,4211,Nerang,Gold Coast,South Eastern,SEQ South,South Coast,Nerang - Mount Nathan,Nerang,Gold Coast,Major Cities,Gaven,Moncrieff,Locally-controlled,Intersection - T-Junction,No traffic control,0 - 50 km/h,Sealed - Dry,Clear,Dawn/Dusk,Straight,Level,400,Veh'S Manoeuvring: Other,Other,,0,0,1,0,1,2,0,0,0,0,0,0
334800,Medical treatment,2021,May,Sunday,10,Rear-end,Multi-Vehicle,153.3379759,-27.92242248,Discovery Dr,Gold Coast Hwy,Gold Coast Highway (Helensvale - Southport),Helensvale,Gold Coast City,4212,Coomera,Gold Coast,South Eastern,SEQ South,South Coast,Helensvale,Ormeau - Oxenford,Gold Coast,Major Cities,Bonney,Fadden,State-controlled,Intersection - Cross,Operating traffic lights,60 km/h,Sealed - Dry,Clear,Daylight,Straight,Level,303,Veh'S Same Direction: Right Rear,Rear-end,S,0,0,1,0,1,2,0,0,0,0,0,0
334801,Hospitalisation,2021,May,Monday,7,Hit parked vehicle,Single Vehicle,153.3016969,-28.00515148,Dugandan St,,,Nerang,Gold Coast City,4211,Nerang,Gold Coast,South Eastern,SEQ South,South Coast,Nerang - Mount Nathan,Nerang,Gold Coast,Major Cities,Gaven,Moncrieff,Locally-controlled,No Roadway Feature,No traffic control,0 - 50 km/h,Sealed - Dry,Clear,Daylight,Curved - view open,Crest,803,Off Path-Curve: Off Cway Rt Bend Hit Obj,Off carriageway on curve hit object,N,0,1,0,0,1,2,0,0,0,0,0,0
334802,Medical treatment,2021,May,Tuesday,15,Angle,Multi-Vehicle,153.3394859,-27.9977417,Station St,,,Nerang,Gold Coast City,4211,Nerang,Gold Coast,South Eastern,SEQ South,South Coast,Nerang - Mount Nathan,Nerang,Gold Coast,Major Cities,Gaven,Moncrieff,Locally-controlled,No Roadway Feature,Stop sign,60 km/h,Sealed - Dry,Clear,Daylight,Straight,Level,406,Veh'S Manoeuvring: Leaving Driveway,Vehicle leaving driveway,N,0,0,1,0,1,2,0,0,0,0,0,0
334803,Medical treatment,2021,May,Wednesday,16,Rear-end,Multi-Vehicle,153.3410874,-27.98605307,Pacific Hwy,,Pacific Highway (Pacific Motorway),Nerang,Gold Coast City,4211,Nerang,Gold Coast,South Eastern,SEQ South,South Coast,Nerang - Mount Nathan,Nerang,Gold Coast,Major Cities,Gaven,Moncrieff,State-controlled,No Roadway Feature,No traffic control,100 - 110 km/h,Sealed - Dry,Clear,Daylight,Straight,Level,301,Veh'S Same Direction: Rear End,Rear-end,N,0,0,2,0,2,3,0,0,0,0,0,0
334804,Hospitalisation,2021,May,Thursday,9,Hit object,Single Vehicle,153.3842069,-28.01981349,Nerang - Broadbeach Rd,,Nerang - Broadbeach Road,Carrara,Gold Coast City,4211,Broadbeach,Gold Coast,South Eastern,SEQ South,South Coast,Carrara,Nerang,Gold Coast,Major Cities,Gaven,Moncrieff,State-controlled,No Roadway Feature,No traffic control,80 - 90 km/h,Sealed - Dry,Clear,Daylight,Curved - view open,Level,804,Off Path-Curve: Off Cway Lt Bend Hit Obj,Off carriageway on curve hit object,N,0,1,0,0,1,1,0,0,0,0,0,0
334805,Hospitalisation,2021,May,Friday,4,Hit object,Single Vehicle,153.2999459,-27.94551248,Chesterton St,Diamantina Cct,,Pacific Pines,Gold Coast City,4211,Nerang,Gold Coast,South Eastern,SEQ South,South Coast,Pacific Pines - Gaven,Nerang,Gold Coast,Major Cities,Theodore,Fadden,Locally-controlled,Intersection - T-Junction,No traffic control,0 - 50 km/h,Sealed - Dry,Clear,Daylight,Straight,Crest,900,Pass & Misc: Other,Other,E,0,1,0,0,1,1,0,0,0,0,0,0
334806,Hospitalisation,2021,May,Monday,13,Hit object,Single Vehicle,153.3452749,-27.96251648,Pacific Hwy,,Pacific Highway (Pacific Motorway),Gaven,Gold Coast City,4211,Nerang,Gold Coast,South Eastern,SEQ South,South Coast,Pacific Pines - Gaven,Nerang,Gold Coast,Major Cities,Gaven,Fadden,State-controlled,No Roadway Feature,No traffic control,100 - 110 km/h,Sealed - Dry,Clear,Daylight,Straight,Level,703,Off Path-Straight: Left Off Cway Hit Obj,Off carriageway on straight hit object,N,0,1,0,0,1,1,0,0,0,0,0,0
334807,Hospitalisation,2021,May,Saturday,15,Angle,Multi-Vehicle,153.3437709,-27.98357548,Parkridge Dr,Southport - Nerang Rd,Southport - Nerang Road,Molendinar,Gold Coast City,4214,Nerang,Gold Coast,South Eastern,SEQ South,South Coast,Molendinar,Southport,Gold Coast,Major Cities,Southport,Moncrieff,State-controlled,Intersection - T-Junction,Give way sign,70 km/h,Sealed - Dry,Clear,Daylight,Curved - view open,Grade,104,Veh'S Adjacent Approach: Thru-Right,Intersection from adjacent approaches,N,0,3,0,0,3,2,0,0,0,0,0,0
334808,Medical treatment,2021,May,Saturday,17,Sideswipe,Multi-Vehicle,153.3418279,-27.94956448,Pacific Hwy,,Pacific Highway (Pacific Motorway),Arundel,Gold Coast City,4214,Nerang,Gold Coast,South Eastern,SEQ South,South Coast,Arundel,Gold Coast - North,Gold Coast,Major Cities,Gaven,Fadden,State-controlled,No Roadway Feature,No traffic control,100 - 110 km/h,Sealed - Dry,Clear,Daylight,Straight,Level,305,Veh'S Same Direction: Lane Side Swipe,Lane changes,S,0,0,1,0,1,3,0,0,0,0,0,0
334809,Medical treatment,2021,June,Tuesday,8,Rear-end,Multi-Vehicle,153.3380564,-27.99952848,Gilston Rd,,,Nerang,Gold Coast City,4211,Nerang,Gold Coast,South Eastern,SEQ South,South Coast,Nerang - Mount Nathan,Nerang,Gold Coast,Major Cities,Gaven,Moncrieff,Locally-controlled,No Roadway Feature,No traffic control,60 km/h,Sealed - Dry,Clear,Dawn/Dusk,Straight,Level,301,Veh'S Same Direction: Rear End,Rear-end,N,0,0,1,0,1,3,0,0,0,0,0,0
334810,Medical treatment,2021,June,Tuesday,8,Angle,Multi-Vehicle,153.3748269,-28.04107748,Boowaggan Rd,Gooding Dr,Gold Coast - Springbrook Road,Carrara,Gold Coast City,4211,Mudgeeraba,Gold Coast,South Eastern,SEQ South,South Coast,Carrara,Nerang,Gold Coast,Major Cities,Mudgeeraba,Moncrieff,State-controlled,Intersection - T-Junction,Operating traffic lights,60 km/h,Sealed - Dry,Clear,Daylight,Curved - view open,Level,207,Veh'S Opposite Approach: U-Turn,U-turn,N,0,0,1,0,1,2,0,0,0,0,0,0
334811,Hospitalisation,2021,June,Wednesday,17,Angle,Multi-Vehicle,153.3443979,-27.99861848,Brendan Dr,O'Shea Dr,,Nerang,Gold Coast City,4211,Nerang,Gold Coast,South Eastern,SEQ South,South Coast,Nerang - Mount Nathan,Nerang,Gold Coast,Major Cities,Gaven,Moncrieff,Locally-controlled,Intersection - T-Junction,No traffic control,60 km/h,Sealed - Dry,Clear,Dawn/Dusk,Straight,Level,104,Veh'S Adjacent Approach: Thru-Right,Intersection from adjacent approaches,W,0,2,0,0,2,1,1,0,0,0,0,0
334812,Minor injury,2021,June,Thursday,8,Rear-end,Multi-Vehicle,153.3378479,-28.00559348,Mortensen Rd,,,Nerang,Gold Coast City,4211,Nerang,Gold Coast,South Eastern,SEQ South,South Coast,Nerang - Mount Nathan,Nerang,Gold Coast,Major Cities,Gaven,Moncrieff,Locally-controlled,No Roadway Feature,No traffic control,0 - 50 km/h,Sealed - Dry,Clear,Daylight,Straight,Level,301,Veh'S Same Direction: Rear End,Rear-end,E,0,0,0,1,1,2,0,0,0,0,0,0
334813,Medical treatment,2021,June,Saturday,22,Hit animal,Other,153.2261569,-28.14510447,Nerang - Murwillumbah Rd,,Nerang - Murwillumbah Road,Numinbah Valley,Gold Coast City,4211,Nerang,Gold Coast,South Eastern,SEQ South,South Coast,Guanaba - Springbrook,Gold Coast Hinterland,Gold Coast,Inner Regional,Mudgeeraba,Wright,State-controlled,No Roadway Feature,No traffic control,60 km/h,Sealed - Dry,Clear,Darkness - Not lighted,Curved - view open,Level,609,Pass & Misc: Hit Animal,Hit animal,N,0,0,1,0,1,1,0,0,0,0,0,0
334814,Hospitalisation,2021,June,Saturday,10,Rear-end,Multi-Vehicle,153.2340519,-28.21138447,Nerang - Murwillumbah Rd,,Nerang - Murwillumbah Road,Natural Bridge,Gold Coast City,4211,Nerang,Gold Coast,South Eastern,SEQ South,South Coast,Guanaba - Springbrook,Gold Coast Hinterland,Gold Coast,Inner Regional,Mudgeeraba,Wright,State-controlled,No Roadway Feature,Give way sign,80 - 90 km/h,Sealed - Dry,Clear,Daylight,Curved - view obscured,Dip,301,Veh'S Same Direction: Rear End,Rear-end,S,0,1,1,0,2,0,2,0,0,0,0,0
334815,Hospitalisation,2021,June,Monday,17,Rear-end,Multi-Vehicle,153.3277949,-28.00054948,Crusader Way,Weedons Rd,,Nerang,Gold Coast City,4211,Nerang,Gold Coast,South Eastern,SEQ South,South Coast,Nerang - Mount Nathan,Nerang,Gold Coast,Major Cities,Gaven,Moncrieff,Locally-controlled,Intersection - T-Junction,Operating traffic lights,60 km/h,Sealed - Dry,Clear,Darkness - Lighted,Straight,Level,303,Veh'S Same Direction: Right Rear,Rear-end,S,0,1,0,0,1,2,0,0,0,0,0,0
334816,Minor injury,2021,June,Tuesday,16,Hit object,Single Vehicle,153.3427511,-27.95122031,Pacific Hwy,,Pacific Highway (Pacific Motorway),Arundel,Gold Coast City,4214,Nerang,Gold Coast,South Eastern,SEQ South,South Coast,Parkwood,Southport,Gold Coast,Major Cities,Bonney,Fadden,State-controlled,No Roadway Feature,No traffic control,100 - 110 km/h,Sealed - Dry,Clear,Daylight,Straight,Level,704,Off Path-Straight:Right Off Cway Hit Obj,Off carriageway on straight hit object,S,0,0,0,1,1,0,0,1,0,0,0,0
334817,Medical treatment,2021,June,Wednesday,10,Hit pedestrian,Hit pedestrian,153.3372219,-27.98981448,Ferry St,,Nerang Connection Road,Nerang,Gold Coast City,4211,Nerang,Gold Coast,South Eastern,SEQ South,South Coast,Nerang - Mount Nathan,Nerang,Gold Coast,Major Cities,Gaven,Moncrieff,State-controlled,No Roadway Feature,No traffic control,0 - 50 km/h,Sealed - Dry,Clear,Daylight,Straight,Level,7,Ped'N: Hit By Vehicle Enter/Leave D'Way,Pedestrian,N,0,0,1,0,1,1,0,0,0,0,1,0
334818,Medical treatment,2021,June,Friday,11,Angle,Multi-Vehicle,153.3401958,-27.99741433,Spencer Rd,,,Nerang,Gold Coast City,4211,Nerang,Gold Coast,South Eastern,SEQ South,South Coast,Nerang - Mount Nathan,Nerang,Gold Coast,Major Cities,Gaven,Moncrieff,Locally-controlled,No Roadway Feature,No traffic control,60 km/h,Sealed - Dry,Clear,Daylight,Curved - view open,Grade,202,Veh'S Opposite Approach: Thru-Right,Opposing vehicles turning,N,0,0,1,0,1,1,1,0,0,0,0,0
334819,Hospitalisation,2021,June,Friday,16,Angle,Multi-Vehicle,153.3279419,-27.92600948,Gold Coast Hwy,Heslop Rd,Pacific Highway (Pacific Motorway),Oxenford,Gold Coast City,4210,Coomera,Gold Coast,South Eastern,SEQ South,South Coast,Oxenford - Maudsland,Ormeau - Oxenford,Gold Coast,Major Cities,Theodore,Fadden,State-controlled,Intersection - Interchange,Operating traffic lights,60 km/h,Sealed - Dry,Clear,Daylight,Straight,Level,705,Off Path-Straight:Out Of Control On Cway,Out of control on straight,E,0,1,0,0,1,1,1,0,0,0,0,0
334820,Medical treatment,2021,June,Saturday,11,Rear-end,Multi-Vehicle,153.3421409,-27.95010248,Pacific Hwy,,Pacific Highway (Pacific Motorway),Arundel,Gold Coast City,4214,Nerang,Gold Coast,South Eastern,SEQ South,South Coast,Arundel,Gold Coast - North,Gold Coast,Major Cities,Gaven,Fadden,State-controlled,No Roadway Feature,No traffic control,100 - 110 km/h,Sealed - Dry,Clear,Daylight,Straight,Level,301,Veh'S Same Direction: Rear End,Rear-end,S,0,0,1,0,1,1,1,0,0,0,0,0
334821,Medical treatment,2021,June,Saturday,8,Rear-end,Multi-Vehicle,153.2905559,-28.00648948,Clagiraba Rd,Nerang - Murwillumbah Rd,Nerang - Murwillumbah Road,Advancetown,Gold Coast City,4211,Nerang,Gold Coast,South Eastern,SEQ South,South Coast,Nerang - Mount Nathan,Nerang,Gold Coast,Major Cities,Mudgeeraba,Moncrieff,State-controlled,Intersection - T-Junction,No traffic control,60 km/h,Sealed - Dry,Clear,Daylight,Curved - view obscured,Level,302,Veh'S Same Direction: Left Rear,Rear-end,E,0,0,1,0,1,2,0,0,0,0,0,0
334822,Medical treatment,2021,June,Sunday,11,Angle,Multi-Vehicle,153.2885766,-27.91984014,Buckingham Rd,,,Maudsland,Gold Coast City,4210,Nerang,Gold Coast,South Eastern,SEQ South,South Coast,Oxenford - Maudsland,Ormeau - Oxenford,Gold Coast,Major Cities,Theodore,Wright,Locally-controlled,No Roadway Feature,No traffic control,0 - 50 km/h,Sealed - Dry,Clear,Daylight,Curved - view open,Level,400,Veh'S Manoeuvring: Other,Other,,0,0,1,0,1,1,0,0,0,1,1,0
334823,Hospitalisation,2021,June,Tuesday,17,Rear-end,Multi-Vehicle,153.2994349,-28.00006648,Birdlife Ct,Mt Nathan Rd,Beaudesert - Nerang Road,Nerang,Gold Coast City,4211,Nerang,Gold Coast,South Eastern,SEQ South,South Coast,Nerang - Mount Nathan,Nerang,Gold Coast,Major Cities,Gaven,Wright,State-controlled,Intersection - T-Junction,No traffic control,60 km/h,Sealed - Dry,Clear,Darkness - Lighted,Straight,Dip,303,Veh'S Same Direction: Right Rear,Rear-end,W,0,2,1,0,3,3,0,0,0,0,0,0
334824,Medical treatment,2021,June,Wednesday,7,Rear-end,Multi-Vehicle,153.3369909,-27.93308148,Habana St,Millaroo Dr,,Helensvale,Gold Coast City,4212,Southport,Gold Coast,South Eastern,SEQ South,South Coast,Helensvale,Ormeau - Oxenford,Gold Coast,Major Cities,Bonney,Fadden,Locally-controlled,Intersection - T-Junction,No traffic control,60 km/h,Sealed - Dry,Clear,Daylight,Straight,Dip,303,Veh'S Same Direction: Right Rear,Rear-end,S,0,0,1,1,2,2,0,0,0,0,0,0
334825,Hospitalisation,2021,June,Saturday,2,Overturned,Single Vehicle,153.3567229,-27.99884648,Nerang - Broadbeach Rd,,Nerang - Broadbeach Road,Nerang,Gold Coast City,4211,Nerang,Gold Coast,South Eastern,SEQ South,South Coast,Nerang - Mount Nathan,Nerang,Gold Coast,Major Cities,Gaven,Moncrieff,State-controlled,No Roadway Feature,No traffic control,80 - 90 km/h,Sealed - Dry,Clear,Darkness - Lighted,Straight,Level,704,Off Path-Straight:Right Off Cway Hit Obj,Off carriageway on straight hit object,E,0,1,1,0,2,1,0,0,0,0,0,0
334826,Hospitalisation,2021,June,Saturday,16,Rear-end,Multi-Vehicle,153.3409352,-27.9871652,Pacific Hwy,,Pacific Highway (Pacific Motorway),Nerang,Gold Coast City,4211,Nerang,Gold Coast,South Eastern,SEQ South,South Coast,Nerang - Mount Nathan,Nerang,Gold Coast,Major Cities,Gaven,Moncrieff,State-controlled,Bridge/Causeway,No traffic control,100 - 110 km/h,Sealed - Dry,Clear,Dawn/Dusk,Straight,Level,301,Veh'S Same Direction: Rear End,Rear-end,N,0,1,0,2,3,2,0,0,0,0,0,0
334827,Medical treatment,2021,June,Saturday,13,Rear-end,Multi-Vehicle,153.3424156,-27.95130292,Pacific Hwy,,Pacific Highway (Pacific Motorway),Gaven,Gold Coast City,4211,Nerang,Gold Coast,South Eastern,SEQ South,South Coast,Pacific Pines - Gaven,Nerang,Gold Coast,Major Cities,Gaven,Fadden,State-controlled,No Roadway Feature,No traffic control,100 - 110 km/h,Sealed - Dry,Clear,Daylight,Straight,Level,301,Veh'S Same Direction: Rear End,Rear-end,S,0,0,2,0,2,2,0,0,0,0,0,0
334828,Hospitalisation,2021,June,Monday,7,Angle,Multi-Vehicle,153.3363449,-27.93332248,Habana St,,,Helensvale,Gold Coast City,4212,Southport,Gold Coast,South Eastern,SEQ South,South Coast,Helensvale,Ormeau - Oxenford,Gold Coast,Major Cities,Bonney,Fadden,Locally-controlled,No Roadway Feature,No traffic control,0 - 50 km/h,Sealed - Dry,Clear,Daylight,Straight,Grade,308,Veh'S Same Direction: Right Turn S/Swipe,Parallel lanes turning,W,0,1,0,0,1,1,1,0,0,0,0,0
334829,Hospitalisation,2021,June,Wednesday,19,Angle,Multi-Vehicle,153.3395729,-27.99666748,Grenfell St,Station St,Pacific Highway (Pacific Motorway),Nerang,Gold Coast City,4211,Nerang,Gold Coast,South Eastern,SEQ South,South Coast,Nerang - Mount Nathan,Nerang,Gold Coast,Major Cities,Gaven,Moncrieff,State-controlled,Intersection - Cross,Operating traffic lights,60 km/h,Sealed - Dry,Clear,Darkness - Lighted,Straight,Grade,101,Veh'S Adjacent Approach: Thru-Thru,Intersection from adjacent approaches,W,0,1,0,0,1,1,1,0,0,0,0,0
334830,Fatal,2021,June,Thursday,7,Rear-end,Multi-Vehicle,153.3365249,-27.93780748,Pacific Hwy,,Pacific Highway (Pacific Motorway),Helensvale,Gold Coast City,4212,Nerang,Gold Coast,South Eastern,SEQ South,South Coast,Helensvale,Ormeau - Oxenford,Gold Coast,Major Cities,Bonney,Fadden,State-controlled,No Roadway Feature,No traffic control,100 - 110 km/h,Sealed - Dry,Clear,Daylight,Straight,Level,307,Veh'S Same Direction: Lane Change Left,Lane changes,E,1,0,0,0,1,2,1,0,0,0,0,0
334831,Hospitalisation,2021,June,Friday,23,Hit object,Single Vehicle,153.3075793,-27.93181498,Pitcairn Wy,,,Pacific Pines,Gold Coast City,4211,Nerang,Gold Coast,South Eastern,SEQ South,South Coast,Pacific Pines - Gaven,Nerang,Gold Coast,Major Cities,Gaven,Fadden,Locally-controlled,No Roadway Feature,No traffic control,60 km/h,Sealed - Wet,Raining,Darkness - Lighted,Straight,Level,704,Off Path-Straight:Right Off Cway Hit Obj,Off carriageway on straight hit object,S,0,1,0,0,1,1,0,0,0,0,0,0
334832,Hospitalisation,2021,June,Monday,7,Fall from vehicle,Single Vehicle,153.3244899,-27.92624448,Binstead Wy,Universal Dr,,Pacific Pines,Gold Coast City,4211,Nerang,Gold Coast,South Eastern,SEQ South,South Coast,Pacific Pines - Gaven,Nerang,Gold Coast,Major Cities,Theodore,Fadden,Locally-controlled,Intersection - Roundabout,No traffic control,60 km/h,Sealed - Dry,Clear,Daylight,Curved - view open,Dip,807,Vehicle Right-Turning At I/S (Or Drivewa,Out of control on curve,N,0,1,0,0,1,0,1,0,0,0,0,0
335532,Medical treatment,2021,January,Friday,14,Hit object,Single Vehicle,146.7644044,-19.28231083,Palmerston St,Tregaskis St,,Vincent,Townsville City,4814,Mundingburra,Townsville,Northern,Northern,North Queensland,Gulliver - Currajong - Vincent,Townsville,Townsville,Outer Regional,Mundingburra,Herbert,Locally-controlled,Intersection - T-Junction,No traffic control,60 km/h,Sealed - Dry,Clear,Daylight,Curved - view open,Level,805,Off Path-Curve: Out Of Control On Cway,Out of control on curve,N,0,0,2,0,2,1,0,0,0,0,0,0
335533,Medical treatment,2021,January,Wednesday,9,Rear-end,Multi-Vehicle,146.8043974,-19.27235683,Boundary St,Charters Towers Rd,North Townsville Road,Hermit Park,Townsville City,4812,Townsville,Townsville,Northern,Northern,North Queensland,Hermit Park - Rosslea,Townsville,Townsville,Outer Regional,Townsville,Herbert,State-controlled,Intersection - Cross,Operating traffic lights,60 km/h,Sealed - Dry,Clear,Daylight,Straight,Level,301,Veh'S Same Direction: Rear End,Rear-end,W,0,0,1,0,1,1,0,0,1,0,0,0
335534,Hospitalisation,2021,January,Thursday,16,Angle,Multi-Vehicle,146.7920864,-19.27653583,Bayswater Rd,Kings Rd,,Hyde Park,Townsville City,4812,Mundingburra,Townsville,Northern,Northern,North Queensland,Hyde Park - Pimlico,Townsville,Townsville,Outer Regional,Townsville,Herbert,Locally-controlled,Intersection - Cross,Operating traffic lights,60 km/h,Sealed - Dry,Clear,Daylight,Straight,Level,202,Veh'S Opposite Approach: Thru-Right,Opposing vehicles turning,E,0,1,0,0,1,2,0,0,0,0,0,0
335535,Hospitalisation,2021,January,Friday,22,Hit object,Single Vehicle,146.7773824,-19.29891083,Collins St,Thompson St,,Mundingburra,Townsville City,4812,Mundingburra,Townsville,Northern,Northern,North Queensland,Mundingburra,Townsville,Townsville,Outer Regional,Mundingburra,Herbert,Locally-controlled,Intersection - T-Junction,No traffic control,0 - 50 km/h,Sealed - Dry,Clear,Darkness - Lighted,Straight,Level,704,Off Path-Straight:Right Off Cway Hit Obj,Off carriageway on straight hit object,S,0,1,0,0,1,1,0,0,0,0,0,0
335536,Hospitalisation,2021,January,Saturday,12,Rear-end,Multi-Vehicle,146.7643624,-19.29776383,Elizabeth St,Ross River Rd,Ross River Road,Aitkenvale,Townsville City,4814,Mundingburra,Townsville,Northern,Northern,North Queensland,Aitkenvale,Townsville,Townsville,Outer Regional,Mundingburra,Herbert,State-controlled,Intersection - Cross,Operating traffic lights,60 km/h,Sealed - Dry,Clear,Daylight,Straight,Level,301,Veh'S Same Direction: Rear End,Rear-end,W,0,1,0,0,1,1,1,0,0,0,0,0
335537,Hospitalisation,2021,January,Tuesday,21,Fall from vehicle,Single Vehicle,146.7947754,-19.29394783,Bent St,Camp St,,Mundingburra,Townsville City,4812,Mundingburra,Townsville,Northern,Northern,North Queensland,Mundingburra,Townsville,Townsville,Outer Regional,Mundingburra,Herbert,Locally-controlled,Intersection - T-Junction,No traffic control,0 - 50 km/h,Sealed - Dry,Clear,Darkness - Lighted,Curved - view open,Level,805,Off Path-Curve: Out Of Control On Cway,Out of control on curve,N,0,1,0,0,1,0,1,0,0,0,0,0
335948,Minor injury,2021,January,Saturday,16,Rear-end,Multi-Vehicle,153.0856181,-26.53468744,Centenary Heights Rd,Yandina - Coolum Rd,Yandina - Coolum Road,Coolum Beach,Sunshine Coast Region,4573,Coolum,Sunshine Coast,North Coast,SEQ North,North Coast,Coolum Beach,Maroochy,Sunshine Coast,Major Cities,Ninderry,Fairfax,State-controlled,Intersection - T-Junction,No traffic control,60 km/h,Sealed - Dry,Clear,Daylight,Curved - view open,Level,303,Veh'S Same Direction: Right Rear,Rear-end,E,0,0,0,1,1,2,0,0,0,0,0,0
335949,Medical treatment,2021,January,Tuesday,7,Rear-end,Multi-Vehicle,153.0733591,-26.53574744,Sunshine Mwy,Yandina - Coolum Rd,Yandina - Coolum Road,Coolum Beach,Sunshine Coast Region,4573,Coolum,Sunshine Coast,North Coast,SEQ North,North Coast,Eumundi - Yandina,Nambour,Sunshine Coast,Inner Regional,Ninderry,Fairfax,State-controlled,Intersection - Roundabout,No traffic control,60 km/h,Sealed - Dry,Clear,Daylight,Straight,Level,301,Veh'S Same Direction: Rear End,Rear-end,N,0,0,1,0,1,2,0,0,0,0,0,0
335950,Hospitalisation,2021,January,Friday,10,Hit object,Single Vehicle,153.0860781,-26.60679044,Airport Dr,Friendship Ave,,Marcoola,Sunshine Coast Region,4564,Coolum,Sunshine Coast,North Coast,SEQ North,North Coast,Marcoola - Mudjimba,Maroochy,Sunshine Coast,Major Cities,Maroochydore,Fairfax,Locally-controlled,Intersection - Roundabout,Give way sign,60 km/h,Sealed - Wet,Raining,Daylight,Straight,Level,708,Off Path-Straight: Mounts Traffic Island,Off carriageway on straight hit object,N,0,1,0,0,1,1,0,0,0,0,0,0