Crash_Severity,Crash_Year,Crash_Month,Crash_Day_Of_Week,Crash_Hour,Crash_Nature,Crash_Type,Crash_Longitude,Crash_Latitude,Crash_Street,Crash_Street_Intersecting,State_Road_Name,Loc_Suburb,Loc_Local_Government_Area,Loc_Post_Code,Loc_Police_Division,Loc_Police_District,Loc_Police_Region,Loc_Queensland_Transport_Region,Loc_Main_Roads_Region,Loc_ABS_Statistical_Area_2,Loc_ABS_Statistical_Area_3,Loc_ABS_Statistical_Area_4,Loc_ABS_Remoteness,Loc_State_Electorate,Loc_Federal_Electorate,Crash_Controlling_Authority,Crash_Roadway_Feature,Crash_Traffic_Control,Crash_Speed_Limit,Crash_Road_Surface_Condition,Crash_Atmospheric_Condition,Crash_Lighting_Condition,Crash_Road_Horiz_Align,Crash_Road_Vert_Align,Crash_DCA_Code,Crash_DCA_Description,Crash_DCA_Group_Description,DCA_Key_Approach_Dir,Count_Casualty_Fatality,Count_Casualty_Hospitalised,Count_Casualty_MedicallyTreated,Count_Casualty_MinorInjury,Count_Casualty_Total,Count_Unit_Car,Count_Unit_Motorcycle_Moped,Count_Unit_Truck,Count_Unit_Bus,Count_Unit_Bicycle,Count_Unit_Pedestrian,Count_Unit_Other,
335951,Minor injury,2021,January,Friday,12,Rear-end,Multi-Vehicle,153.0743823,-26.53737734,Sunshine Mwy,,Sunshine Motorway (Mooloolaba - Peregian),Coolum Beach,Sunshine Coast Region,4573,Coolum,Sunshine Coast,North Coast,SEQ North,North Coast,Coolum Beach,Maroochy,Sunshine Coast,Major Cities,Ninderry,Fairfax,State-controlled,No Roadway Feature,No traffic control,100 - 110 km/h,Sealed - Dry,Clear,Daylight,Straight,Level,301,Veh'S Same Direction: Rear End,Rear-end,S,0,0,0,1,1,2,0,0,0,0,0,0
335952,Medical treatment,2021,January,Thursday,15,Rear-end,Multi-Vehicle,153.0732828,-26.53490286,Sunshine Mwy,Yandina - Coolum Rd,,Coolum Beach,Sunshine Coast Region,4573,Coolum,Sunshine Coast,North Coast,SEQ North,North Coast,Coolum Beach,Maroochy,Sunshine Coast,Major Cities,Ninderry,Fairfax,Not coded,Intersection - Roundabout,Give way sign,60 km/h,Sealed - Dry,Clear,Daylight,Straight,Level,301,Veh'S Same Direction: Rear End,Rear-end,,0,0,1,0,1,2,0,0,0,0,0,0
335953,Hospitalisation,2021,January,Sunday,14,Head-on,Multi-Vehicle,153.0903123,-26.50642873,David Low Way,,Maroochydore - Noosa Road,Coolum Beach,Sunshine Coast Region,4573,Coolum,Sunshine Coast,North Coast,SEQ North,North Coast,Coolum Beach,Maroochy,Sunshine Coast,Major Cities,Ninderry,Fairfax,State-controlled,No Roadway Feature,No traffic control,70 km/h,Sealed - Dry,Clear,Daylight,Curved - view open,Level,201,Veh'S Opposite Approach: Head On,Head-on,S,0,1,0,2,3,2,0,0,0,0,0,0
335954,Medical treatment,2021,January,Sunday,19,Sideswipe,Multi-Vehicle,153.0813172,-26.49540744,Emu Mountain Rd,Peregian Springs Dr,Emu Mountain Road,Peregian Beach,Sunshine Coast Region,4573,Coolum,Sunshine Coast,North Coast,SEQ North,North Coast,Peregian Beach - Marcus Beach,Noosa,Sunshine Coast,Major Cities,Ninderry,Fairfax,State-controlled,Intersection - Roundabout,Give way sign,60 km/h,Sealed - Dry,Clear,Darkness - Lighted,Curved - view open,Level,305,Veh'S Same Direction: Lane Side Swipe,Lane changes,S,0,0,1,0,1,2,0,0,0,0,0,0
335955,Hospitalisation,2021,January,Saturday,11,Angle,Multi-Vehicle,153.0915181,-26.53845844,Grandview Dr,Millen Ct,,Coolum Beach,Sunshine Coast Region,4573,Coolum,Sunshine Coast,North Coast,SEQ North,North Coast,Coolum Beach,Maroochy,Sunshine Coast,Major Cities,Ninderry,Fairfax,Locally-controlled,Intersection - T-Junction,No traffic control,0 - 50 km/h,Sealed - Dry,Clear,Daylight,Curved - view obscured,Dip,202,Veh'S Opposite Approach: Thru-Right,Opposing vehicles turning,S,0,1,1,1,3,2,0,0,0,0,0,0
335956,Medical treatment,2021,January,Tuesday,13,Angle,Multi-Vehicle,153.0860781,-26.60679044,Airport Dr,Friendship Ave,,Marcoola,Sunshine Coast Region,4564,Coolum,Sunshine Coast,North Coast,SEQ North,North Coast,Marcoola - Mudjimba,Maroochy,Sunshine Coast,Major Cities,Maroochydore,Fairfax,Locally-controlled,Intersection - Roundabout,Give way sign,60 km/h,Sealed - Dry,Clear,Daylight,Straight,Level,107,Veh'S Adjacent Approach: Thru-Left,Intersection from adjacent approaches,S,0,0,1,0,1,1,1,0,0,0,0,0
335957,Medical treatment,2021,January,Friday,12,Sideswipe,Multi-Vehicle,153.0737691,-26.53541444,Sunshine Mwy,Yandina - Coolum Rd,Sunshine Motorway (Mooloolaba - Peregian),Coolum Beach,Sunshine Coast Region,4573,Coolum,Sunshine Coast,North Coast,SEQ North,North Coast,Coolum Beach,Maroochy,Sunshine Coast,Major Cities,Ninderry,Fairfax,State-controlled,Intersection - Roundabout,Give way sign,0 - 50 km/h,Sealed - Dry,Clear,Daylight,Straight,Level,308,Veh'S Same Direction: Right Turn S/Swipe,Parallel lanes turning,N,0,0,1,0,1,1,0,0,0,0,0,1
335958,Medical treatment,2021,February,Friday,7,Rear-end,Multi-Vehicle,153.0812652,-26.49580944,Emu Mountain Rd,Sunshine Mwy,Emu Mountain Road,Peregian Springs,Sunshine Coast Region,4573,Coolum,Sunshine Coast,North Coast,SEQ North,North Coast,Peregian Springs,Noosa,Sunshine Coast,Major Cities,Ninderry,Fairfax,State-controlled,Intersection - Roundabout,Give way sign,60 km/h,Sealed - Dry,Clear,Daylight,Straight,Level,302,Veh'S Same Direction: Left Rear,Rear-end,W,0,0,1,0,1,2,0,0,0,0,0,0
335959,Minor injury,2021,February,Tuesday,12,Rear-end,Multi-Vehicle,153.0687731,-26.53267144,Unnamed Rd,,,Coolum Beach,Sunshine Coast Region,4573,Coolum,Sunshine Coast,North Coast,SEQ North,North Coast,Eumundi - Yandina,Nambour,Sunshine Coast,Inner Regional,Ninderry,Fairfax,Locally-controlled,Intersection - Roundabout,Give way sign,60 km/h,Sealed - Dry,Clear,Daylight,Straight,Level,301,Veh'S Same Direction: Rear End,Rear-end,S,0,0,0,1,1,2,0,0,0,0,0,0
335960,Hospitalisation,2021,February,Saturday,16,Angle,Multi-Vehicle,153.0937688,-26.53656191,Coolum Tce,,,Coolum Beach,Sunshine Coast Region,4573,Coolum,Sunshine Coast,North Coast,SEQ North,North Coast,Coolum Beach,Maroochy,Sunshine Coast,Major Cities,Ninderry,Fairfax,Locally-controlled,Intersection - T-Junction,Give way sign,60 km/h,Sealed - Dry,Clear,Daylight,Straight,Grade,104,Veh'S Adjacent Approach: Thru-Right,Intersection from adjacent approaches,N,0,1,1,0,2,1,1,0,0,0,0,0
335961,Hospitalisation,2021,February,Tuesday,14,Head-on,Multi-Vehicle,153.0298791,-26.55359344,Yandina - Coolum Rd,,Yandina - Coolum Road,Yandina Creek,Sunshine Coast Region,4561,Coolum,Sunshine Coast,North Coast,SEQ North,North Coast,Eumundi - Yandina,Nambour,Sunshine Coast,Inner Regional,Ninderry,Fairfax,State-controlled,No Roadway Feature,No traffic control,80 - 90 km/h,Sealed - Dry,Clear,Daylight,Straight,Level,201,Veh'S Opposite Approach: Head On,Head-on,S,0,1,0,0,1,2,0,1,0,0,0,0
335962,Fatal,2021,March,Saturday,8,Hit object,Single Vehicle,153.0933518,-26.57011642,David Low Way,,Maroochydore - Noosa Road,Mount Coolum,Sunshine Coast Region,4573,Coolum,Sunshine Coast,North Coast,SEQ North,North Coast,Coolum Beach,Maroochy,Sunshine Coast,Major Cities,Maroochydore,Fairfax,State-controlled,No Roadway Feature,No traffic control,70 km/h,Sealed - Dry,Clear,Daylight,Curved - view open,Level,804,Off Path-Curve: Off Cway Lt Bend Hit Obj,Off carriageway on curve hit object,N,1,0,0,0,1,0,1,0,0,0,0,0
335963,Hospitalisation,2021,March,Monday,15,Angle,Multi-Vehicle,153.0952391,-26.56348444,Tanah St E,,,Yaroomba,Sunshine Coast Region,4573,Coolum,Sunshine Coast,North Coast,SEQ North,North Coast,Coolum Beach,Maroochy,Sunshine Coast,Major Cities,Maroochydore,Fairfax,Locally-controlled,No Roadway Feature,No traffic control,0 - 50 km/h,Unsealed - Wet,Raining,Daylight,Straight,Level,401,Veh'S Manoeuvring: Leaving Parking,Vehicle leaving driveway,E,0,2,0,0,2,2,0,0,0,0,0,0
335964,Medical treatment,2021,April,Monday,10,Overturned,Single Vehicle,153.0121823,-26.55434669,Valdora Rd,,,Valdora,Sunshine Coast Region,4561,Coolum,Sunshine Coast,North Coast,SEQ North,North Coast,Eumundi - Yandina,Nambour,Sunshine Coast,Inner Regional,Ninderry,Fairfax,Locally-controlled,No Roadway Feature,No traffic control,80 - 90 km/h,Sealed - Wet,Raining,Daylight,Curved - view open,Level,801,Off Path-Curve: Off Cway Right Bend,Off carriageway on curve,S,0,0,1,0,1,1,0,0,0,0,0,0
335965,Medical treatment,2021,April,Tuesday,18,Rear-end,Multi-Vehicle,153.0942712,-26.48639944,David Low Way,,,Peregian Beach,Noosa Shire,4573,Coolum,Sunshine Coast,North Coast,SEQ North,North Coast,Peregian Beach - Marcus Beach,Noosa,Sunshine Coast,Major Cities,Noosa,Wide Bay,Locally-controlled,No Roadway Feature,No traffic control,60 km/h,Sealed - Wet,Raining,Dawn/Dusk,Straight,Level,303,Veh'S Same Direction: Right Rear,Rear-end,N,0,0,1,0,1,2,0,0,0,0,0,0
335966,Hospitalisation,2021,April,Wednesday,10,Rear-end,Multi-Vehicle,153.0903691,-26.52229544,David Low Way,,Maroochydore - Noosa Road,Coolum Beach,Sunshine Coast Region,4573,Coolum,Sunshine Coast,North Coast,SEQ North,North Coast,Coolum Beach,Maroochy,Sunshine Coast,Major Cities,Ninderry,Fairfax,State-controlled,No Roadway Feature,No traffic control,60 km/h,Sealed - Dry,Clear,Daylight,Straight,Level,301,Veh'S Same Direction: Rear End,Rear-end,N,0,1,0,1,2,3,0,0,0,0,0,0
335967,Medical treatment,2021,April,Sunday,9,Rear-end,Multi-Vehicle,153.0735998,-26.53597824,Sunshine Mwy,,Sunshine Motorway (Mooloolaba - Peregian),Coolum Beach,Sunshine Coast Region,4573,Coolum,Sunshine Coast,North Coast,SEQ North,North Coast,Eumundi - Yandina,Nambour,Sunshine Coast,Inner Regional,Ninderry,Fairfax,State-controlled,Intersection - Roundabout,Give way sign,60 km/h,Sealed - Dry,Clear,Daylight,Curved - view open,Level,301,Veh'S Same Direction: Rear End,Rear-end,N,0,0,1,0,1,2,0,0,0,0,0,0
335968,Medical treatment,2021,April,Monday,18,Rear-end,Multi-Vehicle,153.0708197,-26.58111927,Sunshine Mwy,,Sunshine Motorway (Mooloolaba - Peregian),Marcoola,Sunshine Coast Region,4564,Coolum,Sunshine Coast,North Coast,SEQ North,North Coast,Marcoola - Mudjimba,Maroochy,Sunshine Coast,Major Cities,Maroochydore,Fairfax,State-controlled,No Roadway Feature,No traffic control,100 - 110 km/h,Sealed - Dry,Clear,Darkness - Not lighted,Straight,Level,301,Veh'S Same Direction: Rear End,Rear-end,S,0,0,1,0,1,2,0,0,0,0,0,0
335969,Minor injury,2021,April,Monday,10,Rear-end,Multi-Vehicle,153.0905051,-26.52113644,David Low Way,Springfield Ave,Maroochydore - Noosa Road,Coolum Beach,Sunshine Coast Region,4573,Coolum,Sunshine Coast,North Coast,SEQ North,North Coast,Coolum Beach,Maroochy,Sunshine Coast,Major Cities,Ninderry,Fairfax,State-controlled,Intersection - T-Junction,No traffic control,0 - 50 km/h,Sealed - Dry,Clear,Daylight,Curved - view open,Grade,303,Veh'S Same Direction: Right Rear,Rear-end,S,0,0,0,1,1,2,0,0,0,0,0,0
335970,Medical treatment,2021,April,Thursday,11,Angle,Multi-Vehicle,153.0806252,-26.49555544,Emu Mountain Rd,Peregian Springs Dr,Emu Mountain Road,Peregian Springs,Sunshine Coast Region,4573,Coolum,Sunshine Coast,North Coast,SEQ North,North Coast,Peregian Springs,Noosa,Sunshine Coast,Major Cities,Ninderry,Fairfax,State-controlled,Intersection - Roundabout,Give way sign,60 km/h,Sealed - Dry,Clear,Daylight,Curved - view open,Level,101,Veh'S Adjacent Approach: Thru-Thru,Intersection from adjacent approaches,N,0,0,1,0,1,1,1,0,0,0,0,0
335971,Minor injury,2021,April,Friday,13,Angle,Multi-Vehicle,153.0842431,-26.61489344,Mudjimba Beach Rd,,,Mudjimba,Sunshine Coast Region,4564,Coolum,Sunshine Coast,North Coast,SEQ North,North Coast,Marcoola - Mudjimba,Maroochy,Sunshine Coast,Major Cities,Maroochydore,Fairfax,Locally-controlled,No Roadway Feature,No traffic control,0 - 50 km/h,Sealed - Dry,Clear,Daylight,Straight,Level,202,Veh'S Opposite Approach: Thru-Right,Opposing vehicles turning,W,0,0,0,1,1,1,1,0,0,0,0,0
335972,Medical treatment,2021,May,Friday,18,Rear-end,Multi-Vehicle,153.0745382,-26.54497096,Sunshine Mwy,,Sunshine Motorway (Mooloolaba - Peregian),Coolum Beach,Sunshine Coast Region,4573,Coolum,Sunshine Coast,North Coast,SEQ North,North Coast,Coolum Beach,Maroochy,Sunshine Coast,Major Cities,Ninderry,Fairfax,State-controlled,No Roadway Feature,No traffic control,100 - 110 km/h,Sealed - Dry,Clear,Darkness - Not lighted,Straight,Level,301,Veh'S Same Direction: Rear End,Rear-end,S,0,0,1,0,1,2,0,0,0,0,0,0
335973,Medical treatment,2021,May,Monday,7,Angle,Multi-Vehicle,153.0807162,-26.49490944,Emu Mountain Rd,Peregian Springs Dr,Emu Mountain Road,Peregian Beach,Sunshine Coast Region,4573,Coolum,Sunshine Coast,North Coast,SEQ North,North Coast,Peregian Springs,Noosa,Sunshine Coast,Major Cities,Ninderry,Fairfax,State-controlled,Intersection - Roundabout,Give way sign,60 km/h,Unsealed - Dry,Clear,Daylight,Curved - view open,Level,202,Veh'S Opposite Approach: Thru-Right,Opposing vehicles turning,N,0,0,2,0,2,2,0,0,0,0,0,0
335974,Medical treatment,2021,June,Friday,2,Hit object,Single Vehicle,153.0770584,-26.60707989,Sunshine Mwy,,Sunshine Motorway (Mooloolaba - Peregian),Marcoola,Sunshine Coast Region,4564,Coolum,Sunshine Coast,North Coast,SEQ North,North Coast,Marcoola - Mudjimba,Maroochy,Sunshine Coast,Major Cities,Maroochydore,Fairfax,State-controlled,No Roadway Feature,No traffic control,100 - 110 km/h,Sealed - Dry,Clear,Darkness - Lighted,Curved - view open,Grade,804,Off Path-Curve: Off Cway Lt Bend Hit Obj,Off carriageway on curve hit object,N,0,0,1,0,1,1,0,0,0,0,0,0
335975,Minor injury,2021,June,Tuesday,8,Rear-end,Multi-Vehicle,153.0941274,-26.48684672,David Low Way,,,Peregian Beach,Noosa Shire,4573,Coolum,Sunshine Coast,North Coast,SEQ North,North Coast,Peregian Beach - Marcus Beach,Noosa,Sunshine Coast,Major Cities,Noosa,Wide Bay,Locally-controlled,No Roadway Feature,No traffic control,60 km/h,Sealed - Wet,Clear,Daylight,Straight,Level,301,Veh'S Same Direction: Rear End,Rear-end,S,0,0,0,2,2,3,0,0,0,0,0,0
335976,Medical treatment,2021,June,Tuesday,16,Rear-end,Multi-Vehicle,153.0737691,-26.53541444,Sunshine Mwy,Yandina - Coolum Rd,Sunshine Motorway (Mooloolaba - Peregian),Coolum Beach,Sunshine Coast Region,4573,Coolum,Sunshine Coast,North Coast,SEQ North,North Coast,Coolum Beach,Maroochy,Sunshine Coast,Major Cities,Ninderry,Fairfax,State-controlled,Intersection - Roundabout,Give way sign,60 km/h,Sealed - Dry,Clear,Daylight,Straight,Level,302,Veh'S Same Direction: Left Rear,Rear-end,S,0,0,1,0,1,2,0,0,0,0,0,0
335977,Medical treatment,2021,June,Thursday,18,Rear-end,Multi-Vehicle,153.0772132,-26.60445348,Sunshine Mwy,,Sunshine Motorway (Mooloolaba - Peregian),Marcoola,Sunshine Coast Region,4564,Coolum,Sunshine Coast,North Coast,SEQ North,North Coast,Marcoola - Mudjimba,Maroochy,Sunshine Coast,Major Cities,Ninderry,Fairfax,State-controlled,No Roadway Feature,No traffic control,100 - 110 km/h,Sealed - Dry,Clear,Darkness - Not lighted,Curved - view open,Level,301,Veh'S Same Direction: Rear End,Rear-end,N,0,0,1,0,1,1,1,0,0,0,0,0
335978,Medical treatment,2021,June,Thursday,14,Hit pedestrian,Hit pedestrian,153.0800871,-26.53565244,Park Cres,Yandina - Coolum Rd,Yandina - Coolum Road,Coolum Beach,Sunshine Coast Region,4573,Coolum,Sunshine Coast,North Coast,SEQ North,North Coast,Coolum Beach,Maroochy,Sunshine Coast,Major Cities,Ninderry,Fairfax,State-controlled,Intersection - T-Junction,No traffic control,0 - 50 km/h,Sealed - Dry,Clear,Daylight,Straight,Level,1,Ped'N: Near Side Vehicle Hit From Right,Pedestrian,W,0,0,1,0,1,1,0,0,0,0,1,0
335979,Medical treatment,2021,June,Wednesday,17,Angle,Multi-Vehicle,153.0887121,-26.51622444,David Low Way,,Maroochydore - Noosa Road,Coolum Beach,Sunshine Coast Region,4573,Coolum,Sunshine Coast,North Coast,SEQ North,North Coast,Coolum Beach,Maroochy,Sunshine Coast,Major Cities,Ninderry,Fairfax,State-controlled,No Roadway Feature,No traffic control,80 - 90 km/h,Sealed - Wet,Clear,Darkness - Not lighted,Straight,Level,406,Veh'S Manoeuvring: Leaving Driveway,Vehicle leaving driveway,N,0,0,2,0,2,2,0,0,0,0,0,0
335980,Hospitalisation,2021,June,Saturday,8,Sideswipe,Multi-Vehicle,153.0899611,-26.52488444,David Low Way,Hewitt St,Maroochydore - Noosa Road,Coolum Beach,Sunshine Coast Region,4573,Coolum,Sunshine Coast,North Coast,SEQ North,North Coast,Coolum Beach,Maroochy,Sunshine Coast,Major Cities,Ninderry,Fairfax,State-controlled,Intersection - T-Junction,No traffic control,60 km/h,Sealed - Dry,Clear,Daylight,Curved - view open,Level,308,Veh'S Same Direction: Right Turn S/Swipe,Parallel lanes turning,N,0,1,0,0,1,1,1,0,0,0,0,0
335981,Minor injury,2021,June,Saturday,16,Sideswipe,Multi-Vehicle,153.0737471,-26.53540402,Sunshine Mwy,Yandina - Coolum Rd,Sunshine Motorway (Mooloolaba - Peregian),Coolum Beach,Sunshine Coast Region,4573,Coolum,Sunshine Coast,North Coast,SEQ North,North Coast,Eumundi - Yandina,Nambour,Sunshine Coast,Inner Regional,Ninderry,Fairfax,State-controlled,Intersection - Roundabout,Give way sign,60 km/h,Sealed - Dry,Clear,Daylight,Curved - view open,Level,308,Veh'S Same Direction: Right Turn S/Swipe,Parallel lanes turning,S,0,0,0,1,1,2,0,0,0,0,0,0
335982,Medical treatment,2021,June,Monday,8,Rear-end,Multi-Vehicle,153.073856,-26.53647589,Sunshine Mwy,,Sunshine Motorway (Mooloolaba - Peregian),Coolum Beach,Sunshine Coast Region,4573,Coolum,Sunshine Coast,North Coast,SEQ North,North Coast,Eumundi - Yandina,Nambour,Sunshine Coast,Inner Regional,Ninderry,Fairfax,State-controlled,No Roadway Feature,Give way sign,60 km/h,Sealed - Dry,Clear,Daylight,Straight,Level,301,Veh'S Same Direction: Rear End,Rear-end,N,0,0,1,0,1,3,0,0,0,0,0,0
335983,Medical treatment,2021,June,Monday,15,Rear-end,Multi-Vehicle,153.0726511,-26.53523844,Sunshine Mwy,Yandina - Coolum Rd,,Coolum Beach,Sunshine Coast Region,4573,Coolum,Sunshine Coast,North Coast,SEQ North,North Coast,Eumundi - Yandina,Nambour,Sunshine Coast,Inner Regional,Ninderry,Fairfax,Not coded,Intersection - Roundabout,Give way sign,60 km/h,Sealed - Dry,Clear,Daylight,Straight,Level,302,Veh'S Same Direction: Left Rear,Rear-end,,0,0,1,0,1,2,0,0,0,0,0,0
336431,Hospitalisation,2021,January,Saturday,8,Hit object,Single Vehicle,152.0716273,-24.9587267,Bundaberg - Gin Gin Rd,,Bundaberg - Gin Gin Road,Bullyard,Bundaberg Region,4671,Gin Gin,Wide Bay Burnett,North Coast,Southern,Southern Queensland,Gin Gin,Burnett,Wide Bay,Inner Regional,Callide,Flynn,State-controlled,No Roadway Feature,No traffic control,100 - 110 km/h,Sealed - Wet,Raining,Daylight,Curved - view open,Level,607,Veh'S On Path: Temporary Object On C'Way,Other,N,0,1,0,0,1,1,0,0,0,0,0,0
336432,Hospitalisation,2021,January,Sunday,12,Overturned,Single Vehicle,151.9934884,-25.04695032,Drinan Rd,,,Drinan,Bundaberg Region,4671,Gin Gin,Wide Bay Burnett,North Coast,Southern,Southern Queensland,Gin Gin,Burnett,Wide Bay,Inner Regional,Callide,Flynn,Locally-controlled,No Roadway Feature,No traffic control,100 - 110 km/h,Sealed - Dry,Clear,Daylight,Straight,Level,705,Off Path-Straight:Out Of Control On Cway,Out of control on straight,E,0,2,0,0,2,1,0,0,0,0,0,0
336433,Minor injury,2021,January,Thursday,17,Sideswipe,Multi-Vehicle,152.0818924,-24.96031233,Bundaberg - Gin Gin Rd,,Bundaberg - Gin Gin Road,Bungadoo,Bundaberg Region,4671,Gin Gin,Wide Bay Burnett,North Coast,Southern,Southern Queensland,Gin Gin,Burnett,Wide Bay,Inner Regional,Callide,Flynn,State-controlled,No Roadway Feature,No traffic control,100 - 110 km/h,Sealed - Dry,Clear,Daylight,Straight,Level,201,Veh'S Opposite Approach: Head On,Head-on,E,0,0,0,1,1,2,0,0,0,0,0,0
336434,Hospitalisation,2021,January,Monday,10,Hit object,Single Vehicle,151.9780574,-25.11372032,Bruce Hwy,Mittlehausers Rd,Bruce Highway (Maryborough - Gin Gin),Wallaville,Bundaberg Region,4671,Gin Gin,Wide Bay Burnett,North Coast,Southern,Southern Queensland,Gin Gin,Burnett,Wide Bay,Outer Regional,Callide,Flynn,State-controlled,Intersection - Cross,No traffic control,100 - 110 km/h,Sealed - Dry,Clear,Daylight,Straight,Level,705,Off Path-Straight:Out Of Control On Cway,Out of control on straight,S,0,4,0,0,4,1,0,0,0,0,0,0
336435,Hospitalisation,2021,February,Thursday,15,Sideswipe,Multi-Vehicle,151.8421041,-24.91372211,Bruce Hwy,,Bruce Highway (Gin Gin - Benaraby),Monduran,Bundaberg Region,4671,Gin Gin,Wide Bay Burnett,North Coast,Southern,Southern Queensland,Gin Gin,Burnett,Wide Bay,Outer Regional,Callide,Flynn,State-controlled,No Roadway Feature,No traffic control,100 - 110 km/h,Sealed - Wet,Raining,Daylight,Curved - view obscured,Grade,201,Veh'S Opposite Approach: Head On,Head-on,W,0,2,0,0,2,2,0,1,0,0,0,0
336436,Minor injury,2021,February,Thursday,15,Angle,Multi-Vehicle,151.9575584,-24.99280232,Mulgrave St,Walker St,Bruce Highway (Gin Gin - Benaraby),Gin Gin,Bundaberg Region,4671,Gin Gin,Wide Bay Burnett,North Coast,Southern,Southern Queensland,Gin Gin,Burnett,Wide Bay,Outer Regional,Callide,Flynn,State-controlled,Intersection - Cross,No traffic control,0 - 50 km/h,Sealed - Dry,Clear,Daylight,Straight,Level,308,Veh'S Same Direction: Right Turn S/Swipe,Parallel lanes turning,N,0,0,0,1,1,1,0,1,0,0,0,0
336437,Medical treatment,2021,March,Tuesday,0,Hit object,Single Vehicle,152.0464984,-24.95697433,Bundaberg - Gin Gin Rd,,Bundaberg - Gin Gin Road,Bullyard,Bundaberg Region,4671,Gin Gin,Wide Bay Burnett,North Coast,Southern,Southern Queensland,Gin Gin,Burnett,Wide Bay,Inner Regional,Callide,Flynn,State-controlled,No Roadway Feature,No traffic control,100 - 110 km/h,Sealed - Dry,Clear,Darkness - Not lighted,Curved - view open,Level,803,Off Path-Curve: Off Cway Rt Bend Hit Obj,Off carriageway on curve hit object,N,0,0,1,0,1,1,0,0,0,0,0,0
336438,Hospitalisation,2021,March,Sunday,1,Hit object,Single Vehicle,151.9725844,-25.16789632,Walla Rd,,,Morganville,Bundaberg Region,4671,Gin Gin,Wide Bay Burnett,North Coast,Southern,Southern Queensland,Gin Gin,Burnett,Wide Bay,Outer Regional,Callide,Flynn,Locally-controlled,Bridge/Causeway,No traffic control,80 - 90 km/h,Sealed - Dry,Clear,Darkness - Not lighted,Curved - view open,Level,803,Off Path-Curve: Off Cway Rt Bend Hit Obj,Off carriageway on curve hit object,N,0,1,0,0,1,1,0,0,0,0,0,0
336439,Medical treatment,2021,March,Sunday,20,Hit animal,Other,151.9473736,-24.97775576,Bruce Hwy,,Bruce Highway (Gin Gin - Benaraby),Gin Gin,Bundaberg Region,4671,Gin Gin,Wide Bay Burnett,North Coast,Southern,Southern Queensland,Gin Gin,Burnett,Wide Bay,Outer Regional,Callide,Flynn,State-controlled,No Roadway Feature,No traffic control,80 - 90 km/h,Sealed - Dry,Clear,Darkness - Not lighted,Straight,Grade,609,Pass & Misc: Hit Animal,Hit animal,N,0,0,1,0,1,1,0,0,0,0,0,0
336440,Fatal,2021,April,Sunday,7,Hit animal,Other,151.8548125,-24.99938631,Gin Gin - Mt Perry Rd,,Gin Gin - Mount Perry Road,Moolboolaman,Bundaberg Region,4671,Gin Gin,Wide Bay Burnett,North Coast,Southern,Southern Queensland,Gin Gin,Burnett,Wide Bay,Outer Regional,Callide,Flynn,State-controlled,No Roadway Feature,No traffic control,100 - 110 km/h,Sealed - Dry,Clear,Daylight,Straight,Grade,609,Pass & Misc: Hit Animal,Hit animal,W,1,0,0,0,1,0,1,0,0,0,0,0
336441,Hospitalisation,2021,April,Wednesday,3,Hit object,Single Vehicle,151.9004415,-24.91371031,Bruce Hwy,,Bruce Highway (Gin Gin - Benaraby),Monduran,Bundaberg Region,4671,Gin Gin,Wide Bay Burnett,North Coast,Southern,Southern Queensland,Gin Gin,Burnett,Wide Bay,Outer Regional,Callide,Flynn,State-controlled,No Roadway Feature,No traffic control,100 - 110 km/h,Sealed - Dry,Clear,Darkness - Not lighted,Straight,Level,703,Off Path-Straight: Left Off Cway Hit Obj,Off carriageway on straight hit object,W,0,1,0,0,1,1,0,0,0,0,0,0
336442,Minor injury,2021,May,Saturday,4,Hit object,Single Vehicle,151.7358845,-24.8732753,Bruce Hwy,,Bruce Highway (Gin Gin - Benaraby),Takilberan,Bundaberg Region,4671,Gin Gin,Wide Bay Burnett,North Coast,Southern,Southern Queensland,Gin Gin,Burnett,Wide Bay,Outer Regional,Callide,Flynn,State-controlled,No Roadway Feature,No traffic control,100 - 110 km/h,Sealed - Dry,Clear,Darkness - Not lighted,Curved - view open,Level,804,Off Path-Curve: Off Cway Lt Bend Hit Obj,Off carriageway on curve hit object,S,0,0,0,1,1,0,0,1,0,0,0,0
336443,Hospitalisation,2021,June,Sunday,10,Overturned,Single Vehicle,151.9054397,-24.98505373,Gin Gin - Mt Perry Rd,,Gin Gin - Mount Perry Road,Tirroan,Bundaberg Region,4671,Gin Gin,Wide Bay Burnett,North Coast,Southern,Southern Queensland,Gin Gin,Burnett,Wide Bay,Outer Regional,Callide,Flynn,State-controlled,No Roadway Feature,No traffic control,100 - 110 km/h,Sealed - Dry,Clear,Daylight,Straight,Level,705,Off Path-Straight:Out Of Control On Cway,Out of control on straight,E,0,1,0,0,1,1,0,0,0,0,0,0
336444,Medical treatment,2021,June,Saturday,4,Hit object,Single Vehicle,151.7355035,-24.87331472,Bruce Hwy,,Bruce Highway (Gin Gin - Benaraby),Takilberan,Bundaberg Region,4671,Gin Gin,Wide Bay Burnett,North Coast,Southern,Southern Queensland,Gin Gin,Burnett,Wide Bay,Outer Regional,Callide,Flynn,State-controlled,No Roadway Feature,No traffic control,100 - 110 km/h,Sealed - Wet,Raining,Darkness - Not lighted,Curved - view open,Level,805,Off Path-Curve: Out Of Control On Cway,Out of control on curve,E,0,0,1,0,1,0,0,0,1,0,0,0
336478,Minor injury,2021,January,Thursday,21,Overturned,Single Vehicle,149.9070632,-22.82703114,Bruce Hwy,,Bruce Highway (Rockhampton - St Lawrence),Marlborough,Livingstone Shire,4705,Marlborough,Capricornia,Central,Central,Central Queensland,Rockhampton Region - North,Rockhampton,Central Queensland,Remote,Mirani,Capricornia,State-controlled,No Roadway Feature,No traffic control,100 - 110 km/h,Sealed - Wet,Raining,Darkness - Not lighted,Curved - view open,Level,805,Off Path-Curve: Out Of Control On Cway,Out of control on curve,W,0,0,0,1,1,0,0,1,0,0,0,0