Crash_Severity,Crash_Year,Crash_Month,Crash_Day_Of_Week,Crash_Hour,Crash_Nature,Crash_Type,Crash_Longitude,Crash_Latitude,Crash_Street,Crash_Street_Intersecting,State_Road_Name,Loc_Suburb,Loc_Local_Government_Area,Loc_Post_Code,Loc_Police_Division,Loc_Police_District,Loc_Police_Region,Loc_Queensland_Transport_Region,Loc_Main_Roads_Region,Loc_ABS_Statistical_Area_2,Loc_ABS_Statistical_Area_3,Loc_ABS_Statistical_Area_4,Loc_ABS_Remoteness,Loc_State_Electorate,Loc_Federal_Electorate,Crash_Controlling_Authority,Crash_Roadway_Feature,Crash_Traffic_Control,Crash_Speed_Limit,Crash_Road_Surface_Condition,Crash_Atmospheric_Condition,Crash_Lighting_Condition,Crash_Road_Horiz_Align,Crash_Road_Vert_Align,Crash_DCA_Code,Crash_DCA_Description,Crash_DCA_Group_Description,DCA_Key_Approach_Dir,Count_Casualty_Fatality,Count_Casualty_Hospitalised,Count_Casualty_MedicallyTreated,Count_Casualty_MinorInjury,Count_Casualty_Total,Count_Unit_Car,Count_Unit_Motorcycle_Moped,Count_Unit_Truck,Count_Unit_Bus,Count_Unit_Bicycle,Count_Unit_Pedestrian,Count_Unit_Other,
336479,Hospitalisation,2021,January,Monday,15,Head-on,Multi-Vehicle,150.0383658,-22.88985213,Bruce Hwy,,Bruce Highway (Rockhampton - St Lawrence),Kunwarara,Livingstone Shire,4702,Marlborough,Capricornia,Central,Central,Central Queensland,Rockhampton Region - North,Rockhampton,Central Queensland,Remote,Mirani,Capricornia,State-controlled,No Roadway Feature,No traffic control,100 - 110 km/h,Sealed - Dry,Clear,Daylight,Curved - view open,Crest,201,Veh'S Opposite Approach: Head On,Head-on,N,0,2,0,1,3,3,0,0,0,0,0,0
336480,Hospitalisation,2021,March,Monday,6,Head-on,Multi-Vehicle,150.1323448,-22.90772113,Bruce Hwy,,Bruce Highway (Rockhampton - St Lawrence),Canoona,Livingstone Shire,4702,Marlborough,Capricornia,Central,Central,Central Queensland,Rockhampton Region - North,Rockhampton,Central Queensland,Outer Regional,Mirani,Capricornia,State-controlled,No Roadway Feature,No traffic control,100 - 110 km/h,Sealed - Wet,Raining,Daylight,Straight,Level,201,Veh'S Opposite Approach: Head On,Head-on,N,0,1,1,0,2,2,0,0,0,0,0,0
336481,Hospitalisation,2021,March,Sunday,15,Overturned,Single Vehicle,149.5485219,-22.63252153,Bruce Hwy,,Bruce Highway (Rockhampton - St Lawrence),Ogmore,Livingstone Shire,4706,Marlborough,Capricornia,Central,Central,Central Queensland,Rockhampton Region - North,Rockhampton,Central Queensland,Remote,Mirani,Capricornia,State-controlled,No Roadway Feature,No traffic control,100 - 110 km/h,Sealed - Dry,Clear,Daylight,Straight,Level,702,Off Path-Straight: Right Off Cway,Off carriageway on straight,E,0,3,0,0,3,1,0,0,0,0,0,0
336482,Hospitalisation,2021,March,Friday,13,Fall from vehicle,Single Vehicle,149.9630769,-22.83731612,Bruce Hwy,,Bruce Highway (Rockhampton - St Lawrence),Marlborough,Livingstone Shire,4705,Marlborough,Capricornia,Central,Central,Central Queensland,Rockhampton Region - North,Rockhampton,Central Queensland,Remote,Mirani,Capricornia,State-controlled,No Roadway Feature,No traffic control,100 - 110 km/h,Sealed - Dry,Clear,Daylight,Straight,Level,705,Off Path-Straight:Out Of Control On Cway,Out of control on straight,S,0,1,0,0,1,0,1,0,0,0,0,0
336483,Hospitalisation,2021,May,Thursday,8,Angle,Multi-Vehicle,149.8821699,-22.82158611,Bruce Hwy,Glenprairie Bypass Rd,Bruce Highway (Rockhampton - St Lawrence),Marlborough,Livingstone Shire,4705,Marlborough,Capricornia,Central,Central,Central Queensland,Rockhampton Region - North,Rockhampton,Central Queensland,Remote,Mirani,Capricornia,State-controlled,Intersection - Cross,Stop sign,100 - 110 km/h,Sealed - Dry,Clear,Daylight,Straight,Level,101,Veh'S Adjacent Approach: Thru-Thru,Intersection from adjacent approaches,N,0,1,4,0,5,3,0,0,0,0,0,0
336484,Medical treatment,2021,June,Thursday,10,Overturned,Single Vehicle,150.1436128,-22.91534214,Bruce Hwy,,Bruce Highway (Rockhampton - St Lawrence),Kunwarara,Livingstone Shire,4702,Marlborough,Capricornia,Central,Central,Central Queensland,Rockhampton Region - North,Rockhampton,Central Queensland,Remote,Mirani,Capricornia,State-controlled,No Roadway Feature,No traffic control,100 - 110 km/h,Sealed - Dry,Clear,Daylight,Straight,Level,702,Off Path-Straight: Right Off Cway,Off carriageway on straight,W,0,0,1,0,1,1,0,0,0,0,0,0
336485,Medical treatment,2021,June,Friday,4,Hit object,Single Vehicle,150.2733508,-23.07093815,Bruce Hwy,,Bruce Highway (Rockhampton - St Lawrence),Canoona,Livingstone Shire,4702,Marlborough,Capricornia,Central,Central,Central Queensland,Rockhampton Region - North,Rockhampton,Central Queensland,Outer Regional,Mirani,Capricornia,State-controlled,No Roadway Feature,No traffic control,100 - 110 km/h,Sealed - Dry,Clear,Darkness - Not lighted,Straight,Level,704,Off Path-Straight:Right Off Cway Hit Obj,Off carriageway on straight hit object,S,0,0,1,0,1,1,0,0,0,0,0,0
336486,Hospitalisation,2021,June,Wednesday,17,Hit animal,Other,150.3276288,-23.11691915,Bruce Hwy,,Bruce Highway (Rockhampton - St Lawrence),Yaamba,Livingstone Shire,4704,North Rockhampton,Capricornia,Central,Central,Central Queensland,Rockhampton Region - North,Rockhampton,Central Queensland,Outer Regional,Mirani,Capricornia,State-controlled,No Roadway Feature,No traffic control,100 - 110 km/h,Sealed - Dry,Clear,Darkness - Not lighted,Straight,Level,609,Pass & Misc: Hit Animal,Hit animal,E,0,1,0,0,1,0,1,0,0,0,0,0
336487,Medical treatment,2021,June,Monday,15,Head-on,Multi-Vehicle,150.2609549,-23.05692949,Bruce Hwy,,Bruce Highway (Rockhampton - St Lawrence),Canoona,Livingstone Shire,4702,Marlborough,Capricornia,Central,Central,Central Queensland,Rockhampton Region - North,Rockhampton,Central Queensland,Outer Regional,Mirani,Capricornia,State-controlled,No Roadway Feature,No traffic control,100 - 110 km/h,Sealed - Dry,Clear,Daylight,Curved - view open,Crest,201,Veh'S Opposite Approach: Head On,Head-on,N,0,0,4,1,5,1,0,1,0,0,0,0
337322,Medical treatment,2021,January,Saturday,9,Rear-end,Multi-Vehicle,153.2908062,-27.60890389,Boundary St,,,Redland Bay,Redland City,4165,Redland Bay,South Brisbane,Brisbane,SEQ South,Metropolitan,Redland Bay,Cleveland - Stradbroke,Brisbane - East,Major Cities,Redlands,Bowman,Locally-controlled,No Roadway Feature,No traffic control,60 km/h,Sealed - Dry,Clear,Daylight,Straight,Level,301,Veh'S Same Direction: Rear End,Rear-end,W,0,0,2,0,2,3,0,0,0,0,0,0
337323,Medical treatment,2021,January,Sunday,9,Angle,Multi-Vehicle,153.282718,-27.58989647,Cleveland - Redland Bay Rd,Magnolia Pde,Cleveland - Redland Bay Road,Victoria Point,Redland City,4165,Cleveland,South Brisbane,Brisbane,SEQ South,Metropolitan,Victoria Point,Cleveland - Stradbroke,Brisbane - East,Major Cities,Redlands,Bowman,State-controlled,Intersection - T-Junction,Give way sign,60 km/h,Sealed - Dry,Clear,Daylight,Straight,Level,104,Veh'S Adjacent Approach: Thru-Right,Intersection from adjacent approaches,S,0,0,1,0,1,1,0,0,0,1,0,0
337324,Medical treatment,2021,January,Wednesday,11,Angle,Multi-Vehicle,153.3055315,-27.63659932,Bankswood Dr,,,Redland Bay,Redland City,4165,Redland Bay,South Brisbane,Brisbane,SEQ South,Metropolitan,Redland Bay,Cleveland - Stradbroke,Brisbane - East,Major Cities,Redlands,Bowman,Locally-controlled,No Roadway Feature,No traffic control,0 - 50 km/h,Sealed - Dry,Clear,Daylight,Straight,Level,400,Veh'S Manoeuvring: Other,Other,,0,0,1,0,1,1,0,0,0,1,0,0
337325,Minor injury,2021,January,Thursday,17,Angle,Multi-Vehicle,153.282522,-27.57340047,Edina St,Rachow St,,Thornlands,Redland City,4164,Cleveland,South Brisbane,Brisbane,SEQ South,Metropolitan,Thornlands,Cleveland - Stradbroke,Brisbane - East,Major Cities,Redlands,Bowman,Locally-controlled,Intersection - T-Junction,No traffic control,0 - 50 km/h,Sealed - Dry,Clear,Daylight,Straight,Level,104,Veh'S Adjacent Approach: Thru-Right,Intersection from adjacent approaches,N,0,0,0,1,1,1,1,0,0,0,0,0
337326,Hospitalisation,2021,January,Thursday,17,Angle,Multi-Vehicle,153.305042,-27.63724647,Sapium Rd,Valencia Springs Dr,,Redland Bay,Redland City,4165,Redland Bay,South Brisbane,Brisbane,SEQ South,Metropolitan,Redland Bay,Cleveland - Stradbroke,Brisbane - East,Major Cities,Redlands,Bowman,Locally-controlled,Intersection - Roundabout,Give way sign,0 - 50 km/h,Sealed - Dry,Clear,Daylight,Straight,Dip,101,Veh'S Adjacent Approach: Thru-Thru,Intersection from adjacent approaches,S,0,1,0,0,1,1,0,0,0,1,0,0
337327,Hospitalisation,2021,January,Tuesday,11,Hit animal,Other,153.361333,-27.61975148,Florence St,High Central Rd,,Macleay Island,Redland City,4184,Macleay Island,South Brisbane,Brisbane,SEQ South,Metropolitan,Redland Islands,Cleveland - Stradbroke,Brisbane - East,Inner Regional,Redlands,Bowman,Locally-controlled,Intersection - T-Junction,No traffic control,60 km/h,Sealed - Dry,Clear,Daylight,Straight,Dip,609,Pass & Misc: Hit Animal,Hit animal,S,0,1,0,0,1,0,1,0,0,0,0,0
337328,Minor injury,2021,January,Thursday,8,Hit object,Single Vehicle,153.2882,-27.58317047,Colburn Av,Link Rd,Colburn Avenue,Victoria Point,Redland City,4165,Cleveland,South Brisbane,Brisbane,SEQ South,Metropolitan,Victoria Point,Cleveland - Stradbroke,Brisbane - East,Major Cities,Redlands,Bowman,State-controlled,Intersection - T-Junction,No traffic control,60 km/h,Sealed - Dry,Clear,Daylight,Curved - view open,Level,808,Off Path-Curve: Mounts Traffic Island,Off carriageway on curve hit object,E,0,0,0,1,1,1,0,0,0,0,0,0
337329,Minor injury,2021,January,Friday,17,Angle,Multi-Vehicle,153.255608,-27.52735847,Queen St,Wellington St,,Cleveland,Redland City,4163,Cleveland,South Brisbane,Brisbane,SEQ South,Metropolitan,Cleveland,Cleveland - Stradbroke,Brisbane - East,Major Cities,Oodgeroo,Bowman,Locally-controlled,Intersection - T-Junction,Give way sign,60 km/h,Sealed - Dry,Clear,Daylight,Straight,Grade,104,Veh'S Adjacent Approach: Thru-Right,Intersection from adjacent approaches,S,0,0,0,1,1,2,0,0,0,0,0,0
337330,Hospitalisation,2021,January,Saturday,14,Rear-end,Multi-Vehicle,153.292239,-27.59327147,Benfer Rd,Holly Rd,,Victoria Point,Redland City,4165,Cleveland,South Brisbane,Brisbane,SEQ South,Metropolitan,Victoria Point,Cleveland - Stradbroke,Brisbane - East,Major Cities,Redlands,Bowman,Locally-controlled,Intersection - T-Junction,No traffic control,0 - 50 km/h,Sealed - Dry,Clear,Daylight,Straight,Crest,303,Veh'S Same Direction: Right Rear,Rear-end,,0,2,1,0,3,3,0,0,0,0,0,0
337331,Medical treatment,2021,January,Saturday,16,Angle,Multi-Vehicle,153.269447,-27.52493447,Masthead Dr,Wynyard St,,Cleveland,Redland City,4163,Cleveland,South Brisbane,Brisbane,SEQ South,Metropolitan,Cleveland,Cleveland - Stradbroke,Brisbane - East,Major Cities,Oodgeroo,Bowman,Locally-controlled,Intersection - Roundabout,Give way sign,0 - 50 km/h,Sealed - Dry,Clear,Daylight,Straight,Level,107,Veh'S Adjacent Approach: Thru-Left,Intersection from adjacent approaches,W,0,0,3,0,3,2,0,0,0,0,0,0
337332,Medical treatment,2021,January,Wednesday,18,Rear-end,Multi-Vehicle,153.257878,-27.57081047,Boundary Rd,Springacre Rd,Redland Bay Road,Thornlands,Redland City,4164,Cleveland,South Brisbane,Brisbane,SEQ South,Metropolitan,Thornlands,Cleveland - Stradbroke,Brisbane - East,Major Cities,Redlands,Bowman,State-controlled,Intersection - T-Junction,Give way sign,60 km/h,Sealed - Dry,Clear,Daylight,Straight,Level,302,Veh'S Same Direction: Left Rear,Rear-end,N,0,0,1,0,1,1,1,0,0,0,0,0
337333,Hospitalisation,2021,February,Wednesday,10,Sideswipe,Multi-Vehicle,153.282011,-27.58506747,Cleveland - Redland Bay Rd,Colburn Av,Colburn Avenue,Victoria Point,Redland City,4165,Cleveland,South Brisbane,Brisbane,SEQ South,Metropolitan,Victoria Point,Cleveland - Stradbroke,Brisbane - East,Major Cities,Redlands,Bowman,State-controlled,Intersection - Cross,Operating traffic lights,60 km/h,Sealed - Dry,Clear,Daylight,Straight,Level,305,Veh'S Same Direction: Lane Side Swipe,Lane changes,W,0,1,0,0,1,1,0,0,0,1,0,0
337334,Medical treatment,2021,February,Thursday,7,Angle,Multi-Vehicle,153.269563,-27.52482347,Masthead Dr,Wynyard St,,Cleveland,Redland City,4163,Cleveland,South Brisbane,Brisbane,SEQ South,Metropolitan,Cleveland,Cleveland - Stradbroke,Brisbane - East,Major Cities,Oodgeroo,Bowman,Locally-controlled,Intersection - Roundabout,Give way sign,60 km/h,Sealed - Dry,Clear,Daylight,Straight,Level,204,Veh'S Opposite Approach: Right-Right,Opposing vehicles turning,E,0,0,1,0,1,1,0,0,0,1,0,0
337335,Minor injury,2021,February,Thursday,9,Hit pedestrian,Hit pedestrian,153.279369,-27.58867147,Bunker Rd,,,Victoria Point,Redland City,4165,Cleveland,South Brisbane,Brisbane,SEQ South,Metropolitan,Victoria Point,Cleveland - Stradbroke,Brisbane - East,Major Cities,Redlands,Bowman,Locally-controlled,No Roadway Feature,No traffic control,60 km/h,Sealed - Dry,Clear,Daylight,Straight,Level,1,Ped'N: Near Side Vehicle Hit From Right,Pedestrian,S,0,0,0,1,1,0,1,0,0,0,1,0
337336,Medical treatment,2021,February,Thursday,8,Rear-end,Multi-Vehicle,153.252241,-27.51183247,Delancey St,Sturgeon St,,Ormiston,Redland City,4160,Cleveland,South Brisbane,Brisbane,SEQ South,Metropolitan,Ormiston,Cleveland - Stradbroke,Brisbane - East,Major Cities,Oodgeroo,Bowman,Locally-controlled,Intersection - Roundabout,No traffic control,60 km/h,Sealed - Dry,Clear,Daylight,Straight,Level,301,Veh'S Same Direction: Rear End,Rear-end,W,0,0,1,0,1,2,0,0,0,0,0,0
337337,Medical treatment,2021,February,Saturday,21,Hit pedestrian,Hit pedestrian,153.2945831,-27.62908466,Kalmia Dr,,,Redland Bay,Redland City,4165,Redland Bay,South Brisbane,Brisbane,SEQ South,Metropolitan,Redland Bay,Cleveland - Stradbroke,Brisbane - East,Major Cities,Redlands,Bowman,Locally-controlled,No Roadway Feature,No traffic control,0 - 50 km/h,Sealed - Dry,Clear,Darkness - Not lighted,Straight,Level,2,Ped'N: Hit Emerging Behind Vehicle,Pedestrian,N,0,0,1,0,1,1,0,0,0,0,1,0
337338,Hospitalisation,2021,February,Thursday,8,Angle,Multi-Vehicle,153.271543,-27.57684947,Boundary Rd,Meadowland Rd,Redland Bay Road,Thornlands,Redland City,4164,Cleveland,South Brisbane,Brisbane,SEQ South,Metropolitan,Thornlands,Cleveland - Stradbroke,Brisbane - East,Major Cities,Redlands,Bowman,State-controlled,Intersection - T-Junction,Give way sign,80 - 90 km/h,Sealed - Dry,Clear,Daylight,Straight,Level,202,Veh'S Opposite Approach: Thru-Right,Opposing vehicles turning,E,0,2,0,0,2,2,0,0,0,0,0,0
337339,Hospitalisation,2021,February,Sunday,21,Hit pedestrian,Hit pedestrian,153.30655,-27.61803347,Salisbury St,Weinam St,,Redland Bay,Redland City,4165,Redland Bay,South Brisbane,Brisbane,SEQ South,Metropolitan,Redland Bay,Cleveland - Stradbroke,Brisbane - East,Major Cities,Redlands,Bowman,Locally-controlled,Intersection - T-Junction,No traffic control,60 km/h,Sealed - Dry,Clear,Daylight,Curved - view open,Grade,8,Ped'N: On Ftway Hit By Vehicle On Ftway,Pedestrian,E,0,1,0,1,2,0,0,0,0,1,1,0
337340,Minor injury,2021,February,Tuesday,15,Overturned,Single Vehicle,153.253055,-27.56164147,Panorama Dr,,,Thornlands,Redland City,4164,Cleveland,South Brisbane,Brisbane,SEQ South,Metropolitan,Thornlands,Cleveland - Stradbroke,Brisbane - East,Major Cities,Redlands,Bowman,Locally-controlled,No Roadway Feature,No traffic control,60 km/h,Sealed - Dry,Clear,Daylight,Straight,Level,802,Off Path-Curve: Off Cway Left Bend,Off carriageway on curve,N,0,0,0,1,1,1,0,0,0,0,0,0
337341,Hospitalisation,2021,February,Monday,6,Angle,Multi-Vehicle,153.255798,-27.52479147,Wellington St,,Capalaba - Cleveland Road,Cleveland,Redland City,4163,Cleveland,South Brisbane,Brisbane,SEQ South,Metropolitan,Cleveland,Cleveland - Stradbroke,Brisbane - East,Major Cities,Oodgeroo,Bowman,State-controlled,No Roadway Feature,No traffic control,60 km/h,Sealed - Dry,Clear,Daylight,Straight,Level,406,Veh'S Manoeuvring: Leaving Driveway,Vehicle leaving driveway,S,0,2,0,1,3,2,0,0,0,0,0,0
337342,Medical treatment,2021,February,Thursday,12,Fall from vehicle,Single Vehicle,153.266533,-27.52454047,Harbourview Ct,Shore St West,,Cleveland,Redland City,4163,Cleveland,South Brisbane,Brisbane,SEQ South,Metropolitan,Cleveland,Cleveland - Stradbroke,Brisbane - East,Major Cities,Oodgeroo,Bowman,Locally-controlled,Intersection - Roundabout,Give way sign,0 - 50 km/h,Sealed - Wet,Raining,Daylight,Straight,Level,705,Off Path-Straight:Out Of Control On Cway,Out of control on straight,E,0,0,1,0,1,0,1,0,0,0,0,0
337343,Hospitalisation,2021,March,Thursday,19,Angle,Multi-Vehicle,153.27974,-27.58023347,Boundary Rd,Cleveland - Redland Bay Rd,Cleveland - Redland Bay Road,Thornlands,Redland City,4164,Cleveland,South Brisbane,Brisbane,SEQ South,Metropolitan,Thornlands,Cleveland - Stradbroke,Brisbane - East,Major Cities,Redlands,Bowman,State-controlled,Intersection - Roundabout,Give way sign,60 km/h,Sealed - Dry,Clear,Darkness - Lighted,Straight,Level,202,Veh'S Opposite Approach: Thru-Right,Opposing vehicles turning,S,0,1,0,0,1,1,1,0,0,0,0,0
337344,Hospitalisation,2021,March,Friday,16,Rear-end,Multi-Vehicle,153.2505711,-27.52373134,Finucane Rd,,Capalaba - Cleveland Road,Ormiston,Redland City,4160,Cleveland,South Brisbane,Brisbane,SEQ South,Metropolitan,Ormiston,Cleveland - Stradbroke,Brisbane - East,Major Cities,Oodgeroo,Bowman,State-controlled,No Roadway Feature,No traffic control,60 km/h,Sealed - Dry,Clear,Daylight,Straight,Level,301,Veh'S Same Direction: Rear End,Rear-end,E,0,1,0,0,1,3,0,0,0,0,0,0
337345,Hospitalisation,2021,March,Tuesday,11,Hit parked vehicle,Single Vehicle,153.253516,-27.54163727,Weippin St,,,Cleveland,Redland City,4163,Cleveland,South Brisbane,Brisbane,SEQ South,Metropolitan,Cleveland,Cleveland - Stradbroke,Brisbane - East,Major Cities,Oodgeroo,Bowman,Locally-controlled,No Roadway Feature,No traffic control,0 - 50 km/h,Sealed - Dry,Clear,Daylight,Straight,Level,703,Off Path-Straight: Left Off Cway Hit Obj,Off carriageway on straight hit object,E,0,2,0,0,2,3,0,0,0,0,0,0
337346,Hospitalisation,2021,March,Wednesday,21,Hit parked vehicle,Single Vehicle,153.3629,-27.63527248,The Esplanade,,,Karragarra Island,Redland City,4184,Redland Bay,South Brisbane,Brisbane,SEQ South,Metropolitan,Redland Islands,Cleveland - Stradbroke,Brisbane - East,Outer Regional,Redlands,Bowman,Locally-controlled,No Roadway Feature,No traffic control,0 - 50 km/h,Sealed - Wet,Raining,Darkness - Lighted,Curved - view open,Level,804,Off Path-Curve: Off Cway Lt Bend Hit Obj,Off carriageway on curve hit object,S,0,1,0,0,1,2,0,0,0,0,0,0
337347,Medical treatment,2021,March,Thursday,8,Rear-end,Multi-Vehicle,153.238031,-27.56589847,Boundary Rd,,Redland Bay Road,Thornlands,Redland City,4164,Cleveland,South Brisbane,Brisbane,SEQ South,Metropolitan,Thornlands,Cleveland - Stradbroke,Brisbane - East,Major Cities,Redlands,Bowman,State-controlled,No Roadway Feature,No traffic control,60 km/h,Sealed - Wet,Raining,Daylight,Straight,Dip,301,Veh'S Same Direction: Rear End,Rear-end,W,0,0,1,0,1,4,0,0,0,0,0,0
337348,Minor injury,2021,March,Thursday,17,Angle,Multi-Vehicle,153.261137,-27.60201447,Double Jump Rd,Heinemann Rd,,Mount Cotton,Redland City,4165,Redland Bay,South Brisbane,Brisbane,SEQ South,Metropolitan,Sheldon - Mount Cotton,Cleveland - Stradbroke,Brisbane - East,Major Cities,Redlands,Bowman,Locally-controlled,Intersection - T-Junction,Give way sign,80 - 90 km/h,Sealed - Wet,Raining,Dawn/Dusk,Straight,Level,104,Veh'S Adjacent Approach: Thru-Right,Intersection from adjacent approaches,W,0,0,0,1,1,2,0,0,0,0,0,0
337349,Medical treatment,2021,March,Monday,8,Angle,Multi-Vehicle,153.263508,-27.54404147,Beach St,Waterloo St,,Cleveland,Redland City,4163,Cleveland,South Brisbane,Brisbane,SEQ South,Metropolitan,Cleveland,Cleveland - Stradbroke,Brisbane - East,Major Cities,Oodgeroo,Bowman,Locally-controlled,Intersection - T-Junction,Give way sign,0 - 50 km/h,Sealed - Wet,Raining,Dawn/Dusk,Straight,Dip,104,Veh'S Adjacent Approach: Thru-Right,Intersection from adjacent approaches,W,0,0,2,0,2,2,0,0,0,0,0,0
337350,Medical treatment,2021,March,Wednesday,7,Angle,Multi-Vehicle,153.265519,-27.54974647,Cleveland - Redland Bay Rd,,Cleveland - Redland Bay Road,Thornlands,Redland City,4164,Cleveland,South Brisbane,Brisbane,SEQ South,Metropolitan,Thornlands,Cleveland - Stradbroke,Brisbane - East,Major Cities,Oodgeroo,Bowman,State-controlled,No Roadway Feature,No traffic control,60 km/h,Sealed - Wet,Clear,Daylight,Straight,Level,408,Veh'S Manoeuvring: Entering From Footway,Vehicle leaving driveway,S,0,0,1,0,1,2,0,0,0,0,0,0
337351,Hospitalisation,2021,March,Monday,5,Rear-end,Multi-Vehicle,153.251449,-27.52378247,Delancey St,Finucane Rd,Capalaba - Cleveland Road,Ormiston,Redland City,4160,Cleveland,South Brisbane,Brisbane,SEQ South,Metropolitan,Cleveland,Cleveland - Stradbroke,Brisbane - East,Major Cities,Oodgeroo,Bowman,State-controlled,Intersection - T-Junction,No traffic control,60 km/h,Sealed - Dry,Clear,Dawn/Dusk,Straight,Level,302,Veh'S Same Direction: Left Rear,Rear-end,N,0,1,0,0,1,2,0,0,0,0,0,0
337352,Medical treatment,2021,March,Monday,7,Fall from vehicle,Single Vehicle,153.257179,-27.50429847,Eckersly St,Pryor St,,Ormiston,Redland City,4160,Cleveland,South Brisbane,Brisbane,SEQ South,Metropolitan,Ormiston,Cleveland - Stradbroke,Brisbane - East,Major Cities,Oodgeroo,Bowman,Locally-controlled,Intersection - Roundabout,Give way sign,0 - 50 km/h,Sealed - Dry,Clear,Daylight,Straight,Level,705,Off Path-Straight:Out Of Control On Cway,Out of control on straight,W,0,0,1,0,1,1,0,0,0,1,0,0
337353,Hospitalisation,2021,March,Tuesday,20,Angle,Multi-Vehicle,153.265519,-27.54817647,Bloomfield St,Cleveland - Redland Bay Rd,Cleveland - Redland Bay Road,Cleveland,Redland City,4163,Cleveland,South Brisbane,Brisbane,SEQ South,Metropolitan,Cleveland,Cleveland - Stradbroke,Brisbane - East,Major Cities,Oodgeroo,Bowman,State-controlled,Intersection - Cross,Operating traffic lights,60 km/h,Sealed - Dry,Clear,Darkness - Lighted,Straight,Crest,101,Veh'S Adjacent Approach: Thru-Thru,Intersection from adjacent approaches,N,0,2,0,0,2,2,0,0,0,0,0,0
337354,Hospitalisation,2021,April,Monday,14,Hit pedestrian,Hit pedestrian,153.3627195,-27.62992903,High Central Rd,,,Macleay Island,Redland City,4184,Macleay Island,South Brisbane,Brisbane,SEQ South,Metropolitan,Redland Islands,Cleveland - Stradbroke,Brisbane - East,Inner Regional,Redlands,Bowman,Locally-controlled,No Roadway Feature,No traffic control,60 km/h,Sealed - Dry,Clear,Daylight,Straight,Level,0,Ped'N: Hit Other,Other,S,0,1,0,0,1,1,0,0,0,0,1,0
337355,Hospitalisation,2021,April,Tuesday,1,Hit object,Single Vehicle,153.269869,-27.56347947,Cleveland - Redland Bay Rd,Colthouse Dr,Cleveland - Redland Bay Road,Thornlands,Redland City,4164,Cleveland,South Brisbane,Brisbane,SEQ South,Metropolitan,Thornlands,Cleveland - Stradbroke,Brisbane - East,Major Cities,Redlands,Bowman,State-controlled,Intersection - Cross,Operating traffic lights,70 km/h,Sealed - Dry,Clear,Darkness - Lighted,Straight,Grade,703,Off Path-Straight: Left Off Cway Hit Obj,Off carriageway on straight hit object,N,0,1,0,0,1,1,0,0,0,0,0,0
337356,Medical treatment,2021,April,Tuesday,17,Sideswipe,Multi-Vehicle,153.282908,-27.59032447,Cleveland - Redland Bay Rd,,Cleveland - Redland Bay Road,Victoria Point,Redland City,4165,Cleveland,South Brisbane,Brisbane,SEQ South,Metropolitan,Victoria Point,Cleveland - Stradbroke,Brisbane - East,Major Cities,Redlands,Bowman,State-controlled,No Roadway Feature,No traffic control,60 km/h,Sealed - Dry,Clear,Darkness - Lighted,Straight,Crest,201,Veh'S Opposite Approach: Head On,Head-on,W,0,0,1,0,1,2,0,0,0,0,0,0
337357,Minor injury,2021,April,Tuesday,17,Rear-end,Multi-Vehicle,153.234875,-27.56498147,Duncan Rd,Redland Bay Rd,Capalaba - Victoria Point Road,Alexandra Hills,Redland City,4161,Cleveland,South Brisbane,Brisbane,SEQ South,Metropolitan,Alexandra Hills,Capalaba,Brisbane - East,Major Cities,Capalaba,Bowman,State-controlled,Intersection - Roundabout,Give way sign,60 km/h,Sealed - Dry,Clear,Darkness - Lighted,Curved - view open,Grade,302,Veh'S Same Direction: Left Rear,Rear-end,E,0,0,0,1,1,1,1,0,0,0,0,0
337358,Medical treatment,2021,April,Friday,12,Angle,Multi-Vehicle,153.288885,-27.61609647,Cleveland - Redland Bay Rd,Giles Rd,Cleveland - Redland Bay Road,Redland Bay,Redland City,4165,Redland Bay,South Brisbane,Brisbane,SEQ South,Metropolitan,Redland Bay,Cleveland - Stradbroke,Brisbane - East,Major Cities,Redlands,Bowman,State-controlled,Intersection - Cross,Operating traffic lights,70 km/h,Sealed - Wet,Clear,Daylight,Straight,Level,107,Veh'S Adjacent Approach: Thru-Left,Intersection from adjacent approaches,S,0,0,1,0,1,2,0,0,0,0,0,0
337359,Hospitalisation,2021,May,Saturday,10,Angle,Multi-Vehicle,153.266645,-27.53213747,Bloomfield St,Ross Ct,Cleveland - Redland Bay Road,Cleveland,Redland City,4163,Cleveland,South Brisbane,Brisbane,SEQ South,Metropolitan,Cleveland,Cleveland - Stradbroke,Brisbane - East,Major Cities,Oodgeroo,Bowman,State-controlled,Intersection - T-Junction,Give way sign,60 km/h,Sealed - Dry,Clear,Daylight,Straight,Grade,104,Veh'S Adjacent Approach: Thru-Right,Intersection from adjacent approaches,N,0,1,0,0,1,2,0,0,0,0,0,0