Crash_Severity,Crash_Year,Crash_Month,Crash_Day_Of_Week,Crash_Hour,Crash_Nature,Crash_Type,Crash_Longitude,Crash_Latitude,Crash_Street,Crash_Street_Intersecting,State_Road_Name,Loc_Suburb,Loc_Local_Government_Area,Loc_Post_Code,Loc_Police_Division,Loc_Police_District,Loc_Police_Region,Loc_Queensland_Transport_Region,Loc_Main_Roads_Region,Loc_ABS_Statistical_Area_2,Loc_ABS_Statistical_Area_3,Loc_ABS_Statistical_Area_4,Loc_ABS_Remoteness,Loc_State_Electorate,Loc_Federal_Electorate,Crash_Controlling_Authority,Crash_Roadway_Feature,Crash_Traffic_Control,Crash_Speed_Limit,Crash_Road_Surface_Condition,Crash_Atmospheric_Condition,Crash_Lighting_Condition,Crash_Road_Horiz_Align,Crash_Road_Vert_Align,Crash_DCA_Code,Crash_DCA_Description,Crash_DCA_Group_Description,DCA_Key_Approach_Dir,Count_Casualty_Fatality,Count_Casualty_Hospitalised,Count_Casualty_MedicallyTreated,Count_Casualty_MinorInjury,Count_Casualty_Total,Count_Unit_Car,Count_Unit_Motorcycle_Moped,Count_Unit_Truck,Count_Unit_Bus,Count_Unit_Bicycle,Count_Unit_Pedestrian,Count_Unit_Other,
337360,Medical treatment,2021,May,Monday,17,Hit object,Single Vehicle,153.372377,-27.65859148,Plantation St,,,Russell Island,Redland City,4184,Russell Island,South Brisbane,Brisbane,SEQ South,Metropolitan,Redland Islands,Cleveland - Stradbroke,Brisbane - East,Outer Regional,Redlands,Bowman,Locally-controlled,No Roadway Feature,No traffic control,0 - 50 km/h,Unsealed - Dry,Clear,Daylight,Straight,Level,703,Off Path-Straight: Left Off Cway Hit Obj,Off carriageway on straight hit object,S,0,0,1,0,1,1,0,0,0,0,0,0
337361,Medical treatment,2021,May,Thursday,18,Angle,Multi-Vehicle,153.25814,-27.52424647,Gordon St,Shore St West,Capalaba - Cleveland Road,Cleveland,Redland City,4163,Cleveland,South Brisbane,Brisbane,SEQ South,Metropolitan,Cleveland,Cleveland - Stradbroke,Brisbane - East,Major Cities,Oodgeroo,Bowman,State-controlled,Intersection - T-Junction,No traffic control,60 km/h,Sealed - Dry,Clear,Darkness - Lighted,Straight,Level,202,Veh'S Opposite Approach: Thru-Right,Opposing vehicles turning,W,0,0,1,1,2,2,0,0,0,0,0,0
337362,Minor injury,2021,May,Friday,13,Angle,Multi-Vehicle,153.297663,-27.59012847,Benfer Rd,Link Rd,,Victoria Point,Redland City,4165,Cleveland,South Brisbane,Brisbane,SEQ South,Metropolitan,Victoria Point,Cleveland - Stradbroke,Brisbane - East,Major Cities,Redlands,Bowman,Locally-controlled,Intersection - T-Junction,No traffic control,60 km/h,Sealed - Dry,Clear,Daylight,Curved - view open,Level,408,Veh'S Manoeuvring: Entering From Footway,Vehicle leaving driveway,E,0,0,0,1,1,1,0,0,0,1,0,0
337363,Hospitalisation,2021,May,Monday,20,Angle,Multi-Vehicle,153.298766,-27.68120347,Lagoon View Rd,Serpentine Creek Rd,Beenleigh - Redland Bay Road,Redland Bay,Redland City,4165,Redland Bay,South Brisbane,Brisbane,SEQ South,Metropolitan,Redland Bay,Cleveland - Stradbroke,Brisbane - East,Inner Regional,Redlands,Bowman,State-controlled,Intersection - T-Junction,No traffic control,80 - 90 km/h,Sealed - Dry,Clear,Darkness - Not lighted,Curved - view open,Level,201,Veh'S Opposite Approach: Head On,Head-on,N,0,1,0,1,2,2,0,0,0,0,0,0
337364,Hospitalisation,2021,May,Thursday,21,Rear-end,Multi-Vehicle,153.2880327,-27.6205463,Cleveland - Redland Bay Rd,,Cleveland - Redland Bay Road,Redland Bay,Redland City,4165,Redland Bay,South Brisbane,Brisbane,SEQ South,Metropolitan,Redland Bay,Cleveland - Stradbroke,Brisbane - East,Major Cities,Redlands,Bowman,State-controlled,No Roadway Feature,Operating traffic lights,60 km/h,Sealed - Dry,Clear,Darkness - Lighted,Straight,Crest,301,Veh'S Same Direction: Rear End,Rear-end,N,0,1,0,0,1,2,0,0,0,0,0,0
337365,Hospitalisation,2021,June,Monday,18,Angle,Multi-Vehicle,153.288425,-27.62528247,German Church Rd,School Of Arts Rd,Cleveland - Redland Bay Road,Redland Bay,Redland City,4165,Redland Bay,South Brisbane,Brisbane,SEQ South,Metropolitan,Redland Bay,Cleveland - Stradbroke,Brisbane - East,Major Cities,Redlands,Bowman,State-controlled,Intersection - T-Junction,Give way sign,60 km/h,Sealed - Dry,Clear,Darkness - Lighted,Curved - view open,Level,104,Veh'S Adjacent Approach: Thru-Right,Intersection from adjacent approaches,E,0,1,0,0,1,2,0,0,0,0,0,0
337366,Hospitalisation,2021,June,Wednesday,6,Hit object,Single Vehicle,153.289102,-27.60777147,Gordon Rd,,Cleveland - Redland Bay Road,Redland Bay,Redland City,4165,Redland Bay,South Brisbane,Brisbane,SEQ South,Metropolitan,Redland Bay,Cleveland - Stradbroke,Brisbane - East,Major Cities,Redlands,Bowman,State-controlled,No Roadway Feature,No traffic control,70 km/h,Sealed - Dry,Clear,Daylight,Curved - view open,Grade,804,Off Path-Curve: Off Cway Lt Bend Hit Obj,Off carriageway on curve hit object,N,0,1,0,0,1,1,0,0,0,0,0,0
337367,Hospitalisation,2021,June,Monday,14,Angle,Multi-Vehicle,153.278605,-27.53488447,Passage St,Princess St,,Cleveland,Redland City,4163,Cleveland,South Brisbane,Brisbane,SEQ South,Metropolitan,Cleveland,Cleveland - Stradbroke,Brisbane - East,Major Cities,Oodgeroo,Bowman,Locally-controlled,Intersection - Cross,Give way sign,60 km/h,Sealed - Dry,Clear,Daylight,Straight,Level,101,Veh'S Adjacent Approach: Thru-Thru,Intersection from adjacent approaches,S,0,1,0,1,2,2,0,0,0,0,0,0
337368,Hospitalisation,2021,June,Friday,11,Angle,Multi-Vehicle,153.267816,-27.52801147,Queen St,Waters St,,Cleveland,Redland City,4163,Cleveland,South Brisbane,Brisbane,SEQ South,Metropolitan,Cleveland,Cleveland - Stradbroke,Brisbane - East,Major Cities,Oodgeroo,Bowman,Locally-controlled,No Roadway Feature,No traffic control,0 - 50 km/h,Sealed - Dry,Clear,Daylight,Straight,Level,202,Veh'S Opposite Approach: Thru-Right,Opposing vehicles turning,W,0,1,0,0,1,1,1,0,0,0,0,0
337369,Medical treatment,2021,June,Thursday,5,Angle,Multi-Vehicle,153.30753,-27.63796247,Torbay St,Torquay Rd,,Redland Bay,Redland City,4165,Redland Bay,South Brisbane,Brisbane,SEQ South,Metropolitan,Redland Bay,Cleveland - Stradbroke,Brisbane - East,Major Cities,Redlands,Bowman,Locally-controlled,Intersection - Roundabout,Give way sign,0 - 50 km/h,Sealed - Wet,Raining,Darkness - Lighted,Straight,Level,104,Veh'S Adjacent Approach: Thru-Right,Intersection from adjacent approaches,E,0,0,1,0,1,1,0,0,0,1,0,0
337429,Hospitalisation,2021,January,Thursday,16,Angle,Multi-Vehicle,151.9114181,-27.71768634,New England Hwy,Ramsay Rd,Cambooya Connection Road,Cambooya,Toowoomba Region,4358,Cambooya,Darling Downs,Southern,Southern,Southern Queensland,Cambooya - Wyreema,Toowoomba,Toowoomba,Inner Regional,Condamine,Groom,State-controlled,Intersection - T-Junction,No traffic control,100 - 110 km/h,Sealed - Dry,Clear,Daylight,Straight,Level,202,Veh'S Opposite Approach: Thru-Right,Opposing vehicles turning,W,0,2,0,0,2,2,0,0,0,0,0,0
337430,Hospitalisation,2021,February,Tuesday,3,Hit object,Single Vehicle,151.9067871,-27.68051534,New England Hwy,,New England Highway (Toowoomba - Warwick),Vale View,Toowoomba Region,4352,Cambooya,Darling Downs,Southern,Southern,Southern Queensland,Cambooya - Wyreema,Toowoomba,Toowoomba,Inner Regional,Condamine,Groom,State-controlled,No Roadway Feature,No traffic control,80 - 90 km/h,Sealed - Dry,Clear,Darkness - Lighted,Curved - view open,Level,805,Off Path-Curve: Out Of Control On Cway,Out of control on curve,S,0,1,0,0,1,1,0,0,0,0,0,0
337431,Minor injury,2021,March,Monday,17,Angle,Multi-Vehicle,151.8641171,-27.71200833,Cambooya Connection Rd,Lucy St,Cambooya Connection Road,Cambooya,Toowoomba Region,4358,Cambooya,Darling Downs,Southern,Southern,Southern Queensland,Cambooya - Wyreema,Toowoomba,Toowoomba,Inner Regional,Condamine,Groom,State-controlled,Intersection - Cross,Give way sign,0 - 50 km/h,Sealed - Dry,Clear,Dawn/Dusk,Straight,Level,101,Veh'S Adjacent Approach: Thru-Thru,Intersection from adjacent approaches,S,0,0,0,2,2,2,0,0,0,0,0,0
337432,Minor injury,2021,May,Monday,15,Angle,Multi-Vehicle,151.9056621,-27.68202034,Drayton Connection Rd,New England Hwy,New England Highway (Toowoomba - Warwick),Cambooya,Toowoomba Region,4358,Cambooya,Darling Downs,Southern,Southern,Southern Queensland,Cambooya - Wyreema,Toowoomba,Toowoomba,Inner Regional,Condamine,Groom,State-controlled,Intersection - T-Junction,Give way sign,80 - 90 km/h,Sealed - Dry,Clear,Daylight,Straight,Level,104,Veh'S Adjacent Approach: Thru-Right,Intersection from adjacent approaches,S,0,0,0,3,3,2,0,0,0,0,0,0
337433,Hospitalisation,2021,May,Friday,6,Hit object,Single Vehicle,151.9184971,-27.67456534,New England Hwy,,New England Highway (Toowoomba - Warwick),Vale View,Toowoomba Region,4352,Cambooya,Darling Downs,Southern,Southern,Southern Queensland,Cambooya - Wyreema,Toowoomba,Toowoomba,Inner Regional,Condamine,Groom,State-controlled,No Roadway Feature,No traffic control,80 - 90 km/h,Sealed - Dry,Fog,Dawn/Dusk,Straight,Grade,703,Off Path-Straight: Left Off Cway Hit Obj,Off carriageway on straight hit object,N,0,1,0,0,1,1,0,0,0,0,0,0
337434,Medical treatment,2021,June,Saturday,15,Hit object,Single Vehicle,151.9442091,-27.64274634,Geddes Rd,,,Top Camp,Toowoomba Region,4350,Drayton,Darling Downs,Southern,Southern,Southern Queensland,Cambooya - Wyreema,Toowoomba,Toowoomba,Inner Regional,Condamine,Groom,Locally-controlled,No Roadway Feature,No traffic control,0 - 50 km/h,Sealed - Dry,Clear,Daylight,Curved - view obscured,Grade,804,Off Path-Curve: Off Cway Lt Bend Hit Obj,Off carriageway on curve hit object,S,0,0,1,0,1,1,0,0,0,0,0,0
337548,Minor injury,2021,January,Tuesday,20,Angle,Multi-Vehicle,153.050828,-27.58262745,Beenleigh Rd,Stones Rd,,Sunnybank,Brisbane City,4109,Upper Mount Gravatt,South Brisbane,Brisbane,SEQ South,Metropolitan,Sunnybank,Sunnybank,Brisbane - South,Major Cities,Toohey,Moreton,Locally-controlled,Intersection - Cross,Operating traffic lights,60 km/h,Sealed - Wet,Raining,Darkness - Lighted,Straight,Level,202,Veh'S Opposite Approach: Thru-Right,Opposing vehicles turning,E,0,0,0,1,1,2,0,0,0,0,0,0
337549,Medical treatment,2021,January,Thursday,6,Rear-end,Multi-Vehicle,153.020049,-27.55846245,Granard Rd,,Griffith Arterial Road,Archerfield,Brisbane City,4108,Moorooka,South Brisbane,Brisbane,SEQ South,Metropolitan,Rocklea - Acacia Ridge,Rocklea - Acacia Ridge,Brisbane - South,Major Cities,Toohey,Moreton,State-controlled,Intersection - T-Junction,No traffic control,60 km/h,Sealed - Dry,Clear,Daylight,Curved - view open,Level,302,Veh'S Same Direction: Left Rear,Rear-end,W,0,0,1,0,1,2,0,0,0,0,0,0
337550,Hospitalisation,2021,January,Sunday,19,Angle,Multi-Vehicle,153.05727,-27.58595045,Beenleigh Rd,Wynne St,,Sunnybank,Brisbane City,4109,Upper Mount Gravatt,South Brisbane,Brisbane,SEQ South,Metropolitan,Sunnybank,Sunnybank,Brisbane - South,Major Cities,Toohey,Moreton,Locally-controlled,Intersection - Cross,Operating traffic lights,60 km/h,Sealed - Dry,Clear,Darkness - Lighted,Straight,Dip,101,Veh'S Adjacent Approach: Thru-Thru,Intersection from adjacent approaches,S,0,1,0,0,1,1,0,0,0,1,0,0
337551,Medical treatment,2021,January,Wednesday,13,Rear-end,Multi-Vehicle,153.015322,-27.56640444,Beatty Rd,,,Archerfield,Brisbane City,4108,Moorooka,South Brisbane,Brisbane,SEQ South,Metropolitan,Rocklea - Acacia Ridge,Rocklea - Acacia Ridge,Brisbane - South,Major Cities,Algester,Moreton,Locally-controlled,No Roadway Feature,No traffic control,60 km/h,Sealed - Dry,Clear,Daylight,Straight,Level,301,Veh'S Same Direction: Rear End,Rear-end,S,0,0,1,0,1,2,0,0,0,0,0,0
337552,Minor injury,2021,January,Wednesday,17,Angle,Multi-Vehicle,153.060758,-27.58770845,Beenleigh Rd,Mains Rd,,Sunnybank,Brisbane City,4109,Upper Mount Gravatt,South Brisbane,Brisbane,SEQ South,Metropolitan,Sunnybank,Sunnybank,Brisbane - South,Major Cities,Toohey,Moreton,Locally-controlled,Intersection - Cross,No traffic control,60 km/h,Sealed - Dry,Clear,Daylight,Straight,Level,107,Veh'S Adjacent Approach: Thru-Left,Intersection from adjacent approaches,E,0,0,0,1,1,2,0,0,0,0,0,0
337553,Minor injury,2021,January,Thursday,19,Rear-end,Multi-Vehicle,153.054384,-27.61135845,Calam Rd,Compton Rd,,Sunnybank Hills,Brisbane City,4109,Calamvale,South Brisbane,Brisbane,SEQ South,Metropolitan,Sunnybank Hills,Sunnybank,Brisbane - South,Major Cities,Stretton,Moreton,Locally-controlled,Intersection - T-Junction,No traffic control,0 - 50 km/h,Sealed - Dry,Clear,Darkness - Lighted,Curved - view open,Crest,302,Veh'S Same Direction: Left Rear,Rear-end,E,0,0,0,1,1,2,0,0,0,0,0,0
337554,Medical treatment,2021,January,Tuesday,18,Hit pedestrian,Hit pedestrian,153.057181,-27.58587845,Beenleigh Rd,Wynne St,,Sunnybank,Brisbane City,4109,Upper Mount Gravatt,South Brisbane,Brisbane,SEQ South,Metropolitan,Sunnybank,Sunnybank,Brisbane - South,Major Cities,Toohey,Moreton,Locally-controlled,Intersection - Cross,Operating traffic lights,70 km/h,Sealed - Dry,Clear,Daylight,Straight,Level,1,Ped'N: Near Side Vehicle Hit From Right,Pedestrian,S,0,0,1,0,1,1,0,0,0,0,1,0
337555,Hospitalisation,2021,January,Wednesday,3,Sideswipe,Multi-Vehicle,153.02818,-27.59004645,Beaudesert Rd,,Mount Lindesay Arterial Road,Acacia Ridge,Brisbane City,4110,Acacia Ridge,South Brisbane,Brisbane,SEQ South,Metropolitan,Rocklea - Acacia Ridge,Rocklea - Acacia Ridge,Brisbane - South,Major Cities,Algester,Moreton,State-controlled,Bridge/Causeway,No traffic control,60 km/h,Sealed - Dry,Clear,Darkness - Lighted,Straight,Level,307,Veh'S Same Direction: Lane Change Left,Lane changes,W,0,1,0,0,1,1,1,0,0,0,0,0
337556,Medical treatment,2021,January,Wednesday,11,Angle,Multi-Vehicle,153.019634,-27.58771045,Watson Rd,,,Acacia Ridge,Brisbane City,4110,Acacia Ridge,South Brisbane,Brisbane,SEQ South,Metropolitan,Rocklea - Acacia Ridge,Rocklea - Acacia Ridge,Brisbane - South,Major Cities,Algester,Moreton,Locally-controlled,No Roadway Feature,No traffic control,60 km/h,Sealed - Dry,Clear,Daylight,Straight,Grade,309,Veh'S Same Direction: Left Turn S/Swipe,Parallel lanes turning,N,0,0,1,1,2,2,0,0,0,0,0,0
337631,Hospitalisation,2021,January,Friday,3,Hit object,Single Vehicle,153.026949,-27.45125845,Inner City Bypass,,,Herston,Brisbane City,4006,Brisbane City,North Brisbane,Brisbane,SEQ North,Metropolitan,Kelvin Grove - Herston,Brisbane Inner - North,Brisbane Inner City,Major Cities,Mcconnel,Brisbane,Locally-controlled,No Roadway Feature,No traffic control,70 km/h,Sealed - Dry,Clear,Darkness - Lighted,Straight,Level,704,Off Path-Straight:Right Off Cway Hit Obj,Off carriageway on straight hit object,N,0,1,0,0,1,1,0,0,0,0,0,0
337632,Hospitalisation,2021,January,Wednesday,8,Angle,Multi-Vehicle,153.035329,-27.44987245,Brookes St,Gregory Tce,,Bowen Hills,Brisbane City,4006,Fortitude Valley,North Brisbane,Brisbane,SEQ North,Metropolitan,Newstead - Bowen Hills,Brisbane Inner - North,Brisbane Inner City,Major Cities,Mcconnel,Brisbane,Locally-controlled,Intersection - T-Junction,Operating traffic lights,60 km/h,Sealed - Dry,Clear,Daylight,Straight,Level,202,Veh'S Opposite Approach: Thru-Right,Opposing vehicles turning,S,0,1,0,0,1,1,0,1,0,0,0,0
337633,Hospitalisation,2021,January,Thursday,20,Sideswipe,Multi-Vehicle,153.032254,-27.45535345,Amelia St,St Pauls Tce,,Fortitude Valley,Brisbane City,4006,Fortitude Valley,North Brisbane,Brisbane,SEQ North,Metropolitan,Fortitude Valley,Brisbane Inner,Brisbane Inner City,Major Cities,Mcconnel,Brisbane,Locally-controlled,Intersection - T-Junction,Operating traffic lights,60 km/h,Sealed - Dry,Clear,Darkness - Lighted,Straight,Level,306,Veh'S Same Direction: Lane Change Right,Lane changes,N,0,1,0,0,1,1,1,0,0,0,0,0
337634,Medical treatment,2021,January,Friday,14,Sideswipe,Multi-Vehicle,153.042045,-27.45523245,Chester St,Doggett St,,Teneriffe,Brisbane City,4005,Fortitude Valley,North Brisbane,Brisbane,SEQ North,Metropolitan,Newstead - Bowen Hills,Brisbane Inner - North,Brisbane Inner City,Major Cities,Mcconnel,Brisbane,Locally-controlled,Intersection - Cross,Stop sign,0 - 50 km/h,Sealed - Dry,Clear,Daylight,Straight,Level,101,Veh'S Adjacent Approach: Thru-Thru,Intersection from adjacent approaches,E,0,0,2,0,2,2,0,0,0,0,0,0
337635,Medical treatment,2021,January,Saturday,20,Rear-end,Multi-Vehicle,153.029664,-27.44558645,Bowen Bridge Rd,,,Herston,Brisbane City,4006,Fortitude Valley,North Brisbane,Brisbane,SEQ North,Metropolitan,Kelvin Grove - Herston,Brisbane Inner - North,Brisbane Inner City,Major Cities,Mcconnel,Brisbane,Locally-controlled,No Roadway Feature,No traffic control,60 km/h,Sealed - Wet,Raining,Darkness - Lighted,Straight,Level,301,Veh'S Same Direction: Rear End,Rear-end,N,0,0,1,0,1,2,0,0,0,0,0,0
337636,Medical treatment,2021,January,Friday,8,Rear-end,Multi-Vehicle,153.048202,-27.45493145,Florence St,,,Teneriffe,Brisbane City,4005,Fortitude Valley,North Brisbane,Brisbane,SEQ North,Metropolitan,Newstead - Bowen Hills,Brisbane Inner - North,Brisbane Inner City,Major Cities,Mcconnel,Brisbane,Locally-controlled,No Roadway Feature,No traffic control,0 - 50 km/h,Sealed - Dry,Clear,Daylight,Straight,Level,302,Veh'S Same Direction: Left Rear,Rear-end,W,0,0,1,0,1,1,0,0,0,1,0,0
337637,Minor injury,2021,January,Friday,8,Angle,Multi-Vehicle,153.040932,-27.43442345,Burrows St,Taylor St,,Bowen Hills,Brisbane City,4006,Fortitude Valley,North Brisbane,Brisbane,SEQ North,Metropolitan,Newstead - Bowen Hills,Brisbane Inner - North,Brisbane Inner City,Major Cities,Mcconnel,Brisbane,Locally-controlled,Intersection - T-Junction,Give way sign,60 km/h,Sealed - Dry,Clear,Daylight,Straight,Level,104,Veh'S Adjacent Approach: Thru-Right,Intersection from adjacent approaches,S,0,0,0,1,1,2,0,0,0,0,0,0
337638,Hospitalisation,2021,January,Sunday,1,Hit pedestrian,Hit pedestrian,153.036708,-27.45806745,Mclachlan St,Winn St,,Fortitude Valley,Brisbane City,4006,Fortitude Valley,North Brisbane,Brisbane,SEQ North,Metropolitan,Fortitude Valley,Brisbane Inner,Brisbane Inner City,Major Cities,Mcconnel,Brisbane,Locally-controlled,No Roadway Feature,No traffic control,60 km/h,Sealed - Dry,Clear,Darkness - Lighted,Straight,Level,1,Ped'N: Near Side Vehicle Hit From Right,Pedestrian,N,0,1,0,0,1,1,0,0,0,0,1,0
337639,Hospitalisation,2021,January,Sunday,9,Angle,Multi-Vehicle,153.02558,-27.44509644,Butterfield St,,,Herston,Brisbane City,4006,Fortitude Valley,North Brisbane,Brisbane,SEQ North,Metropolitan,Kelvin Grove - Herston,Brisbane Inner - North,Brisbane Inner City,Major Cities,Mcconnel,Brisbane,Locally-controlled,No Roadway Feature,No traffic control,0 - 50 km/h,Sealed - Dry,Clear,Daylight,Straight,Level,402,Veh'S Manoeuvring: Parking,Hit parked vehicle,E,0,1,0,0,1,1,0,0,0,1,0,0
337640,Hospitalisation,2021,January,Monday,16,Rear-end,Multi-Vehicle,153.035884,-27.44518145,Inner City Bypass,,,Bowen Hills,Brisbane City,4006,Fortitude Valley,North Brisbane,Brisbane,SEQ North,Metropolitan,Newstead - Bowen Hills,Brisbane Inner - North,Brisbane Inner City,Major Cities,Mcconnel,Brisbane,Locally-controlled,No Roadway Feature,No traffic control,60 km/h,Sealed - Dry,Clear,Daylight,Curved - view open,Level,301,Veh'S Same Direction: Rear End,Rear-end,S,0,2,0,0,2,2,0,0,0,0,0,0
337641,Medical treatment,2021,January,Wednesday,9,Rear-end,Multi-Vehicle,153.031287,-27.45777845,Barry Pde,Gipps St,,Fortitude Valley,Brisbane City,4006,Fortitude Valley,North Brisbane,Brisbane,SEQ North,Metropolitan,Fortitude Valley,Brisbane Inner,Brisbane Inner City,Major Cities,Mcconnel,Brisbane,Locally-controlled,Intersection - T-Junction,No traffic control,0 - 50 km/h,Sealed - Dry,Clear,Daylight,Curved - view open,Level,302,Veh'S Same Direction: Left Rear,Rear-end,N,0,0,1,0,1,2,0,0,0,0,0,0
337642,Hospitalisation,2021,January,Thursday,18,Angle,Multi-Vehicle,153.050247,-27.46277645,Macquarie St,Merthyr Rd,,Teneriffe,Brisbane City,4005,Fortitude Valley,North Brisbane,Brisbane,SEQ North,Metropolitan,Newstead - Bowen Hills,Brisbane Inner - North,Brisbane Inner City,Major Cities,Mcconnel,Brisbane,Locally-controlled,No Roadway Feature,No traffic control,0 - 50 km/h,Sealed - Dry,Clear,Dawn/Dusk,Curved - view obscured,Level,401,Veh'S Manoeuvring: Leaving Parking,Vehicle leaving driveway,N,0,1,1,0,2,2,0,0,0,0,0,0
337643,Minor injury,2021,January,Thursday,17,Rear-end,Multi-Vehicle,153.0242118,-27.44940098,Herston Rd,,,Herston,Brisbane City,4006,Fortitude Valley,North Brisbane,Brisbane,SEQ North,Metropolitan,Kelvin Grove - Herston,Brisbane Inner - North,Brisbane Inner City,Major Cities,Mcconnel,Brisbane,Locally-controlled,No Roadway Feature,No traffic control,60 km/h,Sealed - Dry,Clear,Dawn/Dusk,Curved - view open,Level,303,Veh'S Same Direction: Right Rear,Rear-end,W,0,0,0,1,1,1,1,0,0,0,0,0
337644,Medical treatment,2021,January,Friday,18,Angle,Multi-Vehicle,153.04033,-27.45705045,Doggett St,James St,,Fortitude Valley,Brisbane City,4006,Fortitude Valley,North Brisbane,Brisbane,SEQ North,Metropolitan,Fortitude Valley,Brisbane Inner,Brisbane Inner City,Major Cities,Mcconnel,Brisbane,Locally-controlled,Intersection - Cross,Stop sign,60 km/h,Sealed - Dry,Clear,Dawn/Dusk,Straight,Level,101,Veh'S Adjacent Approach: Thru-Thru,Intersection from adjacent approaches,S,0,0,1,0,1,1,0,0,0,1,0,0
337645,Hospitalisation,2021,January,Saturday,6,Hit object,Single Vehicle,153.053306,-27.46690245,Hollins Cr,,,New Farm,Brisbane City,4005,Fortitude Valley,North Brisbane,Brisbane,SEQ North,Metropolitan,New Farm,Brisbane Inner,Brisbane Inner City,Major Cities,Mcconnel,Brisbane,Locally-controlled,No Roadway Feature,No traffic control,0 - 50 km/h,Sealed - Dry,Clear,Daylight,Curved - view open,Level,601,Veh'S On Path: Parked,Hit parked vehicle,S,0,2,0,0,2,2,0,0,0,0,0,0
337646,Hospitalisation,2021,January,Sunday,18,Hit object,Single Vehicle,153.03762,-27.44770245,Abbotsford Rd,Campbell St,,Bowen Hills,Brisbane City,4006,Fortitude Valley,North Brisbane,Brisbane,SEQ North,Metropolitan,Newstead - Bowen Hills,Brisbane Inner - North,Brisbane Inner City,Major Cities,Mcconnel,Brisbane,Locally-controlled,Intersection - Cross,Operating traffic lights,60 km/h,Sealed - Dry,Clear,Dawn/Dusk,Curved - view open,Level,106,Veh'S Adjacent Approach: Left-Right,Intersection from adjacent approaches,S,0,2,1,0,3,2,0,0,0,0,0,0
337647,Hospitalisation,2021,February,Thursday,17,Angle,Multi-Vehicle,153.032816,-27.45478745,Baxter St,St Pauls Tce,,Fortitude Valley,Brisbane City,4006,Fortitude Valley,North Brisbane,Brisbane,SEQ North,Metropolitan,Fortitude Valley,Brisbane Inner,Brisbane Inner City,Major Cities,Mcconnel,Brisbane,Locally-controlled,Intersection - T-Junction,No traffic control,60 km/h,Sealed - Dry,Clear,Daylight,Straight,Level,3,Ped'N: Far Side Vehicle Hit From Left,Pedestrian,N,0,1,0,0,1,1,0,0,0,0,1,0
337648,Hospitalisation,2021,February,Saturday,10,Angle,Multi-Vehicle,153.043913,-27.44835645,Byres St,Waterloo St,,Newstead,Brisbane City,4006,Fortitude Valley,North Brisbane,Brisbane,SEQ North,Metropolitan,Newstead - Bowen Hills,Brisbane Inner - North,Brisbane Inner City,Major Cities,Mcconnel,Brisbane,Locally-controlled,Intersection - Cross,Give way sign,0 - 50 km/h,Sealed - Dry,Clear,Daylight,Straight,Level,101,Veh'S Adjacent Approach: Thru-Thru,Intersection from adjacent approaches,W,0,1,0,0,1,1,1,0,0,0,0,0
337649,Hospitalisation,2021,February,Monday,18,Hit pedestrian,Hit pedestrian,153.040543,-27.45270945,Ann St,Commercial Rd,,Fortitude Valley,Brisbane City,4006,Fortitude Valley,North Brisbane,Brisbane,SEQ North,Metropolitan,Fortitude Valley,Brisbane Inner,Brisbane Inner City,Major Cities,Mcconnel,Brisbane,Locally-controlled,Intersection - Cross,Operating traffic lights,60 km/h,Sealed - Dry,Clear,Dawn/Dusk,Straight,Level,1,Ped'N: Near Side Vehicle Hit From Right,Pedestrian,S,0,1,0,0,1,1,0,0,0,0,1,0
337650,Medical treatment,2021,February,Tuesday,18,Rear-end,Multi-Vehicle,153.028533,-27.45070145,Inner City Bypass,,,Herston,Brisbane City,4006,Brisbane City,North Brisbane,Brisbane,SEQ North,Metropolitan,Kelvin Grove - Herston,Brisbane Inner - North,Brisbane Inner City,Major Cities,Mcconnel,Brisbane,Locally-controlled,No Roadway Feature,No traffic control,70 km/h,Sealed - Wet,Raining,Darkness - Lighted,Straight,Level,301,Veh'S Same Direction: Rear End,Rear-end,N,0,0,1,0,1,3,0,0,0,0,0,0
337651,Hospitalisation,2021,February,Thursday,6,Hit object,Single Vehicle,153.0366038,-27.45817456,Mclachlan St,,,Fortitude Valley,Brisbane City,4006,Fortitude Valley,North Brisbane,Brisbane,SEQ North,Metropolitan,Fortitude Valley,Brisbane Inner,Brisbane Inner City,Major Cities,Mcconnel,Brisbane,Locally-controlled,No Roadway Feature,No traffic control,60 km/h,Sealed - Wet,Raining,Daylight,Straight,Level,704,Off Path-Straight:Right Off Cway Hit Obj,Off carriageway on straight hit object,N,0,1,0,0,1,1,0,0,0,0,0,0
337652,Medical treatment,2021,February,Thursday,12,Angle,Multi-Vehicle,153.042016,-27.45837745,Harcourt St,James St,,New Farm,Brisbane City,4005,Fortitude Valley,North Brisbane,Brisbane,SEQ North,Metropolitan,New Farm,Brisbane Inner,Brisbane Inner City,Major Cities,Mcconnel,Brisbane,Locally-controlled,Intersection - Cross,Stop sign,60 km/h,Sealed - Wet,Raining,Daylight,Straight,Crest,101,Veh'S Adjacent Approach: Thru-Thru,Intersection from adjacent approaches,W,0,0,1,0,1,1,1,0,0,0,0,0
337653,Hospitalisation,2021,February,Friday,13,Sideswipe,Multi-Vehicle,153.038436,-27.44413945,Abbotsford Rd,Folkestone St,,Bowen Hills,Brisbane City,4006,Fortitude Valley,North Brisbane,Brisbane,SEQ North,Metropolitan,Newstead - Bowen Hills,Brisbane Inner - North,Brisbane Inner City,Major Cities,Mcconnel,Brisbane,Locally-controlled,Intersection - T-Junction,Operating traffic lights,60 km/h,Sealed - Dry,Clear,Daylight,Straight,Level,308,Veh'S Same Direction: Right Turn S/Swipe,Parallel lanes turning,N,0,1,0,0,1,2,1,0,0,0,0,0