Crash_Severity,Crash_Year,Crash_Month,Crash_Day_Of_Week,Crash_Hour,Crash_Nature,Crash_Type,Crash_Longitude,Crash_Latitude,Crash_Street,Crash_Street_Intersecting,State_Road_Name,Loc_Suburb,Loc_Local_Government_Area,Loc_Post_Code,Loc_Police_Division,Loc_Police_District,Loc_Police_Region,Loc_Queensland_Transport_Region,Loc_Main_Roads_Region,Loc_ABS_Statistical_Area_2,Loc_ABS_Statistical_Area_3,Loc_ABS_Statistical_Area_4,Loc_ABS_Remoteness,Loc_State_Electorate,Loc_Federal_Electorate,Crash_Controlling_Authority,Crash_Roadway_Feature,Crash_Traffic_Control,Crash_Speed_Limit,Crash_Road_Surface_Condition,Crash_Atmospheric_Condition,Crash_Lighting_Condition,Crash_Road_Horiz_Align,Crash_Road_Vert_Align,Crash_DCA_Code,Crash_DCA_Description,Crash_DCA_Group_Description,DCA_Key_Approach_Dir,Count_Casualty_Fatality,Count_Casualty_Hospitalised,Count_Casualty_MedicallyTreated,Count_Casualty_MinorInjury,Count_Casualty_Total,Count_Unit_Car,Count_Unit_Motorcycle_Moped,Count_Unit_Truck,Count_Unit_Bus,Count_Unit_Bicycle,Count_Unit_Pedestrian,Count_Unit_Other,
337654,Minor injury,2021,February,Saturday,14,Angle,Multi-Vehicle,153.042018,-27.45680145,Arthur St,,,Fortitude Valley,Brisbane City,4006,Fortitude Valley,North Brisbane,Brisbane,SEQ North,Metropolitan,New Farm,Brisbane Inner,Brisbane Inner City,Major Cities,Mcconnel,Brisbane,Locally-controlled,No Roadway Feature,Operating traffic lights,60 km/h,Sealed - Dry,Clear,Daylight,Straight,Level,604,Veh'S On Path: Car Door,Hit parked vehicle,S,0,0,0,1,1,1,0,0,0,1,0,0
337655,Medical treatment,2021,February,Sunday,7,Sideswipe,Multi-Vehicle,153.041173,-27.45076445,Ann St,Longland St,,Newstead,Brisbane City,4006,Fortitude Valley,North Brisbane,Brisbane,SEQ North,Metropolitan,Newstead - Bowen Hills,Brisbane Inner - North,Brisbane Inner City,Major Cities,Mcconnel,Brisbane,Locally-controlled,Intersection - T-Junction,No traffic control,60 km/h,Sealed - Dry,Clear,Daylight,Curved - view open,Level,309,Veh'S Same Direction: Left Turn S/Swipe,Parallel lanes turning,S,0,0,1,0,1,1,0,0,0,1,0,0
337656,Hospitalisation,2021,February,Tuesday,14,Angle,Multi-Vehicle,153.041767,-27.46538945,Barker St,Bowen Tce,,New Farm,Brisbane City,4005,Fortitude Valley,North Brisbane,Brisbane,SEQ North,Metropolitan,New Farm,Brisbane Inner,Brisbane Inner City,Major Cities,Mcconnel,Brisbane,Locally-controlled,Intersection - Cross,Stop sign,0 - 50 km/h,Sealed - Dry,Clear,Daylight,Straight,Grade,101,Veh'S Adjacent Approach: Thru-Thru,Intersection from adjacent approaches,N,0,1,0,0,1,2,0,0,0,0,0,0
337657,Hospitalisation,2021,February,Tuesday,15,Rear-end,Multi-Vehicle,153.048159,-27.45235345,Skyring Tce,,,Teneriffe,Brisbane City,4005,Fortitude Valley,North Brisbane,Brisbane,SEQ North,Metropolitan,Newstead - Bowen Hills,Brisbane Inner - North,Brisbane Inner City,Major Cities,Mcconnel,Brisbane,Locally-controlled,No Roadway Feature,No traffic control,0 - 50 km/h,Sealed - Dry,Clear,Daylight,Straight,Level,301,Veh'S Same Direction: Rear End,Rear-end,E,0,1,0,0,1,2,1,0,0,0,0,0
337658,Minor injury,2021,February,Friday,17,Sideswipe,Multi-Vehicle,153.0334626,-27.45412044,St Pauls Tce,,,Fortitude Valley,Brisbane City,4006,Fortitude Valley,North Brisbane,Brisbane,SEQ North,Metropolitan,Fortitude Valley,Brisbane Inner,Brisbane Inner City,Major Cities,Mcconnel,Brisbane,Locally-controlled,No Roadway Feature,No traffic control,60 km/h,Sealed - Dry,Clear,Daylight,Straight,Level,307,Veh'S Same Direction: Lane Change Left,Lane changes,S,0,0,0,1,1,1,1,0,0,0,0,0
337659,Hospitalisation,2021,February,Saturday,8,Angle,Multi-Vehicle,153.047983,-27.46306345,James St,Villiers St,,New Farm,Brisbane City,4005,Fortitude Valley,North Brisbane,Brisbane,SEQ North,Metropolitan,New Farm,Brisbane Inner,Brisbane Inner City,Major Cities,Mcconnel,Brisbane,Locally-controlled,Intersection - Cross,No traffic control,0 - 50 km/h,Sealed - Dry,Clear,Daylight,Straight,Level,202,Veh'S Opposite Approach: Thru-Right,Opposing vehicles turning,W,0,1,0,0,1,1,0,0,0,1,0,0
337660,Hospitalisation,2021,February,Saturday,11,Angle,Multi-Vehicle,153.0306317,-27.45701157,St Pauls Tce,,,Fortitude Valley,Brisbane City,4006,Brisbane City,North Brisbane,Brisbane,SEQ North,Metropolitan,Fortitude Valley,Brisbane Inner,Brisbane Inner City,Major Cities,Mcconnel,Brisbane,Locally-controlled,Intersection - Cross,Operating traffic lights,60 km/h,Sealed - Dry,Clear,Daylight,Straight,Level,202,Veh'S Opposite Approach: Thru-Right,Opposing vehicles turning,N,0,1,0,0,1,1,1,0,0,0,0,0
337661,Medical treatment,2021,March,Tuesday,17,Rear-end,Multi-Vehicle,153.035323,-27.46088145,Clem 7,,,Fortitude Valley,Brisbane City,4006,Fortitude Valley,North Brisbane,Brisbane,SEQ North,Metropolitan,Fortitude Valley,Brisbane Inner,Brisbane Inner City,Major Cities,Mcconnel,Brisbane,Locally-controlled,No Roadway Feature,No traffic control,80 - 90 km/h,Sealed - Dry,Clear,Darkness - Lighted,Straight,Level,301,Veh'S Same Direction: Rear End,Rear-end,S,0,0,1,0,1,3,0,0,0,0,0,0
337662,Minor injury,2021,March,Saturday,17,Rear-end,Multi-Vehicle,153.035779,-27.45173245,Brookes St,St Pauls Tce,,Bowen Hills,Brisbane City,4006,Fortitude Valley,North Brisbane,Brisbane,SEQ North,Metropolitan,Newstead - Bowen Hills,Brisbane Inner - North,Brisbane Inner City,Major Cities,Mcconnel,Brisbane,Locally-controlled,Intersection - Cross,Operating traffic lights,60 km/h,Sealed - Dry,Clear,Daylight,Straight,Level,301,Veh'S Same Direction: Rear End,Rear-end,S,0,0,0,1,1,2,0,0,0,0,0,0
337663,Medical treatment,2021,March,Monday,11,Hit pedestrian,Hit pedestrian,153.031906,-27.46199545,Boundary St,,,Brisbane City,Brisbane City,4000,Fortitude Valley,North Brisbane,Brisbane,SEQ North,Metropolitan,Brisbane City,Brisbane Inner,Brisbane Inner City,Major Cities,Mcconnel,Brisbane,Locally-controlled,No Roadway Feature,No traffic control,60 km/h,Sealed - Dry,Clear,Daylight,Straight,Level,7,Ped'N: Hit By Vehicle Enter/Leave D'Way,Pedestrian,U,0,0,1,0,1,1,0,0,0,0,1,0
337664,Medical treatment,2021,March,Wednesday,8,Fall from vehicle,Single Vehicle,153.023779,-27.45437444,Inner City Bypass,,,Herston,Brisbane City,4006,Brisbane City,North Brisbane,Brisbane,SEQ North,Metropolitan,Kelvin Grove - Herston,Brisbane Inner - North,Brisbane Inner City,Major Cities,Mcconnel,Brisbane,Locally-controlled,No Roadway Feature,No traffic control,70 km/h,Sealed - Dry,Clear,Daylight,Straight,Level,705,Off Path-Straight:Out Of Control On Cway,Out of control on straight,N,0,0,1,0,1,0,1,0,0,0,0,1
337665,Hospitalisation,2021,March,Thursday,8,Angle,Multi-Vehicle,153.048878,-27.45343545,Dath St,Vernon Tce,,Teneriffe,Brisbane City,4005,Fortitude Valley,North Brisbane,Brisbane,SEQ North,Metropolitan,Newstead - Bowen Hills,Brisbane Inner - North,Brisbane Inner City,Major Cities,Mcconnel,Brisbane,Locally-controlled,Intersection - T-Junction,No traffic control,0 - 50 km/h,Sealed - Dry,Clear,Daylight,Straight,Level,408,Veh'S Manoeuvring: Entering From Footway,Vehicle leaving driveway,W,0,1,0,0,1,1,0,0,0,1,0,0
337666,Medical treatment,2021,March,Tuesday,15,Rear-end,Multi-Vehicle,153.0278925,-27.45090683,Inner City Bypass,,,Herston,Brisbane City,4006,Brisbane City,North Brisbane,Brisbane,SEQ North,Metropolitan,Kelvin Grove - Herston,Brisbane Inner - North,Brisbane Inner City,Major Cities,Mcconnel,Brisbane,Locally-controlled,No Roadway Feature,No traffic control,60 km/h,Sealed - Wet,Raining,Daylight,Straight,Level,301,Veh'S Same Direction: Rear End,Rear-end,E,0,0,1,0,1,3,0,0,0,0,0,0
337667,Medical treatment,2021,March,Monday,22,Hit object,Single Vehicle,153.031248,-27.45741945,Barry Pde,Gipps St,,Fortitude Valley,Brisbane City,4006,Fortitude Valley,North Brisbane,Brisbane,SEQ North,Metropolitan,Fortitude Valley,Brisbane Inner,Brisbane Inner City,Major Cities,Mcconnel,Brisbane,Locally-controlled,Intersection - Cross,No traffic control,60 km/h,Sealed - Wet,Raining,Darkness - Lighted,Curved - view open,Grade,808,Off Path-Curve: Mounts Traffic Island,Off carriageway on curve hit object,N,0,0,1,0,1,1,0,0,0,0,0,0
337668,Hospitalisation,2021,March,Wednesday,9,Hit pedestrian,Hit pedestrian,153.040543,-27.45270945,Ann St,Commercial Rd,,Fortitude Valley,Brisbane City,4006,Fortitude Valley,North Brisbane,Brisbane,SEQ North,Metropolitan,Fortitude Valley,Brisbane Inner,Brisbane Inner City,Major Cities,Mcconnel,Brisbane,Locally-controlled,Intersection - Cross,Operating traffic lights,60 km/h,Sealed - Dry,Clear,Daylight,Straight,Level,2,Ped'N: Hit Emerging Behind Vehicle,Pedestrian,S,0,1,0,0,1,1,0,0,0,0,1,0
337669,Medical treatment,2021,March,Thursday,8,Rear-end,Multi-Vehicle,153.027726,-27.45094245,Inner City Bypass,,,Herston,Brisbane City,4006,Brisbane City,North Brisbane,Brisbane,SEQ North,Metropolitan,Kelvin Grove - Herston,Brisbane Inner - North,Brisbane Inner City,Major Cities,Mcconnel,Brisbane,Locally-controlled,No Roadway Feature,No traffic control,70 km/h,Sealed - Dry,Clear,Daylight,Straight,Grade,301,Veh'S Same Direction: Rear End,Rear-end,E,0,0,1,0,1,4,0,0,0,0,0,0
337670,Medical treatment,2021,March,Thursday,19,Sideswipe,Multi-Vehicle,153.034901,-27.45620445,Alden St,Ballow St,,Fortitude Valley,Brisbane City,4006,Fortitude Valley,North Brisbane,Brisbane,SEQ North,Metropolitan,Fortitude Valley,Brisbane Inner,Brisbane Inner City,Major Cities,Mcconnel,Brisbane,Locally-controlled,No Roadway Feature,No traffic control,60 km/h,Sealed - Dry,Clear,Darkness - Lighted,Straight,Dip,309,Veh'S Same Direction: Left Turn S/Swipe,Parallel lanes turning,N,0,0,1,0,1,1,0,0,0,1,0,0
337671,Minor injury,2021,March,Saturday,16,Rear-end,Multi-Vehicle,153.041565,-27.44981445,Breakfast Ck Rd,Montpelier Rd,,Bowen Hills,Brisbane City,4006,Fortitude Valley,North Brisbane,Brisbane,SEQ North,Metropolitan,Newstead - Bowen Hills,Brisbane Inner - North,Brisbane Inner City,Major Cities,Mcconnel,Brisbane,Locally-controlled,Intersection - T-Junction,No traffic control,0 - 50 km/h,Sealed - Dry,Clear,Daylight,Straight,Level,302,Veh'S Same Direction: Left Rear,Rear-end,N,0,0,0,1,1,2,0,0,0,0,0,0
337672,Hospitalisation,2021,March,Sunday,0,Hit pedestrian,Hit pedestrian,153.033374,-27.45774545,Wickham St,,,Fortitude Valley,Brisbane City,4006,Fortitude Valley,North Brisbane,Brisbane,SEQ North,Metropolitan,Fortitude Valley,Brisbane Inner,Brisbane Inner City,Major Cities,Mcconnel,Brisbane,Locally-controlled,No Roadway Feature,No traffic control,0 - 50 km/h,Sealed - Dry,Clear,Darkness - Lighted,Straight,Grade,5,Ped'N: Hit Walking With Traffic,Pedestrian,N,0,1,0,0,1,1,0,0,0,0,1,0
337673,Hospitalisation,2021,March,Monday,8,Rear-end,Multi-Vehicle,153.038585,-27.46125945,Brunswick St,,,Fortitude Valley,Brisbane City,4006,Fortitude Valley,North Brisbane,Brisbane,SEQ North,Metropolitan,New Farm,Brisbane Inner,Brisbane Inner City,Major Cities,Mcconnel,Brisbane,Locally-controlled,No Roadway Feature,No traffic control,60 km/h,Sealed - Dry,Clear,Daylight,Straight,Level,301,Veh'S Same Direction: Rear End,Rear-end,S,0,1,0,0,1,4,0,0,0,0,0,0
337674,Medical treatment,2021,April,Thursday,13,Fall from vehicle,Single Vehicle,153.0285787,-27.44585097,Butterfield St,,,Herston,Brisbane City,4029,Fortitude Valley,North Brisbane,Brisbane,SEQ North,Metropolitan,Kelvin Grove - Herston,Brisbane Inner - North,Brisbane Inner City,Major Cities,Mcconnel,Brisbane,Locally-controlled,No Roadway Feature,Give way sign,60 km/h,Sealed - Dry,Clear,Daylight,Straight,Level,705,Off Path-Straight:Out Of Control On Cway,Out of control on straight,W,0,0,1,0,1,0,1,0,0,0,0,1
337675,Medical treatment,2021,April,Thursday,17,Rear-end,Multi-Vehicle,153.038436,-27.44413945,Abbotsford Rd,Folkestone St,,Bowen Hills,Brisbane City,4006,Fortitude Valley,North Brisbane,Brisbane,SEQ North,Metropolitan,Newstead - Bowen Hills,Brisbane Inner - North,Brisbane Inner City,Major Cities,Mcconnel,Brisbane,Locally-controlled,Intersection - T-Junction,Operating traffic lights,60 km/h,Sealed - Dry,Clear,Dawn/Dusk,Straight,Grade,303,Veh'S Same Direction: Right Rear,Rear-end,N,0,0,2,0,2,2,0,0,0,0,0,0
337676,Hospitalisation,2021,April,Friday,11,Hit object,Single Vehicle,153.042356,-27.46286645,Heal St,,,New Farm,Brisbane City,4005,Fortitude Valley,North Brisbane,Brisbane,SEQ North,Metropolitan,New Farm,Brisbane Inner,Brisbane Inner City,Major Cities,Mcconnel,Brisbane,Locally-controlled,No Roadway Feature,No traffic control,60 km/h,Sealed - Dry,Clear,Daylight,Straight,Level,703,Off Path-Straight: Left Off Cway Hit Obj,Off carriageway on straight hit object,S,0,1,0,0,1,1,0,0,0,0,0,0
337677,Hospitalisation,2021,April,Tuesday,8,Hit pedestrian,Hit pedestrian,153.03247,-27.45869845,Gipps St,Wickham St,,Fortitude Valley,Brisbane City,4006,Fortitude Valley,North Brisbane,Brisbane,SEQ North,Metropolitan,Fortitude Valley,Brisbane Inner,Brisbane Inner City,Major Cities,Mcconnel,Brisbane,Locally-controlled,Intersection - Cross,Operating traffic lights,60 km/h,Sealed - Dry,Clear,Daylight,Straight,Level,1,Ped'N: Near Side Vehicle Hit From Right,Pedestrian,N,0,1,0,0,1,1,0,0,0,0,1,0
337678,Medical treatment,2021,April,Wednesday,7,Angle,Multi-Vehicle,153.0302995,-27.44666034,Campbell St,,,Bowen Hills,Brisbane City,4006,Fortitude Valley,North Brisbane,Brisbane,SEQ North,Metropolitan,Newstead - Bowen Hills,Brisbane Inner - North,Brisbane Inner City,Major Cities,Mcconnel,Brisbane,Locally-controlled,No Roadway Feature,No traffic control,0 - 50 km/h,Sealed - Dry,Clear,Daylight,Straight,Level,400,Veh'S Manoeuvring: Other,Other,,0,0,1,1,2,0,1,0,0,1,0,0
337679,Medical treatment,2021,April,Thursday,11,Angle,Multi-Vehicle,153.041137,-27.43588223,Burrows St,,,Bowen Hills,Brisbane City,4006,Fortitude Valley,North Brisbane,Brisbane,SEQ North,Metropolitan,Newstead - Bowen Hills,Brisbane Inner - North,Brisbane Inner City,Major Cities,Mcconnel,Brisbane,Locally-controlled,No Roadway Feature,No traffic control,60 km/h,Sealed - Dry,Clear,Daylight,Straight,Level,408,Veh'S Manoeuvring: Entering From Footway,Vehicle leaving driveway,N,0,0,1,0,1,2,0,0,0,0,0,0
337680,Medical treatment,2021,April,Tuesday,19,Rear-end,Multi-Vehicle,153.038886,-27.45453945,Ann St,Wandoo St,,Fortitude Valley,Brisbane City,4006,Fortitude Valley,North Brisbane,Brisbane,SEQ North,Metropolitan,Fortitude Valley,Brisbane Inner,Brisbane Inner City,Major Cities,Mcconnel,Brisbane,Locally-controlled,Intersection - T-Junction,No traffic control,60 km/h,Sealed - Dry,Clear,Darkness - Lighted,Straight,Level,302,Veh'S Same Direction: Left Rear,Rear-end,S,0,0,1,1,2,2,0,0,0,0,0,0
337681,Hospitalisation,2021,April,Friday,17,Hit pedestrian,Hit pedestrian,153.031543,-27.45794645,Barry Pde,Gipps St,,Fortitude Valley,Brisbane City,4006,Fortitude Valley,North Brisbane,Brisbane,SEQ North,Metropolitan,Fortitude Valley,Brisbane Inner,Brisbane Inner City,Major Cities,Mcconnel,Brisbane,Locally-controlled,Intersection - T-Junction,Operating traffic lights,60 km/h,Sealed - Dry,Clear,Darkness - Lighted,Straight,Level,3,Ped'N: Far Side Vehicle Hit From Left,Pedestrian,E,0,1,0,1,2,1,1,0,0,0,1,0
337682,Hospitalisation,2021,April,Friday,16,Rear-end,Multi-Vehicle,153.0408644,-27.43839292,Abbotsford Rd,,,Bowen Hills,Brisbane City,4006,Fortitude Valley,North Brisbane,Brisbane,SEQ North,Metropolitan,Newstead - Bowen Hills,Brisbane Inner - North,Brisbane Inner City,Major Cities,Mcconnel,Brisbane,Locally-controlled,No Roadway Feature,No traffic control,60 km/h,Sealed - Dry,Clear,Daylight,Straight,Level,301,Veh'S Same Direction: Rear End,Rear-end,S,0,1,0,0,1,1,1,0,0,0,0,0
337683,Medical treatment,2021,April,Friday,11,Rear-end,Multi-Vehicle,153.037468,-27.44323445,Inner City Bypass,,,Bowen Hills,Brisbane City,4006,Fortitude Valley,North Brisbane,Brisbane,SEQ North,Metropolitan,Newstead - Bowen Hills,Brisbane Inner - North,Brisbane Inner City,Major Cities,Mcconnel,Brisbane,Locally-controlled,No Roadway Feature,No traffic control,80 - 90 km/h,Sealed - Dry,Clear,Daylight,Straight,Level,301,Veh'S Same Direction: Rear End,Rear-end,N,0,0,1,0,1,3,0,0,0,0,0,0
337684,Medical treatment,2021,April,Saturday,9,Sideswipe,Multi-Vehicle,153.034901,-27.45620445,Ballow St,Wickham St,,Fortitude Valley,Brisbane City,4006,Fortitude Valley,North Brisbane,Brisbane,SEQ North,Metropolitan,Fortitude Valley,Brisbane Inner,Brisbane Inner City,Major Cities,Mcconnel,Brisbane,Locally-controlled,Intersection - T-Junction,No traffic control,60 km/h,Sealed - Dry,Clear,Daylight,Straight,Level,306,Veh'S Same Direction: Lane Change Right,Lane changes,N,0,0,1,0,1,2,0,0,0,0,0,0
337685,Hospitalisation,2021,April,Sunday,12,Angle,Multi-Vehicle,153.048878,-27.45343545,Dath St,Vernon Tce,,Teneriffe,Brisbane City,4005,Fortitude Valley,North Brisbane,Brisbane,SEQ North,Metropolitan,Newstead - Bowen Hills,Brisbane Inner - North,Brisbane Inner City,Major Cities,Mcconnel,Brisbane,Locally-controlled,Intersection - T-Junction,No traffic control,0 - 50 km/h,Sealed - Dry,Clear,Daylight,Straight,Level,408,Veh'S Manoeuvring: Entering From Footway,Vehicle leaving driveway,W,0,1,0,0,1,1,0,0,0,1,0,0
337686,Medical treatment,2021,April,Tuesday,18,Rear-end,Multi-Vehicle,153.040478,-27.43921145,Inner City Bypass Off Ramp,,,Bowen Hills,Brisbane City,4006,Fortitude Valley,North Brisbane,Brisbane,SEQ North,Metropolitan,Newstead - Bowen Hills,Brisbane Inner - North,Brisbane Inner City,Major Cities,Mcconnel,Brisbane,Locally-controlled,Intersection - Interchange,No traffic control,60 km/h,Sealed - Dry,Clear,Darkness - Lighted,Curved - view open,Level,301,Veh'S Same Direction: Rear End,Rear-end,N,0,0,1,0,1,2,0,0,0,0,0,0
337687,Hospitalisation,2021,April,Wednesday,8,Angle,Multi-Vehicle,153.029079,-27.45860945,St Pauls Tce,Warren St,,Fortitude Valley,Brisbane City,4006,Brisbane City,North Brisbane,Brisbane,SEQ North,Metropolitan,Fortitude Valley,Brisbane Inner,Brisbane Inner City,Major Cities,Mcconnel,Brisbane,Locally-controlled,Intersection - T-Junction,No traffic control,60 km/h,Sealed - Dry,Clear,Daylight,Straight,Level,202,Veh'S Opposite Approach: Thru-Right,Opposing vehicles turning,N,0,1,0,0,1,1,1,0,0,0,0,0
337688,Medical treatment,2021,April,Wednesday,8,Rear-end,Multi-Vehicle,153.035472,-27.44725445,Campbell St,,Airport Link (Bowen Hills - Toombul),Bowen Hills,Brisbane City,4006,Fortitude Valley,North Brisbane,Brisbane,SEQ North,Metropolitan,Newstead - Bowen Hills,Brisbane Inner - North,Brisbane Inner City,Major Cities,Mcconnel,Brisbane,State-controlled,Intersection - Interchange,No traffic control,60 km/h,Sealed - Dry,Clear,Daylight,Straight,Grade,301,Veh'S Same Direction: Rear End,Rear-end,E,0,0,1,1,2,2,0,0,0,0,0,0
337689,Hospitalisation,2021,May,Tuesday,5,Hit pedestrian,Hit pedestrian,153.041681,-27.46867145,Moray St,,,New Farm,Brisbane City,4005,Fortitude Valley,North Brisbane,Brisbane,SEQ North,Metropolitan,New Farm,Brisbane Inner,Brisbane Inner City,Major Cities,Mcconnel,Brisbane,Locally-controlled,No Roadway Feature,No traffic control,0 - 50 km/h,Sealed - Dry,Fog,Darkness - Lighted,Curved - view obscured,Crest,6,Ped'N: Hit Facing Traffic,Pedestrian,E,0,1,0,0,1,1,0,0,0,0,1,0
337690,Minor injury,2021,May,Tuesday,17,Angle,Multi-Vehicle,153.041146,-27.45769045,Arthur St,James St,,Fortitude Valley,Brisbane City,4006,Fortitude Valley,North Brisbane,Brisbane,SEQ North,Metropolitan,Fortitude Valley,Brisbane Inner,Brisbane Inner City,Major Cities,Mcconnel,Brisbane,Locally-controlled,No Roadway Feature,Pedestrian crossing sign,0 - 50 km/h,Sealed - Dry,Clear,Darkness - Lighted,Straight,Grade,408,Veh'S Manoeuvring: Entering From Footway,Vehicle leaving driveway,U,0,0,0,1,1,0,0,0,0,1,0,1
337691,Medical treatment,2021,May,Tuesday,14,Angle,Multi-Vehicle,153.03762,-27.44770245,Abbotsford Rd,Campbell St,,Bowen Hills,Brisbane City,4006,Fortitude Valley,North Brisbane,Brisbane,SEQ North,Metropolitan,Newstead - Bowen Hills,Brisbane Inner - North,Brisbane Inner City,Major Cities,Mcconnel,Brisbane,Locally-controlled,Intersection - Cross,Operating traffic lights,60 km/h,Sealed - Dry,Clear,Daylight,Straight,Level,202,Veh'S Opposite Approach: Thru-Right,Opposing vehicles turning,N,0,0,1,0,1,2,0,0,0,0,0,0
337692,Hospitalisation,2021,May,Thursday,14,Angle,Multi-Vehicle,153.03623,-27.45486345,Bridge St,Wickham St,,Fortitude Valley,Brisbane City,4006,Fortitude Valley,North Brisbane,Brisbane,SEQ North,Metropolitan,Fortitude Valley,Brisbane Inner,Brisbane Inner City,Major Cities,Mcconnel,Brisbane,Locally-controlled,Intersection - Cross,Give way sign,60 km/h,Sealed - Dry,Clear,Daylight,Straight,Level,101,Veh'S Adjacent Approach: Thru-Thru,Intersection from adjacent approaches,W,0,1,0,0,1,1,0,0,0,1,0,0
337693,Minor injury,2021,May,Thursday,14,Hit parked vehicle,Single Vehicle,153.040587,-27.46567945,Moray St,,,New Farm,Brisbane City,4005,Fortitude Valley,North Brisbane,Brisbane,SEQ North,Metropolitan,New Farm,Brisbane Inner,Brisbane Inner City,Major Cities,Mcconnel,Brisbane,Locally-controlled,No Roadway Feature,No traffic control,0 - 50 km/h,Sealed - Dry,Clear,Daylight,Curved - view open,Level,601,Veh'S On Path: Parked,Hit parked vehicle,S,0,0,0,1,1,3,0,0,0,0,0,0
337694,Hospitalisation,2021,May,Saturday,9,Hit object,Single Vehicle,153.0213309,-27.44847369,Hetherington St,,,Herston,Brisbane City,4006,Fortitude Valley,North Brisbane,Brisbane,SEQ North,Metropolitan,Kelvin Grove - Herston,Brisbane Inner - North,Brisbane Inner City,Major Cities,Mcconnel,Brisbane,Locally-controlled,No Roadway Feature,No traffic control,0 - 50 km/h,Sealed - Dry,Clear,Daylight,Straight,Level,703,Off Path-Straight: Left Off Cway Hit Obj,Off carriageway on straight hit object,N,0,2,0,0,2,1,0,0,0,0,0,0
337695,Medical treatment,2021,May,Saturday,11,Angle,Multi-Vehicle,153.047983,-27.46306345,James St,Villiers St,,New Farm,Brisbane City,4005,Fortitude Valley,North Brisbane,Brisbane,SEQ North,Metropolitan,New Farm,Brisbane Inner,Brisbane Inner City,Major Cities,Mcconnel,Brisbane,Locally-controlled,Intersection - Cross,Stop sign,0 - 50 km/h,Sealed - Dry,Clear,Daylight,Straight,Level,101,Veh'S Adjacent Approach: Thru-Thru,Intersection from adjacent approaches,N,0,0,1,1,2,2,0,0,0,0,0,0
337696,Medical treatment,2021,May,Wednesday,14,Rear-end,Multi-Vehicle,153.034174,-27.45977145,Kemp Pl,,,Fortitude Valley,Brisbane City,4006,Fortitude Valley,North Brisbane,Brisbane,SEQ North,Metropolitan,Fortitude Valley,Brisbane Inner,Brisbane Inner City,Major Cities,Mcconnel,Brisbane,Locally-controlled,No Roadway Feature,No traffic control,60 km/h,Sealed - Dry,Clear,Daylight,Curved - view open,Grade,301,Veh'S Same Direction: Rear End,Rear-end,S,0,0,1,0,1,2,0,0,0,0,0,0
337697,Medical treatment,2021,May,Wednesday,17,Rear-end,Multi-Vehicle,153.02858,-27.45081745,Inner City Bypass,,,Herston,Brisbane City,4006,Brisbane City,North Brisbane,Brisbane,SEQ North,Metropolitan,Kelvin Grove - Herston,Brisbane Inner - North,Brisbane Inner City,Major Cities,Mcconnel,Brisbane,Locally-controlled,No Roadway Feature,No traffic control,70 km/h,Sealed - Wet,Raining,Daylight,Straight,Level,301,Veh'S Same Direction: Rear End,Rear-end,W,0,0,1,0,1,2,0,0,0,0,0,0
337698,Medical treatment,2021,May,Thursday,16,Rear-end,Multi-Vehicle,153.028515,-27.45069045,Inner City Bypass,,,Herston,Brisbane City,4006,Brisbane City,North Brisbane,Brisbane,SEQ North,Metropolitan,Kelvin Grove - Herston,Brisbane Inner - North,Brisbane Inner City,Major Cities,Mcconnel,Brisbane,Locally-controlled,No Roadway Feature,No traffic control,60 km/h,Sealed - Dry,Clear,Dawn/Dusk,Curved - view open,Dip,301,Veh'S Same Direction: Rear End,Rear-end,N,0,0,1,0,1,1,1,0,0,0,0,0
337699,Minor injury,2021,May,Saturday,14,Sideswipe,Multi-Vehicle,153.0353104,-27.45816609,Ann St,,,Fortitude Valley,Brisbane City,4006,Fortitude Valley,North Brisbane,Brisbane,SEQ North,Metropolitan,Fortitude Valley,Brisbane Inner,Brisbane Inner City,Major Cities,Mcconnel,Brisbane,Locally-controlled,No Roadway Feature,No traffic control,0 - 50 km/h,Sealed - Dry,Clear,Daylight,Straight,Level,307,Veh'S Same Direction: Lane Change Left,Lane changes,S,0,0,0,1,1,2,0,0,0,0,0,0
337700,Medical treatment,2021,May,Wednesday,17,Angle,Multi-Vehicle,153.042045,-27.45523245,Chester St,Doggett St,,Teneriffe,Brisbane City,4005,Fortitude Valley,North Brisbane,Brisbane,SEQ North,Metropolitan,Newstead - Bowen Hills,Brisbane Inner - North,Brisbane Inner City,Major Cities,Mcconnel,Brisbane,Locally-controlled,Intersection - Cross,Stop sign,0 - 50 km/h,Sealed - Dry,Clear,Dawn/Dusk,Straight,Level,101,Veh'S Adjacent Approach: Thru-Thru,Intersection from adjacent approaches,S,0,0,1,0,1,2,0,0,0,0,0,0
337701,Hospitalisation,2021,May,Thursday,9,Hit pedestrian,Hit pedestrian,153.035859,-27.45907645,Brunswick St,Mclachlan St,,Fortitude Valley,Brisbane City,4006,Fortitude Valley,North Brisbane,Brisbane,SEQ North,Metropolitan,Fortitude Valley,Brisbane Inner,Brisbane Inner City,Major Cities,Mcconnel,Brisbane,Locally-controlled,Intersection - Cross,Operating traffic lights,60 km/h,Sealed - Dry,Clear,Daylight,Straight,Level,1,Ped'N: Near Side Vehicle Hit From Right,Pedestrian,N,0,1,0,0,1,1,0,0,0,0,1,0