Crash_Severity,Crash_Year,Crash_Month,Crash_Day_Of_Week,Crash_Hour,Crash_Nature,Crash_Type,Crash_Longitude,Crash_Latitude,Crash_Street,Crash_Street_Intersecting,State_Road_Name,Loc_Suburb,Loc_Local_Government_Area,Loc_Post_Code,Loc_Police_Division,Loc_Police_District,Loc_Police_Region,Loc_Queensland_Transport_Region,Loc_Main_Roads_Region,Loc_ABS_Statistical_Area_2,Loc_ABS_Statistical_Area_3,Loc_ABS_Statistical_Area_4,Loc_ABS_Remoteness,Loc_State_Electorate,Loc_Federal_Electorate,Crash_Controlling_Authority,Crash_Roadway_Feature,Crash_Traffic_Control,Crash_Speed_Limit,Crash_Road_Surface_Condition,Crash_Atmospheric_Condition,Crash_Lighting_Condition,Crash_Road_Horiz_Align,Crash_Road_Vert_Align,Crash_DCA_Code,Crash_DCA_Description,Crash_DCA_Group_Description,DCA_Key_Approach_Dir,Count_Casualty_Fatality,Count_Casualty_Hospitalised,Count_Casualty_MedicallyTreated,Count_Casualty_MinorInjury,Count_Casualty_Total,Count_Unit_Car,Count_Unit_Motorcycle_Moped,Count_Unit_Truck,Count_Unit_Bus,Count_Unit_Bicycle,Count_Unit_Pedestrian,Count_Unit_Other,
338508,Hospitalisation,2021,February,Thursday,9,Hit object,Single Vehicle,153.000836,-27.98557345,Duckett St,,,Beaudesert,Scenic Rim Region,4285,Beaudesert,Logan,South Eastern,SEQ South,South Coast,Beaudesert,Beaudesert,Logan - Beaudesert,Inner Regional,Scenic Rim,Wright,Locally-controlled,No Roadway Feature,No traffic control,0 - 50 km/h,Sealed - Dry,Clear,Daylight,Straight,Level,405,Veh'S Manoeuvring: Rev Into Fixed Object,Other,W,0,1,0,0,1,1,0,0,0,0,0,0
338509,Hospitalisation,2021,March,Thursday,16,Rear-end,Multi-Vehicle,153.006134,-27.99217445,Albert St,Hart St,Beaudesert - Nerang Road,Beaudesert,Scenic Rim Region,4285,Beaudesert,Logan,South Eastern,SEQ South,South Coast,Beaudesert,Beaudesert,Logan - Beaudesert,Inner Regional,Scenic Rim,Wright,State-controlled,Intersection - T-Junction,No traffic control,60 km/h,Sealed - Dry,Clear,Daylight,Straight,Level,303,Veh'S Same Direction: Right Rear,Rear-end,W,0,1,0,0,1,1,1,0,0,0,0,0
338510,Hospitalisation,2021,March,Thursday,16,Angle,Multi-Vehicle,152.987206,-27.99954845,Cryna Rd,Mt Lindesay Hwy,Mount Lindesay Highway (Beaudesert - Border),Cryna,Scenic Rim Region,4285,Beaudesert,Logan,South Eastern,SEQ South,South Coast,Beaudesert,Beaudesert,Logan - Beaudesert,Inner Regional,Scenic Rim,Wright,State-controlled,Intersection - Cross,Give way sign,80 - 90 km/h,Sealed - Wet,Raining,Daylight,Straight,Level,101,Veh'S Adjacent Approach: Thru-Thru,Intersection from adjacent approaches,E,0,1,0,0,1,2,0,0,0,0,0,0
338511,Minor injury,2021,April,Thursday,18,Hit object,Single Vehicle,152.9365887,-28.09273683,Christmas Creek Rd,,,Laravale,Scenic Rim Region,4285,Beaudesert,Logan,South Eastern,SEQ South,South Coast,Beaudesert,Beaudesert,Logan - Beaudesert,Inner Regional,Scenic Rim,Wright,Locally-controlled,No Roadway Feature,No traffic control,80 - 90 km/h,Sealed - Dry,Clear,Darkness - Not lighted,Curved - view open,Level,803,Off Path-Curve: Off Cway Rt Bend Hit Obj,Off carriageway on curve hit object,N,0,0,0,1,1,1,0,0,0,0,0,0
338512,Hospitalisation,2021,April,Friday,2,Hit object,Single Vehicle,152.936541,-28.06589108,Mt Lindesay Hwy,,Mount Lindesay Highway (Beaudesert - Border),Laravale,Scenic Rim Region,4285,Beaudesert,Logan,South Eastern,SEQ South,South Coast,Beaudesert,Beaudesert,Logan - Beaudesert,Inner Regional,Scenic Rim,Wright,State-controlled,No Roadway Feature,No traffic control,100 - 110 km/h,Sealed - Dry,Clear,Darkness - Not lighted,Curved - view open,Level,803,Off Path-Curve: Off Cway Rt Bend Hit Obj,Off carriageway on curve hit object,S,0,1,0,0,1,1,0,0,0,0,0,0
338513,Hospitalisation,2021,April,Tuesday,11,Angle,Multi-Vehicle,153.001018,-27.99110545,Albert St,William St,Beaudesert - Nerang Road,Beaudesert,Scenic Rim Region,4285,Beaudesert,Logan,South Eastern,SEQ South,South Coast,Beaudesert,Beaudesert,Logan - Beaudesert,Inner Regional,Scenic Rim,Wright,State-controlled,Intersection - T-Junction,Give way sign,0 - 50 km/h,Sealed - Wet,Raining,Daylight,Straight,Level,104,Veh'S Adjacent Approach: Thru-Right,Intersection from adjacent approaches,W,0,1,0,0,1,1,1,0,0,0,0,0
338514,Medical treatment,2021,April,Monday,15,Sideswipe,Multi-Vehicle,152.8326,-28.08251743,Hinchcliffe Dr,Routley Dr,,Kooralbyn,Scenic Rim Region,4285,Beaudesert,Logan,South Eastern,SEQ South,South Coast,Beaudesert,Beaudesert,Logan - Beaudesert,Inner Regional,Scenic Rim,Wright,Locally-controlled,Intersection - T-Junction,No traffic control,60 km/h,Sealed - Dry,Clear,Daylight,Curved - view open,Level,506,Veh'S Overtaking: Overtake-Right Turn,Overtaking same direction,E,0,0,1,0,1,2,0,0,0,0,0,0
338515,Hospitalisation,2021,April,Tuesday,10,Rear-end,Multi-Vehicle,152.994899,-27.98902045,Telemon St,,Mount Lindesay Highway (Beaudesert - Border),Beaudesert,Scenic Rim Region,4285,Beaudesert,Logan,South Eastern,SEQ South,South Coast,Beaudesert,Beaudesert,Logan - Beaudesert,Inner Regional,Scenic Rim,Wright,State-controlled,No Roadway Feature,No traffic control,0 - 50 km/h,Sealed - Dry,Clear,Daylight,Straight,Level,303,Veh'S Same Direction: Right Rear,Rear-end,S,0,1,0,0,1,1,0,1,0,0,0,0
338516,Minor injury,2021,April,Tuesday,19,Rear-end,Multi-Vehicle,152.851783,-28.09421843,Kooralbyn Rd,,,Kooralbyn,Scenic Rim Region,4285,Beaudesert,Logan,South Eastern,SEQ South,South Coast,Beaudesert,Beaudesert,Logan - Beaudesert,Inner Regional,Scenic Rim,Wright,Locally-controlled,No Roadway Feature,No traffic control,60 km/h,Sealed - Dry,Clear,Darkness - Not lighted,Curved - view open,Level,301,Veh'S Same Direction: Rear End,Rear-end,W,0,0,0,1,1,2,0,0,0,0,0,0
338517,Hospitalisation,2021,April,Wednesday,12,Hit pedestrian,Hit pedestrian,152.998307,-27.98843045,Anna St,,,Beaudesert,Scenic Rim Region,4285,Beaudesert,Logan,South Eastern,SEQ South,South Coast,Beaudesert,Beaudesert,Logan - Beaudesert,Inner Regional,Scenic Rim,Wright,Locally-controlled,No Roadway Feature,Stop sign,0 - 50 km/h,Sealed - Dry,Clear,Daylight,Straight,Level,1,Ped'N: Near Side Vehicle Hit From Right,Pedestrian,W,0,1,0,0,1,1,0,0,0,0,1,0
338518,Medical treatment,2021,April,Friday,18,Angle,Multi-Vehicle,152.991841,-27.99275545,Telemon St,Wattle St,Mount Lindesay Highway (Beaudesert - Border),Beaudesert,Scenic Rim Region,4285,Beaudesert,Logan,South Eastern,SEQ South,South Coast,Beaudesert,Beaudesert,Logan - Beaudesert,Inner Regional,Scenic Rim,Wright,State-controlled,Intersection - T-Junction,No traffic control,60 km/h,Sealed - Dry,Clear,Darkness - Lighted,Straight,Level,400,Veh'S Manoeuvring: Other,Other,E,0,0,1,0,1,2,0,0,0,0,0,0
338519,Medical treatment,2021,May,Monday,10,Hit pedestrian,Hit pedestrian,152.996566,-27.98641345,Eaglesfield St,,,Beaudesert,Scenic Rim Region,4285,Beaudesert,Logan,South Eastern,SEQ South,South Coast,Beaudesert,Beaudesert,Logan - Beaudesert,Inner Regional,Scenic Rim,Wright,Locally-controlled,No Roadway Feature,No traffic control,60 km/h,Sealed - Dry,Clear,Daylight,Straight,Dip,1,Ped'N: Near Side Vehicle Hit From Right,Pedestrian,W,0,0,1,0,1,1,0,0,0,0,1,0
338520,Medical treatment,2021,May,Monday,18,Angle,Multi-Vehicle,152.991841,-27.99275545,Telemon St,Wattle St,Mount Lindesay Highway (Beaudesert - Border),Beaudesert,Scenic Rim Region,4285,Beaudesert,Logan,South Eastern,SEQ South,South Coast,Beaudesert,Beaudesert,Logan - Beaudesert,Inner Regional,Scenic Rim,Wright,State-controlled,Intersection - T-Junction,No traffic control,60 km/h,Sealed - Dry,Clear,Darkness - Lighted,Straight,Grade,202,Veh'S Opposite Approach: Thru-Right,Opposing vehicles turning,S,0,0,1,0,1,2,0,0,0,0,0,0
338521,Medical treatment,2021,June,Friday,14,Struck by external load,Other,152.9486634,-28.02856954,Mt Lindesay Hwy,,Mount Lindesay Highway (Beaudesert - Border),Josephville,Scenic Rim Region,4285,Beaudesert,Logan,South Eastern,SEQ South,South Coast,Beaudesert,Beaudesert,Logan - Beaudesert,Inner Regional,Scenic Rim,Wright,State-controlled,No Roadway Feature,No traffic control,100 - 110 km/h,Sealed - Dry,Clear,Daylight,Straight,Level,610,Pass & Misc: Load Hit Vehicle,Other,S,0,0,1,0,1,2,0,0,0,0,0,0
338522,Hospitalisation,2021,June,Tuesday,13,Sideswipe,Multi-Vehicle,153.001722,-27.99912945,Kerry Rd,,,Beaudesert,Scenic Rim Region,4285,Beaudesert,Logan,South Eastern,SEQ South,South Coast,Beaudesert,Beaudesert,Logan - Beaudesert,Inner Regional,Scenic Rim,Wright,Locally-controlled,No Roadway Feature,No traffic control,80 - 90 km/h,Sealed - Dry,Clear,Daylight,Straight,Level,308,Veh'S Same Direction: Right Turn S/Swipe,Parallel lanes turning,N,0,1,0,0,1,1,0,0,0,1,0,0
338523,Hospitalisation,2021,June,Thursday,9,Angle,Multi-Vehicle,153.011098,-27.99373445,Beaudesert - Nerang Rd,Kingsley Dr,Beaudesert - Nerang Road,Beaudesert,Scenic Rim Region,4285,Beaudesert,Logan,South Eastern,SEQ South,South Coast,Beaudesert,Beaudesert,Logan - Beaudesert,Inner Regional,Scenic Rim,Wright,State-controlled,Intersection - Cross,Operating traffic lights,60 km/h,Sealed - Wet,Clear,Daylight,Straight,Level,202,Veh'S Opposite Approach: Thru-Right,Opposing vehicles turning,W,0,2,0,0,2,2,0,0,0,0,0,0
338543,Minor injury,2021,January,Saturday,16,Rear-end,Multi-Vehicle,152.9573621,-26.80334043,Landsborough - Maleny Rd,,Landsborough - Maleny Road,Landsborough,Sunshine Coast Region,4550,Beerwah,Sunshine Coast,North Coast,SEQ North,North Coast,Landsborough,Sunshine Coast Hinterland,Sunshine Coast,Inner Regional,Caloundra,Fisher,State-controlled,No Roadway Feature,No traffic control,60 km/h,Sealed - Dry,Clear,Daylight,Curved - view open,Grade,301,Veh'S Same Direction: Rear End,Rear-end,E,0,0,0,3,3,2,0,0,0,0,0,0
338544,Hospitalisation,2021,January,Sunday,16,Hit animal,Other,153.0348381,-26.86232244,Coochin Rd,,,Coochin Creek,Sunshine Coast Region,4519,Beerwah,Sunshine Coast,North Coast,SEQ North,North Coast,Beerwah,Sunshine Coast Hinterland,Sunshine Coast,Inner Regional,Caloundra,Fisher,Locally-controlled,No Roadway Feature,No traffic control,80 - 90 km/h,Sealed - Dry,Clear,Daylight,Curved - view open,Crest,609,Pass & Misc: Hit Animal,Hit animal,N,0,1,0,0,1,0,1,0,0,0,0,0
338545,Medical treatment,2021,January,Friday,22,Hit parked vehicle,Single Vehicle,153.0968171,-26.80536323,Pearl Cr,,,Caloundra West,Sunshine Coast Region,4551,Caloundra,Sunshine Coast,North Coast,SEQ North,North Coast,Caloundra - West,Caloundra,Sunshine Coast,Major Cities,Caloundra,Fisher,Locally-controlled,No Roadway Feature,No traffic control,0 - 50 km/h,Sealed - Wet,Raining,Darkness - Not lighted,Straight,Level,200,Veh'S Opposite Approach: Other,Other,N,0,0,1,0,1,2,0,0,0,0,0,0
338546,Medical treatment,2021,January,Friday,0,Hit parked vehicle,Single Vehicle,153.0590268,-26.79284102,Fred Chaplin Crct,,,Bells Creek,Sunshine Coast Region,4551,Caloundra,Sunshine Coast,North Coast,SEQ North,North Coast,Caloundra - West,Caloundra,Sunshine Coast,Major Cities,Caloundra,Fisher,Locally-controlled,No Roadway Feature,No traffic control,0 - 50 km/h,Sealed - Dry,Clear,Darkness - Lighted,Curved - view obscured,Level,200,Veh'S Opposite Approach: Other,Other,S,0,0,1,0,1,4,0,0,0,0,0,0
338547,Medical treatment,2021,January,Friday,11,Rear-end,Multi-Vehicle,153.0787971,-26.78125544,Bells Creek Arterial Rd,Caloundra - Mooloolaba Rd,Caloundra Road,Little Mountain,Sunshine Coast Region,4551,Caloundra,Sunshine Coast,North Coast,SEQ North,North Coast,Caloundra - West,Caloundra,Sunshine Coast,Major Cities,Kawana,Fisher,State-controlled,Intersection - Roundabout,Give way sign,70 km/h,Sealed - Dry,Clear,Daylight,Straight,Level,301,Veh'S Same Direction: Rear End,Rear-end,W,0,0,1,1,2,2,0,0,0,0,0,0
338548,Hospitalisation,2021,January,Saturday,16,Rear-end,Multi-Vehicle,153.0002971,-26.90281044,Bruce Hwy,,Bruce Highway (Brisbane - Gympie),Coochin Creek,Sunshine Coast Region,4519,Beerwah,Sunshine Coast,North Coast,SEQ North,North Coast,Glass House Mountains,Sunshine Coast Hinterland,Sunshine Coast,Inner Regional,Glass House,Fisher,State-controlled,No Roadway Feature,No traffic control,100 - 110 km/h,Sealed - Wet,Raining,Daylight,Straight,Level,301,Veh'S Same Direction: Rear End,Rear-end,S,0,1,0,0,1,5,0,0,0,0,0,0
338549,Hospitalisation,2021,January,Thursday,17,Hit parked vehicle,Single Vehicle,152.7965128,-26.79236485,Maleny - Stanley River Rd,,Maleny - Stanley River Road,Wootha,Sunshine Coast Region,4552,Maleny,Sunshine Coast,North Coast,SEQ North,North Coast,Caloundra Hinterland,Sunshine Coast Hinterland,Sunshine Coast,Inner Regional,Glass House,Fisher,State-controlled,No Roadway Feature,No traffic control,80 - 90 km/h,Sealed - Dry,Clear,Daylight,Straight,Crest,705,Off Path-Straight:Out Of Control On Cway,Out of control on straight,E,0,1,0,0,1,2,0,0,0,0,0,0
338550,Medical treatment,2021,January,Saturday,4,Rear-end,Multi-Vehicle,153.0069447,-26.88192972,Bruce Hwy,,Bruce Highway (Brisbane - Gympie),Glass House Mountains,Sunshine Coast Region,4518,Beerwah,Sunshine Coast,North Coast,SEQ North,North Coast,Glass House Mountains,Sunshine Coast Hinterland,Sunshine Coast,Inner Regional,Glass House,Fisher,State-controlled,No Roadway Feature,No traffic control,100 - 110 km/h,Sealed - Dry,Clear,Darkness - Not lighted,Straight,Level,301,Veh'S Same Direction: Rear End,Rear-end,N,0,0,1,0,1,2,0,0,0,0,0,0
338551,Hospitalisation,2021,January,Saturday,9,Head-on,Multi-Vehicle,152.8999101,-26.84171543,Peachester Rd,,Kilcoy - Beerwah Road,Peachester,Sunshine Coast Region,4519,Beerwah,Sunshine Coast,North Coast,SEQ North,North Coast,Beerwah,Sunshine Coast Hinterland,Sunshine Coast,Inner Regional,Glass House,Fisher,State-controlled,No Roadway Feature,No traffic control,60 km/h,Sealed - Dry,Clear,Daylight,Curved - view obscured,Grade,201,Veh'S Opposite Approach: Head On,Head-on,S,0,1,0,0,1,1,1,0,0,0,0,0
338552,Hospitalisation,2021,February,Thursday,5,Angle,Multi-Vehicle,152.9577221,-26.94250843,Steve Irwin Way,Tibrogargan Dr,Glasshouse Mountains Road,Beerburrum,Sunshine Coast Region,4517,Beerwah,Sunshine Coast,North Coast,SEQ North,North Coast,Glass House Mountains,Sunshine Coast Hinterland,Sunshine Coast,Inner Regional,Glass House,Fisher,State-controlled,Intersection - T-Junction,Give way sign,80 - 90 km/h,Sealed - Wet,Clear,Dawn/Dusk,Curved - view open,Level,102,Veh'S Adjacent Approach: Right-Thru,Intersection from adjacent approaches,W,0,3,0,0,3,2,0,0,0,0,0,0
338553,Minor injury,2021,February,Tuesday,14,Angle,Multi-Vehicle,152.9495551,-26.90566443,Coonowrin Rd,,,Glass House Mountains,Sunshine Coast Region,4518,Beerwah,Sunshine Coast,North Coast,SEQ North,North Coast,Glass House Mountains,Sunshine Coast Hinterland,Sunshine Coast,Inner Regional,Glass House,Fisher,Locally-controlled,No Roadway Feature,Pedestrian operated lights,0 - 50 km/h,Sealed - Dry,Clear,Daylight,Straight,Level,408,Veh'S Manoeuvring: Entering From Footway,Vehicle leaving driveway,S,0,0,0,1,1,1,0,0,0,1,0,0
338554,Hospitalisation,2021,February,Monday,16,Sideswipe,Multi-Vehicle,153.0442704,-26.78133876,Bruce Hwy,,Bruce Highway (Brisbane - Gympie),Meridan Plains,Sunshine Coast Region,4551,Beerwah,Sunshine Coast,North Coast,SEQ North,North Coast,Landsborough,Sunshine Coast Hinterland,Sunshine Coast,Inner Regional,Caloundra,Fisher,State-controlled,No Roadway Feature,No traffic control,100 - 110 km/h,Sealed - Dry,Clear,Daylight,Straight,Level,305,Veh'S Same Direction: Lane Side Swipe,Lane changes,S,0,1,0,0,1,2,0,0,0,0,0,0
338555,Medical treatment,2021,March,Thursday,13,Rear-end,Multi-Vehicle,153.0452371,-26.78707144,Bruce Hwy,,Bruce Highway (Brisbane - Gympie),Glenview,Sunshine Coast Region,4553,Beerwah,Sunshine Coast,North Coast,SEQ North,North Coast,Landsborough,Sunshine Coast Hinterland,Sunshine Coast,Inner Regional,Caloundra,Fisher,State-controlled,No Roadway Feature,No traffic control,80 - 90 km/h,Sealed - Dry,Clear,Daylight,Straight,Level,301,Veh'S Same Direction: Rear End,Rear-end,N,0,0,1,0,1,2,0,0,0,0,0,0
338556,Medical treatment,2021,March,Thursday,21,Hit object,Single Vehicle,153.0783671,-26.78547644,Bells Creek Arterial Rd,,Bells Creek Arterial Road,Meridan Plains,Sunshine Coast Region,4551,Caloundra,Sunshine Coast,North Coast,SEQ North,North Coast,Caloundra - West,Caloundra,Sunshine Coast,Major Cities,Caloundra,Fisher,State-controlled,No Roadway Feature,No traffic control,100 - 110 km/h,Sealed - Dry,Clear,Darkness - Not lighted,Straight,Level,703,Off Path-Straight: Left Off Cway Hit Obj,Off carriageway on straight hit object,S,0,0,1,0,1,1,0,0,0,0,0,0
338557,Medical treatment,2021,March,Saturday,13,Angle,Multi-Vehicle,153.0585571,-26.74067744,Dogwood La,Fingerlime La,,Palmview,Sunshine Coast Region,4553,Sippy Downs,Sunshine Coast,North Coast,SEQ North,North Coast,Landsborough,Sunshine Coast Hinterland,Sunshine Coast,Major Cities,Buderim,Fisher,Locally-controlled,Intersection - Cross,No traffic control,0 - 50 km/h,Sealed - Dry,Clear,Daylight,Straight,Level,101,Veh'S Adjacent Approach: Thru-Thru,Intersection from adjacent approaches,N,0,0,1,0,1,1,0,0,0,0,0,1
338558,Hospitalisation,2021,March,Tuesday,16,Head-on,Multi-Vehicle,153.0878701,-26.80844645,Aura Bvd,,,Baringa,Sunshine Coast Region,4551,Caloundra,Sunshine Coast,North Coast,SEQ North,North Coast,Caloundra - West,Caloundra,Sunshine Coast,Major Cities,Caloundra,Fisher,Locally-controlled,Bridge/Causeway,No traffic control,0 - 50 km/h,Sealed - Dry,Clear,Daylight,Curved - view open,Level,201,Veh'S Opposite Approach: Head On,Head-on,S,0,1,0,0,1,1,0,1,0,0,0,0
338559,Medical treatment,2021,March,Monday,13,Rear-end,Multi-Vehicle,152.9591054,-26.8970911,Steve Irwin Way,,Glasshouse Mountains Road,Glass House Mountains,Sunshine Coast Region,4518,Beerwah,Sunshine Coast,North Coast,SEQ North,North Coast,Glass House Mountains,Sunshine Coast Hinterland,Sunshine Coast,Inner Regional,Glass House,Fisher,State-controlled,No Roadway Feature,No traffic control,80 - 90 km/h,Sealed - Dry,Clear,Daylight,Straight,Level,301,Veh'S Same Direction: Rear End,Rear-end,N,0,0,1,0,1,2,0,0,0,0,0,0
338560,Minor injury,2021,March,Wednesday,16,Rear-end,Multi-Vehicle,152.9943761,-26.92288744,Bruce Hwy,Bruce Hwy On Ramp,Bruce Highway (Brisbane - Gympie),Coochin Creek,Sunshine Coast Region,4519,Beerwah,Sunshine Coast,North Coast,SEQ North,North Coast,Glass House Mountains,Sunshine Coast Hinterland,Sunshine Coast,Inner Regional,Glass House,Fisher,State-controlled,Intersection - Interchange,No traffic control,100 - 110 km/h,Sealed - Wet,Raining,Daylight,Straight,Level,301,Veh'S Same Direction: Rear End,Rear-end,S,0,0,0,1,1,4,0,0,0,0,0,0
338561,Hospitalisation,2021,March,Wednesday,20,Hit object,Single Vehicle,152.9186881,-26.94901743,Beerburrum - Woodford Rd,Old Gympie Rd,,Beerburrum,Sunshine Coast Region,4517,Beerwah,Sunshine Coast,North Coast,SEQ North,North Coast,Glass House Mountains,Sunshine Coast Hinterland,Sunshine Coast,Inner Regional,Glass House,Fisher,Locally-controlled,Intersection - T-Junction,No traffic control,100 - 110 km/h,Sealed - Wet,Raining,Darkness - Not lighted,Straight,Grade,703,Off Path-Straight: Left Off Cway Hit Obj,Off carriageway on straight hit object,W,0,4,0,0,4,1,0,0,0,0,0,0
338562,Medical treatment,2021,March,Friday,15,Rear-end,Multi-Vehicle,153.0691691,-26.77967044,Caloundra Rd,,Caloundra Road,Meridan Plains,Sunshine Coast Region,4551,Caloundra,Sunshine Coast,North Coast,SEQ North,North Coast,Caloundra - West,Caloundra,Sunshine Coast,Major Cities,Kawana,Fisher,State-controlled,Intersection - Interchange,No traffic control,100 - 110 km/h,Sealed - Dry,Clear,Daylight,Straight,Level,301,Veh'S Same Direction: Rear End,Rear-end,E,0,0,1,0,1,2,0,0,0,0,0,0
338563,Medical treatment,2021,March,Sunday,0,Overturned,Single Vehicle,152.8936601,-26.84404543,Peachester Rd,,Kilcoy - Beerwah Road,Peachester,Sunshine Coast Region,4519,Beerwah,Sunshine Coast,North Coast,SEQ North,North Coast,Beerwah,Sunshine Coast Hinterland,Sunshine Coast,Inner Regional,Glass House,Fisher,State-controlled,No Roadway Feature,No traffic control,60 km/h,Sealed - Wet,Raining,Darkness - Not lighted,Curved - view open,Grade,801,Off Path-Curve: Off Cway Right Bend,Off carriageway on curve,W,0,0,2,2,4,1,0,0,0,0,0,0
338564,Medical treatment,2021,March,Monday,17,Rear-end,Multi-Vehicle,153.0467451,-26.75599044,Bruce Hwy,,Bruce Highway (Brisbane - Gympie),Palmview,Sunshine Coast Region,4553,Sippy Downs,Sunshine Coast,North Coast,SEQ North,North Coast,Landsborough,Sunshine Coast Hinterland,Sunshine Coast,Major Cities,Buderim,Fisher,State-controlled,No Roadway Feature,No traffic control,100 - 110 km/h,Sealed - Wet,Raining,Dawn/Dusk,Straight,Level,301,Veh'S Same Direction: Rear End,Rear-end,N,0,0,1,0,1,2,0,0,0,0,0,0
338565,Medical treatment,2021,March,Thursday,16,Rear-end,Multi-Vehicle,153.0671561,-26.77906944,Caloundra Rd,,Caloundra Road,Meridan Plains,Sunshine Coast Region,4551,Caloundra,Sunshine Coast,North Coast,SEQ North,North Coast,Caloundra - West,Caloundra,Sunshine Coast,Major Cities,Kawana,Fisher,State-controlled,No Roadway Feature,No traffic control,100 - 110 km/h,Sealed - Dry,Clear,Daylight,Straight,Level,301,Veh'S Same Direction: Rear End,Rear-end,E,0,0,1,0,1,2,0,0,0,0,0,0
338566,Fatal,2021,March,Saturday,12,Fall from vehicle,Single Vehicle,152.9046441,-26.80168043,Bald Knob Rd,,,Bald Knob,Sunshine Coast Region,4552,Beerwah,Sunshine Coast,North Coast,SEQ North,North Coast,Caloundra Hinterland,Sunshine Coast Hinterland,Sunshine Coast,Inner Regional,Glass House,Fisher,Locally-controlled,No Roadway Feature,No traffic control,60 km/h,Sealed - Dry,Clear,Daylight,Curved - view obscured,Crest,201,Veh'S Opposite Approach: Head On,Head-on,E,1,0,1,1,3,1,1,0,0,0,0,0
338567,Hospitalisation,2021,March,Monday,16,Rear-end,Multi-Vehicle,153.0613874,-26.77838811,Caloundra Rd,,Caloundra Road,Meridan Plains,Sunshine Coast Region,4551,Caloundra,Sunshine Coast,North Coast,SEQ North,North Coast,Caloundra - West,Caloundra,Sunshine Coast,Major Cities,Kawana,Fisher,State-controlled,No Roadway Feature,No traffic control,100 - 110 km/h,Sealed - Dry,Clear,Daylight,Curved - view open,Level,301,Veh'S Same Direction: Rear End,Rear-end,E,0,3,0,0,3,0,2,0,0,0,0,1
338568,Medical treatment,2021,April,Thursday,5,Hit object,Single Vehicle,152.9980111,-26.90856844,Bruce Hwy,,Bruce Highway (Brisbane - Gympie),Coochin Creek,Sunshine Coast Region,4519,Beerwah,Sunshine Coast,North Coast,SEQ North,North Coast,Glass House Mountains,Sunshine Coast Hinterland,Sunshine Coast,Inner Regional,Glass House,Fisher,State-controlled,No Roadway Feature,No traffic control,100 - 110 km/h,Sealed - Dry,Clear,Daylight,Straight,Level,705,Off Path-Straight:Out Of Control On Cway,Out of control on straight,S,0,0,1,0,1,1,0,0,0,0,0,0
338569,Hospitalisation,2021,April,Sunday,0,Hit object,Single Vehicle,153.0773741,-26.78089744,Caloundra Rd,,Caloundra Road,Meridan Plains,Sunshine Coast Region,4551,Caloundra,Sunshine Coast,North Coast,SEQ North,North Coast,Caloundra - West,Caloundra,Sunshine Coast,Major Cities,Kawana,Fisher,State-controlled,No Roadway Feature,No traffic control,60 km/h,Sealed - Dry,Clear,Darkness - Lighted,Curved - view open,Level,803,Off Path-Curve: Off Cway Rt Bend Hit Obj,Off carriageway on curve hit object,E,0,1,0,0,1,1,0,0,0,0,0,0
338570,Minor injury,2021,April,Friday,16,Rear-end,Multi-Vehicle,153.0787362,-26.78236102,Bells Creek Arterial Rd,,Bells Creek Arterial Road,Meridan Plains,Sunshine Coast Region,4551,Caloundra,Sunshine Coast,North Coast,SEQ North,North Coast,Caloundra - West,Caloundra,Sunshine Coast,Major Cities,Caloundra,Fisher,State-controlled,No Roadway Feature,No traffic control,70 km/h,Sealed - Dry,Clear,Daylight,Curved - view open,Level,301,Veh'S Same Direction: Rear End,Rear-end,N,0,0,0,1,1,2,0,0,0,0,0,0
338571,Medical treatment,2021,April,Tuesday,10,Hit parked vehicle,Single Vehicle,153.0512631,-26.73763944,Greenmount Dr,,,Palmview,Sunshine Coast Region,4553,Sippy Downs,Sunshine Coast,North Coast,SEQ North,North Coast,Landsborough,Sunshine Coast Hinterland,Sunshine Coast,Major Cities,Buderim,Fisher,Locally-controlled,No Roadway Feature,No traffic control,0 - 50 km/h,Sealed - Dry,Clear,Daylight,Straight,Level,601,Veh'S On Path: Parked,Hit parked vehicle,W,0,0,1,0,1,1,0,1,0,0,0,0
338572,Medical treatment,2021,April,Saturday,15,Rear-end,Multi-Vehicle,153.0074441,-26.88005544,Bruce Hwy,,Bruce Highway (Brisbane - Gympie),Glass House Mountains,Sunshine Coast Region,4518,Beerwah,Sunshine Coast,North Coast,SEQ North,North Coast,Glass House Mountains,Sunshine Coast Hinterland,Sunshine Coast,Inner Regional,Glass House,Fisher,State-controlled,No Roadway Feature,No traffic control,100 - 110 km/h,Sealed - Dry,Clear,Daylight,Straight,Level,301,Veh'S Same Direction: Rear End,Rear-end,N,0,0,1,0,1,7,0,0,0,0,0,0
338573,Hospitalisation,2021,April,Saturday,20,Hit object,Single Vehicle,152.9201931,-26.78346143,Landsborough - Maleny Rd,,Landsborough - Maleny Road,Bald Knob,Sunshine Coast Region,4552,Beerwah,Sunshine Coast,North Coast,SEQ North,North Coast,Caloundra Hinterland,Sunshine Coast Hinterland,Sunshine Coast,Inner Regional,Glass House,Fisher,State-controlled,No Roadway Feature,No traffic control,80 - 90 km/h,Sealed - Dry,Clear,Darkness - Not lighted,Curved - view open,Grade,803,Off Path-Curve: Off Cway Rt Bend Hit Obj,Off carriageway on curve hit object,S,0,1,0,0,1,1,0,0,0,0,0,0