Crash_Severity,Crash_Year,Crash_Month,Crash_Day_Of_Week,Crash_Hour,Crash_Nature,Crash_Type,Crash_Longitude,Crash_Latitude,Crash_Street,Crash_Street_Intersecting,State_Road_Name,Loc_Suburb,Loc_Local_Government_Area,Loc_Post_Code,Loc_Police_Division,Loc_Police_District,Loc_Police_Region,Loc_Queensland_Transport_Region,Loc_Main_Roads_Region,Loc_ABS_Statistical_Area_2,Loc_ABS_Statistical_Area_3,Loc_ABS_Statistical_Area_4,Loc_ABS_Remoteness,Loc_State_Electorate,Loc_Federal_Electorate,Crash_Controlling_Authority,Crash_Roadway_Feature,Crash_Traffic_Control,Crash_Speed_Limit,Crash_Road_Surface_Condition,Crash_Atmospheric_Condition,Crash_Lighting_Condition,Crash_Road_Horiz_Align,Crash_Road_Vert_Align,Crash_DCA_Code,Crash_DCA_Description,Crash_DCA_Group_Description,DCA_Key_Approach_Dir,Count_Casualty_Fatality,Count_Casualty_Hospitalised,Count_Casualty_MedicallyTreated,Count_Casualty_MinorInjury,Count_Casualty_Total,Count_Unit_Car,Count_Unit_Motorcycle_Moped,Count_Unit_Truck,Count_Unit_Bus,Count_Unit_Bicycle,Count_Unit_Pedestrian,Count_Unit_Other,
338574,Hospitalisation,2021,April,Sunday,7,Hit object,Single Vehicle,152.8176451,-26.84202442,Kilcoy - Beerwah Rd,,Kilcoy - Beerwah Road,Cedarton,Moreton Bay Region,4514,Woodford,Moreton,North Coast,SEQ North,North Coast,Woodford - Daguilar,Caboolture Hinterland,Moreton Bay - North,Inner Regional,Glass House,Longman,State-controlled,No Roadway Feature,No traffic control,80 - 90 km/h,Sealed - Dry,Clear,Daylight,Curved - view open,Grade,803,Off Path-Curve: Off Cway Rt Bend Hit Obj,Off carriageway on curve hit object,S,0,1,0,0,1,0,1,0,0,0,0,0
338575,Medical treatment,2021,April,Monday,12,Rear-end,Multi-Vehicle,152.9948321,-26.91980844,Bruce Hwy,,Bruce Highway (Brisbane - Gympie),Coochin Creek,Sunshine Coast Region,4519,Beerwah,Sunshine Coast,North Coast,SEQ North,North Coast,Glass House Mountains,Sunshine Coast Hinterland,Sunshine Coast,Inner Regional,Glass House,Fisher,State-controlled,No Roadway Feature,No traffic control,100 - 110 km/h,Sealed - Dry,Clear,Daylight,Straight,Level,301,Veh'S Same Direction: Rear End,Rear-end,S,0,0,1,0,1,4,0,0,0,0,0,0
338576,Medical treatment,2021,April,Tuesday,8,Rear-end,Multi-Vehicle,153.0580639,-26.7766261,Caloundra Rd,,Caloundra Road,Meridan Plains,Sunshine Coast Region,4551,Caloundra,Sunshine Coast,North Coast,SEQ North,North Coast,Caloundra - West,Caloundra,Sunshine Coast,Major Cities,Kawana,Fisher,State-controlled,No Roadway Feature,No traffic control,100 - 110 km/h,Sealed - Dry,Clear,Daylight,Straight,Level,301,Veh'S Same Direction: Rear End,Rear-end,E,0,0,1,0,1,2,0,0,0,0,0,0
338577,Medical treatment,2021,May,Saturday,0,Struck by external load,Other,153.0145901,-26.86364444,Bruce Hwy,,Bruce Highway (Brisbane - Gympie),Beerwah,Sunshine Coast Region,4519,Beerwah,Sunshine Coast,North Coast,SEQ North,North Coast,Beerwah,Sunshine Coast Hinterland,Sunshine Coast,Inner Regional,Caloundra,Fisher,State-controlled,No Roadway Feature,No traffic control,100 - 110 km/h,Sealed - Dry,Clear,Daylight,Straight,Level,610,Pass & Misc: Load Hit Vehicle,Other,N,0,0,1,0,1,1,0,1,0,0,0,0
338578,Medical treatment,2021,May,Monday,13,Rear-end,Multi-Vehicle,152.9615491,-26.88814543,Steve Irwin Way,,Glasshouse Mountains Road,Glass House Mountains,Sunshine Coast Region,4518,Beerwah,Sunshine Coast,North Coast,SEQ North,North Coast,Glass House Mountains,Sunshine Coast Hinterland,Sunshine Coast,Inner Regional,Glass House,Fisher,State-controlled,No Roadway Feature,No traffic control,80 - 90 km/h,Sealed - Dry,Clear,Daylight,Straight,Level,301,Veh'S Same Direction: Rear End,Rear-end,S,0,0,2,0,2,3,0,0,0,0,0,0
338579,Medical treatment,2021,May,Tuesday,7,Rear-end,Multi-Vehicle,153.0579921,-26.77643244,Caloundra Rd,,Caloundra Road,Meridan Plains,Sunshine Coast Region,4551,Caloundra,Sunshine Coast,North Coast,SEQ North,North Coast,Caloundra - West,Caloundra,Sunshine Coast,Major Cities,Kawana,Fisher,State-controlled,No Roadway Feature,No traffic control,100 - 110 km/h,Sealed - Dry,Clear,Daylight,Straight,Level,301,Veh'S Same Direction: Rear End,Rear-end,E,0,0,1,0,1,3,0,0,0,0,0,0
338580,Hospitalisation,2021,May,Wednesday,7,Overturned,Single Vehicle,152.9533971,-26.87854943,Pikes Rd,Railway Pde,,Glass House Mountains,Sunshine Coast Region,4518,Beerwah,Sunshine Coast,North Coast,SEQ North,North Coast,Glass House Mountains,Sunshine Coast Hinterland,Sunshine Coast,Inner Regional,Glass House,Fisher,Locally-controlled,Intersection - T-Junction,No traffic control,60 km/h,Sealed - Dry,Clear,Daylight,Curved - view open,Level,803,Off Path-Curve: Off Cway Rt Bend Hit Obj,Off carriageway on curve hit object,E,0,1,0,0,1,1,0,0,0,0,0,0
338581,Hospitalisation,2021,May,Sunday,4,Hit object,Single Vehicle,152.9620721,-26.8785347,Steve Irwin Way,,Glasshouse Mountains Road,Beerwah,Sunshine Coast Region,4519,Beerwah,Sunshine Coast,North Coast,SEQ North,North Coast,Beerwah,Sunshine Coast Hinterland,Sunshine Coast,Inner Regional,Glass House,Fisher,State-controlled,No Roadway Feature,No traffic control,80 - 90 km/h,Sealed - Dry,Clear,Darkness - Not lighted,Curved - view open,Level,804,Off Path-Curve: Off Cway Lt Bend Hit Obj,Off carriageway on curve hit object,N,0,2,0,0,2,1,0,0,0,0,0,0
338582,Medical treatment,2021,May,Sunday,16,Rear-end,Multi-Vehicle,152.9892631,-26.95321844,Bruce Hwy,,Bruce Highway (Brisbane - Gympie),Beerburrum,Sunshine Coast Region,4517,Beerwah,Sunshine Coast,North Coast,SEQ North,North Coast,Glass House Mountains,Sunshine Coast Hinterland,Sunshine Coast,Inner Regional,Glass House,Fisher,State-controlled,No Roadway Feature,No traffic control,100 - 110 km/h,Sealed - Dry,Clear,Daylight,Straight,Level,301,Veh'S Same Direction: Rear End,Rear-end,S,0,0,1,0,1,2,0,0,0,0,0,0
338583,Medical treatment,2021,May,Tuesday,15,Rear-end,Multi-Vehicle,153.0666528,-26.77929104,Caloundra Rd,,Caloundra Road,Meridan Plains,Sunshine Coast Region,4551,Caloundra,Sunshine Coast,North Coast,SEQ North,North Coast,Caloundra - West,Caloundra,Sunshine Coast,Major Cities,Kawana,Fisher,State-controlled,No Roadway Feature,No traffic control,100 - 110 km/h,Sealed - Dry,Clear,Daylight,Straight,Level,301,Veh'S Same Direction: Rear End,Rear-end,E,0,0,1,0,1,2,0,0,0,0,0,0
338584,Medical treatment,2021,May,Wednesday,6,Rear-end,Multi-Vehicle,153.0071928,-26.85482403,Roys Rd,,,Beerwah,Sunshine Coast Region,4519,Beerwah,Sunshine Coast,North Coast,SEQ North,North Coast,Beerwah,Sunshine Coast Hinterland,Sunshine Coast,Inner Regional,Caloundra,Fisher,Locally-controlled,No Roadway Feature,No traffic control,80 - 90 km/h,Sealed - Dry,Clear,Dawn/Dusk,Curved - view open,Level,301,Veh'S Same Direction: Rear End,Rear-end,E,0,0,1,0,1,2,0,0,0,0,0,0
338585,Hospitalisation,2021,May,Friday,15,Fall from vehicle,Single Vehicle,152.9427582,-26.84970117,Pine Camp Rd,,,Beerwah,Sunshine Coast Region,4519,Beerwah,Sunshine Coast,North Coast,SEQ North,North Coast,Beerwah,Sunshine Coast Hinterland,Sunshine Coast,Inner Regional,Caloundra,Fisher,Locally-controlled,No Roadway Feature,No traffic control,60 km/h,Sealed - Dry,Clear,Daylight,Curved - view open,Level,801,Off Path-Curve: Off Cway Right Bend,Off carriageway on curve,W,0,1,0,0,1,0,1,0,0,0,0,0
338586,Hospitalisation,2021,May,Saturday,20,Overturned,Single Vehicle,152.9569911,-26.85097343,Greber Rd,Old Landsborough Rd,,Beerwah,Sunshine Coast Region,4519,Beerwah,Sunshine Coast,North Coast,SEQ North,North Coast,Beerwah,Sunshine Coast Hinterland,Sunshine Coast,Inner Regional,Caloundra,Fisher,Locally-controlled,Intersection - T-Junction,No traffic control,0 - 50 km/h,Sealed - Dry,Clear,Darkness - Not lighted,Straight,Level,703,Off Path-Straight: Left Off Cway Hit Obj,Off carriageway on straight hit object,E,0,1,0,0,1,1,0,0,0,0,0,0
338587,Medical treatment,2021,May,Sunday,10,Fall from vehicle,Single Vehicle,152.8554297,-26.84778344,Commissioners Flat Rd,,,Peachester,Sunshine Coast Region,4519,Beerwah,Sunshine Coast,North Coast,SEQ North,North Coast,Beerwah,Sunshine Coast Hinterland,Sunshine Coast,Inner Regional,Glass House,Fisher,Locally-controlled,No Roadway Feature,No traffic control,80 - 90 km/h,Sealed - Dry,Clear,Daylight,Curved - view open,Level,801,Off Path-Curve: Off Cway Right Bend,Off carriageway on curve,N,0,0,1,1,2,0,1,0,0,0,0,0
338588,Fatal,2021,May,Sunday,16,Overturned,Single Vehicle,153.1310901,-26.87587245,Ocean Beach Rd,,,Bribie Island North,Sunshine Coast Region,4507,Bribie Island,Moreton,North Coast,SEQ North,North Coast,Bribie Island,Bribie - Beachmere,Moreton Bay - North,Inner Regional,Pumicestone,Longman,Locally-controlled,Forestry/National Park Road,No traffic control,0 - 50 km/h,Unsealed - Dry,Clear,Daylight,Straight,Level,705,Off Path-Straight:Out Of Control On Cway,Out of control on straight,,1,0,1,0,2,1,0,0,0,0,0,0
338589,Hospitalisation,2021,June,Wednesday,14,Fall from vehicle,Single Vehicle,153.0291801,-26.84871544,Roys Rd,,Bruce Highway (Brisbane - Gympie),Bells Creek,Sunshine Coast Region,4551,Beerwah,Sunshine Coast,North Coast,SEQ North,North Coast,Caloundra - West,Caloundra,Sunshine Coast,Major Cities,Caloundra,Fisher,State-controlled,Intersection - Interchange,No traffic control,100 - 110 km/h,Sealed - Dry,Clear,Daylight,Curved - view open,Level,800,Off Path-Curve: Other,Other,S,0,1,0,0,1,0,1,0,0,0,0,0
338590,Hospitalisation,2021,June,Thursday,17,Rear-end,Multi-Vehicle,153.0485491,-26.74470444,Bruce Hwy,,Bruce Highway (Brisbane - Gympie),Palmview,Sunshine Coast Region,4553,Sippy Downs,Sunshine Coast,North Coast,SEQ North,North Coast,Landsborough,Sunshine Coast Hinterland,Sunshine Coast,Major Cities,Buderim,Fisher,State-controlled,No Roadway Feature,No traffic control,80 - 90 km/h,Sealed - Wet,Raining,Darkness - Not lighted,Curved - view open,Level,301,Veh'S Same Direction: Rear End,Rear-end,S,0,1,0,3,4,7,0,1,0,0,0,0
338591,Medical treatment,2021,June,Sunday,14,Rear-end,Multi-Vehicle,153.0160681,-26.86220044,Bruce Hwy,,Bruce Highway (Brisbane - Gympie),Coochin Creek,Sunshine Coast Region,4519,Beerwah,Sunshine Coast,North Coast,SEQ North,North Coast,Beerwah,Sunshine Coast Hinterland,Sunshine Coast,Inner Regional,Caloundra,Fisher,State-controlled,No Roadway Feature,No traffic control,100 - 110 km/h,Sealed - Dry,Clear,Daylight,Straight,Level,301,Veh'S Same Direction: Rear End,Rear-end,S,0,0,1,0,1,2,0,0,0,0,0,0
338592,Hospitalisation,2021,June,Friday,14,Fall from vehicle,Single Vehicle,152.9589251,-26.90667043,Steve Irwin Way,,Glasshouse Mountains Road,Glass House Mountains,Sunshine Coast Region,4518,Beerwah,Sunshine Coast,North Coast,SEQ North,North Coast,Glass House Mountains,Sunshine Coast Hinterland,Sunshine Coast,Inner Regional,Glass House,Fisher,State-controlled,Intersection - T-Junction,No traffic control,80 - 90 km/h,Sealed - Dry,Clear,Daylight,Straight,Level,705,Off Path-Straight:Out Of Control On Cway,Out of control on straight,N,0,1,0,0,1,0,1,0,0,0,0,0
338593,Hospitalisation,2021,June,Saturday,6,Angle,Multi-Vehicle,153.0449721,-26.77344144,Caloundra Rd,,,Meridan Plains,Sunshine Coast Region,4551,Beerwah,Sunshine Coast,North Coast,SEQ North,North Coast,Caloundra - West,Caloundra,Sunshine Coast,Major Cities,Caloundra,Fisher,Not coded,Intersection - Cross,Operating traffic lights,60 km/h,Sealed - Dry,Clear,Dawn/Dusk,Straight,Level,200,Veh'S Opposite Approach: Other,Other,,0,1,0,0,1,2,0,0,0,0,0,0
338594,Medical treatment,2021,June,Wednesday,9,Hit object,Single Vehicle,152.9209921,-26.91319351,Mt Beerwah Rd,,,Glass House Mountains,Sunshine Coast Region,4518,Beerwah,Sunshine Coast,North Coast,SEQ North,North Coast,Glass House Mountains,Sunshine Coast Hinterland,Sunshine Coast,Inner Regional,Glass House,Fisher,Locally-controlled,No Roadway Feature,No traffic control,60 km/h,Sealed - Wet,Clear,Daylight,Straight,Level,703,Off Path-Straight: Left Off Cway Hit Obj,Off carriageway on straight hit object,E,0,0,1,0,1,1,0,0,0,0,0,0
338595,Medical treatment,2021,June,Wednesday,15,Rear-end,Multi-Vehicle,153.0383633,-26.7740769,Steve Irwin Way,,,Glenview,Sunshine Coast Region,4553,Beerwah,Sunshine Coast,North Coast,SEQ North,North Coast,Landsborough,Sunshine Coast Hinterland,Sunshine Coast,Inner Regional,Caloundra,Fisher,Not coded,Merge Lane,No traffic control,60 km/h,Sealed - Dry,Clear,Daylight,Straight,Level,301,Veh'S Same Direction: Rear End,Rear-end,,0,0,1,0,1,2,0,0,0,0,0,0
338596,Medical treatment,2021,June,Tuesday,17,Angle,Multi-Vehicle,152.9548191,-26.89749843,Railway Pde,Sahara Rd,,Glass House Mountains,Sunshine Coast Region,4518,Beerwah,Sunshine Coast,North Coast,SEQ North,North Coast,Glass House Mountains,Sunshine Coast Hinterland,Sunshine Coast,Inner Regional,Glass House,Fisher,Locally-controlled,Intersection - T-Junction,Give way sign,60 km/h,Sealed - Dry,Clear,Dawn/Dusk,Straight,Level,104,Veh'S Adjacent Approach: Thru-Right,Intersection from adjacent approaches,W,0,0,1,0,1,2,0,0,0,0,0,0
338597,Minor injury,2021,June,Friday,17,Angle,Multi-Vehicle,152.9186881,-26.94901743,Beerburrum - Woodford Rd,Old Gympie Rd,,Beerburrum,Sunshine Coast Region,4517,Beerwah,Sunshine Coast,North Coast,SEQ North,North Coast,Glass House Mountains,Sunshine Coast Hinterland,Sunshine Coast,Inner Regional,Glass House,Fisher,Locally-controlled,Intersection - T-Junction,Give way sign,80 - 90 km/h,Sealed - Wet,Raining,Darkness - Not lighted,Curved - view open,Dip,202,Veh'S Opposite Approach: Thru-Right,Opposing vehicles turning,W,0,0,0,1,1,1,0,1,0,0,0,0
338598,Medical treatment,2021,June,Saturday,2,Hit object,Single Vehicle,152.9505998,-26.86258373,Woodgrove Blvd,,,Beerwah,Sunshine Coast Region,4519,Beerwah,Sunshine Coast,North Coast,SEQ North,North Coast,Beerwah,Sunshine Coast Hinterland,Sunshine Coast,Inner Regional,Caloundra,Fisher,Locally-controlled,No Roadway Feature,No traffic control,0 - 50 km/h,Sealed - Wet,Clear,Darkness - Lighted,Straight,Level,708,Off Path-Straight: Mounts Traffic Island,Off carriageway on straight hit object,S,0,0,3,1,4,1,0,0,0,0,0,0
338599,Minor injury,2021,June,Monday,9,Rear-end,Multi-Vehicle,153.0403211,-26.80689944,Bruce Hwy,,Bruce Highway (Brisbane - Gympie),Bells Creek,Sunshine Coast Region,4551,Beerwah,Sunshine Coast,North Coast,SEQ North,North Coast,Landsborough,Sunshine Coast Hinterland,Sunshine Coast,Inner Regional,Caloundra,Fisher,State-controlled,Median Opening,No traffic control,100 - 110 km/h,Sealed - Dry,Clear,Daylight,Straight,Level,301,Veh'S Same Direction: Rear End,Rear-end,S,0,0,0,2,2,4,0,0,0,0,0,0
338729,Hospitalisation,2021,January,Wednesday,6,Fall from vehicle,Single Vehicle,153.009079,-27.54063644,Sherwood Rd,,,Rocklea,Brisbane City,4106,Sherwood,South Brisbane,Brisbane,SEQ South,Metropolitan,Rocklea - Acacia Ridge,Rocklea - Acacia Ridge,Brisbane - South,Major Cities,Miller,Moreton,Locally-controlled,No Roadway Feature,No traffic control,60 km/h,Sealed - Dry,Clear,Daylight,Straight,Level,309,Veh'S Same Direction: Left Turn S/Swipe,Parallel lanes turning,W,0,1,0,0,1,0,1,1,0,0,0,0
338730,Medical treatment,2021,January,Monday,16,Angle,Multi-Vehicle,153.000388,-27.55356144,Dunn Rd,Grindle Rd,,Rocklea,Brisbane City,4106,Sherwood,South Brisbane,Brisbane,SEQ South,Metropolitan,Rocklea - Acacia Ridge,Rocklea - Acacia Ridge,Brisbane - South,Major Cities,Miller,Moreton,Locally-controlled,No Roadway Feature,No traffic control,60 km/h,Sealed - Dry,Clear,Daylight,Straight,Level,102,Veh'S Adjacent Approach: Right-Thru,Intersection from adjacent approaches,W,0,0,1,0,1,2,0,0,0,0,0,0
338731,Hospitalisation,2021,January,Tuesday,13,Sideswipe,Multi-Vehicle,153.003314,-27.53802536,Sherwood Rd,,,Rocklea,Brisbane City,4106,Sherwood,South Brisbane,Brisbane,SEQ South,Metropolitan,Rocklea - Acacia Ridge,Rocklea - Acacia Ridge,Brisbane - South,Major Cities,Miller,Moreton,Locally-controlled,No Roadway Feature,No traffic control,60 km/h,Sealed - Dry,Clear,Daylight,Straight,Level,307,Veh'S Same Direction: Lane Change Left,Lane changes,W,0,1,0,0,1,1,0,1,0,0,0,0
338732,Medical treatment,2021,January,Tuesday,9,Rear-end,Multi-Vehicle,152.9966541,-27.5352872,Sherwood Rd,,,Rocklea,Brisbane City,4106,Sherwood,South Brisbane,Brisbane,SEQ South,Metropolitan,Rocklea - Acacia Ridge,Rocklea - Acacia Ridge,Brisbane - South,Major Cities,Miller,Moreton,Locally-controlled,No Roadway Feature,No traffic control,60 km/h,Sealed - Dry,Clear,Daylight,Straight,Level,301,Veh'S Same Direction: Rear End,Rear-end,W,0,0,1,0,1,2,0,0,0,0,0,0
338733,Medical treatment,2021,January,Tuesday,17,Rear-end,Multi-Vehicle,153.000923,-27.55936744,Ipswich Mwy,,Cunningham Arterial Road (Ipswich Motorway),Rocklea,Brisbane City,4106,Moorooka,South Brisbane,Brisbane,SEQ South,Metropolitan,Rocklea - Acacia Ridge,Rocklea - Acacia Ridge,Brisbane - South,Major Cities,Miller,Moreton,State-controlled,No Roadway Feature,No traffic control,80 - 90 km/h,Sealed - Dry,Clear,Daylight,Straight,Level,301,Veh'S Same Direction: Rear End,Rear-end,E,0,0,1,0,1,2,0,0,0,0,0,0
338734,Hospitalisation,2021,January,Saturday,9,Hit pedestrian,Hit pedestrian,152.978824,-27.56207944,Enright St,Oxley Rd,,Oxley,Brisbane City,4075,Sherwood,South Brisbane,Brisbane,SEQ South,Metropolitan,Oxley (qld),Forest Lake - Oxley,Ipswich,Major Cities,Mount Ommaney,Moreton,Locally-controlled,No Roadway Feature,No traffic control,60 km/h,Sealed - Wet,Clear,Daylight,Straight,Level,0,Ped'N: Hit Other,Other,W,0,1,0,0,1,1,0,0,0,0,1,0
338735,Hospitalisation,2021,January,Saturday,9,Rear-end,Multi-Vehicle,153.009547,-27.54076144,Sherwood Rd,Sperling St,,Rocklea,Brisbane City,4106,Sherwood,South Brisbane,Brisbane,SEQ South,Metropolitan,Rocklea - Acacia Ridge,Rocklea - Acacia Ridge,Brisbane - South,Major Cities,Miller,Moreton,Locally-controlled,Intersection - T-Junction,No traffic control,60 km/h,Sealed - Dry,Clear,Daylight,Straight,Level,301,Veh'S Same Direction: Rear End,Rear-end,W,0,1,0,0,1,2,0,0,0,0,0,0
338736,Medical treatment,2021,February,Wednesday,8,Angle,Multi-Vehicle,152.98091,-27.54358844,Lynne Grove Ave,Oxley Rd,,Corinda,Brisbane City,4075,Sherwood,South Brisbane,Brisbane,SEQ South,Metropolitan,Corinda,Sherwood - Indooroopilly,Brisbane - West,Major Cities,Mount Ommaney,Moreton,Locally-controlled,Intersection - Cross,Operating traffic lights,60 km/h,Sealed - Dry,Clear,Daylight,Straight,Level,202,Veh'S Opposite Approach: Thru-Right,Opposing vehicles turning,N,0,0,1,0,1,2,0,0,0,0,0,0
338737,Hospitalisation,2021,February,Friday,9,Angle,Multi-Vehicle,152.977358,-27.52437444,Honour Ave,Long St W,,Graceville,Brisbane City,4075,Sherwood,South Brisbane,Brisbane,SEQ South,Metropolitan,Chelmer - Graceville,Sherwood - Indooroopilly,Brisbane - West,Major Cities,Miller,Moreton,Locally-controlled,Intersection - Cross,Give way sign,60 km/h,Sealed - Dry,Clear,Daylight,Straight,Dip,203,Veh'S Opposite Approach: Right-Left,Opposing vehicles turning,N,0,1,0,0,1,1,0,0,0,1,0,0
338738,Medical treatment,2021,February,Saturday,11,Rear-end,Multi-Vehicle,152.975741,-27.56703644,Ipswich Mwy,,Cunningham Arterial Road (Ipswich Motorway),Oxley,Brisbane City,4075,Mount Ommaney,South Brisbane,Brisbane,SEQ South,Metropolitan,Oxley (qld),Forest Lake - Oxley,Ipswich,Major Cities,Mount Ommaney,Oxley,State-controlled,No Roadway Feature,No traffic control,80 - 90 km/h,Sealed - Dry,Clear,Daylight,Straight,Crest,301,Veh'S Same Direction: Rear End,Rear-end,E,0,0,1,0,1,1,1,0,0,0,0,0
338739,Minor injury,2021,February,Monday,17,Rear-end,Multi-Vehicle,152.983177,-27.53136344,Oxley Rd,Skew St,,Sherwood,Brisbane City,4075,Sherwood,South Brisbane,Brisbane,SEQ South,Metropolitan,Sherwood,Sherwood - Indooroopilly,Brisbane - West,Major Cities,Miller,Moreton,Locally-controlled,Intersection - T-Junction,No traffic control,60 km/h,Sealed - Dry,Clear,Dawn/Dusk,Straight,Dip,301,Veh'S Same Direction: Rear End,Rear-end,S,0,0,0,1,1,2,0,0,0,0,0,0
338740,Minor injury,2021,February,Monday,15,Rear-end,Multi-Vehicle,153.010862,-27.54392944,Fairfield Rd,Ipswich Rd,,Rocklea,Brisbane City,4106,Sherwood,South Brisbane,Brisbane,SEQ South,Metropolitan,Rocklea - Acacia Ridge,Rocklea - Acacia Ridge,Brisbane - South,Major Cities,Miller,Moreton,Locally-controlled,Intersection - Interchange,No traffic control,60 km/h,Sealed - Dry,Clear,Daylight,Straight,Level,301,Veh'S Same Direction: Rear End,Rear-end,N,0,0,0,1,1,2,0,0,0,0,0,0
338741,Medical treatment,2021,March,Monday,13,Hit parked vehicle,Single Vehicle,152.972633,-27.51017644,Honour Ave,,,Chelmer,Brisbane City,4068,Sherwood,South Brisbane,Brisbane,SEQ South,Metropolitan,Chelmer - Graceville,Sherwood - Indooroopilly,Brisbane - West,Major Cities,Miller,Moreton,Locally-controlled,No Roadway Feature,No traffic control,60 km/h,Sealed - Dry,Clear,Daylight,Straight,Level,601,Veh'S On Path: Parked,Hit parked vehicle,S,0,0,1,0,1,4,0,0,0,0,0,0
338742,Minor injury,2021,March,Saturday,17,Angle,Multi-Vehicle,152.979997,-27.56626044,Blunder Rd,Ipswich Mwy,Cunningham Arterial Road (Ipswich Motorway),Oxley,Brisbane City,4075,Mount Ommaney,South Brisbane,Brisbane,SEQ South,Metropolitan,Oxley (qld),Forest Lake - Oxley,Ipswich,Major Cities,Mount Ommaney,Moreton,State-controlled,Intersection - Roundabout,Give way sign,60 km/h,Sealed - Dry,Clear,Daylight,Curved - view open,Level,101,Veh'S Adjacent Approach: Thru-Thru,Intersection from adjacent approaches,W,0,0,0,1,1,2,0,0,0,0,0,0
338743,Medical treatment,2021,March,Sunday,11,Rear-end,Multi-Vehicle,152.979088,-27.55351644,Cook St,Oxley Rd,,Oxley,Brisbane City,4075,Sherwood,South Brisbane,Brisbane,SEQ South,Metropolitan,Oxley (qld),Forest Lake - Oxley,Ipswich,Major Cities,Mount Ommaney,Moreton,Locally-controlled,Intersection - T-Junction,Give way sign,60 km/h,Sealed - Dry,Clear,Daylight,Straight,Level,302,Veh'S Same Direction: Left Rear,Rear-end,E,0,0,1,0,1,2,0,0,0,0,0,0
338744,Medical treatment,2021,March,Thursday,18,Hit parked vehicle,Single Vehicle,152.972563,-27.51012644,Honour Ave,,,Chelmer,Brisbane City,4068,Sherwood,South Brisbane,Brisbane,SEQ South,Metropolitan,Chelmer - Graceville,Sherwood - Indooroopilly,Brisbane - West,Major Cities,Miller,Moreton,Locally-controlled,No Roadway Feature,No traffic control,60 km/h,Sealed - Dry,Clear,Darkness - Lighted,Straight,Dip,601,Veh'S On Path: Parked,Hit parked vehicle,N,0,0,1,0,1,3,0,0,0,0,0,0
338745,Medical treatment,2021,April,Tuesday,12,Sideswipe,Multi-Vehicle,152.982131,-27.53693544,Oxley Rd,,,Corinda,Brisbane City,4075,Sherwood,South Brisbane,Brisbane,SEQ South,Metropolitan,Corinda,Sherwood - Indooroopilly,Brisbane - West,Major Cities,Mount Ommaney,Moreton,Locally-controlled,No Roadway Feature,No traffic control,60 km/h,Sealed - Dry,Clear,Daylight,Straight,Level,305,Veh'S Same Direction: Lane Side Swipe,Lane changes,N,0,0,1,0,1,2,0,0,0,0,0,0
338746,Minor injury,2021,April,Tuesday,17,Sideswipe,Multi-Vehicle,153.003318,-27.52480044,Dexter St,King Arthur Tce,,Tennyson,Brisbane City,4105,Sherwood,South Brisbane,Brisbane,SEQ South,Metropolitan,Yeronga,Holland Park - Yeronga,Brisbane - South,Major Cities,Miller,Moreton,Locally-controlled,Intersection - T-Junction,No traffic control,60 km/h,Sealed - Dry,Clear,Dawn/Dusk,Curved - view open,Level,408,Veh'S Manoeuvring: Entering From Footway,Vehicle leaving driveway,W,0,0,0,1,1,1,0,0,0,1,0,0
338747,Medical treatment,2021,April,Tuesday,8,Angle,Multi-Vehicle,153.0002698,-27.55951825,Ipswich Mwy,,Cunningham Arterial Road (Ipswich Motorway),Rocklea,Brisbane City,4106,Moorooka,South Brisbane,Brisbane,SEQ South,Metropolitan,Rocklea - Acacia Ridge,Rocklea - Acacia Ridge,Brisbane - South,Major Cities,Miller,Moreton,State-controlled,No Roadway Feature,No traffic control,80 - 90 km/h,Sealed - Dry,Clear,Daylight,Straight,Level,307,Veh'S Same Direction: Lane Change Left,Lane changes,W,0,0,1,0,1,1,0,1,0,0,0,0
338748,Hospitalisation,2021,April,Saturday,17,Hit object,Single Vehicle,152.965771,-27.55863944,Masterton St,,,Oxley,Brisbane City,4075,Sherwood,South Brisbane,Brisbane,SEQ South,Metropolitan,Oxley (qld),Forest Lake - Oxley,Ipswich,Major Cities,Mount Ommaney,Moreton,Locally-controlled,No Roadway Feature,No traffic control,0 - 50 km/h,Sealed - Dry,Clear,Daylight,Straight,Dip,400,Veh'S Manoeuvring: Other,Other,S,0,1,0,0,1,1,0,0,0,0,0,0
338749,Hospitalisation,2021,May,Friday,7,Angle,Multi-Vehicle,152.987241,-27.53152944,Egmont St,Hall St,,Sherwood,Brisbane City,4075,Sherwood,South Brisbane,Brisbane,SEQ South,Metropolitan,Sherwood,Sherwood - Indooroopilly,Brisbane - West,Major Cities,Miller,Moreton,Locally-controlled,Intersection - Roundabout,Give way sign,0 - 50 km/h,Sealed - Dry,Clear,Daylight,Straight,Dip,104,Veh'S Adjacent Approach: Thru-Right,Intersection from adjacent approaches,N,0,1,0,0,1,1,0,0,0,1,0,0
338750,Medical treatment,2021,May,Tuesday,8,Rear-end,Multi-Vehicle,152.974638,-27.54842044,Ardoyne Rd,Cliveden Ave,,Oxley,Brisbane City,4075,Sherwood,South Brisbane,Brisbane,SEQ South,Metropolitan,Corinda,Sherwood - Indooroopilly,Brisbane - West,Major Cities,Mount Ommaney,Moreton,Locally-controlled,Intersection - Cross,No traffic control,0 - 50 km/h,Sealed - Dry,Clear,Daylight,Straight,Grade,300,Veh'S Same Direction: Other,Other,S,0,0,1,0,1,2,0,0,0,0,0,0
338751,Medical treatment,2021,May,Thursday,15,Sideswipe,Multi-Vehicle,153.0009638,-27.55948549,Ipswich Mwy,,Cunningham Arterial Road (Ipswich Motorway),Rocklea,Brisbane City,4106,Moorooka,South Brisbane,Brisbane,SEQ South,Metropolitan,Rocklea - Acacia Ridge,Rocklea - Acacia Ridge,Brisbane - South,Major Cities,Algester,Moreton,State-controlled,No Roadway Feature,No traffic control,80 - 90 km/h,Sealed - Dry,Clear,Daylight,Straight,Level,307,Veh'S Same Direction: Lane Change Left,Lane changes,W,0,0,1,0,1,1,0,0,0,0,0,1