Crash_Severity,Crash_Year,Crash_Month,Crash_Day_Of_Week,Crash_Hour,Crash_Nature,Crash_Type,Crash_Longitude,Crash_Latitude,Crash_Street,Crash_Street_Intersecting,State_Road_Name,Loc_Suburb,Loc_Local_Government_Area,Loc_Post_Code,Loc_Police_Division,Loc_Police_District,Loc_Police_Region,Loc_Queensland_Transport_Region,Loc_Main_Roads_Region,Loc_ABS_Statistical_Area_2,Loc_ABS_Statistical_Area_3,Loc_ABS_Statistical_Area_4,Loc_ABS_Remoteness,Loc_State_Electorate,Loc_Federal_Electorate,Crash_Controlling_Authority,Crash_Roadway_Feature,Crash_Traffic_Control,Crash_Speed_Limit,Crash_Road_Surface_Condition,Crash_Atmospheric_Condition,Crash_Lighting_Condition,Crash_Road_Horiz_Align,Crash_Road_Vert_Align,Crash_DCA_Code,Crash_DCA_Description,Crash_DCA_Group_Description,DCA_Key_Approach_Dir,Count_Casualty_Fatality,Count_Casualty_Hospitalised,Count_Casualty_MedicallyTreated,Count_Casualty_MinorInjury,Count_Casualty_Total,Count_Unit_Car,Count_Unit_Motorcycle_Moped,Count_Unit_Truck,Count_Unit_Bus,Count_Unit_Bicycle,Count_Unit_Pedestrian,Count_Unit_Other,
338752,Medical treatment,2021,May,Monday,18,Rear-end,Multi-Vehicle,153.008114,-27.55602644,Cunningham Arterial Rd,Granard Rd,Griffith Arterial Road,Rocklea,Brisbane City,4106,Moorooka,South Brisbane,Brisbane,SEQ South,Metropolitan,Rocklea - Acacia Ridge,Rocklea - Acacia Ridge,Brisbane - South,Major Cities,Miller,Moreton,State-controlled,Intersection - Interchange,Operating traffic lights,70 km/h,Sealed - Dry,Clear,Daylight,Curved - view open,Level,307,Veh'S Same Direction: Lane Change Left,Lane changes,E,0,0,1,0,1,1,1,0,0,0,0,0
338753,Medical treatment,2021,June,Sunday,11,Rear-end,Multi-Vehicle,152.982286,-27.53633244,Jerrold St,Oxley Rd,,Sherwood,Brisbane City,4075,Sherwood,South Brisbane,Brisbane,SEQ South,Metropolitan,Sherwood,Sherwood - Indooroopilly,Brisbane - West,Major Cities,Mount Ommaney,Moreton,Locally-controlled,Intersection - T-Junction,No traffic control,60 km/h,Sealed - Dry,Clear,Daylight,Straight,Level,301,Veh'S Same Direction: Rear End,Rear-end,S,0,0,2,0,2,3,0,0,0,0,0,0
338754,Medical treatment,2021,June,Thursday,20,Angle,Multi-Vehicle,152.97937,-27.52081244,Oxley Rd,Verney Rd E,,Graceville,Brisbane City,4075,Sherwood,South Brisbane,Brisbane,SEQ South,Metropolitan,Chelmer - Graceville,Sherwood - Indooroopilly,Brisbane - West,Major Cities,Miller,Moreton,Locally-controlled,Intersection - Cross,Give way sign,60 km/h,Sealed - Dry,Clear,Darkness - Lighted,Straight,Level,101,Veh'S Adjacent Approach: Thru-Thru,Intersection from adjacent approaches,S,0,0,1,0,1,1,0,0,0,1,0,0
338755,Hospitalisation,2021,June,Monday,8,Rear-end,Multi-Vehicle,152.978375,-27.56059944,Oxley Rd,,,Oxley,Brisbane City,4075,Sherwood,South Brisbane,Brisbane,SEQ South,Metropolitan,Oxley (qld),Forest Lake - Oxley,Ipswich,Major Cities,Mount Ommaney,Moreton,Locally-controlled,No Roadway Feature,No traffic control,0 - 50 km/h,Sealed - Dry,Clear,Daylight,Straight,Level,301,Veh'S Same Direction: Rear End,Rear-end,N,0,1,0,0,1,3,0,0,0,0,0,0
338756,Medical treatment,2021,June,Saturday,10,Rear-end,Multi-Vehicle,152.977616,-27.56656944,Cunningham Arterial Rd,,Cunningham Arterial Road (Ipswich Motorway),Oxley,Brisbane City,4075,Sherwood,South Brisbane,Brisbane,SEQ South,Metropolitan,Oxley (qld),Forest Lake - Oxley,Ipswich,Major Cities,Mount Ommaney,Oxley,State-controlled,Intersection - Interchange,No traffic control,80 - 90 km/h,Sealed - Dry,Clear,Daylight,Straight,Level,300,Veh'S Same Direction: Other,Other,E,0,0,1,0,1,2,0,0,0,0,0,0
338868,Hospitalisation,2021,June,Friday,15,Hit pedestrian,Hit pedestrian,153.4109949,-27.96299149,Scarborough St,,,Southport,Gold Coast City,4215,Southport,Gold Coast,South Eastern,SEQ South,South Coast,Southport - North,Southport,Gold Coast,Major Cities,Southport,Moncrieff,Locally-controlled,Median Opening,Pedestrian crossing sign,0 - 50 km/h,Sealed - Dry,Clear,Daylight,Straight,Grade,3,Ped'N: Far Side Vehicle Hit From Left,Pedestrian,S,0,1,0,0,1,1,0,0,0,0,1,0
338869,Medical treatment,2021,June,Friday,6,Angle,Multi-Vehicle,153.4142779,-27.99753749,Slatyer Ave,Thomas Dr,Southport - Burleigh Road,Southport,Gold Coast City,4215,Southport,Gold Coast,South Eastern,SEQ South,South Coast,Southport - South,Southport,Gold Coast,Major Cities,Southport,Moncrieff,State-controlled,Intersection - Cross,Operating traffic lights,60 km/h,Sealed - Dry,Clear,Daylight,Straight,Level,202,Veh'S Opposite Approach: Thru-Right,Opposing vehicles turning,N,0,0,1,0,1,2,0,0,0,0,0,0
338870,Medical treatment,2021,June,Saturday,15,Rear-end,Multi-Vehicle,153.4118829,-27.98646549,Ferry Rd,,Southport - Burleigh Road,Southport,Gold Coast City,4215,Southport,Gold Coast,South Eastern,SEQ South,South Coast,Southport - South,Southport,Gold Coast,Major Cities,Southport,Moncrieff,State-controlled,No Roadway Feature,No traffic control,60 km/h,Sealed - Dry,Clear,Daylight,Curved - view open,Grade,302,Veh'S Same Direction: Left Rear,Rear-end,N,0,0,2,0,2,3,0,0,0,0,0,0
338871,Medical treatment,2021,June,Wednesday,17,Rear-end,Multi-Vehicle,153.381549,-27.95860478,Hollows Wy,,,Southport,Gold Coast City,4215,Southport,Gold Coast,South Eastern,SEQ South,South Coast,Southport - North,Southport,Gold Coast,Major Cities,Bonney,Moncrieff,Locally-controlled,No Roadway Feature,No traffic control,0 - 50 km/h,Sealed - Dry,Clear,Darkness - Lighted,Straight,Level,302,Veh'S Same Direction: Left Rear,Rear-end,,0,0,1,0,1,2,0,0,0,0,0,0
338872,Medical treatment,2021,June,Thursday,8,Angle,Multi-Vehicle,153.3926269,-27.99641649,Benowa Rd,Heeb St,,Ashmore,Gold Coast City,4214,Southport,Gold Coast,South Eastern,SEQ South,South Coast,Ashmore,Southport,Gold Coast,Major Cities,Southport,Moncrieff,Locally-controlled,Intersection - T-Junction,Pedestrian crossing sign,60 km/h,Sealed - Dry,Clear,Daylight,Curved - view open,Level,408,Veh'S Manoeuvring: Entering From Footway,Vehicle leaving driveway,E,0,0,1,0,1,1,0,0,0,1,0,0
338873,Minor injury,2021,June,Friday,16,Rear-end,Multi-Vehicle,153.4108645,-27.98253875,Ferry Rd,,Southport - Burleigh Road,Southport,Gold Coast City,4215,Southport,Gold Coast,South Eastern,SEQ South,South Coast,Southport - South,Southport,Gold Coast,Major Cities,Southport,Moncrieff,State-controlled,No Roadway Feature,No traffic control,60 km/h,Sealed - Dry,Clear,Daylight,Straight,Level,301,Veh'S Same Direction: Rear End,Rear-end,N,0,0,0,1,1,2,0,0,0,0,0,0
338874,Medical treatment,2021,June,Saturday,11,Rear-end,Multi-Vehicle,153.3971969,-27.97873749,Kuranga Ave,Nyora St,,Southport,Gold Coast City,4215,Southport,Gold Coast,South Eastern,SEQ South,South Coast,Southport - South,Southport,Gold Coast,Major Cities,Southport,Moncrieff,Locally-controlled,Intersection - T-Junction,No traffic control,0 - 50 km/h,Sealed - Dry,Clear,Daylight,Curved - view open,Level,404,Veh'S Manoeuvring: Reversing,Hit parked vehicle,N,0,0,1,0,1,2,0,0,0,0,0,0
338875,Medical treatment,2021,June,Monday,14,Rear-end,Multi-Vehicle,153.4024999,-27.96296849,Smith St,,Smith Street Connection,Southport,Gold Coast City,4215,Southport,Gold Coast,South Eastern,SEQ South,South Coast,Southport - North,Southport,Gold Coast,Major Cities,Bonney,Moncrieff,State-controlled,No Roadway Feature,Pedestrian operated lights,60 km/h,Sealed - Dry,Clear,Daylight,Straight,Grade,301,Veh'S Same Direction: Rear End,Rear-end,W,0,0,1,0,1,1,1,0,0,0,0,0
338876,Medical treatment,2021,June,Saturday,13,Angle,Multi-Vehicle,153.3618049,-27.96888548,Export Dr,Production Ave,,Molendinar,Gold Coast City,4214,Southport,Gold Coast,South Eastern,SEQ South,South Coast,Molendinar,Southport,Gold Coast,Major Cities,Southport,Moncrieff,Locally-controlled,Intersection - T-Junction,Give way sign,60 km/h,Sealed - Dry,Clear,Daylight,Curved - view open,Grade,104,Veh'S Adjacent Approach: Thru-Right,Intersection from adjacent approaches,N,0,0,1,0,1,1,1,0,0,0,0,0
338877,Hospitalisation,2021,June,Tuesday,8,Rear-end,Multi-Vehicle,153.3908379,-27.97614949,Southport - Nerang Rd,Wardoo St,Southport - Nerang Road,Ashmore,Gold Coast City,4214,Southport,Gold Coast,South Eastern,SEQ South,South Coast,Ashmore,Southport,Gold Coast,Major Cities,Southport,Moncrieff,State-controlled,Intersection - T-Junction,Give way sign,70 km/h,Sealed - Dry,Clear,Daylight,Straight,Crest,302,Veh'S Same Direction: Left Rear,Rear-end,W,0,1,0,0,1,2,0,0,0,0,0,0
338878,Hospitalisation,2021,June,Tuesday,16,Rear-end,Multi-Vehicle,153.3723289,-27.97000748,Crestwood Dr,Grasstree Wy,,Molendinar,Gold Coast City,4214,Southport,Gold Coast,South Eastern,SEQ South,South Coast,Molendinar,Southport,Gold Coast,Major Cities,Southport,Moncrieff,Locally-controlled,Intersection - T-Junction,No traffic control,0 - 50 km/h,Sealed - Dry,Clear,Daylight,Straight,Crest,303,Veh'S Same Direction: Right Rear,Rear-end,W,0,1,0,0,1,1,0,0,0,1,0,0
338879,Hospitalisation,2021,June,Wednesday,8,Angle,Multi-Vehicle,153.3887109,-27.98736649,Cotlew St,Parasol St,,Ashmore,Gold Coast City,4214,Southport,Gold Coast,South Eastern,SEQ South,South Coast,Ashmore,Southport,Gold Coast,Major Cities,Southport,Moncrieff,Locally-controlled,Intersection - T-Junction,Give way sign,60 km/h,Sealed - Wet,Raining,Daylight,Straight,Crest,104,Veh'S Adjacent Approach: Thru-Right,Intersection from adjacent approaches,W,0,1,1,0,2,2,0,0,0,0,0,0
338880,Hospitalisation,2021,June,Saturday,3,Hit object,Single Vehicle,153.3602488,-27.92662935,Brisbane Rd,,Gold Coast Highway (Helensvale - Southport),Arundel,Gold Coast City,4214,Runaway Bay,Gold Coast,South Eastern,SEQ South,South Coast,Arundel,Gold Coast - North,Gold Coast,Major Cities,Bonney,Fadden,State-controlled,No Roadway Feature,No traffic control,70 km/h,Sealed - Dry,Clear,Darkness - Lighted,Curved - view open,Crest,808,Off Path-Curve: Mounts Traffic Island,Off carriageway on curve hit object,W,0,1,0,0,1,1,0,0,0,0,0,0
338881,Hospitalisation,2021,June,Saturday,6,Hit parked vehicle,Single Vehicle,153.3935932,-27.94724529,Central St,,,Labrador,Gold Coast City,4215,Southport,Gold Coast,South Eastern,SEQ South,South Coast,Labrador,Gold Coast - North,Gold Coast,Major Cities,Bonney,Fadden,Locally-controlled,No Roadway Feature,No traffic control,60 km/h,Sealed - Dry,Clear,Dawn/Dusk,Straight,Level,703,Off Path-Straight: Left Off Cway Hit Obj,Off carriageway on straight hit object,W,0,1,0,0,1,1,0,1,0,0,0,0
338882,Medical treatment,2021,June,Sunday,15,Rear-end,Multi-Vehicle,153.3956939,-27.95575649,Musgrave Ave,,,Southport,Gold Coast City,4215,Southport,Gold Coast,South Eastern,SEQ South,South Coast,Southport - North,Southport,Gold Coast,Major Cities,Bonney,Moncrieff,Locally-controlled,No Roadway Feature,No traffic control,0 - 50 km/h,Sealed - Dry,Clear,Daylight,Straight,Level,301,Veh'S Same Direction: Rear End,Rear-end,W,0,0,1,2,3,3,0,0,0,0,0,0
338883,Minor injury,2021,June,Monday,13,Rear-end,Multi-Vehicle,153.3841363,-27.97647424,Southport - Nerang Rd,,Southport - Nerang Road,Southport,Gold Coast City,4215,Southport,Gold Coast,South Eastern,SEQ South,South Coast,Southport - North,Southport,Gold Coast,Major Cities,Southport,Moncrieff,State-controlled,No Roadway Feature,No traffic control,60 km/h,Sealed - Dry,Clear,Daylight,Straight,Level,301,Veh'S Same Direction: Rear End,Rear-end,E,0,0,0,1,1,2,0,0,0,0,0,0
339268,Hospitalisation,2021,January,Friday,5,Hit object,Single Vehicle,152.6711853,-25.51339439,Bruce Hwy,,Bruce Highway (Maryborough - Gin Gin),Maryborough West,Fraser Coast Region,4650,Maryborough,Wide Bay Burnett,North Coast,Southern,Southern Queensland,Maryborough (qld),Maryborough,Wide Bay,Inner Regional,Maryborough,Wide Bay,State-controlled,No Roadway Feature,No traffic control,80 - 90 km/h,Sealed - Dry,Clear,Dawn/Dusk,Curved - view open,Level,808,Off Path-Curve: Mounts Traffic Island,Off carriageway on curve hit object,N,0,1,0,0,1,1,0,0,0,0,0,0
339269,Hospitalisation,2021,January,Friday,10,Angle,Multi-Vehicle,152.6908983,-25.5343014,Alice St,Pallas St,Maryborough - Biggenden Road,Maryborough,Fraser Coast Region,4650,Maryborough,Wide Bay Burnett,North Coast,Southern,Southern Queensland,Maryborough (qld),Maryborough,Wide Bay,Inner Regional,Maryborough,Wide Bay,State-controlled,Intersection - Cross,Stop sign,60 km/h,Sealed - Dry,Clear,Daylight,Straight,Level,101,Veh'S Adjacent Approach: Thru-Thru,Intersection from adjacent approaches,W,0,1,1,0,2,2,0,0,0,0,0,0
339270,Hospitalisation,2021,January,Tuesday,10,Angle,Multi-Vehicle,152.6950753,-25.5361284,Ferry St,Meredith St,Maryborough - Hervey Bay Road,Maryborough,Fraser Coast Region,4650,Maryborough,Wide Bay Burnett,North Coast,Southern,Southern Queensland,Maryborough (qld),Maryborough,Wide Bay,Inner Regional,Maryborough,Wide Bay,State-controlled,Intersection - Cross,No traffic control,60 km/h,Sealed - Dry,Clear,Daylight,Straight,Level,202,Veh'S Opposite Approach: Thru-Right,Opposing vehicles turning,S,0,1,0,0,1,2,0,0,0,0,0,0
339271,Medical treatment,2021,January,Thursday,17,Angle,Multi-Vehicle,152.6671493,-25.54709039,Central Rd,Tulipwood Dr,,Tinana,Fraser Coast Region,4650,Maryborough,Wide Bay Burnett,North Coast,Southern,Southern Queensland,Tinana,Maryborough,Wide Bay,Inner Regional,Maryborough,Wide Bay,Locally-controlled,Intersection - T-Junction,No traffic control,80 - 90 km/h,Sealed - Dry,Clear,Daylight,Straight,Grade,104,Veh'S Adjacent Approach: Thru-Right,Intersection from adjacent approaches,W,0,0,1,0,1,2,0,0,0,0,0,0
339272,Hospitalisation,2021,January,Sunday,13,Angle,Multi-Vehicle,152.7032363,-25.5435594,March St,Maryborough - Cooloola Rd,Maryborough - Cooloola Road,Maryborough,Fraser Coast Region,4650,Maryborough,Wide Bay Burnett,North Coast,Southern,Southern Queensland,Maryborough (qld),Maryborough,Wide Bay,Inner Regional,Maryborough,Wide Bay,State-controlled,Intersection - Cross,Stop sign,60 km/h,Sealed - Dry,Clear,Daylight,Straight,Level,101,Veh'S Adjacent Approach: Thru-Thru,Intersection from adjacent approaches,E,0,1,0,0,1,2,0,0,0,0,0,0
339273,Hospitalisation,2021,January,Wednesday,15,Rear-end,Multi-Vehicle,152.6976153,-25.5391374,Maryborough - Cooloola Rd,,Maryborough - Cooloola Road,Maryborough,Fraser Coast Region,4650,Maryborough,Wide Bay Burnett,North Coast,Southern,Southern Queensland,Maryborough (qld),Maryborough,Wide Bay,Inner Regional,Maryborough,Wide Bay,State-controlled,No Roadway Feature,No traffic control,60 km/h,Sealed - Dry,Clear,Daylight,Straight,Level,400,Veh'S Manoeuvring: Other,Other,S,0,1,0,0,1,1,1,0,0,0,0,0
339274,Minor injury,2021,January,Wednesday,17,Rear-end,Multi-Vehicle,152.7015123,-25.5346134,John St,Sussex St,,Maryborough,Fraser Coast Region,4650,Maryborough,Wide Bay Burnett,North Coast,Southern,Southern Queensland,Maryborough (qld),Maryborough,Wide Bay,Inner Regional,Maryborough,Wide Bay,Locally-controlled,Intersection - Cross,Operating traffic lights,60 km/h,Sealed - Dry,Clear,Daylight,Straight,Level,301,Veh'S Same Direction: Rear End,Rear-end,N,0,0,0,1,1,2,0,0,0,0,0,0
339275,Hospitalisation,2021,February,Thursday,9,Angle,Multi-Vehicle,152.6925853,-25.5355804,Alice St,Tooley St,Maryborough - Biggenden Road,Maryborough,Fraser Coast Region,4650,Maryborough,Wide Bay Burnett,North Coast,Southern,Southern Queensland,Maryborough (qld),Maryborough,Wide Bay,Inner Regional,Maryborough,Wide Bay,State-controlled,Intersection - Cross,Stop sign,60 km/h,Sealed - Dry,Clear,Daylight,Straight,Level,101,Veh'S Adjacent Approach: Thru-Thru,Intersection from adjacent approaches,S,0,1,0,0,1,2,0,0,0,0,0,0
339276,Minor injury,2021,February,Monday,3,Hit object,Single Vehicle,152.663688,-25.49063819,Bruce Hwy,,Bruce Highway (Maryborough - Gin Gin),Maryborough West,Fraser Coast Region,4650,Maryborough,Wide Bay Burnett,North Coast,Southern,Southern Queensland,Maryborough (qld),Maryborough,Wide Bay,Inner Regional,Maryborough,Wide Bay,State-controlled,No Roadway Feature,No traffic control,100 - 110 km/h,Sealed - Dry,Clear,Darkness - Not lighted,Straight,Level,703,Off Path-Straight: Left Off Cway Hit Obj,Off carriageway on straight hit object,N,0,0,0,1,1,1,0,0,0,0,0,0
339277,Hospitalisation,2021,February,Thursday,1,Hit object,Single Vehicle,152.6925853,-25.5355804,Alice St,Tooley St,Maryborough - Biggenden Road,Maryborough,Fraser Coast Region,4650,Maryborough,Wide Bay Burnett,North Coast,Southern,Southern Queensland,Maryborough (qld),Maryborough,Wide Bay,Inner Regional,Maryborough,Wide Bay,State-controlled,Intersection - Cross,No traffic control,60 km/h,Sealed - Wet,Clear,Darkness - Lighted,Straight,Level,703,Off Path-Straight: Left Off Cway Hit Obj,Off carriageway on straight hit object,N,0,6,0,0,6,1,0,0,0,0,0,0
339278,Medical treatment,2021,February,Thursday,10,Angle,Multi-Vehicle,152.6981393,-25.5294564,Tooley St,Walker St,,Maryborough,Fraser Coast Region,4650,Maryborough,Wide Bay Burnett,North Coast,Southern,Southern Queensland,Maryborough (qld),Maryborough,Wide Bay,Inner Regional,Maryborough,Wide Bay,Locally-controlled,Intersection - Cross,Stop sign,60 km/h,Sealed - Dry,Clear,Daylight,Straight,Level,101,Veh'S Adjacent Approach: Thru-Thru,Intersection from adjacent approaches,N,0,0,1,0,1,2,0,0,0,0,0,0
339279,Minor injury,2021,February,Saturday,7,Angle,Multi-Vehicle,152.6858963,-25.5202464,Jupiter St,Walker St,,Maryborough,Fraser Coast Region,4650,Maryborough,Wide Bay Burnett,North Coast,Southern,Southern Queensland,Maryborough (qld),Maryborough,Wide Bay,Inner Regional,Maryborough,Wide Bay,Locally-controlled,Intersection - Cross,Stop sign,60 km/h,Sealed - Dry,Clear,Daylight,Straight,Level,101,Veh'S Adjacent Approach: Thru-Thru,Intersection from adjacent approaches,S,0,0,0,1,1,2,0,0,0,0,0,0
339280,Minor injury,2021,February,Monday,5,Head-on,Multi-Vehicle,152.6753613,-25.55285939,Gympie Rd,Kelvin Grove St,Maryborough - Hervey Bay Road,Tinana,Fraser Coast Region,4650,Maryborough,Wide Bay Burnett,North Coast,Southern,Southern Queensland,Tinana,Maryborough,Wide Bay,Inner Regional,Maryborough,Wide Bay,State-controlled,Intersection - T-Junction,No traffic control,60 km/h,Sealed - Wet,Clear,Daylight,Straight,Dip,202,Veh'S Opposite Approach: Thru-Right,Opposing vehicles turning,S,0,0,0,1,1,3,0,1,0,0,0,0
339281,Medical treatment,2021,February,Tuesday,8,Angle,Multi-Vehicle,152.7001363,-25.5438294,Albert St,Richmond St,,Maryborough,Fraser Coast Region,4650,Maryborough,Wide Bay Burnett,North Coast,Southern,Southern Queensland,Maryborough (qld),Maryborough,Wide Bay,Inner Regional,Maryborough,Wide Bay,Locally-controlled,Intersection - Cross,Stop sign,60 km/h,Sealed - Dry,Clear,Daylight,Straight,Level,101,Veh'S Adjacent Approach: Thru-Thru,Intersection from adjacent approaches,S,0,0,1,0,1,2,0,0,0,0,0,0
339282,Medical treatment,2021,February,Wednesday,12,Rear-end,Multi-Vehicle,152.6753613,-25.55285939,Gympie Rd,Kelvin Grove St,Maryborough - Hervey Bay Road,Tinana,Fraser Coast Region,4650,Maryborough,Wide Bay Burnett,North Coast,Southern,Southern Queensland,Tinana,Maryborough,Wide Bay,Inner Regional,Maryborough,Wide Bay,State-controlled,Intersection - T-Junction,No traffic control,60 km/h,Sealed - Dry,Clear,Daylight,Straight,Level,303,Veh'S Same Direction: Right Rear,Rear-end,S,0,0,1,0,1,2,0,0,0,0,0,0
339283,Minor injury,2021,March,Monday,15,Angle,Multi-Vehicle,152.6911903,-25.5371254,Albert St,Tooley St,,Maryborough,Fraser Coast Region,4650,Maryborough,Wide Bay Burnett,North Coast,Southern,Southern Queensland,Maryborough (qld),Maryborough,Wide Bay,Inner Regional,Maryborough,Wide Bay,Locally-controlled,Intersection - Cross,Give way sign,60 km/h,Sealed - Dry,Clear,Daylight,Straight,Level,101,Veh'S Adjacent Approach: Thru-Thru,Intersection from adjacent approaches,E,0,0,0,1,1,2,0,0,0,0,0,0
339284,Fatal,2021,March,Wednesday,14,Head-on,Multi-Vehicle,152.2644943,-25.60369535,Maryborough - Biggenden Rd,,Maryborough - Biggenden Road,Brooweena,Fraser Coast Region,4620,Biggenden,Wide Bay Burnett,North Coast,Southern,Southern Queensland,Maryborough Region - South,Maryborough,Wide Bay,Inner Regional,Maryborough,Wide Bay,State-controlled,Bridge/Causeway,No traffic control,100 - 110 km/h,Sealed - Dry,Clear,Daylight,Curved - view open,Level,201,Veh'S Opposite Approach: Head On,Head-on,W,1,0,0,0,1,1,0,1,0,0,0,0
339285,Hospitalisation,2021,March,Sunday,18,Angle,Multi-Vehicle,152.6943993,-25.5368414,Alice St,Ferry St,Maryborough - Hervey Bay Road,Maryborough,Fraser Coast Region,4650,Maryborough,Wide Bay Burnett,North Coast,Southern,Southern Queensland,Maryborough (qld),Maryborough,Wide Bay,Inner Regional,Maryborough,Wide Bay,State-controlled,Intersection - Cross,Operating traffic lights,60 km/h,Sealed - Wet,Raining,Darkness - Lighted,Straight,Level,101,Veh'S Adjacent Approach: Thru-Thru,Intersection from adjacent approaches,W,0,3,0,0,3,2,0,0,0,0,0,0
339286,Hospitalisation,2021,March,Friday,7,Hit parked vehicle,Single Vehicle,152.7107343,-25.5049064,Saltwater Creek Rd,,Maryborough - Hervey Bay Road,St Helens,Fraser Coast Region,4650,Maryborough,Wide Bay Burnett,North Coast,Southern,Southern Queensland,Maryborough (qld),Maryborough,Wide Bay,Inner Regional,Maryborough,Wide Bay,State-controlled,No Roadway Feature,No traffic control,80 - 90 km/h,Sealed - Dry,Clear,Daylight,Straight,Level,608,Veh'S On Path: Accident Or Broken Down,Hit parked vehicle,N,0,1,1,0,2,2,0,0,0,0,0,0
339287,Hospitalisation,2021,March,Sunday,19,Hit object,Single Vehicle,152.6687413,-25.51947439,Alma St,Bruce Hwy Off Ramp,Maryborough - Biggenden Road,Maryborough West,Fraser Coast Region,4650,Maryborough,Wide Bay Burnett,North Coast,Southern,Southern Queensland,Maryborough (qld),Maryborough,Wide Bay,Inner Regional,Maryborough,Wide Bay,State-controlled,Intersection - Roundabout,Give way sign,60 km/h,Sealed - Dry,Clear,Darkness - Lighted,Curved - view obscured,Level,803,Off Path-Curve: Off Cway Rt Bend Hit Obj,Off carriageway on curve hit object,S,0,2,0,0,2,1,0,0,0,0,0,0
339288,Minor injury,2021,April,Thursday,19,Sideswipe,Multi-Vehicle,152.6908983,-25.5343014,Alice St,Pallas St,Maryborough - Biggenden Road,Maryborough,Fraser Coast Region,4650,Maryborough,Wide Bay Burnett,North Coast,Southern,Southern Queensland,Maryborough (qld),Maryborough,Wide Bay,Inner Regional,Maryborough,Wide Bay,State-controlled,Intersection - Cross,Stop sign,60 km/h,Sealed - Dry,Clear,Darkness - Not lighted,Straight,Level,101,Veh'S Adjacent Approach: Thru-Thru,Intersection from adjacent approaches,W,0,0,0,1,1,2,0,0,0,0,0,0
339289,Medical treatment,2021,April,Thursday,12,Rear-end,Multi-Vehicle,152.696257,-25.5347017,Ferry St,,Maryborough - Hervey Bay Road,Maryborough,Fraser Coast Region,4650,Maryborough,Wide Bay Burnett,North Coast,Southern,Southern Queensland,Maryborough (qld),Maryborough,Wide Bay,Inner Regional,Maryborough,Wide Bay,State-controlled,No Roadway Feature,No traffic control,60 km/h,Sealed - Dry,Clear,Daylight,Straight,Crest,301,Veh'S Same Direction: Rear End,Rear-end,N,0,0,1,0,1,2,0,0,0,0,0,0
339290,Hospitalisation,2021,April,Friday,10,Rear-end,Multi-Vehicle,152.6890113,-25.5426494,Ferry St,,Maryborough - Hervey Bay Road,Maryborough,Fraser Coast Region,4650,Maryborough,Wide Bay Burnett,North Coast,Southern,Southern Queensland,Maryborough (qld),Maryborough,Wide Bay,Inner Regional,Maryborough,Wide Bay,State-controlled,No Roadway Feature,No traffic control,60 km/h,Sealed - Dry,Clear,Daylight,Straight,Level,303,Veh'S Same Direction: Right Rear,Rear-end,N,0,1,0,1,2,3,0,0,0,0,0,0
339291,Hospitalisation,2021,April,Saturday,9,Head-on,Multi-Vehicle,152.7036111,-25.53827875,Bazaar St,,,Maryborough,Fraser Coast Region,4650,Maryborough,Wide Bay Burnett,North Coast,Southern,Southern Queensland,Maryborough (qld),Maryborough,Wide Bay,Inner Regional,Maryborough,Wide Bay,Locally-controlled,Intersection - Cross,Operating traffic lights,0 - 50 km/h,Sealed - Dry,Clear,Daylight,Straight,Level,201,Veh'S Opposite Approach: Head On,Head-on,S,0,2,0,1,3,4,0,0,0,0,0,0
339292,Minor injury,2021,April,Saturday,11,Angle,Multi-Vehicle,152.6946093,-25.5396694,Albert St,Fort St,,Maryborough,Fraser Coast Region,4650,Maryborough,Wide Bay Burnett,North Coast,Southern,Southern Queensland,Maryborough (qld),Maryborough,Wide Bay,Inner Regional,Maryborough,Wide Bay,Locally-controlled,Intersection - Cross,Give way sign,0 - 50 km/h,Sealed - Dry,Clear,Daylight,Straight,Level,101,Veh'S Adjacent Approach: Thru-Thru,Intersection from adjacent approaches,N,0,0,0,2,2,2,0,0,0,0,0,0
339293,Medical treatment,2021,April,Friday,23,Overturned,Single Vehicle,152.8101563,-25.50722041,Beaver Rock Rd,,,Beaver Rock,Fraser Coast Region,4650,Maryborough,Wide Bay Burnett,North Coast,Southern,Southern Queensland,Maryborough Region - South,Maryborough,Wide Bay,Inner Regional,Maryborough,Wide Bay,Locally-controlled,No Roadway Feature,No traffic control,80 - 90 km/h,Unsealed - Dry,Clear,Darkness - Not lighted,Straight,Level,705,Off Path-Straight:Out Of Control On Cway,Out of control on straight,W,0,0,1,0,1,1,0,0,0,0,0,0
339294,Hospitalisation,2021,April,Saturday,12,Angle,Multi-Vehicle,152.6925853,-25.5355804,Alice St,Tooley St,Maryborough - Biggenden Road,Maryborough,Fraser Coast Region,4650,Maryborough,Wide Bay Burnett,North Coast,Southern,Southern Queensland,Maryborough (qld),Maryborough,Wide Bay,Inner Regional,Maryborough,Wide Bay,State-controlled,Intersection - Cross,Stop sign,60 km/h,Sealed - Dry,Clear,Daylight,Straight,Level,101,Veh'S Adjacent Approach: Thru-Thru,Intersection from adjacent approaches,E,0,1,0,0,1,2,0,0,0,0,0,0