Crash_Severity,Crash_Year,Crash_Month,Crash_Day_Of_Week,Crash_Hour,Crash_Nature,Crash_Type,Crash_Longitude,Crash_Latitude,Crash_Street,Crash_Street_Intersecting,State_Road_Name,Loc_Suburb,Loc_Local_Government_Area,Loc_Post_Code,Loc_Police_Division,Loc_Police_District,Loc_Police_Region,Loc_Queensland_Transport_Region,Loc_Main_Roads_Region,Loc_ABS_Statistical_Area_2,Loc_ABS_Statistical_Area_3,Loc_ABS_Statistical_Area_4,Loc_ABS_Remoteness,Loc_State_Electorate,Loc_Federal_Electorate,Crash_Controlling_Authority,Crash_Roadway_Feature,Crash_Traffic_Control,Crash_Speed_Limit,Crash_Road_Surface_Condition,Crash_Atmospheric_Condition,Crash_Lighting_Condition,Crash_Road_Horiz_Align,Crash_Road_Vert_Align,Crash_DCA_Code,Crash_DCA_Description,Crash_DCA_Group_Description,DCA_Key_Approach_Dir,Count_Casualty_Fatality,Count_Casualty_Hospitalised,Count_Casualty_MedicallyTreated,Count_Casualty_MinorInjury,Count_Casualty_Total,Count_Unit_Car,Count_Unit_Motorcycle_Moped,Count_Unit_Truck,Count_Unit_Bus,Count_Unit_Bicycle,Count_Unit_Pedestrian,Count_Unit_Other,
339295,Hospitalisation,2021,April,Wednesday,19,Angle,Multi-Vehicle,152.6914783,-25.5399494,Ann St,Ferry St,Maryborough - Hervey Bay Road,Maryborough,Fraser Coast Region,4650,Maryborough,Wide Bay Burnett,North Coast,Southern,Southern Queensland,Maryborough (qld),Maryborough,Wide Bay,Inner Regional,Maryborough,Wide Bay,State-controlled,Intersection - Cross,No traffic control,60 km/h,Sealed - Dry,Clear,Darkness - Lighted,Straight,Grade,202,Veh'S Opposite Approach: Thru-Right,Opposing vehicles turning,N,0,1,0,1,2,2,0,0,0,0,0,0
339296,Hospitalisation,2021,April,Friday,19,Angle,Multi-Vehicle,152.7080903,-25.5211164,Gaynor St,Saltwater Creek Rd,Maryborough - Hervey Bay Road,Maryborough,Fraser Coast Region,4650,Maryborough,Wide Bay Burnett,North Coast,Southern,Southern Queensland,Maryborough (qld),Maryborough,Wide Bay,Inner Regional,Maryborough,Wide Bay,State-controlled,Intersection - Cross,Give way sign,60 km/h,Sealed - Wet,Raining,Darkness - Not lighted,Straight,Level,107,Veh'S Adjacent Approach: Thru-Left,Intersection from adjacent approaches,N,0,1,0,2,3,2,0,0,0,0,0,0
339297,Hospitalisation,2021,April,Friday,22,Hit pedestrian,Hit pedestrian,152.6886843,-25.5326264,Alice St,,Maryborough - Biggenden Road,Maryborough,Fraser Coast Region,4650,Maryborough,Wide Bay Burnett,North Coast,Southern,Southern Queensland,Maryborough (qld),Maryborough,Wide Bay,Inner Regional,Maryborough,Wide Bay,State-controlled,No Roadway Feature,No traffic control,60 km/h,Sealed - Wet,Clear,Darkness - Not lighted,Straight,Level,1,Ped'N: Near Side Vehicle Hit From Right,Pedestrian,E,0,2,0,0,2,1,0,0,0,0,1,0
339298,Minor injury,2021,May,Sunday,14,Angle,Multi-Vehicle,152.6981393,-25.5294564,Tooley St,Walker St,,Maryborough,Fraser Coast Region,4650,Maryborough,Wide Bay Burnett,North Coast,Southern,Southern Queensland,Maryborough (qld),Maryborough,Wide Bay,Inner Regional,Maryborough,Wide Bay,Locally-controlled,Intersection - Cross,Stop sign,60 km/h,Sealed - Wet,Raining,Daylight,Straight,Level,101,Veh'S Adjacent Approach: Thru-Thru,Intersection from adjacent approaches,E,0,0,0,1,1,2,0,0,0,0,0,0
339299,Hospitalisation,2021,May,Sunday,20,Rear-end,Multi-Vehicle,152.7043343,-25.5340394,Lennox St,Walker St,,Maryborough,Fraser Coast Region,4650,Maryborough,Wide Bay Burnett,North Coast,Southern,Southern Queensland,Maryborough (qld),Maryborough,Wide Bay,Inner Regional,Maryborough,Wide Bay,Locally-controlled,Intersection - Cross,Operating traffic lights,60 km/h,Sealed - Wet,Raining,Darkness - Lighted,Straight,Grade,301,Veh'S Same Direction: Rear End,Rear-end,N,0,1,0,0,1,2,0,0,0,0,0,0
339300,Hospitalisation,2021,May,Tuesday,10,Hit parked vehicle,Single Vehicle,152.6898144,-25.52320179,Walker St,,,Maryborough,Fraser Coast Region,4650,Maryborough,Wide Bay Burnett,North Coast,Southern,Southern Queensland,Maryborough (qld),Maryborough,Wide Bay,Inner Regional,Maryborough,Wide Bay,Locally-controlled,No Roadway Feature,No traffic control,60 km/h,Sealed - Dry,Clear,Daylight,Straight,Level,700,Off Path-Straight: Other,Other,,0,1,0,0,1,2,0,0,0,0,0,0
339301,Medical treatment,2021,May,Thursday,1,Hit object,Single Vehicle,152.7224373,-25.5527314,Kent St,Tribune St,,Maryborough,Fraser Coast Region,4650,Maryborough,Wide Bay Burnett,North Coast,Southern,Southern Queensland,Maryborough (qld),Maryborough,Wide Bay,Inner Regional,Maryborough,Wide Bay,Locally-controlled,Intersection - T-Junction,No traffic control,60 km/h,Unsealed - Dry,Clear,Darkness - Not lighted,Curved - view open,Level,804,Off Path-Curve: Off Cway Lt Bend Hit Obj,Off carriageway on curve hit object,N,0,0,1,0,1,1,0,0,0,0,0,0
339302,Medical treatment,2021,May,Monday,14,Overturned,Single Vehicle,152.8574273,-25.83273742,Maryborough - Cooloola Rd,,Maryborough - Cooloola Road,Tuan Forest,Fraser Coast Region,4650,Maryborough,Wide Bay Burnett,North Coast,Southern,Southern Queensland,Maryborough Region - South,Maryborough,Wide Bay,Inner Regional,Maryborough,Wide Bay,State-controlled,No Roadway Feature,No traffic control,100 - 110 km/h,Sealed - Dry,Clear,Daylight,Straight,Grade,702,Off Path-Straight: Right Off Cway,Off carriageway on straight,S,0,0,2,0,2,0,0,1,0,0,0,0
339303,Hospitalisation,2021,May,Saturday,13,Angle,Multi-Vehicle,152.6858043,-25.5459884,Gympie Rd,,Maryborough - Hervey Bay Road,Tinana,Fraser Coast Region,4650,Maryborough,Wide Bay Burnett,North Coast,Southern,Southern Queensland,Tinana,Maryborough,Wide Bay,Inner Regional,Maryborough,Wide Bay,State-controlled,No Roadway Feature,No traffic control,60 km/h,Sealed - Dry,Clear,Daylight,Curved - view open,Level,202,Veh'S Opposite Approach: Thru-Right,Opposing vehicles turning,S,0,2,0,1,3,2,0,0,0,0,0,0
339304,Hospitalisation,2021,May,Wednesday,14,Rear-end,Multi-Vehicle,152.7109023,-25.5454494,Mary St,,,Maryborough,Fraser Coast Region,4650,Maryborough,Wide Bay Burnett,North Coast,Southern,Southern Queensland,Maryborough (qld),Maryborough,Wide Bay,Inner Regional,Maryborough,Wide Bay,Locally-controlled,No Roadway Feature,No traffic control,60 km/h,Sealed - Dry,Clear,Daylight,Straight,Level,303,Veh'S Same Direction: Right Rear,Rear-end,W,0,1,1,1,3,2,0,0,0,0,0,0
339305,Hospitalisation,2021,May,Friday,5,Hit object,Single Vehicle,152.6669913,-25.50145039,Bruce Hwy,,Bruce Highway (Maryborough - Gin Gin),Maryborough West,Fraser Coast Region,4650,Maryborough,Wide Bay Burnett,North Coast,Southern,Southern Queensland,Maryborough (qld),Maryborough,Wide Bay,Inner Regional,Maryborough,Wide Bay,State-controlled,No Roadway Feature,No traffic control,80 - 90 km/h,Sealed - Dry,Clear,Dawn/Dusk,Straight,Grade,703,Off Path-Straight: Left Off Cway Hit Obj,Off carriageway on straight hit object,S,0,1,0,0,1,1,0,0,0,0,0,0
339306,Hospitalisation,2021,May,Sunday,8,Hit object,Single Vehicle,152.8007463,-25.51131741,Beaver Rock Rd,,,Beaver Rock,Fraser Coast Region,4650,Maryborough,Wide Bay Burnett,North Coast,Southern,Southern Queensland,Maryborough Region - South,Maryborough,Wide Bay,Inner Regional,Maryborough,Wide Bay,Locally-controlled,No Roadway Feature,No traffic control,80 - 90 km/h,Unsealed - Dry,Clear,Daylight,Straight,Level,607,Veh'S On Path: Temporary Object On C'Way,Other,N,0,2,0,0,2,1,0,0,0,0,0,0
339307,Medical treatment,2021,May,Monday,15,Angle,Multi-Vehicle,152.6950753,-25.5361284,Ferry St,Meredith St,Maryborough - Hervey Bay Road,Maryborough,Fraser Coast Region,4650,Maryborough,Wide Bay Burnett,North Coast,Southern,Southern Queensland,Maryborough (qld),Maryborough,Wide Bay,Inner Regional,Maryborough,Wide Bay,State-controlled,Intersection - T-Junction,Give way sign,60 km/h,Sealed - Dry,Clear,Daylight,Straight,Level,406,Veh'S Manoeuvring: Leaving Driveway,Vehicle leaving driveway,S,0,0,3,1,4,4,0,0,0,0,0,0
339308,Hospitalisation,2021,May,Tuesday,9,Rear-end,Multi-Vehicle,152.6943993,-25.5368414,Alice St,Ferry St,Maryborough - Biggenden Road,Maryborough,Fraser Coast Region,4650,Maryborough,Wide Bay Burnett,North Coast,Southern,Southern Queensland,Maryborough (qld),Maryborough,Wide Bay,Inner Regional,Maryborough,Wide Bay,State-controlled,Intersection - Cross,Operating traffic lights,60 km/h,Sealed - Dry,Clear,Daylight,Straight,Level,301,Veh'S Same Direction: Rear End,Rear-end,E,0,1,0,0,1,1,0,1,0,0,0,0
339309,Hospitalisation,2021,May,Tuesday,12,Angle,Multi-Vehicle,152.6998243,-25.5307304,Ferry St,Walker St,Maryborough - Hervey Bay Road,Maryborough,Fraser Coast Region,4650,Maryborough,Wide Bay Burnett,North Coast,Southern,Southern Queensland,Maryborough (qld),Maryborough,Wide Bay,Inner Regional,Maryborough,Wide Bay,State-controlled,Intersection - Cross,Operating traffic lights,60 km/h,Sealed - Dry,Clear,Daylight,Straight,Level,202,Veh'S Opposite Approach: Thru-Right,Opposing vehicles turning,E,0,1,0,0,1,1,1,0,0,0,0,0
339310,Medical treatment,2021,May,Thursday,11,Hit object,Single Vehicle,152.6976593,-25.5298764,Tooley St,,,Maryborough,Fraser Coast Region,4650,Maryborough,Wide Bay Burnett,North Coast,Southern,Southern Queensland,Maryborough (qld),Maryborough,Wide Bay,Inner Regional,Maryborough,Wide Bay,Locally-controlled,No Roadway Feature,No traffic control,0 - 50 km/h,Sealed - Dry,Clear,Daylight,Straight,Level,601,Veh'S On Path: Parked,Hit parked vehicle,N,0,0,1,0,1,2,0,0,0,0,0,0
339311,Hospitalisation,2021,May,Thursday,17,Fall from vehicle,Single Vehicle,152.6825953,-25.5433484,La Frantz Dr,Mackay Dr,,Tinana,Fraser Coast Region,4650,Maryborough,Wide Bay Burnett,North Coast,Southern,Southern Queensland,Tinana,Maryborough,Wide Bay,Inner Regional,Maryborough,Wide Bay,Locally-controlled,Intersection - T-Junction,No traffic control,0 - 50 km/h,Sealed - Dry,Clear,Dawn/Dusk,Straight,Level,707,Off Path-Straight: Right Turn,Off carriageway on straight,N,0,1,0,0,1,0,1,0,0,0,0,0
339312,Hospitalisation,2021,May,Monday,16,Overturned,Single Vehicle,152.7134203,-25.6125634,Bidwill Rd,,,Bidwill,Fraser Coast Region,4650,Maryborough,Wide Bay Burnett,North Coast,Southern,Southern Queensland,Granville,Maryborough,Wide Bay,Inner Regional,Maryborough,Wide Bay,Locally-controlled,No Roadway Feature,No traffic control,100 - 110 km/h,Sealed - Dry,Clear,Daylight,Straight,Level,703,Off Path-Straight: Left Off Cway Hit Obj,Off carriageway on straight hit object,N,0,1,0,0,1,1,0,0,0,0,0,0
339313,Fatal,2021,June,Tuesday,16,Head-on,Multi-Vehicle,152.6607883,-25.53075939,Bruce Hwy,,Bruce Highway (Gympie - Maryborough),Tinana,Fraser Coast Region,4650,Maryborough,Wide Bay Burnett,North Coast,Southern,Southern Queensland,Tinana,Maryborough,Wide Bay,Inner Regional,Maryborough,Wide Bay,State-controlled,No Roadway Feature,No traffic control,100 - 110 km/h,Sealed - Dry,Clear,Daylight,Curved - view open,Level,201,Veh'S Opposite Approach: Head On,Head-on,S,1,0,1,0,2,1,0,1,0,0,0,0
339314,Hospitalisation,2021,June,Tuesday,15,Rear-end,Multi-Vehicle,152.6908983,-25.5343014,Alice St,Pallas St,Maryborough - Biggenden Road,Maryborough,Fraser Coast Region,4650,Maryborough,Wide Bay Burnett,North Coast,Southern,Southern Queensland,Maryborough (qld),Maryborough,Wide Bay,Inner Regional,Maryborough,Wide Bay,State-controlled,Intersection - Cross,No traffic control,60 km/h,Sealed - Dry,Clear,Daylight,Straight,Level,301,Veh'S Same Direction: Rear End,Rear-end,E,0,1,0,0,1,2,0,0,0,0,0,0
339315,Medical treatment,2021,June,Thursday,10,Angle,Multi-Vehicle,152.7046368,-25.52688748,Melville St,,,Maryborough,Fraser Coast Region,4650,Maryborough,Wide Bay Burnett,North Coast,Southern,Southern Queensland,Maryborough (qld),Maryborough,Wide Bay,Inner Regional,Maryborough,Wide Bay,Locally-controlled,No Roadway Feature,No traffic control,0 - 50 km/h,Sealed - Dry,Clear,Daylight,Straight,Level,202,Veh'S Opposite Approach: Thru-Right,Opposing vehicles turning,S,0,0,1,0,1,1,1,0,0,0,0,0
339316,Medical treatment,2021,June,Thursday,17,Sideswipe,Multi-Vehicle,152.655368,-25.57734917,Bruce Hwy,,Bruce Highway (Gympie - Maryborough),Tinana South,Fraser Coast Region,4650,Maryborough,Wide Bay Burnett,North Coast,Southern,Southern Queensland,Maryborough Region - South,Maryborough,Wide Bay,Inner Regional,Maryborough,Wide Bay,State-controlled,No Roadway Feature,No traffic control,80 - 90 km/h,Sealed - Wet,Raining,Darkness - Lighted,Straight,Level,202,Veh'S Opposite Approach: Thru-Right,Opposing vehicles turning,S,0,0,1,0,1,2,0,0,0,0,0,0
339317,Medical treatment,2021,June,Sunday,8,Head-on,Multi-Vehicle,152.6658423,-25.64939739,Teddington Rd,Weir Rd,,Teddington,Fraser Coast Region,4650,Maryborough,Wide Bay Burnett,North Coast,Southern,Southern Queensland,Maryborough Region - South,Maryborough,Wide Bay,Inner Regional,Maryborough,Wide Bay,Locally-controlled,No Roadway Feature,No traffic control,60 km/h,Sealed - Dry,Clear,Daylight,Curved - view obscured,Dip,201,Veh'S Opposite Approach: Head On,Head-on,W,0,0,1,0,1,1,1,0,0,0,0,0
339318,Hospitalisation,2021,June,Wednesday,13,Hit object,Single Vehicle,152.5726373,-25.53901468,Hucknall Rd,,,Yengarie,Fraser Coast Region,4650,Maryborough,Wide Bay Burnett,North Coast,Southern,Southern Queensland,Maryborough Region - South,Maryborough,Wide Bay,Inner Regional,Maryborough,Wide Bay,Locally-controlled,No Roadway Feature,No traffic control,100 - 110 km/h,Unsealed - Dry,Clear,Daylight,Straight,Crest,703,Off Path-Straight: Left Off Cway Hit Obj,Off carriageway on straight hit object,S,0,1,0,0,1,1,0,0,0,0,0,0
339319,Hospitalisation,2021,June,Saturday,12,Rear-end,Multi-Vehicle,152.7001333,-25.5361344,John St,Kent St,,Maryborough,Fraser Coast Region,4650,Maryborough,Wide Bay Burnett,North Coast,Southern,Southern Queensland,Maryborough (qld),Maryborough,Wide Bay,Inner Regional,Maryborough,Wide Bay,Locally-controlled,Intersection - T-Junction,Give way sign,60 km/h,Sealed - Dry,Clear,Daylight,Straight,Level,302,Veh'S Same Direction: Left Rear,Rear-end,S,0,1,0,0,1,2,0,0,0,0,0,0
339320,Hospitalisation,2021,June,Monday,8,Rear-end,Multi-Vehicle,152.6925853,-25.5355804,Alice St,Tooley St,Maryborough - Biggenden Road,Maryborough,Fraser Coast Region,4650,Maryborough,Wide Bay Burnett,North Coast,Southern,Southern Queensland,Maryborough (qld),Maryborough,Wide Bay,Inner Regional,Maryborough,Wide Bay,State-controlled,Intersection - Cross,No traffic control,60 km/h,Sealed - Dry,Clear,Daylight,Straight,Level,303,Veh'S Same Direction: Right Rear,Rear-end,W,0,1,0,0,1,2,0,0,0,0,0,0
339321,Hospitalisation,2021,June,Thursday,8,Angle,Multi-Vehicle,152.6713103,-25.51373039,Bruce Hwy,Walker St,Bruce Highway (Maryborough - Gin Gin),Maryborough West,Fraser Coast Region,4650,Maryborough,Wide Bay Burnett,North Coast,Southern,Southern Queensland,Maryborough (qld),Maryborough,Wide Bay,Inner Regional,Maryborough,Wide Bay,State-controlled,Intersection - T-Junction,Give way sign,80 - 90 km/h,Sealed - Dry,Clear,Daylight,Curved - view open,Level,202,Veh'S Opposite Approach: Thru-Right,Opposing vehicles turning,N,0,2,0,0,2,3,0,0,0,0,0,0
339322,Hospitalisation,2021,June,Thursday,14,Rear-end,Multi-Vehicle,152.6626103,-25.52767339,Bruce Hwy,,Bruce Highway (Gympie - Maryborough),Tinana,Fraser Coast Region,4650,Maryborough,Wide Bay Burnett,North Coast,Southern,Southern Queensland,Tinana,Maryborough,Wide Bay,Inner Regional,Maryborough,Wide Bay,State-controlled,No Roadway Feature,No traffic control,100 - 110 km/h,Sealed - Dry,Clear,Daylight,Straight,Level,301,Veh'S Same Direction: Rear End,Rear-end,S,0,1,0,1,2,2,0,0,0,0,0,0
339323,Medical treatment,2021,June,Monday,13,Overturned,Single Vehicle,152.5508864,-25.61861196,Yerra Rd,,,Yerra,Fraser Coast Region,4650,Maryborough,Wide Bay Burnett,North Coast,Southern,Southern Queensland,Maryborough Region - South,Maryborough,Wide Bay,Inner Regional,Maryborough,Wide Bay,Locally-controlled,No Roadway Feature,No traffic control,100 - 110 km/h,Sealed - Dry,Clear,Daylight,Curved - view open,Dip,805,Off Path-Curve: Out Of Control On Cway,Out of control on curve,W,0,0,1,0,1,0,0,1,0,0,0,0
339324,Hospitalisation,2021,June,Wednesday,8,Angle,Multi-Vehicle,152.6998243,-25.5307304,Ferry St,Walker St,Maryborough - Hervey Bay Road,Maryborough,Fraser Coast Region,4650,Maryborough,Wide Bay Burnett,North Coast,Southern,Southern Queensland,Maryborough (qld),Maryborough,Wide Bay,Inner Regional,Maryborough,Wide Bay,State-controlled,Intersection - Cross,Operating traffic lights,60 km/h,Sealed - Wet,Clear,Daylight,Straight,Level,101,Veh'S Adjacent Approach: Thru-Thru,Intersection from adjacent approaches,S,0,1,0,0,1,2,0,0,0,0,0,0
339408,Medical treatment,2021,March,Wednesday,6,Overturned,Single Vehicle,148.9303679,-21.40163062,Peak Downs Hwy,,Peak Downs Highway (Nebo - Mackay),Blue Mountain,Isaac Region,4737,Nebo,Mackay,Central,Central,Central Queensland,Broadsound - Nebo,Bowen Basin - North,Mackay - Isaac - Whitsunday,Outer Regional,Burdekin,Capricornia,State-controlled,No Roadway Feature,No traffic control,100 - 110 km/h,Sealed - Dry,Clear,Daylight,Straight,Dip,700,Off Path-Straight: Other,Other,W,0,0,1,0,1,1,0,0,0,0,0,0
339409,Medical treatment,2021,May,Tuesday,2,Overturned,Single Vehicle,148.1626782,-21.39501995,Collinsville - Elphinstone Rd,,Collinsville - Elphinstone Road,Glenden,Isaac Region,4743,Glenden,Mackay,Central,Central,Central Queensland,Broadsound - Nebo,Bowen Basin - North,Mackay - Isaac - Whitsunday,Remote,Burdekin,Capricornia,State-controlled,No Roadway Feature,No traffic control,100 - 110 km/h,Sealed - Dry,Clear,Darkness - Not lighted,Straight,Level,702,Off Path-Straight: Right Off Cway,Off carriageway on straight,S,0,0,1,0,1,1,0,0,0,0,0,0
339435,Medical treatment,2021,January,Saturday,8,Hit object,Single Vehicle,145.6719257,-17.22104373,Gillies Range Rd,,Gillies Range Road,Danbulla,Tablelands Region,4872,Yungaburra,Far North,Far Northern,Northern,North Queensland,Malanda - Yungaburra,Tablelands (east) - Kuranda,Cairns,Outer Regional,Hill,Kennedy,State-controlled,No Roadway Feature,No traffic control,60 km/h,Sealed - Wet,Raining,Daylight,Curved - view open,Grade,803,Off Path-Curve: Off Cway Rt Bend Hit Obj,Off carriageway on curve hit object,W,0,0,1,0,1,1,0,0,0,0,0,0
339436,Hospitalisation,2021,March,Sunday,9,Rear-end,Multi-Vehicle,145.5932247,-17.28017673,Gillies Range Rd,Peeramon Rd,Gillies Range Road,Yungaburra,Tablelands Region,4884,Yungaburra,Far North,Far Northern,Northern,North Queensland,Malanda - Yungaburra,Tablelands (east) - Kuranda,Cairns,Outer Regional,Hill,Kennedy,State-controlled,Intersection - T-Junction,No traffic control,100 - 110 km/h,Sealed - Dry,Clear,Daylight,Straight,Grade,303,Veh'S Same Direction: Right Rear,Rear-end,E,0,1,0,0,1,1,1,0,0,0,0,0
339437,Medical treatment,2021,March,Wednesday,16,Hit object,Single Vehicle,145.6968697,-17.21835473,Gillies Range Rd,,Gillies Range Road,Gadgarra,Tablelands Region,4884,Yungaburra,Far North,Far Northern,Northern,North Queensland,Malanda - Yungaburra,Tablelands (east) - Kuranda,Cairns,Outer Regional,Hill,Kennedy,State-controlled,No Roadway Feature,No traffic control,60 km/h,Sealed - Wet,Raining,Daylight,Curved - view obscured,Grade,201,Veh'S Opposite Approach: Head On,Head-on,E,0,0,1,0,1,0,0,2,0,0,0,0
339527,Hospitalisation,2021,January,Wednesday,19,Hit object,Single Vehicle,152.23357,-28.26056137,Junabee Rd,Yangan - Killarney Rd,Yangan - Killarney Road,Danderoo,Southern Downs Region,4370,Killarney,Darling Downs,Southern,Southern,Southern Queensland,Southern Downs - East,Granite Belt,Darling Downs - Maranoa,Inner Regional,Southern Downs,Maranoa,State-controlled,No Roadway Feature,No traffic control,100 - 110 km/h,Sealed - Wet,Raining,Darkness - Not lighted,Straight,Level,607,Veh'S On Path: Temporary Object On C'Way,Other,N,0,1,0,0,1,1,0,0,0,0,0,0
339528,Hospitalisation,2021,February,Thursday,5,Angle,Multi-Vehicle,152.244539,-28.29151737,Kurrajong St,Yangan - Killarney Rd,Yangan - Killarney Road,Tannymorel,Southern Downs Region,4372,Killarney,Darling Downs,Southern,Southern,Southern Queensland,Southern Downs - East,Granite Belt,Darling Downs - Maranoa,Inner Regional,Southern Downs,Maranoa,State-controlled,Intersection - Cross,Give way sign,60 km/h,Sealed - Wet,Raining,Daylight,Straight,Level,101,Veh'S Adjacent Approach: Thru-Thru,Intersection from adjacent approaches,W,0,1,0,0,1,2,0,0,0,0,0,0
339529,Medical treatment,2021,March,Monday,14,Hit object,Single Vehicle,152.0733031,-28.15655536,Cunningham Hwy,,Cunningham Highway (Ipswich - Warwick),Sladevale,Southern Downs Region,4370,Warwick,Darling Downs,Southern,Southern,Southern Queensland,Southern Downs - East,Granite Belt,Darling Downs - Maranoa,Inner Regional,Southern Downs,Maranoa,State-controlled,No Roadway Feature,No traffic control,100 - 110 km/h,Sealed - Wet,Raining,Daylight,Straight,Grade,705,Off Path-Straight:Out Of Control On Cway,Out of control on straight,N,0,0,2,0,2,0,0,1,0,0,0,0
339530,Medical treatment,2021,April,Friday,13,Hit object,Single Vehicle,152.318363,-28.05877238,Cunningham Hwy,,Cunningham Highway (Ipswich - Warwick),Tregony,Southern Downs Region,4370,Yangan,Darling Downs,Southern,Southern,Southern Queensland,Southern Downs - East,Granite Belt,Darling Downs - Maranoa,Inner Regional,Southern Downs,Maranoa,State-controlled,No Roadway Feature,No traffic control,100 - 110 km/h,Sealed - Dry,Clear,Daylight,Curved - view open,Level,804,Off Path-Curve: Off Cway Lt Bend Hit Obj,Off carriageway on curve hit object,W,0,0,1,0,1,0,1,0,0,0,0,0
339531,Hospitalisation,2021,April,Saturday,13,Fall from vehicle,Single Vehicle,152.357791,-28.26725639,Gambubal Rd,,,Mount Colliery,Southern Downs Region,4370,Killarney,Darling Downs,Southern,Southern,Southern Queensland,Southern Downs - East,Granite Belt,Darling Downs - Maranoa,Outer Regional,Southern Downs,Maranoa,Locally-controlled,No Roadway Feature,No traffic control,100 - 110 km/h,Unsealed - Wet,Fog,Daylight,Curved - view obscured,Grade,805,Off Path-Curve: Out Of Control On Cway,Out of control on curve,S,0,1,0,0,1,0,1,0,0,0,0,0
339532,Medical treatment,2021,April,Monday,13,Hit object,Single Vehicle,152.1449523,-28.08809105,Freestone Rd,,,Clintonvale,Southern Downs Region,4370,Warwick,Darling Downs,Southern,Southern,Southern Queensland,Southern Downs - East,Granite Belt,Darling Downs - Maranoa,Inner Regional,Southern Downs,Maranoa,Locally-controlled,No Roadway Feature,No traffic control,100 - 110 km/h,Sealed - Wet,Raining,Daylight,Curved - view open,Dip,804,Off Path-Curve: Off Cway Lt Bend Hit Obj,Off carriageway on curve hit object,N,0,0,1,0,1,1,0,0,0,0,0,0
339533,Hospitalisation,2021,April,Friday,1,Hit object,Single Vehicle,151.8378341,-28.17076433,Cunningham Hwy,,Cunningham Highway (Warwick - Inglewood),Cunningham,Southern Downs Region,4370,Warwick,Darling Downs,Southern,Southern,Southern Queensland,Southern Downs - West,Granite Belt,Darling Downs - Maranoa,Outer Regional,Southern Downs,Maranoa,State-controlled,No Roadway Feature,No traffic control,100 - 110 km/h,Sealed - Dry,Clear,Darkness - Not lighted,Curved - view open,Level,804,Off Path-Curve: Off Cway Lt Bend Hit Obj,Off carriageway on curve hit object,W,0,1,0,0,1,1,0,0,0,0,0,0
339534,Hospitalisation,2021,April,Friday,14,Hit object,Single Vehicle,152.393924,-28.32325439,Spring Ck Rd,,Spring Creek Road,The Falls,Southern Downs Region,4373,Killarney,Darling Downs,Southern,Southern,Southern Queensland,Southern Downs - East,Granite Belt,Darling Downs - Maranoa,Outer Regional,Southern Downs,Maranoa,State-controlled,No Roadway Feature,No traffic control,60 km/h,Sealed - Dry,Clear,Daylight,Curved - view obscured,Grade,804,Off Path-Curve: Off Cway Lt Bend Hit Obj,Off carriageway on curve hit object,S,0,1,0,0,1,0,0,0,0,0,0,1
339535,Hospitalisation,2021,April,Friday,12,Angle,Multi-Vehicle,152.0676361,-28.12283136,Cunningham Hwy,New England Hwy,Cunningham Highway (Ipswich - Warwick),Willowvale,Southern Downs Region,4370,Warwick,Darling Downs,Southern,Southern,Southern Queensland,Southern Downs - East,Granite Belt,Darling Downs - Maranoa,Inner Regional,Southern Downs,Maranoa,State-controlled,Intersection - T-Junction,Stop sign,60 km/h,Sealed - Dry,Clear,Daylight,Curved - view open,Grade,104,Veh'S Adjacent Approach: Thru-Right,Intersection from adjacent approaches,S,0,1,0,0,1,2,0,0,0,0,0,0
339536,Hospitalisation,2021,May,Wednesday,14,Hit object,Single Vehicle,152.218726,-28.33304737,Warwick - Killarney Rd,,Warwick - Killarney Road,Tannymorel,Southern Downs Region,4372,Killarney,Darling Downs,Southern,Southern,Southern Queensland,Southern Downs - East,Granite Belt,Darling Downs - Maranoa,Inner Regional,Southern Downs,Maranoa,State-controlled,No Roadway Feature,No traffic control,100 - 110 km/h,Sealed - Wet,Raining,Daylight,Curved - view open,Level,804,Off Path-Curve: Off Cway Lt Bend Hit Obj,Off carriageway on curve hit object,E,0,1,0,0,1,1,0,0,0,0,0,0
339537,Medical treatment,2021,June,Sunday,8,Rear-end,Multi-Vehicle,152.1421853,-28.19430791,Warwick - Yangan Rd,,Warwick - Yangan Road,Swan Creek,Southern Downs Region,4370,Yangan,Darling Downs,Southern,Southern,Southern Queensland,Southern Downs - East,Granite Belt,Darling Downs - Maranoa,Inner Regional,Southern Downs,Maranoa,State-controlled,No Roadway Feature,No traffic control,100 - 110 km/h,Sealed - Dry,Clear,Daylight,Straight,Level,301,Veh'S Same Direction: Rear End,Rear-end,W,0,0,2,0,2,0,3,0,0,0,0,0