Crash_Severity,Crash_Year,Crash_Month,Crash_Day_Of_Week,Crash_Hour,Crash_Nature,Crash_Type,Crash_Longitude,Crash_Latitude,Crash_Street,Crash_Street_Intersecting,State_Road_Name,Loc_Suburb,Loc_Local_Government_Area,Loc_Post_Code,Loc_Police_Division,Loc_Police_District,Loc_Police_Region,Loc_Queensland_Transport_Region,Loc_Main_Roads_Region,Loc_ABS_Statistical_Area_2,Loc_ABS_Statistical_Area_3,Loc_ABS_Statistical_Area_4,Loc_ABS_Remoteness,Loc_State_Electorate,Loc_Federal_Electorate,Crash_Controlling_Authority,Crash_Roadway_Feature,Crash_Traffic_Control,Crash_Speed_Limit,Crash_Road_Surface_Condition,Crash_Atmospheric_Condition,Crash_Lighting_Condition,Crash_Road_Horiz_Align,Crash_Road_Vert_Align,Crash_DCA_Code,Crash_DCA_Description,Crash_DCA_Group_Description,DCA_Key_Approach_Dir,Count_Casualty_Fatality,Count_Casualty_Hospitalised,Count_Casualty_MedicallyTreated,Count_Casualty_MinorInjury,Count_Casualty_Total,Count_Unit_Car,Count_Unit_Motorcycle_Moped,Count_Unit_Truck,Count_Unit_Bus,Count_Unit_Bicycle,Count_Unit_Pedestrian,Count_Unit_Other,
339538,Hospitalisation,2021,June,Sunday,17,Hit object,Single Vehicle,151.8525226,-28.17050433,Cunningham Hwy,,Cunningham Highway (Warwick - Inglewood),Wheatvale,Southern Downs Region,4370,Warwick,Darling Downs,Southern,Southern,Southern Queensland,Southern Downs - West,Granite Belt,Darling Downs - Maranoa,Inner Regional,Southern Downs,Maranoa,State-controlled,No Roadway Feature,No traffic control,100 - 110 km/h,Sealed - Dry,Clear,Darkness - Not lighted,Curved - view open,Grade,800,Off Path-Curve: Other,Other,E,0,1,0,0,1,1,0,0,0,0,0,0
339539,Hospitalisation,2021,June,Wednesday,6,Rear-end,Multi-Vehicle,152.03472,-28.24037235,Bracker Rd,,Bracker Road,Warwick,Southern Downs Region,4370,Warwick,Darling Downs,Southern,Southern,Southern Queensland,Warwick,Granite Belt,Darling Downs - Maranoa,Inner Regional,Southern Downs,Maranoa,State-controlled,No Roadway Feature,Operating traffic lights,0 - 50 km/h,Sealed - Dry,Clear,Daylight,Straight,Level,301,Veh'S Same Direction: Rear End,Rear-end,E,0,1,0,0,1,2,0,0,0,0,0,0
339900,Hospitalisation,2021,March,Wednesday,16,Angle,Multi-Vehicle,152.684852,-27.64053741,Ipswich - Rosewood Rd,Rosewood Rd,Ipswich - Rosewood Road,Amberley,Ipswich City,4306,Yamanto,Ipswich,Southern,SEQ South,Metropolitan,Rosewood,Ipswich Hinterland,Ipswich,Inner Regional,Scenic Rim,Blair,State-controlled,Intersection - T-Junction,Give way sign,80 - 90 km/h,Sealed - Dry,Clear,Daylight,Curved - view open,Level,104,Veh'S Adjacent Approach: Thru-Right,Intersection from adjacent approaches,E,0,1,0,0,1,1,1,0,0,0,0,0
339901,Medical treatment,2021,March,Friday,16,Hit object,Single Vehicle,152.6378721,-27.52924241,Claus Rd,,,Glamorgan Vale,Somerset Region,4306,Marburg,Ipswich,Southern,SEQ North,North Coast,Lowood,Ipswich Hinterland,Ipswich,Inner Regional,Lockyer,Blair,Locally-controlled,No Roadway Feature,No traffic control,100 - 110 km/h,Sealed - Dry,Clear,Daylight,Straight,Level,700,Off Path-Straight: Other,Other,S,0,0,1,1,2,1,0,0,0,0,0,0
339902,Medical treatment,2021,March,Monday,14,Hit object,Single Vehicle,152.6671961,-27.47607341,Brisbane Valley Hwy,,Brisbane Valley Highway (Ipswich - Harlin),Fernvale,Somerset Region,4306,Lowood,Ipswich,Southern,SEQ North,North Coast,Lowood,Ipswich Hinterland,Ipswich,Inner Regional,Lockyer,Blair,State-controlled,No Roadway Feature,No traffic control,100 - 110 km/h,Sealed - Wet,Raining,Daylight,Curved - view open,Level,805,Off Path-Curve: Out Of Control On Cway,Out of control on curve,N,0,0,2,0,2,1,0,0,0,0,0,0
339903,Medical treatment,2021,March,Monday,18,Sideswipe,Multi-Vehicle,152.6523481,-27.57356341,Warrego Hwy,,Warrego Highway (Ipswich - Toowoomba),Haigslea,Ipswich City,4306,Marburg,Ipswich,Southern,SEQ South,Metropolitan,Rosewood,Ipswich Hinterland,Ipswich,Inner Regional,Ipswich West,Blair,State-controlled,No Roadway Feature,No traffic control,100 - 110 km/h,Sealed - Wet,Clear,Darkness - Not lighted,Straight,Level,307,Veh'S Same Direction: Lane Change Left,Lane changes,W,0,0,1,0,1,1,0,1,0,0,0,0
339904,Hospitalisation,2021,March,Sunday,16,Hit object,Single Vehicle,152.6010616,-27.49102288,Glamorgan Vale Rd,,,Glamorgan Vale,Somerset Region,4306,Marburg,Ipswich,Southern,SEQ North,North Coast,Lowood,Ipswich Hinterland,Ipswich,Inner Regional,Lockyer,Blair,Locally-controlled,No Roadway Feature,No traffic control,60 km/h,Sealed - Wet,Clear,Daylight,Curved - view open,Crest,804,Off Path-Curve: Off Cway Lt Bend Hit Obj,Off carriageway on curve hit object,E,0,2,0,0,2,1,0,0,0,0,0,0
339905,Hospitalisation,2021,March,Sunday,7,Overturned,Single Vehicle,152.6137756,-27.85654182,Cunningham Hwy,,Cunningham Highway (Ipswich - Warwick),Warrill View,Scenic Rim Region,4307,Harrisville,Ipswich,Southern,SEQ South,South Coast,Boonah,Ipswich Hinterland,Ipswich,Inner Regional,Scenic Rim,Wright,State-controlled,No Roadway Feature,No traffic control,100 - 110 km/h,Sealed - Dry,Clear,Daylight,Straight,Level,705,Off Path-Straight:Out Of Control On Cway,Out of control on straight,S,0,2,0,0,2,1,0,0,0,0,0,0
339906,Minor injury,2021,March,Monday,19,Hit animal,Other,152.526039,-27.8089364,Rosewood - Warrill View Rd,,Rosewood - Warrill View Road,Mount Walker,Scenic Rim Region,4340,Rosewood,Ipswich,Southern,SEQ South,South Coast,Boonah,Ipswich Hinterland,Ipswich,Inner Regional,Scenic Rim,Wright,State-controlled,No Roadway Feature,No traffic control,100 - 110 km/h,Sealed - Dry,Clear,Darkness - Not lighted,Straight,Level,609,Pass & Misc: Hit Animal,Hit animal,S,0,0,0,1,1,1,0,0,0,0,0,0
339907,Hospitalisation,2021,April,Thursday,17,Hit object,Single Vehicle,152.7460326,-27.66106132,Pisasale Dr,,,Yamanto,Ipswich City,4305,Yamanto,Ipswich,Southern,SEQ South,Metropolitan,Churchill - Yamanto,Ipswich Inner,Ipswich,Major Cities,Ipswich West,Blair,Locally-controlled,No Roadway Feature,No traffic control,60 km/h,Sealed - Wet,Raining,Daylight,Curved - view open,Crest,803,Off Path-Curve: Off Cway Rt Bend Hit Obj,Off carriageway on curve hit object,E,0,1,0,0,1,0,1,0,0,0,0,0
339908,Minor injury,2021,April,Sunday,11,Rear-end,Multi-Vehicle,152.6539781,-27.60681441,Karrabin - Rosewood Rd,,Karrabin - Rosewood Road,Walloon,Ipswich City,4306,Rosewood,Ipswich,Southern,SEQ South,Metropolitan,Rosewood,Ipswich Hinterland,Ipswich,Major Cities,Ipswich West,Blair,State-controlled,No Roadway Feature,No traffic control,80 - 90 km/h,Sealed - Dry,Clear,Daylight,Straight,Level,302,Veh'S Same Direction: Left Rear,Rear-end,W,0,0,0,2,2,2,0,0,0,0,0,0
339909,Hospitalisation,2021,April,Friday,11,Angle,Multi-Vehicle,152.6647921,-27.57536041,Haigslea - Amberley Rd,Warrego Hwy,Haigslea - Amberley Road,Haigslea,Ipswich City,4306,Marburg,Ipswich,Southern,SEQ South,Metropolitan,Rosewood,Ipswich Hinterland,Ipswich,Inner Regional,Ipswich West,Blair,State-controlled,Intersection - Cross,Give way sign,100 - 110 km/h,Sealed - Dry,Clear,Daylight,Straight,Level,101,Veh'S Adjacent Approach: Thru-Thru,Intersection from adjacent approaches,W,0,1,0,3,4,2,0,0,0,0,0,0
339910,Hospitalisation,2021,April,Sunday,21,Hit parked vehicle,Single Vehicle,152.774426,-27.65621242,Cunningham Hwy,,Cunningham Highway (Ipswich - Warwick),Flinders View,Ipswich City,4305,Yamanto,Ipswich,Southern,SEQ South,Metropolitan,Raceview,Ipswich Inner,Ipswich,Major Cities,Ipswich,Blair,State-controlled,Merge Lane,No traffic control,100 - 110 km/h,Sealed - Dry,Clear,Darkness - Lighted,Straight,Level,700,Off Path-Straight: Other,Other,W,0,1,0,1,2,2,0,0,0,0,0,0
339911,Hospitalisation,2021,April,Sunday,22,Hit object,Single Vehicle,152.684852,-27.64053741,Ipswich - Rosewood Rd,Rosewood Rd,Ipswich - Rosewood Road,Amberley,Ipswich City,4306,Yamanto,Ipswich,Southern,SEQ South,Metropolitan,Rosewood,Ipswich Hinterland,Ipswich,Inner Regional,Scenic Rim,Blair,State-controlled,No Roadway Feature,No traffic control,80 - 90 km/h,Sealed - Dry,Clear,Darkness - Lighted,Curved - view open,Level,803,Off Path-Curve: Off Cway Rt Bend Hit Obj,Off carriageway on curve hit object,S,0,1,0,0,1,1,0,0,0,0,0,0
339912,Hospitalisation,2021,April,Friday,13,Fall from vehicle,Single Vehicle,152.693071,-27.65677741,Ipswich - Rosewood Rd,O'Neills Rd,Ipswich - Rosewood Road,Amberley,Ipswich City,4306,Yamanto,Ipswich,Southern,SEQ South,Metropolitan,Rosewood,Ipswich Hinterland,Ipswich,Major Cities,Ipswich West,Blair,State-controlled,Intersection - T-Junction,No traffic control,60 km/h,Sealed - Dry,Clear,Daylight,Curved - view open,Level,805,Off Path-Curve: Out Of Control On Cway,Out of control on curve,E,0,1,0,0,1,0,1,0,0,0,0,0
339913,Hospitalisation,2021,April,Friday,11,Rear-end,Multi-Vehicle,152.6774385,-27.57693597,Warrego Hwy,,Warrego Highway (Ipswich - Toowoomba),Ironbark,Ipswich City,4306,Marburg,Ipswich,Southern,SEQ South,Metropolitan,Rosewood,Ipswich Hinterland,Ipswich,Inner Regional,Ipswich West,Blair,State-controlled,No Roadway Feature,No traffic control,100 - 110 km/h,Sealed - Dry,Clear,Daylight,Curved - view open,Grade,301,Veh'S Same Direction: Rear End,Rear-end,W,0,1,0,0,1,0,2,0,0,0,0,0
339914,Medical treatment,2021,April,Tuesday,16,Sideswipe,Multi-Vehicle,152.707318,-27.65885441,Cunningham Hwy,,Cunningham Highway (Ipswich - Warwick),Purga,Ipswich City,4306,Yamanto,Ipswich,Southern,SEQ South,Metropolitan,Rosewood,Ipswich Hinterland,Ipswich,Major Cities,Scenic Rim,Blair,State-controlled,Merge Lane,No traffic control,80 - 90 km/h,Sealed - Dry,Clear,Daylight,Straight,Level,408,Veh'S Manoeuvring: Entering From Footway,Vehicle leaving driveway,E,0,0,1,0,1,0,2,0,0,0,0,0
339915,Medical treatment,2021,April,Wednesday,7,Angle,Multi-Vehicle,152.775912,-27.65282442,Reif St,Ripley Rd,,Flinders View,Ipswich City,4305,Yamanto,Ipswich,Southern,SEQ South,Metropolitan,Raceview,Ipswich Inner,Ipswich,Major Cities,Ipswich,Blair,Locally-controlled,Intersection - Cross,Operating traffic lights,60 km/h,Sealed - Dry,Clear,Daylight,Straight,Level,307,Veh'S Same Direction: Lane Change Left,Lane changes,S,0,0,1,0,1,2,0,0,0,0,0,0
339916,Hospitalisation,2021,April,Thursday,17,Sideswipe,Multi-Vehicle,152.7587031,-27.68053889,Centenary Hwy,South Deebing Ck Rd,Centenary Motorway (Yamanto - Ellen Grove),Deebing Heights,Ipswich City,4306,Yamanto,Ipswich,Southern,SEQ South,Metropolitan,Ripley,Ipswich Inner,Ipswich,Major Cities,Ipswich,Blair,State-controlled,Intersection - Roundabout,No traffic control,60 km/h,Sealed - Dry,Clear,Darkness - Lighted,Straight,Level,308,Veh'S Same Direction: Right Turn S/Swipe,Parallel lanes turning,W,0,1,0,0,1,2,0,0,0,0,0,0
339917,Minor injury,2021,April,Friday,15,Hit object,Single Vehicle,152.6991879,-27.52289522,Pine Mountain Rd,,,Pine Mountain,Ipswich City,4306,Karana Downs,Ipswich,Southern,SEQ South,Metropolitan,Ipswich - North,Ipswich Inner,Ipswich,Major Cities,Ipswich West,Blair,Locally-controlled,No Roadway Feature,No traffic control,80 - 90 km/h,Sealed - Wet,Raining,Daylight,Curved - view open,Level,803,Off Path-Curve: Off Cway Rt Bend Hit Obj,Off carriageway on curve hit object,N,0,0,0,1,1,1,0,0,0,0,0,0
339918,Hospitalisation,2021,May,Monday,15,Angle,Multi-Vehicle,152.6483491,-27.61000741,Caledonian Rd,Karrabin - Rosewood Rd,Karrabin - Rosewood Road,Thagoona,Ipswich City,4306,Rosewood,Ipswich,Southern,SEQ South,Metropolitan,Rosewood,Ipswich Hinterland,Ipswich,Inner Regional,Ipswich West,Blair,State-controlled,Intersection - Cross,No traffic control,100 - 110 km/h,Sealed - Dry,Clear,Daylight,Straight,Grade,506,Veh'S Overtaking: Overtake-Right Turn,Overtaking same direction,S,0,1,0,0,1,2,0,0,0,0,0,0
339919,Hospitalisation,2021,May,Thursday,8,Angle,Multi-Vehicle,152.5896121,-27.6333604,John St,,Rosewood - Marburg Road,Rosewood,Ipswich City,4340,Rosewood,Ipswich,Southern,SEQ South,Metropolitan,Rosewood,Ipswich Hinterland,Ipswich,Inner Regional,Ipswich West,Blair,State-controlled,No Roadway Feature,No traffic control,0 - 50 km/h,Sealed - Dry,Clear,Daylight,Straight,Level,400,Veh'S Manoeuvring: Other,Other,U,0,1,0,0,1,1,0,0,0,1,0,0
339920,Hospitalisation,2021,May,Friday,16,Angle,Multi-Vehicle,152.695456,-27.65784641,Cunningham Hwy,Ipswich - Rosewood Rd,Cunningham Highway (Ipswich - Warwick),Amberley,Ipswich City,4306,Yamanto,Ipswich,Southern,SEQ South,Metropolitan,Rosewood,Ipswich Hinterland,Ipswich,Major Cities,Scenic Rim,Blair,State-controlled,Intersection - T-Junction,No traffic control,80 - 90 km/h,Sealed - Dry,Clear,Daylight,Curved - view open,Grade,202,Veh'S Opposite Approach: Thru-Right,Opposing vehicles turning,S,0,2,1,0,3,2,0,0,0,0,0,0
339921,Minor injury,2021,May,Thursday,6,Angle,Multi-Vehicle,152.5899611,-27.6340984,John St,Lanefield Rd,Ipswich - Rosewood Road,Rosewood,Ipswich City,4340,Rosewood,Ipswich,Southern,SEQ South,Metropolitan,Rosewood,Ipswich Hinterland,Ipswich,Inner Regional,Ipswich West,Blair,State-controlled,Intersection - Roundabout,Give way sign,60 km/h,Sealed - Dry,Clear,Daylight,Straight,Grade,101,Veh'S Adjacent Approach: Thru-Thru,Intersection from adjacent approaches,E,0,0,0,1,1,2,0,0,0,0,0,0
339922,Hospitalisation,2021,May,Friday,16,Fall from vehicle,Single Vehicle,152.7062737,-27.52945825,Boyles Rd,,,Pine Mountain,Ipswich City,4306,Karana Downs,Ipswich,Southern,SEQ South,Metropolitan,Ipswich - North,Ipswich Inner,Ipswich,Inner Regional,Ipswich West,Blair,Locally-controlled,No Roadway Feature,No traffic control,80 - 90 km/h,Sealed - Dry,Clear,Daylight,Straight,Grade,705,Off Path-Straight:Out Of Control On Cway,Out of control on straight,W,0,1,0,0,1,0,1,0,0,0,0,0
339923,Hospitalisation,2021,May,Sunday,21,Hit animal,Other,152.712872,-27.84550342,Beckwith Rd,,,Limestone Ridges,Scenic Rim Region,4305,Harrisville,Ipswich,Southern,SEQ South,South Coast,Boonah,Ipswich Hinterland,Ipswich,Inner Regional,Scenic Rim,Wright,Locally-controlled,No Roadway Feature,No traffic control,80 - 90 km/h,Sealed - Dry,Clear,Darkness - Not lighted,Straight,Level,609,Pass & Misc: Hit Animal,Hit animal,W,0,1,0,0,1,0,1,0,0,0,0,0
339924,Hospitalisation,2021,May,Monday,16,Head-on,Multi-Vehicle,152.688762,-27.64759041,Ipswich - Rosewood Rd,,Ipswich - Rosewood Road,Amberley,Ipswich City,4306,Yamanto,Ipswich,Southern,SEQ South,Metropolitan,Rosewood,Ipswich Hinterland,Ipswich,Major Cities,Scenic Rim,Blair,State-controlled,No Roadway Feature,No traffic control,80 - 90 km/h,Sealed - Dry,Clear,Daylight,Straight,Level,207,Veh'S Opposite Approach: U-Turn,U-turn,N,0,1,0,0,1,2,0,0,0,0,0,0
339925,Medical treatment,2021,May,Tuesday,8,Rear-end,Multi-Vehicle,152.69642,-27.65758141,Cunningham Hwy,,Cunningham Highway (Ipswich - Warwick),Amberley,Ipswich City,4306,Yamanto,Ipswich,Southern,SEQ South,Metropolitan,Rosewood,Ipswich Hinterland,Ipswich,Major Cities,Scenic Rim,Blair,State-controlled,Intersection - Interchange,Give way sign,60 km/h,Sealed - Dry,Clear,Daylight,Curved - view open,Grade,301,Veh'S Same Direction: Rear End,Rear-end,S,0,0,1,0,1,2,0,0,0,0,0,0
339926,Hospitalisation,2021,May,Friday,8,Rear-end,Multi-Vehicle,152.769001,-27.65190442,Reif St,,,Flinders View,Ipswich City,4305,Yamanto,Ipswich,Southern,SEQ South,Metropolitan,Raceview,Ipswich Inner,Ipswich,Major Cities,Ipswich,Blair,Locally-controlled,No Roadway Feature,No traffic control,60 km/h,Sealed - Dry,Clear,Daylight,Straight,Level,303,Veh'S Same Direction: Right Rear,Rear-end,W,0,1,0,1,2,2,0,0,0,0,0,0
339927,Minor injury,2021,May,Saturday,11,Angle,Multi-Vehicle,152.746531,-27.65646042,Leonard St,Warwick Rd,Ipswich - Cunningham Hwy Connection Road,Yamanto,Ipswich City,4305,Yamanto,Ipswich,Southern,SEQ South,Metropolitan,Churchill - Yamanto,Ipswich Inner,Ipswich,Major Cities,Ipswich West,Blair,State-controlled,Intersection - T-Junction,Operating traffic lights,60 km/h,Sealed - Dry,Clear,Daylight,Straight,Level,104,Veh'S Adjacent Approach: Thru-Right,Intersection from adjacent approaches,N,0,0,0,2,2,1,0,1,0,0,0,0
339928,Hospitalisation,2021,June,Tuesday,14,Angle,Multi-Vehicle,152.6470709,-27.57267996,Warrego Hwy,,Warrego Highway (Ipswich - Toowoomba),Haigslea,Ipswich City,4306,Marburg,Ipswich,Southern,SEQ South,Metropolitan,Rosewood,Ipswich Hinterland,Ipswich,Inner Regional,Ipswich West,Blair,State-controlled,No Roadway Feature,No traffic control,100 - 110 km/h,Sealed - Dry,Clear,Daylight,Straight,Level,202,Veh'S Opposite Approach: Thru-Right,Opposing vehicles turning,E,0,1,0,0,1,2,0,0,0,0,0,0
339929,Hospitalisation,2021,June,Sunday,1,Overturned,Single Vehicle,152.6002755,-27.63020014,Karrabin - Rosewood Rd,,Karrabin - Rosewood Road,Rosewood,Ipswich City,4340,Rosewood,Ipswich,Southern,SEQ South,Metropolitan,Rosewood,Ipswich Hinterland,Ipswich,Inner Regional,Ipswich West,Blair,State-controlled,No Roadway Feature,No traffic control,80 - 90 km/h,Sealed - Dry,Clear,Darkness - Lighted,Curved - view open,Level,804,Off Path-Curve: Off Cway Lt Bend Hit Obj,Off carriageway on curve hit object,W,0,1,0,0,1,0,0,1,0,0,0,0
339930,Hospitalisation,2021,June,Sunday,13,Rear-end,Multi-Vehicle,152.7407245,-27.65965413,Warwick Rd,,Ipswich - Cunningham Hwy Connection Road,Yamanto,Ipswich City,4305,Yamanto,Ipswich,Southern,SEQ South,Metropolitan,Churchill - Yamanto,Ipswich Inner,Ipswich,Major Cities,Ipswich West,Blair,State-controlled,No Roadway Feature,No traffic control,60 km/h,Sealed - Dry,Clear,Daylight,Curved - view open,Level,302,Veh'S Same Direction: Left Rear,Rear-end,N,0,1,0,0,1,1,1,0,0,0,0,0
339931,Medical treatment,2021,June,Monday,6,Sideswipe,Multi-Vehicle,152.6641241,-27.57525841,Warrego Hwy,,Warrego Highway (Ipswich - Toowoomba),Haigslea,Ipswich City,4306,Marburg,Ipswich,Southern,SEQ South,Metropolitan,Rosewood,Ipswich Hinterland,Ipswich,Inner Regional,Ipswich West,Blair,State-controlled,No Roadway Feature,No traffic control,100 - 110 km/h,Sealed - Dry,Clear,Dawn/Dusk,Straight,Level,306,Veh'S Same Direction: Lane Change Right,Lane changes,W,0,0,1,0,1,2,0,0,0,0,0,0
339932,Hospitalisation,2021,June,Tuesday,5,Head-on,Multi-Vehicle,152.702857,-27.73269841,Middle Rd,,,Purga,Ipswich City,4306,Harrisville,Ipswich,Southern,SEQ South,Metropolitan,Rosewood,Ipswich Hinterland,Ipswich,Inner Regional,Scenic Rim,Blair,Locally-controlled,No Roadway Feature,No traffic control,100 - 110 km/h,Sealed - Dry,Fog,Darkness - Not lighted,Straight,Level,201,Veh'S Opposite Approach: Head On,Head-on,S,0,2,0,0,2,2,0,0,0,0,0,0
339933,Minor injury,2021,June,Thursday,8,Rear-end,Multi-Vehicle,152.75727,-27.65510342,Ash St,,,Yamanto,Ipswich City,4305,Yamanto,Ipswich,Southern,SEQ South,Metropolitan,Churchill - Yamanto,Ipswich Inner,Ipswich,Major Cities,Ipswich West,Blair,Locally-controlled,No Roadway Feature,No traffic control,60 km/h,Sealed - Dry,Clear,Daylight,Straight,Dip,301,Veh'S Same Direction: Rear End,Rear-end,E,0,0,0,1,1,3,0,0,0,0,0,0
339934,Hospitalisation,2021,June,Thursday,18,Rear-end,Multi-Vehicle,152.6274811,-27.56911401,Warrego Hwy,,Warrego Highway (Ipswich - Toowoomba),Haigslea,Ipswich City,4306,Marburg,Ipswich,Southern,SEQ South,Metropolitan,Rosewood,Ipswich Hinterland,Ipswich,Inner Regional,Ipswich West,Blair,State-controlled,No Roadway Feature,No traffic control,100 - 110 km/h,Sealed - Dry,Clear,Darkness - Not lighted,Straight,Grade,301,Veh'S Same Direction: Rear End,Rear-end,W,0,1,0,0,1,1,0,1,0,0,0,0
339935,Hospitalisation,2021,June,Friday,19,Angle,Multi-Vehicle,152.695525,-27.65797141,Cunningham Hwy,Ipswich - Rosewood Rd,Cunningham Highway (Ipswich - Warwick),Willowbank,Ipswich City,4306,Yamanto,Ipswich,Southern,SEQ South,Metropolitan,Rosewood,Ipswich Hinterland,Ipswich,Major Cities,Scenic Rim,Blair,State-controlled,Intersection - T-Junction,No traffic control,80 - 90 km/h,Sealed - Dry,Clear,Darkness - Lighted,Curved - view open,Level,202,Veh'S Opposite Approach: Thru-Right,Opposing vehicles turning,S,0,2,0,0,2,2,0,0,0,0,0,0
339936,Hospitalisation,2021,June,Saturday,22,Hit object,Single Vehicle,152.4787861,-27.70991139,Hiddenvale Rd,,,Grandchester,Ipswich City,4340,Rosewood,Ipswich,Southern,SEQ South,Metropolitan,Rosewood,Ipswich Hinterland,Ipswich,Inner Regional,Scenic Rim,Blair,Locally-controlled,No Roadway Feature,No traffic control,60 km/h,Unsealed - Dry,Clear,Darkness - Not lighted,Curved - view obscured,Grade,804,Off Path-Curve: Off Cway Lt Bend Hit Obj,Off carriageway on curve hit object,N,0,1,0,0,1,1,0,0,0,0,0,0
339937,Hospitalisation,2021,June,Tuesday,13,Hit object,Single Vehicle,152.616415,-27.84141741,Cunningham Hwy,,Cunningham Highway (Ipswich - Warwick),Warrill View,Scenic Rim Region,4307,Harrisville,Ipswich,Southern,SEQ South,South Coast,Boonah,Ipswich Hinterland,Ipswich,Inner Regional,Scenic Rim,Wright,State-controlled,No Roadway Feature,No traffic control,100 - 110 km/h,Sealed - Dry,Clear,Daylight,Curved - view open,Level,803,Off Path-Curve: Off Cway Rt Bend Hit Obj,Off carriageway on curve hit object,S,0,1,0,0,1,1,0,0,0,0,0,0
339938,Medical treatment,2021,June,Wednesday,6,Hit object,Single Vehicle,152.5971921,-27.5691044,Queen St,,Rosewood - Marburg Road,Marburg,Ipswich City,4346,Marburg,Ipswich,Southern,SEQ South,Metropolitan,Rosewood,Ipswich Hinterland,Ipswich,Inner Regional,Ipswich West,Blair,State-controlled,No Roadway Feature,No traffic control,60 km/h,Sealed - Wet,Fog,Dawn/Dusk,Curved - view open,Level,803,Off Path-Curve: Off Cway Rt Bend Hit Obj,Off carriageway on curve hit object,S,0,0,1,0,1,1,0,0,0,0,0,0
339939,Hospitalisation,2021,June,Friday,15,Struck by external load,Other,152.7993005,-27.68970207,Centenary Hwy,,Centenary Motorway (Yamanto - Ellen Grove),Ripley,Ipswich City,4306,Yamanto,Ipswich,Southern,SEQ South,Metropolitan,Ripley,Ipswich Inner,Ipswich,Major Cities,Ipswich,Blair,State-controlled,No Roadway Feature,No traffic control,100 - 110 km/h,Sealed - Dry,Clear,Daylight,Straight,Level,610,Pass & Misc: Load Hit Vehicle,Other,W,0,1,0,1,2,1,0,1,0,0,0,0
339940,Hospitalisation,2021,June,Friday,18,Angle,Multi-Vehicle,152.6907471,-27.56260141,Brisbane Valley Hwy,Ironbark Rd,Brisbane Valley Highway (Ipswich - Harlin),Pine Mountain,Ipswich City,4306,Marburg,Ipswich,Southern,SEQ South,Metropolitan,Rosewood,Ipswich Hinterland,Ipswich,Inner Regional,Ipswich West,Blair,State-controlled,Intersection - T-Junction,No traffic control,100 - 110 km/h,Sealed - Dry,Clear,Darkness - Not lighted,Straight,Crest,308,Veh'S Same Direction: Right Turn S/Swipe,Parallel lanes turning,N,0,1,0,0,1,1,0,1,0,0,0,0
339941,Medical treatment,2021,June,Monday,4,Hit animal,Other,152.7023326,-27.6581132,Cunningham Hwy,,Cunningham Highway (Ipswich - Warwick),Purga,Ipswich City,4306,Yamanto,Ipswich,Southern,SEQ South,Metropolitan,Rosewood,Ipswich Hinterland,Ipswich,Major Cities,Scenic Rim,Blair,State-controlled,No Roadway Feature,No traffic control,80 - 90 km/h,Sealed - Dry,Clear,Daylight,Straight,Level,301,Veh'S Same Direction: Rear End,Rear-end,W,0,0,1,1,2,1,0,1,0,0,0,0
340300,Hospitalisation,2021,May,Sunday,5,Hit object,Single Vehicle,152.9526631,-27.11541943,Gaffield St,,Burpengary - Caboolture Road,Morayfield,Moreton Bay Region,4506,Caboolture,Moreton,North Coast,SEQ North,North Coast,Caboolture - South,Caboolture,Moreton Bay - North,Major Cities,Morayfield,Longman,State-controlled,Intersection - T-Junction,Operating traffic lights,60 km/h,Sealed - Wet,Raining,Dawn/Dusk,Straight,Level,607,Veh'S On Path: Temporary Object On C'Way,Other,W,0,1,0,0,1,0,1,0,0,0,0,0
340301,Medical treatment,2021,May,Sunday,11,Rear-end,Multi-Vehicle,152.9772971,-27.01674944,Bruce Hwy,,Bruce Highway (Brisbane - Gympie),Elimbah,Moreton Bay Region,4516,Caboolture,Moreton,North Coast,SEQ North,North Coast,Elimbah,Caboolture,Moreton Bay - North,Major Cities,Pumicestone,Longman,State-controlled,No Roadway Feature,No traffic control,100 - 110 km/h,Sealed - Wet,Raining,Daylight,Straight,Level,301,Veh'S Same Direction: Rear End,Rear-end,S,0,0,1,0,1,2,0,0,0,0,0,0
340302,Medical treatment,2021,May,Monday,16,Angle,Multi-Vehicle,152.9711871,-27.13919844,Aquatic Centre Dr,Morayfield Rd,Burpengary - Caboolture Road,Burpengary,Moreton Bay Region,4505,Burpengary,Moreton,North Coast,SEQ North,North Coast,Burpengary,Narangba - Burpengary,Moreton Bay - North,Major Cities,Kurwongbah,Longman,State-controlled,Intersection - Roundabout,Give way sign,60 km/h,Sealed - Dry,Clear,Dawn/Dusk,Curved - view open,Level,202,Veh'S Opposite Approach: Thru-Right,Opposing vehicles turning,W,0,0,1,0,1,2,0,0,0,0,0,0
340303,Medical treatment,2021,May,Thursday,12,Angle,Multi-Vehicle,152.9507711,-27.09437143,Market Dr,,,Caboolture South,Moreton Bay Region,4510,Caboolture,Moreton,North Coast,SEQ North,North Coast,Caboolture - South,Caboolture,Moreton Bay - North,Major Cities,Morayfield,Longman,Locally-controlled,No Roadway Feature,No traffic control,0 - 50 km/h,Sealed - Dry,Clear,Daylight,Straight,Level,406,Veh'S Manoeuvring: Leaving Driveway,Vehicle leaving driveway,W,0,0,1,0,1,2,0,0,0,0,0,0
340304,Minor injury,2021,May,Friday,5,Angle,Multi-Vehicle,152.9564601,-27.12177244,Lindsay Rd,Morayfield Rd,Burpengary - Caboolture Road,Morayfield,Moreton Bay Region,4506,Caboolture,Moreton,North Coast,SEQ North,North Coast,Caboolture - South,Caboolture,Moreton Bay - North,Major Cities,Morayfield,Longman,State-controlled,Intersection - T-Junction,Operating traffic lights,70 km/h,Sealed - Dry,Clear,Dawn/Dusk,Curved - view open,Grade,202,Veh'S Opposite Approach: Thru-Right,Opposing vehicles turning,S,0,0,0,1,1,2,0,0,0,0,0,0