Crash_Severity,Crash_Year,Crash_Month,Crash_Day_Of_Week,Crash_Hour,Crash_Nature,Crash_Type,Crash_Longitude,Crash_Latitude,Crash_Street,Crash_Street_Intersecting,State_Road_Name,Loc_Suburb,Loc_Local_Government_Area,Loc_Post_Code,Loc_Police_Division,Loc_Police_District,Loc_Police_Region,Loc_Queensland_Transport_Region,Loc_Main_Roads_Region,Loc_ABS_Statistical_Area_2,Loc_ABS_Statistical_Area_3,Loc_ABS_Statistical_Area_4,Loc_ABS_Remoteness,Loc_State_Electorate,Loc_Federal_Electorate,Crash_Controlling_Authority,Crash_Roadway_Feature,Crash_Traffic_Control,Crash_Speed_Limit,Crash_Road_Surface_Condition,Crash_Atmospheric_Condition,Crash_Lighting_Condition,Crash_Road_Horiz_Align,Crash_Road_Vert_Align,Crash_DCA_Code,Crash_DCA_Description,Crash_DCA_Group_Description,DCA_Key_Approach_Dir,Count_Casualty_Fatality,Count_Casualty_Hospitalised,Count_Casualty_MedicallyTreated,Count_Casualty_MinorInjury,Count_Casualty_Total,Count_Unit_Car,Count_Unit_Motorcycle_Moped,Count_Unit_Truck,Count_Unit_Bus,Count_Unit_Bicycle,Count_Unit_Pedestrian,Count_Unit_Other,
340353,Medical treatment,2021,June,Tuesday,17,Rear-end,Multi-Vehicle,152.9471781,-27.11231643,Walkers Rd,,,Morayfield,Moreton Bay Region,4506,Caboolture,Moreton,North Coast,SEQ North,North Coast,Caboolture - South,Caboolture,Moreton Bay - North,Major Cities,Morayfield,Longman,Locally-controlled,Merge Lane,No traffic control,60 km/h,Sealed - Dry,Clear,Daylight,Straight,Level,305,Veh'S Same Direction: Lane Side Swipe,Lane changes,W,0,0,1,0,1,2,0,0,0,0,0,0
340354,Medical treatment,2021,June,Friday,14,Rear-end,Multi-Vehicle,152.9711871,-27.13919844,Aquatic Centre Dr,Morayfield Rd,Burpengary - Caboolture Road,Burpengary,Moreton Bay Region,4505,Burpengary,Moreton,North Coast,SEQ North,North Coast,Burpengary,Narangba - Burpengary,Moreton Bay - North,Major Cities,Kurwongbah,Longman,State-controlled,Intersection - Roundabout,Give way sign,60 km/h,Sealed - Dry,Clear,Daylight,Curved - view open,Level,302,Veh'S Same Direction: Left Rear,Rear-end,N,0,0,1,0,1,2,0,0,0,0,0,0
340355,Hospitalisation,2021,June,Monday,8,Angle,Multi-Vehicle,152.9864491,-27.08657744,Bribie Island Rd,Pasturage Rd,Caboolture - Bribie Island Road,Caboolture,Moreton Bay Region,4510,Caboolture,Moreton,North Coast,SEQ North,North Coast,Caboolture,Caboolture,Moreton Bay - North,Major Cities,Pumicestone,Longman,State-controlled,Intersection - Interchange,Operating traffic lights,60 km/h,Sealed - Dry,Clear,Daylight,Straight,Crest,102,Veh'S Adjacent Approach: Right-Thru,Intersection from adjacent approaches,S,0,1,0,0,1,1,1,0,0,0,0,0
340356,Hospitalisation,2021,June,Tuesday,18,Angle,Multi-Vehicle,152.9361031,-27.16058243,Rowley Rd,,,Burpengary,Moreton Bay Region,4505,Burpengary,Moreton,North Coast,SEQ North,North Coast,Burpengary,Narangba - Burpengary,Moreton Bay - North,Major Cities,Morayfield,Longman,Locally-controlled,No Roadway Feature,No traffic control,70 km/h,Sealed - Wet,Raining,Darkness - Not lighted,Straight,Level,202,Veh'S Opposite Approach: Thru-Right,Opposing vehicles turning,E,0,1,0,0,1,3,0,0,0,0,0,0
340357,Hospitalisation,2021,June,Tuesday,18,Hit parked vehicle,Single Vehicle,152.9925381,-27.12152044,Stradbroke St,,,Burpengary East,Moreton Bay Region,4505,Deception Bay,Moreton,North Coast,SEQ North,North Coast,Burpengary - East,Caboolture,Moreton Bay - North,Major Cities,Bancroft,Longman,Locally-controlled,No Roadway Feature,No traffic control,0 - 50 km/h,Sealed - Dry,Clear,Dawn/Dusk,Straight,Level,601,Veh'S On Path: Parked,Hit parked vehicle,W,0,1,0,0,1,2,0,0,0,0,0,0
340502,Hospitalisation,2021,January,Tuesday,8,Overturned,Single Vehicle,146.1896225,-18.54212078,Bruce Hwy,,Bruce Highway (Ingham - Innisfail),Bemerside,Hinchinbrook Shire,4850,Ingham,Townsville,Northern,Northern,North Queensland,Ingham Region,Charters Towers - Ayr - Ingham,Townsville,Outer Regional,Hinchinbrook,Kennedy,State-controlled,No Roadway Feature,No traffic control,100 - 110 km/h,Sealed - Wet,Raining,Daylight,Curved - view open,Grade,804,Off Path-Curve: Off Cway Lt Bend Hit Obj,Off carriageway on curve hit object,S,0,1,0,0,1,1,0,0,0,0,0,0
340503,Hospitalisation,2021,January,Tuesday,12,Hit object,Single Vehicle,146.2444935,-18.90544479,Bruce Hwy,,Bruce Highway (Townsville - Ingham),Coolbie,Hinchinbrook Shire,4850,Rollingstone,Townsville,Northern,Northern,North Queensland,Ingham Region,Charters Towers - Ayr - Ingham,Townsville,Outer Regional,Hinchinbrook,Kennedy,State-controlled,No Roadway Feature,No traffic control,100 - 110 km/h,Sealed - Dry,Clear,Daylight,Straight,Level,703,Off Path-Straight: Left Off Cway Hit Obj,Off carriageway on straight hit object,S,0,2,0,0,2,2,0,0,0,0,0,0
340504,Hospitalisation,2021,March,Monday,13,Hit object,Single Vehicle,146.1886266,-18.53850707,Bruce Hwy,,Bruce Highway (Ingham - Innisfail),Bemerside,Hinchinbrook Shire,4850,Ingham,Townsville,Northern,Northern,North Queensland,Ingham Region,Charters Towers - Ayr - Ingham,Townsville,Outer Regional,Hinchinbrook,Kennedy,State-controlled,No Roadway Feature,No traffic control,100 - 110 km/h,Sealed - Wet,Raining,Daylight,Curved - view obscured,Dip,607,Veh'S On Path: Temporary Object On C'Way,Other,S,0,1,0,0,1,1,0,0,0,0,0,0
340505,Medical treatment,2021,March,Tuesday,20,Overturned,Single Vehicle,146.2568235,-18.61451779,Cooks La,Quarry Rd,,Cordelia,Hinchinbrook Shire,4850,Halifax,Townsville,Northern,Northern,North Queensland,Ingham Region,Charters Towers - Ayr - Ingham,Townsville,Outer Regional,Hinchinbrook,Kennedy,Locally-controlled,Intersection - T-Junction,No traffic control,100 - 110 km/h,Sealed - Dry,Clear,Darkness - Not lighted,Curved - view open,Level,802,Off Path-Curve: Off Cway Left Bend,Off carriageway on curve,E,0,0,1,0,1,1,0,0,0,0,0,0
340506,Hospitalisation,2021,March,Friday,13,Angle,Multi-Vehicle,146.2076565,-18.64204078,Cooks La,,,Victoria Plantation,Hinchinbrook Shire,4850,Ingham,Townsville,Northern,Northern,North Queensland,Ingham Region,Charters Towers - Ayr - Ingham,Townsville,Outer Regional,Hinchinbrook,Kennedy,Locally-controlled,No Roadway Feature,No traffic control,100 - 110 km/h,Sealed - Dry,Clear,Daylight,Straight,Level,500,Veh'S Overtaking: Other,Other,,0,1,0,0,1,2,0,0,0,0,0,0
340507,Hospitalisation,2021,March,Wednesday,15,Overturned,Single Vehicle,145.9056855,-18.79634276,Mt Fox Rd,,,Mount Fox,Hinchinbrook Shire,4850,Ingham,Townsville,Northern,Northern,North Queensland,Ingham Region,Charters Towers - Ayr - Ingham,Townsville,Remote,Hinchinbrook,Kennedy,Locally-controlled,No Roadway Feature,No traffic control,0 - 50 km/h,Sealed - Dry,Clear,Daylight,Curved - view obscured,Grade,805,Off Path-Curve: Out Of Control On Cway,Out of control on curve,N,0,1,0,0,1,0,0,0,0,0,0,1
340508,Medical treatment,2021,April,Saturday,7,Angle,Multi-Vehicle,146.1639855,-18.64820178,Cartwright St,,Ingham - Forrest Beach Road,Ingham,Hinchinbrook Shire,4850,Ingham,Townsville,Northern,Northern,North Queensland,Ingham,Charters Towers - Ayr - Ingham,Townsville,Outer Regional,Hinchinbrook,Kennedy,State-controlled,No Roadway Feature,No traffic control,60 km/h,Sealed - Dry,Clear,Daylight,Straight,Level,402,Veh'S Manoeuvring: Parking,Hit parked vehicle,W,0,0,1,0,1,3,0,0,0,0,0,0
340509,Medical treatment,2021,April,Monday,12,Rear-end,Multi-Vehicle,146.2805315,-18.94780979,Bruce Hwy,,Bruce Highway (Townsville - Ingham),Coolbie,Hinchinbrook Shire,4850,Rollingstone,Townsville,Northern,Northern,North Queensland,Ingham Region,Charters Towers - Ayr - Ingham,Townsville,Outer Regional,Hinchinbrook,Kennedy,State-controlled,No Roadway Feature,No traffic control,100 - 110 km/h,Sealed - Dry,Clear,Daylight,Straight,Level,303,Veh'S Same Direction: Right Rear,Rear-end,E,0,0,4,0,4,1,0,1,0,0,0,0
340510,Hospitalisation,2021,April,Tuesday,8,Hit object,Single Vehicle,146.1337261,-18.76332937,Bruce Hwy,,Bruce Highway (Townsville - Ingham),Helens Hill,Hinchinbrook Shire,4850,Ingham,Townsville,Northern,Northern,North Queensland,Ingham Region,Charters Towers - Ayr - Ingham,Townsville,Outer Regional,Hinchinbrook,Kennedy,State-controlled,No Roadway Feature,No traffic control,100 - 110 km/h,Sealed - Wet,Raining,Daylight,Curved - view open,Level,607,Veh'S On Path: Temporary Object On C'Way,Other,S,0,1,0,0,1,1,0,0,0,0,0,0
340511,Medical treatment,2021,May,Friday,8,Angle,Multi-Vehicle,146.1530165,-18.65023278,Hawkins St,Lannercost St,Ingham - Abergowrie Road,Ingham,Hinchinbrook Shire,4850,Ingham,Townsville,Northern,Northern,North Queensland,Ingham,Charters Towers - Ayr - Ingham,Townsville,Outer Regional,Hinchinbrook,Kennedy,State-controlled,Intersection - Cross,Stop sign,60 km/h,Sealed - Dry,Clear,Daylight,Straight,Level,101,Veh'S Adjacent Approach: Thru-Thru,Intersection from adjacent approaches,E,0,0,1,0,1,2,0,0,0,0,0,0
340512,Hospitalisation,2021,May,Saturday,15,Head-on,Multi-Vehicle,146.2848585,-18.95081079,Barrilgie Rd,,,Coolbie,Hinchinbrook Shire,4850,Rollingstone,Townsville,Northern,Northern,North Queensland,Ingham Region,Charters Towers - Ayr - Ingham,Townsville,Outer Regional,Hinchinbrook,Kennedy,Locally-controlled,No Roadway Feature,No traffic control,80 - 90 km/h,Unsealed - Wet,Clear,Daylight,Straight,Grade,201,Veh'S Opposite Approach: Head On,Head-on,N,0,2,0,0,2,0,2,0,0,0,0,0
340513,Hospitalisation,2021,May,Wednesday,11,Overturned,Single Vehicle,146.2110319,-18.68905062,Warrens Hill Rd,,,Blackrock,Hinchinbrook Shire,4850,Ingham,Townsville,Northern,Northern,North Queensland,Ingham Region,Charters Towers - Ayr - Ingham,Townsville,Outer Regional,Hinchinbrook,Kennedy,Locally-controlled,No Roadway Feature,No traffic control,100 - 110 km/h,Sealed - Dry,Clear,Daylight,Curved - view obscured,Level,802,Off Path-Curve: Off Cway Left Bend,Off carriageway on curve,W,0,1,0,0,1,1,0,0,0,0,0,0
340514,Medical treatment,2021,June,Monday,21,Hit object,Single Vehicle,146.1628045,-18.64684078,Cartwright St,,,Ingham,Hinchinbrook Shire,4850,Ingham,Townsville,Northern,Northern,North Queensland,Ingham,Charters Towers - Ayr - Ingham,Townsville,Outer Regional,Hinchinbrook,Kennedy,Locally-controlled,No Roadway Feature,No traffic control,60 km/h,Sealed - Wet,Clear,Darkness - Lighted,Straight,Level,708,Off Path-Straight: Mounts Traffic Island,Off carriageway on straight hit object,E,0,0,1,0,1,1,0,0,0,0,0,0
340515,Hospitalisation,2021,June,Tuesday,20,Head-on,Multi-Vehicle,146.1672895,-18.62106378,Bruce Hwy,,Bruce Highway (Ingham - Innisfail),Gairloch,Hinchinbrook Shire,4850,Ingham,Townsville,Northern,Northern,North Queensland,Ingham Region,Charters Towers - Ayr - Ingham,Townsville,Outer Regional,Hinchinbrook,Kennedy,State-controlled,No Roadway Feature,No traffic control,100 - 110 km/h,Sealed - Dry,Clear,Darkness - Not lighted,Straight,Level,201,Veh'S Opposite Approach: Head On,Head-on,N,0,1,0,0,1,1,0,1,0,0,0,0
340516,Medical treatment,2021,June,Monday,16,Angle,Multi-Vehicle,146.1762405,-18.67376678,Blackrock Rd,Warrens Hill Rd,,Blackrock,Hinchinbrook Shire,4850,Ingham,Townsville,Northern,Northern,North Queensland,Ingham Region,Charters Towers - Ayr - Ingham,Townsville,Outer Regional,Hinchinbrook,Kennedy,Locally-controlled,Intersection - T-Junction,Give way sign,100 - 110 km/h,Sealed - Dry,Clear,Daylight,Straight,Level,104,Veh'S Adjacent Approach: Thru-Right,Intersection from adjacent approaches,W,0,0,3,0,3,2,0,0,0,0,0,0
340736,Medical treatment,2021,January,Saturday,14,Hit animal,Other,152.5217203,-26.09408938,Wide Bay Hwy,,Wide Bay Highway (Gympie - Goomeri),Bells Bridge,Gympie Region,4570,Kilkivan,Wide Bay Burnett,North Coast,Southern,Southern Queensland,Gympie Region,Gympie - Cooloola,Wide Bay,Inner Regional,Gympie,Wide Bay,State-controlled,No Roadway Feature,No traffic control,100 - 110 km/h,Sealed - Dry,Clear,Daylight,Straight,Level,609,Pass & Misc: Hit Animal,Hit animal,W,0,0,1,1,2,1,0,0,0,0,0,0
340737,Hospitalisation,2021,January,Tuesday,11,Angle,Multi-Vehicle,152.6549752,-26.1823314,Duke St,Iron St,,Gympie,Gympie Region,4570,Gympie,Wide Bay Burnett,North Coast,Southern,Southern Queensland,Gympie - North,Gympie - Cooloola,Wide Bay,Inner Regional,Gympie,Wide Bay,Locally-controlled,Intersection - Cross,Give way sign,60 km/h,Sealed - Dry,Clear,Daylight,Straight,Crest,101,Veh'S Adjacent Approach: Thru-Thru,Intersection from adjacent approaches,W,0,2,0,0,2,2,0,0,0,0,0,0
340738,Hospitalisation,2021,January,Friday,10,Hit object,Single Vehicle,152.652537,-26.1984353,Power Rd,,,Southside,Gympie Region,4570,Gympie,Wide Bay Burnett,North Coast,Southern,Southern Queensland,Gympie - South,Gympie - Cooloola,Wide Bay,Inner Regional,Gympie,Wide Bay,Locally-controlled,No Roadway Feature,No traffic control,60 km/h,Sealed - Wet,Raining,Daylight,Straight,Grade,704,Off Path-Straight:Right Off Cway Hit Obj,Off carriageway on straight hit object,W,0,1,0,0,1,1,0,0,0,0,0,0
340739,Hospitalisation,2021,January,Friday,20,Angle,Multi-Vehicle,152.6651512,-26.1873224,Fern St,Lawrence St,,Gympie,Gympie Region,4570,Gympie,Wide Bay Burnett,North Coast,Southern,Southern Queensland,Gympie - North,Gympie - Cooloola,Wide Bay,Inner Regional,Gympie,Wide Bay,Locally-controlled,Intersection - Cross,Stop sign,60 km/h,Sealed - Dry,Clear,Darkness - Not lighted,Straight,Grade,101,Veh'S Adjacent Approach: Thru-Thru,Intersection from adjacent approaches,,0,1,0,0,1,0,0,0,0,1,0,1
340740,Fatal,2021,January,Saturday,7,Head-on,Multi-Vehicle,152.6432112,-26.1287764,Old Maryborough Rd,,,Tamaree,Gympie Region,4570,Gympie,Wide Bay Burnett,North Coast,Southern,Southern Queensland,Gympie - North,Gympie - Cooloola,Wide Bay,Inner Regional,Gympie,Wide Bay,Locally-controlled,No Roadway Feature,No traffic control,80 - 90 km/h,Sealed - Dry,Clear,Daylight,Curved - view obscured,Crest,201,Veh'S Opposite Approach: Head On,Head-on,N,1,0,0,1,2,1,1,0,0,0,0,0
340741,Hospitalisation,2021,January,Sunday,20,Hit object,Single Vehicle,152.7110834,-26.26105597,Bruce Hwy,,Bruce Highway (Brisbane - Gympie),Kybong,Gympie Region,4570,Gympie,Wide Bay Burnett,North Coast,Southern,Southern Queensland,Gympie Region,Gympie - Cooloola,Wide Bay,Inner Regional,Gympie,Wide Bay,State-controlled,No Roadway Feature,No traffic control,80 - 90 km/h,Sealed - Dry,Clear,Darkness - Lighted,Straight,Level,703,Off Path-Straight: Left Off Cway Hit Obj,Off carriageway on straight hit object,N,0,1,0,0,1,1,0,0,0,0,0,0
340742,Medical treatment,2021,January,Sunday,14,Rear-end,Multi-Vehicle,152.6871492,-26.21597156,Brisbane Rd,,Tin Can Bay Road,Monkland,Gympie Region,4570,Gympie,Wide Bay Burnett,North Coast,Southern,Southern Queensland,Gympie - North,Gympie - Cooloola,Wide Bay,Inner Regional,Gympie,Wide Bay,State-controlled,No Roadway Feature,No traffic control,60 km/h,Sealed - Dry,Clear,Daylight,Curved - view open,Level,301,Veh'S Same Direction: Rear End,Rear-end,S,0,0,1,0,1,2,0,0,0,0,0,0
340743,Medical treatment,2021,January,Tuesday,18,Fall from vehicle,Single Vehicle,152.6769822,-26.1805994,Rifle Range Rd,,,Gympie,Gympie Region,4570,Gympie,Wide Bay Burnett,North Coast,Southern,Southern Queensland,Gympie - North,Gympie - Cooloola,Wide Bay,Inner Regional,Gympie,Wide Bay,Locally-controlled,No Roadway Feature,No traffic control,0 - 50 km/h,Sealed - Dry,Clear,Dawn/Dusk,Straight,Level,705,Off Path-Straight:Out Of Control On Cway,Out of control on straight,E,0,0,1,0,1,0,1,0,0,0,0,0
340744,Medical treatment,2021,February,Monday,13,Angle,Multi-Vehicle,152.6559672,-26.1842194,Duke St,Jane St,,Gympie,Gympie Region,4570,Gympie,Wide Bay Burnett,North Coast,Southern,Southern Queensland,Gympie - North,Gympie - Cooloola,Wide Bay,Inner Regional,Gympie,Wide Bay,Locally-controlled,Intersection - Cross,Give way sign,60 km/h,Sealed - Dry,Clear,Daylight,Straight,Crest,101,Veh'S Adjacent Approach: Thru-Thru,Intersection from adjacent approaches,W,0,0,1,0,1,2,0,0,0,0,0,0
340745,Medical treatment,2021,February,Tuesday,17,Hit object,Single Vehicle,152.6732702,-26.1991394,John St,,,Gympie,Gympie Region,4570,Gympie,Wide Bay Burnett,North Coast,Southern,Southern Queensland,Gympie - North,Gympie - Cooloola,Wide Bay,Inner Regional,Gympie,Wide Bay,Locally-controlled,No Roadway Feature,No traffic control,0 - 50 km/h,Sealed - Dry,Clear,Daylight,Straight,Level,703,Off Path-Straight: Left Off Cway Hit Obj,Off carriageway on straight hit object,E,0,0,1,0,1,1,0,0,0,0,0,0
340746,Medical treatment,2021,February,Tuesday,8,Angle,Multi-Vehicle,152.7132802,-26.2258074,Noosa Rd,Sunray Rd,,Mothar Mountain,Gympie Region,4570,Gympie,Wide Bay Burnett,North Coast,Southern,Southern Queensland,Gympie Region,Gympie - Cooloola,Wide Bay,Inner Regional,Gympie,Wide Bay,Locally-controlled,Intersection - Cross,Give way sign,80 - 90 km/h,Sealed - Dry,Clear,Daylight,Curved - view open,Level,101,Veh'S Adjacent Approach: Thru-Thru,Intersection from adjacent approaches,S,0,0,2,0,2,2,0,0,0,0,0,0
340747,Hospitalisation,2021,February,Thursday,11,Angle,Multi-Vehicle,152.6681402,-26.2003074,Bruce Hwy,River Rd,Bruce Highway (Brisbane - Gympie),Gympie,Gympie Region,4570,Gympie,Wide Bay Burnett,North Coast,Southern,Southern Queensland,Gympie - North,Gympie - Cooloola,Wide Bay,Inner Regional,Gympie,Wide Bay,State-controlled,Intersection - T-Junction,Give way sign,60 km/h,Sealed - Dry,Clear,Daylight,Curved - view open,Level,104,Veh'S Adjacent Approach: Thru-Right,Intersection from adjacent approaches,S,0,1,0,1,2,2,0,0,0,0,0,0
340748,Medical treatment,2021,February,Sunday,9,Hit object,Single Vehicle,152.6705202,-26.1730084,Old Maryborough Rd,,,Gympie,Gympie Region,4570,Gympie,Wide Bay Burnett,North Coast,Southern,Southern Queensland,Gympie - North,Gympie - Cooloola,Wide Bay,Inner Regional,Gympie,Wide Bay,Locally-controlled,No Roadway Feature,No traffic control,60 km/h,Sealed - Wet,Raining,Daylight,Curved - view open,Level,804,Off Path-Curve: Off Cway Lt Bend Hit Obj,Off carriageway on curve hit object,,0,0,1,0,1,1,0,0,0,0,0,0
340749,Hospitalisation,2021,February,Sunday,11,Fall from vehicle,Single Vehicle,152.574467,-26.12521299,Bruce Hwy,,Bruce Highway (Gympie - Maryborough),Bells Bridge,Gympie Region,4570,Gympie,Wide Bay Burnett,North Coast,Southern,Southern Queensland,Gympie Region,Gympie - Cooloola,Wide Bay,Inner Regional,Gympie,Wide Bay,State-controlled,No Roadway Feature,No traffic control,60 km/h,Sealed - Wet,Clear,Daylight,Curved - view open,Level,705,Off Path-Straight:Out Of Control On Cway,Out of control on straight,N,0,1,0,0,1,2,1,0,0,0,0,0
340750,Hospitalisation,2021,February,Friday,16,Angle,Multi-Vehicle,152.7110452,-26.1734414,Tin Can Bay Rd,,Tin Can Bay Road,Veteran,Gympie Region,4570,Gympie,Wide Bay Burnett,North Coast,Southern,Southern Queensland,Gympie Region,Gympie - Cooloola,Wide Bay,Inner Regional,Gympie,Wide Bay,State-controlled,Intersection - T-Junction,Give way sign,100 - 110 km/h,Sealed - Dry,Clear,Daylight,Straight,Level,104,Veh'S Adjacent Approach: Thru-Right,Intersection from adjacent approaches,W,0,1,0,0,1,1,0,1,0,0,0,0
340751,Hospitalisation,2021,February,Sunday,10,Head-on,Multi-Vehicle,152.6360692,-26.2262624,Eel Creek Rd,Lawson Rd,,Pie Creek,Gympie Region,4570,Gympie,Wide Bay Burnett,North Coast,Southern,Southern Queensland,Gympie - South,Gympie - Cooloola,Wide Bay,Inner Regional,Gympie,Wide Bay,Locally-controlled,Intersection - T-Junction,No traffic control,0 - 50 km/h,Sealed - Dry,Clear,Daylight,Curved - view open,Crest,104,Veh'S Adjacent Approach: Thru-Right,Intersection from adjacent approaches,S,0,1,0,0,1,2,0,0,0,0,0,0
340752,Hospitalisation,2021,February,Sunday,9,Hit object,Single Vehicle,152.5079555,-26.3757767,Amamoor Ck Rd,,,Amamoor Creek,Gympie Region,4570,Imbil,Wide Bay Burnett,North Coast,Southern,Southern Queensland,Gympie Region,Gympie - Cooloola,Wide Bay,Inner Regional,Gympie,Wide Bay,Locally-controlled,Forestry/National Park Road,No traffic control,60 km/h,Unsealed - Dry,Clear,Daylight,Curved - view open,Level,803,Off Path-Curve: Off Cway Rt Bend Hit Obj,Off carriageway on curve hit object,W,0,1,0,0,1,0,1,0,0,0,0,0
340753,Medical treatment,2021,February,Friday,16,Rear-end,Multi-Vehicle,152.6573782,-26.1917334,Wickham St,,Bruce Highway (Gympie - Maryborough),Gympie,Gympie Region,4570,Gympie,Wide Bay Burnett,North Coast,Southern,Southern Queensland,Gympie - North,Gympie - Cooloola,Wide Bay,Inner Regional,Gympie,Wide Bay,State-controlled,No Roadway Feature,No traffic control,60 km/h,Sealed - Dry,Clear,Daylight,Straight,Level,301,Veh'S Same Direction: Rear End,Rear-end,W,0,0,1,0,1,1,1,0,0,0,0,0
340754,Medical treatment,2021,February,Saturday,12,Rear-end,Multi-Vehicle,152.6685302,-26.2020684,Bruce Hwy,,Bruce Highway (Brisbane - Gympie),Gympie,Gympie Region,4570,Gympie,Wide Bay Burnett,North Coast,Southern,Southern Queensland,Gympie - North,Gympie - Cooloola,Wide Bay,Inner Regional,Gympie,Wide Bay,State-controlled,No Roadway Feature,No traffic control,60 km/h,Sealed - Dry,Clear,Daylight,Straight,Level,301,Veh'S Same Direction: Rear End,Rear-end,S,0,0,1,0,1,2,0,0,0,0,0,0
340767,Medical treatment,2021,January,Friday,3,Angle,Multi-Vehicle,152.976695,-27.41456644,Osborne Rd,Samford Rd,Samford Sub-Arterial Road,Mitchelton,Brisbane City,4053,Ferny Grove,North Brisbane,Brisbane,SEQ North,Metropolitan,Mitchelton,The Gap - Enoggera,Brisbane - West,Major Cities,Ferny Grove,Ryan,State-controlled,Intersection - T-Junction,Operating traffic lights,60 km/h,Sealed - Wet,Clear,Darkness - Lighted,Straight,Grade,202,Veh'S Opposite Approach: Thru-Right,Opposing vehicles turning,W,0,0,1,0,1,2,0,0,0,0,0,0
340768,Medical treatment,2021,January,Friday,10,Hit object,Single Vehicle,152.9044701,-27.39026643,Samford Rd,,Samford Road,Ferny Hills,Moreton Bay Region,4055,Ferny Grove,North Brisbane,Brisbane,SEQ North,North Coast,The Hills District,The Hills District,Moreton Bay - South,Major Cities,Ferny Grove,Dickson,State-controlled,No Roadway Feature,No traffic control,60 km/h,Sealed - Wet,Clear,Daylight,Curved - view open,Grade,201,Veh'S Opposite Approach: Head On,Head-on,E,0,0,1,0,1,2,0,0,0,0,0,0
340769,Hospitalisation,2021,January,Sunday,18,Sideswipe,Multi-Vehicle,152.948536,-27.41448544,Samford Rd,,Samford Sub-Arterial Road,Keperra,Brisbane City,4054,Ferny Grove,North Brisbane,Brisbane,SEQ North,Metropolitan,Keperra,The Gap - Enoggera,Brisbane - West,Major Cities,Ferny Grove,Ryan,State-controlled,No Roadway Feature,No traffic control,70 km/h,Sealed - Dry,Clear,Daylight,Straight,Grade,305,Veh'S Same Direction: Lane Side Swipe,Lane changes,W,0,1,0,0,1,1,1,0,0,0,0,0
340770,Hospitalisation,2021,January,Wednesday,17,Rear-end,Multi-Vehicle,152.986917,-27.39723844,Old Northern Rd,,Everton Park - Albany Creek Road,Everton Park,Brisbane City,4053,Ferny Grove,North Brisbane,Brisbane,SEQ North,Metropolitan,Everton Park,Bald Hills - Everton Park,Brisbane - North,Major Cities,Everton,Lilley,State-controlled,No Roadway Feature,No traffic control,60 km/h,Sealed - Dry,Clear,Daylight,Curved - view open,Crest,301,Veh'S Same Direction: Rear End,Rear-end,N,0,1,0,0,1,1,1,0,0,0,0,0
340771,Hospitalisation,2021,January,Tuesday,9,Rear-end,Multi-Vehicle,152.8872681,-27.37417443,Samford Rd,,Samford Road,Samford Village,Moreton Bay Region,4520,Ferny Grove,North Brisbane,Brisbane,SEQ North,North Coast,Samford Valley,The Hills District,Moreton Bay - South,Major Cities,Pine Rivers,Dickson,State-controlled,No Roadway Feature,No traffic control,60 km/h,Sealed - Dry,Clear,Daylight,Straight,Level,301,Veh'S Same Direction: Rear End,Rear-end,E,0,1,0,0,1,1,1,0,0,0,0,0
340772,Hospitalisation,2021,January,Wednesday,23,Hit object,Single Vehicle,152.7720797,-27.3496296,Mount Glorious Rd,,Mount Glorious Road,England Creek,Brisbane City,4520,Ferny Grove,North Brisbane,Brisbane,SEQ North,Metropolitan,Samford Valley,The Hills District,Moreton Bay - South,Inner Regional,Pine Rivers,Dickson,State-controlled,No Roadway Feature,No traffic control,60 km/h,Sealed - Dry,Clear,Darkness - Not lighted,Curved - view obscured,Grade,800,Off Path-Curve: Other,Other,N,0,1,0,0,1,1,0,0,0,0,0,0
340773,Hospitalisation,2021,January,Monday,14,Fall from vehicle,Single Vehicle,152.869753,-27.37255594,Mount Glorious Rd,,Samford - Mount Glorious Road,Samford Valley,Moreton Bay Region,4520,Ferny Grove,North Brisbane,Brisbane,SEQ North,North Coast,Samford Valley,The Hills District,Moreton Bay - South,Major Cities,Pine Rivers,Dickson,State-controlled,No Roadway Feature,No traffic control,70 km/h,Sealed - Wet,Raining,Daylight,Straight,Level,805,Off Path-Curve: Out Of Control On Cway,Out of control on curve,E,0,1,0,0,1,0,1,0,0,0,0,0
340774,Hospitalisation,2021,January,Thursday,13,Hit pedestrian,Hit pedestrian,152.9570311,-27.39438244,Bargo St,Yanderra Ave,,Arana Hills,Moreton Bay Region,4054,Ferny Grove,North Brisbane,Brisbane,SEQ North,North Coast,The Hills District,The Hills District,Moreton Bay - South,Major Cities,Ferny Grove,Dickson,Locally-controlled,Intersection - Cross,Stop sign,0 - 50 km/h,Sealed - Dry,Clear,Daylight,Straight,Level,3,Ped'N: Far Side Vehicle Hit From Left,Pedestrian,N,0,1,0,0,1,1,0,0,0,0,1,0
340775,Minor injury,2021,January,Thursday,18,Rear-end,Multi-Vehicle,152.976892,-27.41393544,Osborne Rd,,,Mitchelton,Brisbane City,4053,Ferny Grove,North Brisbane,Brisbane,SEQ North,Metropolitan,Mitchelton,The Gap - Enoggera,Brisbane - West,Major Cities,Ferny Grove,Ryan,Locally-controlled,No Roadway Feature,No traffic control,60 km/h,Sealed - Dry,Clear,Daylight,Straight,Level,301,Veh'S Same Direction: Rear End,Rear-end,S,0,0,0,1,1,2,0,0,0,0,0,0