Crash_Severity,Crash_Year,Crash_Month,Crash_Day_Of_Week,Crash_Hour,Crash_Nature,Crash_Type,Crash_Longitude,Crash_Latitude,Crash_Street,Crash_Street_Intersecting,State_Road_Name,Loc_Suburb,Loc_Local_Government_Area,Loc_Post_Code,Loc_Police_Division,Loc_Police_District,Loc_Police_Region,Loc_Queensland_Transport_Region,Loc_Main_Roads_Region,Loc_ABS_Statistical_Area_2,Loc_ABS_Statistical_Area_3,Loc_ABS_Statistical_Area_4,Loc_ABS_Remoteness,Loc_State_Electorate,Loc_Federal_Electorate,Crash_Controlling_Authority,Crash_Roadway_Feature,Crash_Traffic_Control,Crash_Speed_Limit,Crash_Road_Surface_Condition,Crash_Atmospheric_Condition,Crash_Lighting_Condition,Crash_Road_Horiz_Align,Crash_Road_Vert_Align,Crash_DCA_Code,Crash_DCA_Description,Crash_DCA_Group_Description,DCA_Key_Approach_Dir,Count_Casualty_Fatality,Count_Casualty_Hospitalised,Count_Casualty_MedicallyTreated,Count_Casualty_MinorInjury,Count_Casualty_Total,Count_Unit_Car,Count_Unit_Motorcycle_Moped,Count_Unit_Truck,Count_Unit_Bus,Count_Unit_Bicycle,Count_Unit_Pedestrian,Count_Unit_Other,
342126,Medical treatment,2021,January,Wednesday,15,Rear-end,Multi-Vehicle,152.763708,-27.61239342,Bremer St,Marsden Pde,,Ipswich,Ipswich City,4305,Ipswich,Ipswich,Southern,SEQ South,Metropolitan,Ipswich - Central,Ipswich Inner,Ipswich,Major Cities,Ipswich,Blair,Locally-controlled,Intersection - T-Junction,Operating traffic lights,60 km/h,Sealed - Dry,Clear,Daylight,Straight,Grade,303,Veh'S Same Direction: Right Rear,Rear-end,E,0,0,1,0,1,1,0,1,0,0,0,0
342127,Medical treatment,2021,January,Friday,10,Rear-end,Multi-Vehicle,152.7617181,-27.61036723,Pine St,,Ipswich - Warrego Hwy Connection Road,North Ipswich,Ipswich City,4305,Ipswich,Ipswich,Southern,SEQ South,Metropolitan,North Ipswich - Tivoli,Ipswich Inner,Ipswich,Major Cities,Ipswich West,Blair,State-controlled,Bridge/Causeway,No traffic control,60 km/h,Sealed - Wet,Raining,Daylight,Straight,Level,301,Veh'S Same Direction: Rear End,Rear-end,S,0,0,1,0,1,4,0,0,0,0,0,0
342128,Hospitalisation,2021,January,Friday,19,Hit pedestrian,Hit pedestrian,152.787762,-27.60847242,Jacaranda St,,,North Booval,Ipswich City,4304,Ipswich,Ipswich,Southern,SEQ South,Metropolitan,Ipswich - East,Ipswich Inner,Ipswich,Major Cities,Ipswich,Blair,Locally-controlled,No Roadway Feature,No traffic control,60 km/h,Sealed - Wet,Raining,Darkness - Lighted,Straight,Level,3,Ped'N: Far Side Vehicle Hit From Left,Pedestrian,E,0,1,0,0,1,1,0,0,0,0,1,0
342129,Medical treatment,2021,January,Sunday,8,Rear-end,Multi-Vehicle,152.77057,-27.63180842,Whitehill Rd,,,Eastern Heights,Ipswich City,4305,Yamanto,Ipswich,Southern,SEQ South,Metropolitan,Ipswich - East,Ipswich Inner,Ipswich,Major Cities,Ipswich,Blair,Locally-controlled,No Roadway Feature,No traffic control,0 - 50 km/h,Sealed - Wet,Raining,Daylight,Straight,Level,301,Veh'S Same Direction: Rear End,Rear-end,N,0,0,1,0,1,1,0,0,0,0,0,1
342130,Medical treatment,2021,January,Thursday,12,Angle,Multi-Vehicle,152.738366,-27.62867042,Old Toowoomba Rd,,,Leichhardt,Ipswich City,4305,Ipswich,Ipswich,Southern,SEQ South,Metropolitan,Leichhardt - One Mile,Ipswich Inner,Ipswich,Major Cities,Ipswich West,Blair,Locally-controlled,No Roadway Feature,No traffic control,0 - 50 km/h,Sealed - Dry,Clear,Daylight,Straight,Level,406,Veh'S Manoeuvring: Leaving Driveway,Vehicle leaving driveway,W,0,0,1,0,1,2,0,0,0,0,0,0
342131,Hospitalisation,2021,January,Saturday,4,Hit object,Single Vehicle,152.757479,-27.58170042,Warrego Hwy,,Warrego Highway (Ipswich - Toowoomba),North Ipswich,Ipswich City,4305,Karana Downs,Ipswich,Southern,SEQ South,Metropolitan,North Ipswich - Tivoli,Ipswich Inner,Ipswich,Major Cities,Ipswich West,Blair,State-controlled,No Roadway Feature,No traffic control,100 - 110 km/h,Sealed - Dry,Clear,Dawn/Dusk,Curved - view open,Grade,803,Off Path-Curve: Off Cway Rt Bend Hit Obj,Off carriageway on curve hit object,W,0,1,0,0,1,1,0,0,0,0,0,0
342132,Hospitalisation,2021,January,Monday,10,Angle,Multi-Vehicle,152.758045,-27.59258942,Musgrave St,Pine Mountain Rd,Ipswich - Warrego Hwy Connection Road,North Ipswich,Ipswich City,4305,Karana Downs,Ipswich,Southern,SEQ South,Metropolitan,North Ipswich - Tivoli,Ipswich Inner,Ipswich,Major Cities,Ipswich West,Blair,State-controlled,Intersection - T-Junction,No traffic control,60 km/h,Sealed - Wet,Raining,Daylight,Curved - view open,Grade,201,Veh'S Opposite Approach: Head On,Head-on,S,0,1,1,1,3,2,0,0,0,0,0,0
342133,Medical treatment,2021,January,Thursday,17,Rear-end,Multi-Vehicle,152.7210781,-27.58004342,Warrego Hwy,,Warrego Highway (Ipswich - Toowoomba),Brassall,Ipswich City,4305,Karana Downs,Ipswich,Southern,SEQ South,Metropolitan,Brassall,Ipswich Inner,Ipswich,Major Cities,Ipswich West,Blair,State-controlled,Intersection - Interchange,No traffic control,80 - 90 km/h,Sealed - Dry,Clear,Daylight,Straight,Level,302,Veh'S Same Direction: Left Rear,Rear-end,W,0,0,1,0,1,2,0,0,0,0,0,0
342134,Hospitalisation,2021,January,Tuesday,10,Head-on,Multi-Vehicle,152.748106,-27.59478742,Haig St,,,Brassall,Ipswich City,4305,Karana Downs,Ipswich,Southern,SEQ South,Metropolitan,Brassall,Ipswich Inner,Ipswich,Major Cities,Ipswich West,Blair,Locally-controlled,No Roadway Feature,No traffic control,0 - 50 km/h,Sealed - Dry,Clear,Daylight,Straight,Grade,201,Veh'S Opposite Approach: Head On,Head-on,E,0,1,0,0,1,1,0,0,0,1,0,0
342135,Hospitalisation,2021,January,Friday,12,Sideswipe,Multi-Vehicle,152.761278,-27.61468442,Brisbane St,,Ipswich - Cunningham Hwy Connection Road,Ipswich,Ipswich City,4305,Ipswich,Ipswich,Southern,SEQ South,Metropolitan,Ipswich - Central,Ipswich Inner,Ipswich,Major Cities,Ipswich,Blair,State-controlled,No Roadway Feature,No traffic control,60 km/h,Sealed - Dry,Clear,Dawn/Dusk,Straight,Level,307,Veh'S Same Direction: Lane Change Left,Lane changes,E,0,1,0,0,1,3,0,0,0,0,0,0
342136,Minor injury,2021,January,Saturday,17,Fall from vehicle,Single Vehicle,152.760148,-27.60685442,Downs St,Lowry St,Ipswich - Warrego Hwy Connection Road,North Ipswich,Ipswich City,4305,Ipswich,Ipswich,Southern,SEQ South,Metropolitan,North Ipswich - Tivoli,Ipswich Inner,Ipswich,Major Cities,Ipswich West,Blair,State-controlled,Intersection - T-Junction,Flashing amber lights,0 - 50 km/h,Sealed - Dry,Clear,Daylight,Straight,Level,706,Off Path-Straight: Left Turn,Off carriageway on straight,N,0,0,0,1,1,0,1,0,0,0,0,0
342137,Hospitalisation,2021,February,Monday,10,Angle,Multi-Vehicle,152.762324,-27.61696742,Gordon St,South St,,Ipswich,Ipswich City,4305,Ipswich,Ipswich,Southern,SEQ South,Metropolitan,Ipswich - Central,Ipswich Inner,Ipswich,Major Cities,Ipswich,Blair,Locally-controlled,Intersection - Cross,Operating traffic lights,60 km/h,Sealed - Dry,Clear,Daylight,Straight,Level,101,Veh'S Adjacent Approach: Thru-Thru,Intersection from adjacent approaches,W,0,2,0,1,3,2,0,0,0,0,0,0
342138,Medical treatment,2021,February,Tuesday,13,Hit object,Single Vehicle,152.7586741,-27.59237342,Liverpool St,Pine Mountain Rd,Ipswich - Warrego Hwy Connection Road,North Ipswich,Ipswich City,4305,Karana Downs,Ipswich,Southern,SEQ South,Metropolitan,North Ipswich - Tivoli,Ipswich Inner,Ipswich,Major Cities,Ipswich West,Blair,State-controlled,Intersection - T-Junction,No traffic control,60 km/h,Sealed - Wet,Clear,Daylight,Curved - view obscured,Grade,607,Veh'S On Path: Temporary Object On C'Way,Other,E,0,0,1,0,1,1,0,0,0,0,0,0
342139,Medical treatment,2021,February,Thursday,10,Rear-end,Multi-Vehicle,152.812521,-27.63119542,Cunningham Hwy,Mary St,Cunningham Highway (Ipswich - Warwick),Blackstone,Ipswich City,4304,Booval,Ipswich,Southern,SEQ South,Metropolitan,Bundamba,Ipswich Inner,Ipswich,Major Cities,Bundamba,Blair,State-controlled,Intersection - Interchange,Operating traffic lights,60 km/h,Sealed - Dry,Clear,Daylight,Straight,Level,301,Veh'S Same Direction: Rear End,Rear-end,W,0,0,1,0,1,2,0,0,0,0,0,0
342140,Hospitalisation,2021,February,Saturday,12,Hit pedestrian,Hit pedestrian,152.789398,-27.61427142,Brisbane Rd,South Station Rd,Ipswich - Cunningham Hwy Connection Road,Booval,Ipswich City,4304,Booval,Ipswich,Southern,SEQ South,Metropolitan,Ipswich - East,Ipswich Inner,Ipswich,Major Cities,Ipswich,Blair,State-controlled,Merge Lane,No traffic control,60 km/h,Sealed - Dry,Clear,Daylight,Straight,Level,3,Ped'N: Far Side Vehicle Hit From Left,Pedestrian,S,0,1,0,0,1,1,0,0,0,0,1,0
342141,Hospitalisation,2021,February,Sunday,18,Angle,Multi-Vehicle,152.778448,-27.62594742,Cooinda St,Grange Rd,,Eastern Heights,Ipswich City,4305,Ipswich,Ipswich,Southern,SEQ South,Metropolitan,Ipswich - East,Ipswich Inner,Ipswich,Major Cities,Ipswich,Blair,Locally-controlled,Intersection - T-Junction,Stop sign,60 km/h,Sealed - Dry,Clear,Dawn/Dusk,Straight,Level,104,Veh'S Adjacent Approach: Thru-Right,Intersection from adjacent approaches,S,0,1,0,0,1,1,1,0,0,0,0,0
342142,Medical treatment,2021,February,Wednesday,13,Angle,Multi-Vehicle,152.796199,-27.61139342,Hamilton St,,,Booval,Ipswich City,4304,Booval,Ipswich,Southern,SEQ South,Metropolitan,Ipswich - East,Ipswich Inner,Ipswich,Major Cities,Ipswich,Blair,Locally-controlled,No Roadway Feature,No traffic control,60 km/h,Sealed - Dry,Clear,Daylight,Straight,Level,202,Veh'S Opposite Approach: Thru-Right,Opposing vehicles turning,N,0,0,3,0,3,2,0,0,0,0,0,0
342143,Medical treatment,2021,February,Wednesday,15,Hit object,Single Vehicle,152.8202738,-27.58602383,Warrego Hwy,,Warrego Highway (Ipswich - Toowoomba),Riverview,Ipswich City,4303,Booval,Ipswich,Southern,SEQ South,Metropolitan,Riverview,Ipswich Inner,Ipswich,Major Cities,Bundamba,Blair,State-controlled,No Roadway Feature,No traffic control,100 - 110 km/h,Sealed - Dry,Clear,Daylight,Straight,Level,607,Veh'S On Path: Temporary Object On C'Way,Other,E,0,0,1,0,1,1,0,1,0,0,0,0
342144,Hospitalisation,2021,February,Thursday,15,Hit pedestrian,Hit pedestrian,152.755547,-27.63370242,Bremer State High School Access,Warwick Rd,Ipswich - Cunningham Hwy Connection Road,Ipswich,Ipswich City,4305,Yamanto,Ipswich,Southern,SEQ South,Metropolitan,Ipswich - Central,Ipswich Inner,Ipswich,Major Cities,Ipswich,Blair,State-controlled,Intersection - T-Junction,Operating traffic lights,60 km/h,Sealed - Dry,Clear,Daylight,Straight,Level,3,Ped'N: Far Side Vehicle Hit From Left,Pedestrian,S,0,1,0,0,1,0,0,1,0,0,1,0
342145,Medical treatment,2021,February,Monday,7,Rear-end,Multi-Vehicle,152.815754,-27.63253043,Redbank Plains Rd,,Cunningham Highway (Ipswich - Warwick),New Chum,Ipswich City,4303,Booval,Ipswich,Southern,SEQ South,Metropolitan,New Chum,Springfield - Redbank,Ipswich,Major Cities,Bundamba,Blair,State-controlled,No Roadway Feature,No traffic control,60 km/h,Sealed - Dry,Clear,Daylight,Straight,Level,301,Veh'S Same Direction: Rear End,Rear-end,W,0,0,1,0,1,2,0,0,0,0,0,0
342146,Hospitalisation,2021,February,Tuesday,15,Angle,Multi-Vehicle,152.74923,-27.64280242,Greave St,Guilfoyle St,,Churchill,Ipswich City,4305,Yamanto,Ipswich,Southern,SEQ South,Metropolitan,Churchill - Yamanto,Ipswich Inner,Ipswich,Major Cities,Ipswich,Blair,Locally-controlled,Intersection - Cross,Give way sign,0 - 50 km/h,Sealed - Dry,Clear,Daylight,Straight,Level,101,Veh'S Adjacent Approach: Thru-Thru,Intersection from adjacent approaches,E,0,1,0,0,1,2,0,0,0,0,0,0
342147,Hospitalisation,2021,February,Wednesday,15,Hit object,Single Vehicle,152.740423,-27.62128042,Watsonia Dr,,,Leichhardt,Ipswich City,4305,Ipswich,Ipswich,Southern,SEQ South,Metropolitan,Leichhardt - One Mile,Ipswich Inner,Ipswich,Major Cities,Ipswich West,Blair,Locally-controlled,No Roadway Feature,No traffic control,0 - 50 km/h,Sealed - Wet,Clear,Daylight,Straight,Level,705,Off Path-Straight:Out Of Control On Cway,Out of control on straight,E,0,1,0,0,1,1,0,0,0,0,0,0
342148,Medical treatment,2021,February,Thursday,11,Angle,Multi-Vehicle,152.744919,-27.58690742,Fernvale Rd,Pine Mountain Rd,Ipswich - Warrego Hwy Connection Road,Brassall,Ipswich City,4305,Karana Downs,Ipswich,Southern,SEQ South,Metropolitan,Brassall,Ipswich Inner,Ipswich,Major Cities,Ipswich West,Blair,State-controlled,Intersection - T-Junction,Stop sign,60 km/h,Sealed - Wet,Raining,Daylight,Curved - view open,Crest,104,Veh'S Adjacent Approach: Thru-Right,Intersection from adjacent approaches,E,0,0,1,0,1,2,0,0,0,0,0,0
342149,Hospitalisation,2021,February,Wednesday,12,Sideswipe,Multi-Vehicle,152.751257,-27.58932542,Clem St,Pine Mountain Rd,Ipswich - Warrego Hwy Connection Road,Brassall,Ipswich City,4305,Karana Downs,Ipswich,Southern,SEQ South,Metropolitan,Brassall,Ipswich Inner,Ipswich,Major Cities,Ipswich West,Blair,State-controlled,Intersection - T-Junction,No traffic control,60 km/h,Sealed - Dry,Clear,Daylight,Curved - view open,Grade,307,Veh'S Same Direction: Lane Change Left,Lane changes,E,0,1,0,0,1,2,0,1,0,0,0,0
342150,Hospitalisation,2021,February,Thursday,2,Hit object,Single Vehicle,152.731847,-27.60463542,Gregory St,,,Wulkuraka,Ipswich City,4305,Karana Downs,Ipswich,Southern,SEQ South,Metropolitan,Leichhardt - One Mile,Ipswich Inner,Ipswich,Major Cities,Ipswich West,Blair,Locally-controlled,No Roadway Feature,No traffic control,60 km/h,Sealed - Wet,Raining,Darkness - Lighted,Curved - view obscured,Level,804,Off Path-Curve: Off Cway Lt Bend Hit Obj,Off carriageway on curve hit object,S,0,1,0,0,1,0,1,0,0,0,0,0
342151,Minor injury,2021,February,Thursday,16,Rear-end,Multi-Vehicle,152.76062,-27.61548942,East St,Limestone St,Ipswich - Cunningham Hwy Connection Road,Ipswich,Ipswich City,4305,Ipswich,Ipswich,Southern,SEQ South,Metropolitan,Ipswich - Central,Ipswich Inner,Ipswich,Major Cities,Ipswich,Blair,State-controlled,Intersection - Cross,Operating traffic lights,0 - 50 km/h,Sealed - Dry,Clear,Daylight,Straight,Level,303,Veh'S Same Direction: Right Rear,Rear-end,S,0,0,0,1,1,2,0,0,0,0,0,0
342152,Medical treatment,2021,March,Tuesday,15,Rear-end,Multi-Vehicle,152.8187333,-27.62639558,Cunningham Hwy,,Cunningham Highway (Ipswich - Warwick),New Chum,Ipswich City,4303,Booval,Ipswich,Southern,SEQ South,Metropolitan,New Chum,Springfield - Redbank,Ipswich,Major Cities,Bundamba,Blair,State-controlled,No Roadway Feature,No traffic control,100 - 110 km/h,Sealed - Dry,Clear,Daylight,Straight,Level,301,Veh'S Same Direction: Rear End,Rear-end,W,0,0,1,0,1,2,0,0,0,0,0,0
342153,Medical treatment,2021,March,Wednesday,15,Angle,Multi-Vehicle,152.75834,-27.62292742,Macalister St,Park St,,Ipswich,Ipswich City,4305,Ipswich,Ipswich,Southern,SEQ South,Metropolitan,Ipswich - Central,Ipswich Inner,Ipswich,Major Cities,Ipswich,Blair,Locally-controlled,Intersection - Cross,Give way sign,0 - 50 km/h,Sealed - Dry,Clear,Daylight,Straight,Level,101,Veh'S Adjacent Approach: Thru-Thru,Intersection from adjacent approaches,S,0,0,1,1,2,2,0,0,0,0,0,0
342154,Medical treatment,2021,March,Thursday,9,Rear-end,Multi-Vehicle,152.76917,-27.62671542,Chermside Rd,,,Eastern Heights,Ipswich City,4305,Ipswich,Ipswich,Southern,SEQ South,Metropolitan,Ipswich - East,Ipswich Inner,Ipswich,Major Cities,Ipswich,Blair,Locally-controlled,No Roadway Feature,No traffic control,60 km/h,Sealed - Dry,Clear,Daylight,Straight,Level,301,Veh'S Same Direction: Rear End,Rear-end,S,0,0,1,0,1,3,0,0,0,0,0,0
342155,Medical treatment,2021,March,Thursday,8,Angle,Multi-Vehicle,152.751216,-27.61919442,Omar St,Tiger St,,West Ipswich,Ipswich City,4305,Ipswich,Ipswich,Southern,SEQ South,Metropolitan,Ipswich - Central,Ipswich Inner,Ipswich,Major Cities,Ipswich,Blair,Locally-controlled,Intersection - Cross,Stop sign,0 - 50 km/h,Sealed - Wet,Clear,Daylight,Curved - view open,Level,101,Veh'S Adjacent Approach: Thru-Thru,Intersection from adjacent approaches,E,0,0,2,0,2,2,0,0,0,0,0,0
342156,Hospitalisation,2021,March,Sunday,13,Head-on,Multi-Vehicle,152.785685,-27.62368342,Russell St,,,Silkstone,Ipswich City,4304,Ipswich,Ipswich,Southern,SEQ South,Metropolitan,Ipswich - East,Ipswich Inner,Ipswich,Major Cities,Ipswich,Blair,Locally-controlled,No Roadway Feature,No traffic control,0 - 50 km/h,Sealed - Dry,Clear,Daylight,Straight,Level,201,Veh'S Opposite Approach: Head On,Head-on,N,0,1,0,0,1,2,0,0,0,0,0,0
342157,Medical treatment,2021,March,Saturday,10,Angle,Multi-Vehicle,152.764406,-27.59122042,Cyprus St,Hill St,,North Ipswich,Ipswich City,4305,Karana Downs,Ipswich,Southern,SEQ South,Metropolitan,North Ipswich - Tivoli,Ipswich Inner,Ipswich,Major Cities,Ipswich West,Blair,Locally-controlled,Intersection - Cross,Stop sign,0 - 50 km/h,Sealed - Dry,Clear,Daylight,Straight,Grade,101,Veh'S Adjacent Approach: Thru-Thru,Intersection from adjacent approaches,W,0,0,1,0,1,2,0,0,0,0,0,0
342158,Hospitalisation,2021,March,Sunday,9,Angle,Multi-Vehicle,152.832054,-27.59028143,Warrego Hwy,Westphalen Dr,Warrego Highway (Ipswich - Toowoomba),Riverview,Ipswich City,4303,Booval,Ipswich,Southern,SEQ South,Metropolitan,Riverview,Ipswich Inner,Ipswich,Major Cities,Bundamba,Blair,State-controlled,Intersection - Interchange,Stop sign,60 km/h,Sealed - Dry,Clear,Daylight,Curved - view open,Grade,202,Veh'S Opposite Approach: Thru-Right,Opposing vehicles turning,W,0,1,0,0,1,2,0,0,0,0,0,0
342159,Hospitalisation,2021,March,Sunday,23,Hit object,Single Vehicle,152.7256207,-27.58039385,Warrego Hwy,,Warrego Highway (Ipswich - Toowoomba),Brassall,Ipswich City,4305,Karana Downs,Ipswich,Southern,SEQ South,Metropolitan,Brassall,Ipswich Inner,Ipswich,Major Cities,Ipswich West,Blair,State-controlled,Intersection - Interchange,No traffic control,80 - 90 km/h,Sealed - Wet,Clear,Darkness - Lighted,Straight,Grade,703,Off Path-Straight: Left Off Cway Hit Obj,Off carriageway on straight hit object,W,0,1,0,0,1,1,0,0,0,0,0,0
342160,Hospitalisation,2021,March,Tuesday,15,Hit object,Single Vehicle,152.7372811,-27.63126554,Woodford St,,,One Mile,Ipswich City,4305,Ipswich,Ipswich,Southern,SEQ South,Metropolitan,Leichhardt - One Mile,Ipswich Inner,Ipswich,Major Cities,Ipswich West,Blair,Locally-controlled,No Roadway Feature,No traffic control,60 km/h,Sealed - Wet,Raining,Daylight,Straight,Level,703,Off Path-Straight: Left Off Cway Hit Obj,Off carriageway on straight hit object,E,0,1,0,0,1,1,0,0,0,0,0,0
342161,Hospitalisation,2021,March,Thursday,14,Angle,Multi-Vehicle,152.785357,-27.61385442,Brisbane Rd,Green St,Ipswich - Cunningham Hwy Connection Road,Booval,Ipswich City,4304,Ipswich,Ipswich,Southern,SEQ South,Metropolitan,Ipswich - East,Ipswich Inner,Ipswich,Major Cities,Ipswich,Blair,State-controlled,Intersection - Cross,Operating traffic lights,0 - 50 km/h,Sealed - Dry,Clear,Daylight,Straight,Level,202,Veh'S Opposite Approach: Thru-Right,Opposing vehicles turning,S,0,1,0,0,1,2,0,0,0,0,0,0
342162,Medical treatment,2021,March,Thursday,15,Angle,Multi-Vehicle,152.794535,-27.60481442,Dudleigh St,Gledson St,,North Booval,Ipswich City,4304,Booval,Ipswich,Southern,SEQ South,Metropolitan,Ipswich - East,Ipswich Inner,Ipswich,Major Cities,Ipswich,Blair,Locally-controlled,Intersection - T-Junction,Give way sign,0 - 50 km/h,Sealed - Dry,Clear,Daylight,Straight,Level,105,Veh'S Adjacent Approach: Right-Right,Intersection from adjacent approaches,N,0,0,1,0,1,2,0,0,0,0,0,0
342163,Medical treatment,2021,March,Thursday,9,Rear-end,Multi-Vehicle,152.760233,-27.60699342,Downs St,Lowry St,Ipswich - Warrego Hwy Connection Road,North Ipswich,Ipswich City,4305,Ipswich,Ipswich,Southern,SEQ South,Metropolitan,North Ipswich - Tivoli,Ipswich Inner,Ipswich,Major Cities,Ipswich West,Blair,State-controlled,Intersection - Cross,Operating traffic lights,60 km/h,Sealed - Dry,Clear,Daylight,Straight,Level,301,Veh'S Same Direction: Rear End,Rear-end,N,0,0,1,0,1,2,0,0,0,0,0,0
342164,Minor injury,2021,March,Sunday,13,Angle,Multi-Vehicle,152.749603,-27.62317242,Hooper St,Pound St,,West Ipswich,Ipswich City,4305,Ipswich,Ipswich,Southern,SEQ South,Metropolitan,Ipswich - Central,Ipswich Inner,Ipswich,Major Cities,Ipswich,Blair,Locally-controlled,Intersection - T-Junction,Give way sign,60 km/h,Sealed - Dry,Clear,Daylight,Straight,Level,104,Veh'S Adjacent Approach: Thru-Right,Intersection from adjacent approaches,E,0,0,0,1,1,2,0,0,0,0,0,0
342165,Minor injury,2021,March,Monday,14,Hit object,Single Vehicle,152.7387151,-27.57936242,Pine Mountain Rd,Warrego Hwy,Warrego Highway (Ipswich - Toowoomba),Brassall,Ipswich City,4305,Karana Downs,Ipswich,Southern,SEQ South,Metropolitan,Brassall,Ipswich Inner,Ipswich,Major Cities,Ipswich West,Blair,State-controlled,Intersection - T-Junction,No traffic control,100 - 110 km/h,Sealed - Wet,Raining,Daylight,Curved - view open,Level,804,Off Path-Curve: Off Cway Lt Bend Hit Obj,Off carriageway on curve hit object,W,0,0,0,1,1,1,0,0,0,0,0,0
342166,Hospitalisation,2021,March,Wednesday,18,Rear-end,Multi-Vehicle,152.750576,-27.62341842,Moffatt St,,,West Ipswich,Ipswich City,4305,Ipswich,Ipswich,Southern,SEQ South,Metropolitan,Ipswich - Central,Ipswich Inner,Ipswich,Major Cities,Ipswich,Blair,Locally-controlled,No Roadway Feature,No traffic control,60 km/h,Sealed - Dry,Clear,Darkness - Lighted,Straight,Grade,301,Veh'S Same Direction: Rear End,Rear-end,W,0,1,0,1,2,3,0,0,0,0,0,0
342167,Hospitalisation,2021,March,Friday,7,Angle,Multi-Vehicle,152.800402,-27.59174542,Egerton St,Hanlon St,,Bundamba,Ipswich City,4304,Booval,Ipswich,Southern,SEQ South,Metropolitan,Bundamba,Ipswich Inner,Ipswich,Major Cities,Bundamba,Blair,Locally-controlled,Intersection - T-Junction,No traffic control,60 km/h,Sealed - Dry,Clear,Daylight,Straight,Crest,202,Veh'S Opposite Approach: Thru-Right,Opposing vehicles turning,W,0,1,0,0,1,2,0,0,0,0,0,0
342168,Medical treatment,2021,March,Monday,2,Hit object,Single Vehicle,152.7199848,-27.57998436,Warrego Hwy,,Warrego Highway (Ipswich - Toowoomba),Brassall,Ipswich City,4305,Karana Downs,Ipswich,Southern,SEQ South,Metropolitan,Brassall,Ipswich Inner,Ipswich,Major Cities,Ipswich West,Blair,State-controlled,No Roadway Feature,No traffic control,100 - 110 km/h,Sealed - Dry,Clear,Darkness - Lighted,Straight,Level,705,Off Path-Straight:Out Of Control On Cway,Out of control on straight,W,0,0,1,0,1,1,0,0,0,0,0,0
342169,Minor injury,2021,March,Tuesday,22,Angle,Multi-Vehicle,152.765806,-27.61659942,Limestone St,Milford St,Ipswich - Cunningham Hwy Connection Road,Ipswich,Ipswich City,4305,Ipswich,Ipswich,Southern,SEQ South,Metropolitan,Ipswich - Central,Ipswich Inner,Ipswich,Major Cities,Ipswich,Blair,State-controlled,Intersection - Cross,Stop sign,60 km/h,Sealed - Dry,Clear,Darkness - Lighted,Straight,Grade,101,Veh'S Adjacent Approach: Thru-Thru,Intersection from adjacent approaches,W,0,0,0,2,2,2,0,0,0,0,0,0
342170,Minor injury,2021,April,Sunday,3,Hit object,Single Vehicle,152.82739,-27.58987743,Warrego Hwy,,Warrego Highway (Ipswich - Toowoomba),Riverview,Ipswich City,4303,Booval,Ipswich,Southern,SEQ South,Metropolitan,Riverview,Ipswich Inner,Ipswich,Major Cities,Bundamba,Blair,State-controlled,No Roadway Feature,No traffic control,80 - 90 km/h,Sealed - Dry,Clear,Darkness - Lighted,Curved - view open,Level,804,Off Path-Curve: Off Cway Lt Bend Hit Obj,Off carriageway on curve hit object,E,0,0,0,1,1,1,0,0,0,0,0,0
342171,Medical treatment,2021,April,Friday,13,Rear-end,Multi-Vehicle,152.759931,-27.60740742,Downs St,,Ipswich - Warrego Hwy Connection Road,North Ipswich,Ipswich City,4305,Ipswich,Ipswich,Southern,SEQ South,Metropolitan,North Ipswich - Tivoli,Ipswich Inner,Ipswich,Major Cities,Ipswich West,Blair,State-controlled,No Roadway Feature,No traffic control,60 km/h,Sealed - Dry,Clear,Daylight,Straight,Level,301,Veh'S Same Direction: Rear End,Rear-end,W,0,0,1,0,1,2,0,0,0,0,0,0
342172,Minor injury,2021,April,Monday,17,Rear-end,Multi-Vehicle,152.7448528,-27.59903483,Albion St,,,Brassall,Ipswich City,4305,Karana Downs,Ipswich,Southern,SEQ South,Metropolitan,Brassall,Ipswich Inner,Ipswich,Major Cities,Ipswich West,Blair,Locally-controlled,No Roadway Feature,No traffic control,60 km/h,Sealed - Dry,Clear,Dawn/Dusk,Straight,Level,301,Veh'S Same Direction: Rear End,Rear-end,N,0,0,0,1,1,3,0,0,0,0,0,0
342173,Medical treatment,2021,April,Saturday,20,Rear-end,Multi-Vehicle,152.822319,-27.58796943,Warrego Hwy,,Warrego Highway (Ipswich - Toowoomba),Bundamba,Ipswich City,4304,Booval,Ipswich,Southern,SEQ South,Metropolitan,Bundamba,Ipswich Inner,Ipswich,Major Cities,Bundamba,Blair,State-controlled,Intersection - Interchange,No traffic control,100 - 110 km/h,Sealed - Dry,Clear,Darkness - Lighted,Straight,Level,301,Veh'S Same Direction: Rear End,Rear-end,W,0,0,1,0,1,2,0,0,0,0,0,0
342174,Hospitalisation,2021,April,Sunday,16,Head-on,Multi-Vehicle,152.7344814,-27.60780168,Gregory St,,,Wulkuraka,Ipswich City,4305,Karana Downs,Ipswich,Southern,SEQ South,Metropolitan,Leichhardt - One Mile,Ipswich Inner,Ipswich,Major Cities,Ipswich West,Blair,Locally-controlled,No Roadway Feature,No traffic control,60 km/h,Sealed - Dry,Clear,Daylight,Straight,Level,201,Veh'S Opposite Approach: Head On,Head-on,W,0,1,0,1,2,2,0,0,0,0,0,0
342175,Minor injury,2021,April,Monday,16,Hit pedestrian,Hit pedestrian,152.786791,-27.62129142,Blackstone Rd,,,Silkstone,Ipswich City,4304,Ipswich,Ipswich,Southern,SEQ South,Metropolitan,Ipswich - East,Ipswich Inner,Ipswich,Major Cities,Ipswich,Blair,Locally-controlled,No Roadway Feature,No traffic control,60 km/h,Sealed - Dry,Clear,Daylight,Straight,Level,7,Ped'N: Hit By Vehicle Enter/Leave D'Way,Pedestrian,U,0,0,0,1,1,1,0,0,0,0,1,0