Crash_Severity,Crash_Year,Crash_Month,Crash_Day_Of_Week,Crash_Hour,Crash_Nature,Crash_Type,Crash_Longitude,Crash_Latitude,Crash_Street,Crash_Street_Intersecting,State_Road_Name,Loc_Suburb,Loc_Local_Government_Area,Loc_Post_Code,Loc_Police_Division,Loc_Police_District,Loc_Police_Region,Loc_Queensland_Transport_Region,Loc_Main_Roads_Region,Loc_ABS_Statistical_Area_2,Loc_ABS_Statistical_Area_3,Loc_ABS_Statistical_Area_4,Loc_ABS_Remoteness,Loc_State_Electorate,Loc_Federal_Electorate,Crash_Controlling_Authority,Crash_Roadway_Feature,Crash_Traffic_Control,Crash_Speed_Limit,Crash_Road_Surface_Condition,Crash_Atmospheric_Condition,Crash_Lighting_Condition,Crash_Road_Horiz_Align,Crash_Road_Vert_Align,Crash_DCA_Code,Crash_DCA_Description,Crash_DCA_Group_Description,DCA_Key_Approach_Dir,Count_Casualty_Fatality,Count_Casualty_Hospitalised,Count_Casualty_MedicallyTreated,Count_Casualty_MinorInjury,Count_Casualty_Total,Count_Unit_Car,Count_Unit_Motorcycle_Moped,Count_Unit_Truck,Count_Unit_Bus,Count_Unit_Bicycle,Count_Unit_Pedestrian,Count_Unit_Other,
342527,Medical treatment,2021,June,Friday,2,Hit object,Single Vehicle,153.112533,-27.51945345,Pine Mountain Rd,Scrub Rd,,Carindale,Brisbane City,4152,Carina,South Brisbane,Brisbane,SEQ South,Metropolitan,Carindale,Carindale,Brisbane - South,Major Cities,Chatsworth,Bonner,Locally-controlled,No Roadway Feature,No traffic control,60 km/h,Sealed - Dry,Clear,Darkness - Lighted,Curved - view open,Level,804,Off Path-Curve: Off Cway Lt Bend Hit Obj,Off carriageway on curve hit object,N,0,0,2,0,2,1,0,0,0,0,0,0
342528,Hospitalisation,2021,June,Sunday,13,Angle,Multi-Vehicle,153.114681,-27.50876045,Scrub Rd,Winstanley St,,Carindale,Brisbane City,4152,Carina,South Brisbane,Brisbane,SEQ South,Metropolitan,Carindale,Carindale,Brisbane - South,Major Cities,Chatsworth,Bonner,Locally-controlled,Intersection - T-Junction,Operating traffic lights,60 km/h,Sealed - Dry,Clear,Daylight,Straight,Grade,202,Veh'S Opposite Approach: Thru-Right,Opposing vehicles turning,S,0,1,0,1,2,2,0,0,0,0,0,0
342801,Hospitalisation,2021,January,Wednesday,21,Hit object,Single Vehicle,150.5200538,-23.33494817,Farm St,Potts St,,Norman Gardens,Rockhampton Region,4701,North Rockhampton,Capricornia,Central,Central,Central Queensland,Norman Gardens,Rockhampton,Central Queensland,Inner Regional,Keppel,Capricornia,Locally-controlled,Median Opening,No traffic control,60 km/h,Sealed - Dry,Clear,Darkness - Lighted,Straight,Level,708,Off Path-Straight: Mounts Traffic Island,Off carriageway on straight hit object,E,0,1,0,0,1,0,1,0,0,0,0,0
342802,Minor injury,2021,January,Monday,13,Angle,Multi-Vehicle,150.5025018,-23.31798817,Bush Cr,Mclaughlin St,,Parkhurst,Rockhampton Region,4702,North Rockhampton,Capricornia,Central,Central,Central Queensland,Parkhurst - Kawana,Rockhampton,Central Queensland,Inner Regional,Rockhampton,Capricornia,Locally-controlled,Intersection - T-Junction,No traffic control,60 km/h,Sealed - Dry,Clear,Daylight,Straight,Level,506,Veh'S Overtaking: Overtake-Right Turn,Overtaking same direction,E,0,0,0,1,1,2,0,0,0,0,0,0
342803,Medical treatment,2021,January,Tuesday,15,Rear-end,Multi-Vehicle,150.5316718,-23.35169017,Berserker St,Robinson St,,Frenchville,Rockhampton Region,4701,North Rockhampton,Capricornia,Central,Central,Central Queensland,Frenchville - Mount Archer,Rockhampton,Central Queensland,Inner Regional,Rockhampton,Capricornia,Locally-controlled,Intersection - Cross,No traffic control,0 - 50 km/h,Sealed - Dry,Clear,Daylight,Straight,Level,301,Veh'S Same Direction: Rear End,Rear-end,S,0,0,1,1,2,2,0,0,0,0,0,0
342804,Hospitalisation,2021,January,Friday,10,Hit object,Single Vehicle,150.5460798,-23.35431718,Thozet Rd,,,Frenchville,Rockhampton Region,4701,North Rockhampton,Capricornia,Central,Central,Central Queensland,Frenchville - Mount Archer,Rockhampton,Central Queensland,Inner Regional,Keppel,Capricornia,Locally-controlled,No Roadway Feature,No traffic control,60 km/h,Sealed - Dry,Clear,Daylight,Straight,Level,703,Off Path-Straight: Left Off Cway Hit Obj,Off carriageway on straight hit object,N,0,2,0,0,2,1,0,0,0,0,0,0
342805,Hospitalisation,2021,January,Friday,13,Rear-end,Multi-Vehicle,150.5097717,-23.37049722,Albert St,,Bruce Highway (Rockhampton - St Lawrence),Rockhampton City,Rockhampton Region,4700,Rockhampton,Capricornia,Central,Central,Central Queensland,Park Avenue,Rockhampton,Central Queensland,Inner Regional,Rockhampton,Capricornia,State-controlled,Bridge/Causeway,No traffic control,60 km/h,Sealed - Dry,Clear,Daylight,Straight,Level,301,Veh'S Same Direction: Rear End,Rear-end,W,0,1,1,0,2,3,0,0,0,0,0,0
342806,Hospitalisation,2021,January,Monday,10,Rear-end,Multi-Vehicle,150.5184632,-23.33409017,Yaamba Rd,,Bruce Highway (Rockhampton - St Lawrence),Norman Gardens,Rockhampton Region,4701,North Rockhampton,Capricornia,Central,Central,Central Queensland,Norman Gardens,Rockhampton,Central Queensland,Inner Regional,Keppel,Capricornia,State-controlled,No Roadway Feature,No traffic control,60 km/h,Sealed - Dry,Clear,Daylight,Straight,Level,301,Veh'S Same Direction: Rear End,Rear-end,S,0,1,0,0,1,4,0,0,0,0,0,0
342807,Hospitalisation,2021,January,Saturday,13,Angle,Multi-Vehicle,150.5271448,-23.34283317,Feez St,Schneider St,,Norman Gardens,Rockhampton Region,4701,North Rockhampton,Capricornia,Central,Central,Central Queensland,Norman Gardens,Rockhampton,Central Queensland,Inner Regional,Keppel,Capricornia,Locally-controlled,Intersection - T-Junction,Stop sign,60 km/h,Sealed - Dry,Clear,Daylight,Straight,Dip,408,Veh'S Manoeuvring: Entering From Footway,Vehicle leaving driveway,E,0,1,0,0,1,1,0,0,0,1,0,0
342808,Medical treatment,2021,January,Friday,15,Rear-end,Multi-Vehicle,150.5345785,-23.37298237,Lakes Creek Rd,,Rockhampton - Emu Park Road,Berserker,Rockhampton Region,4701,North Rockhampton,Capricornia,Central,Central,Central Queensland,Berserker,Rockhampton,Central Queensland,Inner Regional,Rockhampton,Capricornia,State-controlled,No Roadway Feature,No traffic control,70 km/h,Sealed - Dry,Clear,Daylight,Straight,Level,301,Veh'S Same Direction: Rear End,Rear-end,E,0,0,3,0,3,3,0,0,0,0,0,0
342809,Hospitalisation,2021,February,Tuesday,16,Angle,Multi-Vehicle,150.5209848,-23.37282317,Bridge St,Goodsall St,Rockhampton - Emu Park Road,The Common,Rockhampton Region,4701,North Rockhampton,Capricornia,Central,Central,Central Queensland,Berserker,Rockhampton,Central Queensland,Inner Regional,Rockhampton,Capricornia,State-controlled,Intersection - Cross,Stop sign,60 km/h,Sealed - Dry,Clear,Daylight,Curved - view open,Level,104,Veh'S Adjacent Approach: Thru-Right,Intersection from adjacent approaches,W,0,1,1,0,2,2,0,0,0,0,0,0
342810,Hospitalisation,2021,February,Tuesday,17,Angle,Multi-Vehicle,150.5214986,-23.35789096,High St,,,Berserker,Rockhampton Region,4701,North Rockhampton,Capricornia,Central,Central,Central Queensland,Berserker,Rockhampton,Central Queensland,Inner Regional,Rockhampton,Capricornia,Locally-controlled,No Roadway Feature,Operating traffic lights,0 - 50 km/h,Sealed - Dry,Clear,Dawn/Dusk,Straight,Level,202,Veh'S Opposite Approach: Thru-Right,Opposing vehicles turning,W,0,1,0,0,1,2,0,0,0,0,0,0
342811,Minor injury,2021,February,Wednesday,2,Hit object,Single Vehicle,150.5226358,-23.36279017,Elphinstone St,Musgrave St,Rockhampton - Yeppoon Road,Berserker,Rockhampton Region,4701,North Rockhampton,Capricornia,Central,Central,Central Queensland,Berserker,Rockhampton,Central Queensland,Inner Regional,Rockhampton,Capricornia,State-controlled,Intersection - Cross,Operating traffic lights,60 km/h,Sealed - Dry,Clear,Darkness - Lighted,Straight,Level,704,Off Path-Straight:Right Off Cway Hit Obj,Off carriageway on straight hit object,S,0,0,0,1,1,1,0,0,0,0,0,0
342812,Hospitalisation,2021,February,Wednesday,20,Hit parked vehicle,Single Vehicle,150.5331772,-23.35412437,Simpson St,,,Berserker,Rockhampton Region,4701,North Rockhampton,Capricornia,Central,Central,Central Queensland,Berserker,Rockhampton,Central Queensland,Inner Regional,Rockhampton,Capricornia,Locally-controlled,No Roadway Feature,No traffic control,0 - 50 km/h,Sealed - Dry,Clear,Darkness - Lighted,Straight,Level,601,Veh'S On Path: Parked,Hit parked vehicle,E,0,1,0,0,1,2,1,0,0,0,0,0
342813,Hospitalisation,2021,February,Friday,10,Angle,Multi-Vehicle,150.5325728,-23.35178717,Robinson St,,,Frenchville,Rockhampton Region,4701,North Rockhampton,Capricornia,Central,Central,Central Queensland,Frenchville - Mount Archer,Rockhampton,Central Queensland,Inner Regional,Rockhampton,Capricornia,Locally-controlled,No Roadway Feature,No traffic control,0 - 50 km/h,Sealed - Dry,Clear,Daylight,Straight,Level,406,Veh'S Manoeuvring: Leaving Driveway,Vehicle leaving driveway,E,0,1,0,0,1,2,0,0,0,0,0,0
342814,Hospitalisation,2021,February,Wednesday,9,Hit pedestrian,Hit pedestrian,150.5047058,-23.33833617,Alexandra St,,,Kawana,Rockhampton Region,4701,North Rockhampton,Capricornia,Central,Central,Central Queensland,Parkhurst - Kawana,Rockhampton,Central Queensland,Inner Regional,Rockhampton,Capricornia,Locally-controlled,No Roadway Feature,No traffic control,60 km/h,Sealed - Dry,Clear,Daylight,Straight,Level,0,Ped'N: Hit Other,Other,E,0,1,0,0,1,1,0,0,0,0,1,0
342815,Minor injury,2021,February,Monday,12,Angle,Multi-Vehicle,150.5214478,-23.35780117,High St,,,Berserker,Rockhampton Region,4701,North Rockhampton,Capricornia,Central,Central,Central Queensland,Berserker,Rockhampton,Central Queensland,Inner Regional,Rockhampton,Capricornia,Locally-controlled,No Roadway Feature,Operating traffic lights,60 km/h,Sealed - Dry,Clear,Daylight,Straight,Level,202,Veh'S Opposite Approach: Thru-Right,Opposing vehicles turning,W,0,0,0,4,4,2,0,0,0,0,0,0
342816,Hospitalisation,2021,February,Wednesday,8,Angle,Multi-Vehicle,150.5283128,-23.35879417,Eldon St,High St,,Berserker,Rockhampton Region,4701,North Rockhampton,Capricornia,Central,Central,Central Queensland,Berserker,Rockhampton,Central Queensland,Inner Regional,Rockhampton,Capricornia,Locally-controlled,Intersection - Cross,Give way sign,60 km/h,Sealed - Dry,Clear,Daylight,Straight,Level,101,Veh'S Adjacent Approach: Thru-Thru,Intersection from adjacent approaches,N,0,1,0,0,1,2,0,0,0,0,0,0
342817,Hospitalisation,2021,February,Thursday,17,Angle,Multi-Vehicle,150.5387598,-23.34533317,Diplock St,Kerrigan St,,Frenchville,Rockhampton Region,4701,North Rockhampton,Capricornia,Central,Central,Central Queensland,Frenchville - Mount Archer,Rockhampton,Central Queensland,Inner Regional,Rockhampton,Capricornia,Locally-controlled,Intersection - Cross,Give way sign,0 - 50 km/h,Sealed - Dry,Clear,Daylight,Straight,Level,101,Veh'S Adjacent Approach: Thru-Thru,Intersection from adjacent approaches,W,0,2,0,0,2,2,0,0,0,0,0,0
342818,Hospitalisation,2021,February,Saturday,13,Angle,Multi-Vehicle,150.5258528,-23.35698717,Clifton St,Ford St,,Berserker,Rockhampton Region,4701,North Rockhampton,Capricornia,Central,Central,Central Queensland,Berserker,Rockhampton,Central Queensland,Inner Regional,Rockhampton,Capricornia,Locally-controlled,Intersection - Cross,Stop sign,0 - 50 km/h,Sealed - Dry,Clear,Daylight,Straight,Level,101,Veh'S Adjacent Approach: Thru-Thru,Intersection from adjacent approaches,W,0,1,1,0,2,2,0,0,0,0,0,0
342819,Hospitalisation,2021,March,Monday,7,Hit object,Single Vehicle,150.5408558,-23.29614817,Yeppoon Rd,,Rockhampton - Yeppoon Road,Limestone Creek,Rockhampton Region,4701,North Rockhampton,Capricornia,Central,Central,Central Queensland,Norman Gardens,Rockhampton,Central Queensland,Inner Regional,Keppel,Capricornia,State-controlled,No Roadway Feature,No traffic control,100 - 110 km/h,Sealed - Dry,Clear,Daylight,Curved - view open,Level,803,Off Path-Curve: Off Cway Rt Bend Hit Obj,Off carriageway on curve hit object,E,0,1,0,0,1,1,0,0,0,0,0,0
342820,Hospitalisation,2021,March,Tuesday,14,Angle,Multi-Vehicle,150.5249458,-23.34041417,Feez St,Yewdale Dr,,Norman Gardens,Rockhampton Region,4701,North Rockhampton,Capricornia,Central,Central,Central Queensland,Norman Gardens,Rockhampton,Central Queensland,Inner Regional,Rockhampton,Capricornia,Locally-controlled,Intersection - T-Junction,Give way sign,0 - 50 km/h,Sealed - Dry,Clear,Daylight,Curved - view open,Level,104,Veh'S Adjacent Approach: Thru-Right,Intersection from adjacent approaches,E,0,1,0,0,1,2,0,0,0,0,0,0
342821,Hospitalisation,2021,March,Monday,14,Rear-end,Multi-Vehicle,150.5187618,-23.37201917,Bridge St,Queen Elizabeth Dr,Rockhampton - Yeppoon Road,Berserker,Rockhampton Region,4701,North Rockhampton,Capricornia,Central,Central,Central Queensland,Berserker,Rockhampton,Central Queensland,Inner Regional,Rockhampton,Capricornia,State-controlled,Intersection - Cross,Operating traffic lights,60 km/h,Sealed - Dry,Clear,Daylight,Straight,Level,301,Veh'S Same Direction: Rear End,Rear-end,W,0,1,0,0,1,2,0,0,0,0,0,0
342822,Minor injury,2021,March,Friday,4,Sideswipe,Multi-Vehicle,150.5232888,-23.36019017,Musgrave St,,Rockhampton - Yeppoon Road,Berserker,Rockhampton Region,4701,North Rockhampton,Capricornia,Central,Central,Central Queensland,Berserker,Rockhampton,Central Queensland,Inner Regional,Rockhampton,Capricornia,State-controlled,No Roadway Feature,No traffic control,60 km/h,Sealed - Dry,Clear,Darkness - Lighted,Straight,Level,305,Veh'S Same Direction: Lane Side Swipe,Lane changes,S,0,0,0,1,1,2,0,0,0,0,0,0
342823,Medical treatment,2021,March,Thursday,10,Angle,Multi-Vehicle,150.5348358,-23.35728117,Clanfield St,Wooster St,,Berserker,Rockhampton Region,4701,North Rockhampton,Capricornia,Central,Central,Central Queensland,Berserker,Rockhampton,Central Queensland,Inner Regional,Rockhampton,Capricornia,Locally-controlled,Intersection - Cross,Give way sign,0 - 50 km/h,Sealed - Dry,Clear,Daylight,Straight,Level,101,Veh'S Adjacent Approach: Thru-Thru,Intersection from adjacent approaches,W,0,0,1,0,1,2,0,0,0,0,0,0
342824,Hospitalisation,2021,March,Friday,5,Angle,Multi-Vehicle,150.5071678,-23.35193417,Snelling St,Symons St,,Park Avenue,Rockhampton Region,4701,North Rockhampton,Capricornia,Central,Central,Central Queensland,Park Avenue,Rockhampton,Central Queensland,Inner Regional,Rockhampton,Capricornia,Locally-controlled,Intersection - Cross,Give way sign,0 - 50 km/h,Sealed - Dry,Clear,Darkness - Lighted,Straight,Level,101,Veh'S Adjacent Approach: Thru-Thru,Intersection from adjacent approaches,,0,1,0,0,1,2,0,0,0,0,0,0
342825,Hospitalisation,2021,March,Friday,10,Angle,Multi-Vehicle,150.5107808,-23.36015617,Haynes St,Park St,,Park Avenue,Rockhampton Region,4701,North Rockhampton,Capricornia,Central,Central,Central Queensland,Park Avenue,Rockhampton,Central Queensland,Inner Regional,Rockhampton,Capricornia,Locally-controlled,Intersection - T-Junction,No traffic control,0 - 50 km/h,Sealed - Dry,Clear,Daylight,Straight,Level,104,Veh'S Adjacent Approach: Thru-Right,Intersection from adjacent approaches,E,0,1,0,1,2,2,0,0,0,0,0,0
342826,Hospitalisation,2021,March,Monday,18,Hit parked vehicle,Single Vehicle,150.528909,-23.33596888,Richardson Rd,,,Norman Gardens,Rockhampton Region,4701,North Rockhampton,Capricornia,Central,Central,Central Queensland,Norman Gardens,Rockhampton,Central Queensland,Inner Regional,Keppel,Capricornia,Locally-controlled,No Roadway Feature,No traffic control,60 km/h,Sealed - Dry,Clear,Darkness - Lighted,Straight,Level,601,Veh'S On Path: Parked,Hit parked vehicle,W,0,1,0,0,1,2,0,0,0,0,0,0
342827,Medical treatment,2021,March,Wednesday,15,Rear-end,Multi-Vehicle,150.5165218,-23.31441117,Yaamba Rd,Yeppoon Rd,Bruce Highway (Rockhampton - St Lawrence),Parkhurst,Rockhampton Region,4701,North Rockhampton,Capricornia,Central,Central,Central Queensland,Parkhurst - Kawana,Rockhampton,Central Queensland,Inner Regional,Keppel,Capricornia,State-controlled,Intersection - T-Junction,No traffic control,70 km/h,Sealed - Dry,Clear,Daylight,Straight,Level,302,Veh'S Same Direction: Left Rear,Rear-end,W,0,0,1,0,1,2,0,0,0,0,0,0
342828,Hospitalisation,2021,April,Friday,11,Angle,Multi-Vehicle,150.5119738,-23.34694017,Richardson Rd,Webber Ave,,Kawana,Rockhampton Region,4701,North Rockhampton,Capricornia,Central,Central,Central Queensland,Park Avenue,Rockhampton,Central Queensland,Inner Regional,Rockhampton,Capricornia,Locally-controlled,Intersection - T-Junction,No traffic control,60 km/h,Sealed - Dry,Clear,Daylight,Straight,Grade,104,Veh'S Adjacent Approach: Thru-Right,Intersection from adjacent approaches,N,0,1,0,0,1,1,1,0,0,0,0,0
342829,Medical treatment,2021,April,Thursday,16,Angle,Multi-Vehicle,150.5357848,-23.36451817,Bremner St,Elphinstone St,,Berserker,Rockhampton Region,4701,North Rockhampton,Capricornia,Central,Central,Central Queensland,Berserker,Rockhampton,Central Queensland,Inner Regional,Rockhampton,Capricornia,Locally-controlled,No Roadway Feature,No traffic control,0 - 50 km/h,Sealed - Dry,Clear,Daylight,Straight,Level,302,Veh'S Same Direction: Left Rear,Rear-end,E,0,0,1,0,1,2,0,0,0,0,0,0
342830,Hospitalisation,2021,April,Monday,14,Angle,Multi-Vehicle,150.5339098,-23.36972017,Dean St,Rodboro St,,Berserker,Rockhampton Region,4701,North Rockhampton,Capricornia,Central,Central,Central Queensland,Berserker,Rockhampton,Central Queensland,Inner Regional,Rockhampton,Capricornia,Locally-controlled,Intersection - Cross,Give way sign,60 km/h,Sealed - Dry,Clear,Daylight,Straight,Level,101,Veh'S Adjacent Approach: Thru-Thru,Intersection from adjacent approaches,,0,1,0,0,1,2,0,0,0,0,0,0
342831,Hospitalisation,2021,April,Tuesday,7,Angle,Multi-Vehicle,150.5186758,-23.34958017,Boland St,Twigg St,,Park Avenue,Rockhampton Region,4701,North Rockhampton,Capricornia,Central,Central,Central Queensland,Park Avenue,Rockhampton,Central Queensland,Inner Regional,Rockhampton,Capricornia,Locally-controlled,Intersection - Cross,Give way sign,0 - 50 km/h,Sealed - Dry,Clear,Daylight,Straight,Level,101,Veh'S Adjacent Approach: Thru-Thru,Intersection from adjacent approaches,E,0,2,0,0,2,2,0,0,0,0,0,0
342832,Hospitalisation,2021,April,Friday,20,Angle,Multi-Vehicle,150.5136708,-23.33793717,Farm St,Mclaughlin St,,Kawana,Rockhampton Region,4701,North Rockhampton,Capricornia,Central,Central,Central Queensland,Parkhurst - Kawana,Rockhampton,Central Queensland,Inner Regional,Rockhampton,Capricornia,Locally-controlled,Intersection - Cross,Operating traffic lights,60 km/h,Sealed - Wet,Raining,Darkness - Not lighted,Straight,Level,101,Veh'S Adjacent Approach: Thru-Thru,Intersection from adjacent approaches,W,0,1,0,0,1,2,0,0,0,0,0,0
342833,Medical treatment,2021,April,Monday,9,Angle,Multi-Vehicle,150.5390668,-23.34330417,Diplock St,Harrison St,,Frenchville,Rockhampton Region,4701,North Rockhampton,Capricornia,Central,Central,Central Queensland,Frenchville - Mount Archer,Rockhampton,Central Queensland,Inner Regional,Rockhampton,Capricornia,Locally-controlled,Intersection - Cross,Give way sign,0 - 50 km/h,Sealed - Dry,Clear,Daylight,Straight,Level,101,Veh'S Adjacent Approach: Thru-Thru,Intersection from adjacent approaches,N,0,0,1,1,2,2,0,0,0,0,0,0
342834,Hospitalisation,2021,April,Thursday,8,Hit pedestrian,Hit pedestrian,150.5170969,-23.33633724,Farm St,,,Kawana,Rockhampton Region,4701,North Rockhampton,Capricornia,Central,Central,Central Queensland,Parkhurst - Kawana,Rockhampton,Central Queensland,Inner Regional,Rockhampton,Capricornia,Locally-controlled,No Roadway Feature,No traffic control,0 - 50 km/h,Sealed - Dry,Clear,Daylight,Straight,Level,1,Ped'N: Near Side Vehicle Hit From Right,Pedestrian,W,0,1,0,0,1,1,0,0,0,0,1,0
342835,Hospitalisation,2021,May,Saturday,18,Rear-end,Multi-Vehicle,150.4808198,-23.22582756,Yaamba Rd,,Bruce Highway (Rockhampton - St Lawrence),Etna Creek,Livingstone Shire,4702,North Rockhampton,Capricornia,Central,Central,Central Queensland,Glenlee - Rockyview,Rockhampton,Central Queensland,Inner Regional,Mirani,Capricornia,State-controlled,No Roadway Feature,No traffic control,60 km/h,Sealed - Dry,Clear,Darkness - Not lighted,Straight,Level,301,Veh'S Same Direction: Rear End,Rear-end,E,0,1,0,0,1,2,0,0,0,0,0,0
342836,Hospitalisation,2021,May,Sunday,17,Angle,Multi-Vehicle,150.5354748,-23.35970417,Dean St,High St,,Berserker,Rockhampton Region,4701,North Rockhampton,Capricornia,Central,Central,Central Queensland,Berserker,Rockhampton,Central Queensland,Inner Regional,Rockhampton,Capricornia,Locally-controlled,Intersection - Cross,Operating traffic lights,60 km/h,Sealed - Dry,Clear,Darkness - Lighted,Straight,Level,101,Veh'S Adjacent Approach: Thru-Thru,Intersection from adjacent approaches,W,0,1,0,0,1,2,0,0,0,0,0,0
342837,Hospitalisation,2021,May,Monday,7,Hit parked vehicle,Single Vehicle,150.5063948,-23.35051017,Richardson Rd,,,Kawana,Rockhampton Region,4701,North Rockhampton,Capricornia,Central,Central,Central Queensland,Parkhurst - Kawana,Rockhampton,Central Queensland,Inner Regional,Rockhampton,Capricornia,Locally-controlled,No Roadway Feature,No traffic control,60 km/h,Sealed - Dry,Clear,Daylight,Straight,Level,610,Pass & Misc: Load Hit Vehicle,Other,E,0,1,0,0,1,2,0,0,0,0,0,0
342838,Hospitalisation,2021,May,Tuesday,7,Hit pedestrian,Hit pedestrian,150.5242078,-23.35151317,Moores Creek Rd,Musgrave St,Rockhampton - Yeppoon Road,Park Avenue,Rockhampton Region,4701,North Rockhampton,Capricornia,Central,Central,Central Queensland,Park Avenue,Rockhampton,Central Queensland,Inner Regional,Rockhampton,Capricornia,State-controlled,Intersection - T-Junction,Operating traffic lights,60 km/h,Sealed - Dry,Clear,Daylight,Straight,Level,4,Ped'N: Play; Work; Stand; Lie On C'Way,Pedestrian,E,0,1,0,0,1,1,0,0,0,0,1,0
342839,Medical treatment,2021,May,Wednesday,15,Angle,Multi-Vehicle,150.5086128,-23.36421317,Dooley St,Glenmore Rd,,Park Avenue,Rockhampton Region,4701,North Rockhampton,Capricornia,Central,Central,Central Queensland,Park Avenue,Rockhampton,Central Queensland,Inner Regional,Rockhampton,Capricornia,Locally-controlled,Intersection - T-Junction,No traffic control,60 km/h,Sealed - Dry,Clear,Daylight,Straight,Level,408,Veh'S Manoeuvring: Entering From Footway,Vehicle leaving driveway,S,0,0,1,0,1,1,0,0,0,1,0,0
342840,Hospitalisation,2021,May,Saturday,13,Hit pedestrian,Hit pedestrian,150.5348428,-23.35964117,High St,,,Berserker,Rockhampton Region,4701,North Rockhampton,Capricornia,Central,Central,Central Queensland,Berserker,Rockhampton,Central Queensland,Inner Regional,Rockhampton,Capricornia,Locally-controlled,No Roadway Feature,No traffic control,60 km/h,Sealed - Dry,Clear,Daylight,Straight,Level,1,Ped'N: Near Side Vehicle Hit From Right,Pedestrian,E,0,1,0,0,1,1,0,0,0,0,1,0
342841,Medical treatment,2021,May,Sunday,23,Hit object,Single Vehicle,150.5126344,-23.34189744,Stenlake Ave,,,Kawana,Rockhampton Region,4701,North Rockhampton,Capricornia,Central,Central,Central Queensland,Parkhurst - Kawana,Rockhampton,Central Queensland,Inner Regional,Rockhampton,Capricornia,Locally-controlled,No Roadway Feature,No traffic control,60 km/h,Sealed - Dry,Clear,Darkness - Lighted,Curved - view open,Level,803,Off Path-Curve: Off Cway Rt Bend Hit Obj,Off carriageway on curve hit object,W,0,0,1,0,1,1,0,0,0,0,0,0
342842,Hospitalisation,2021,May,Monday,18,Hit object,Single Vehicle,150.5410284,-23.29729304,Yeppoon Rd,,Rockhampton - Yeppoon Road,Limestone Creek,Rockhampton Region,4701,North Rockhampton,Capricornia,Central,Central,Central Queensland,Norman Gardens,Rockhampton,Central Queensland,Inner Regional,Keppel,Capricornia,State-controlled,No Roadway Feature,No traffic control,100 - 110 km/h,Sealed - Dry,Clear,Dawn/Dusk,Straight,Grade,704,Off Path-Straight:Right Off Cway Hit Obj,Off carriageway on straight hit object,S,0,1,0,0,1,1,0,0,0,0,0,0
342843,Hospitalisation,2021,May,Wednesday,15,Angle,Multi-Vehicle,150.5381628,-23.34525417,Kerrigan St,,,Frenchville,Rockhampton Region,4701,North Rockhampton,Capricornia,Central,Central,Central Queensland,Frenchville - Mount Archer,Rockhampton,Central Queensland,Inner Regional,Rockhampton,Capricornia,Locally-controlled,No Roadway Feature,No traffic control,60 km/h,Sealed - Dry,Clear,Daylight,Straight,Level,408,Veh'S Manoeuvring: Entering From Footway,Vehicle leaving driveway,W,0,1,0,0,1,1,0,0,0,1,0,0
342844,Minor injury,2021,May,Wednesday,1,Hit object,Single Vehicle,150.5234158,-23.35928217,Musgrave St,,Rockhampton - Yeppoon Road,Berserker,Rockhampton Region,4701,North Rockhampton,Capricornia,Central,Central,Central Queensland,Berserker,Rockhampton,Central Queensland,Inner Regional,Rockhampton,Capricornia,State-controlled,No Roadway Feature,No traffic control,60 km/h,Sealed - Dry,Clear,Darkness - Lighted,Straight,Level,700,Off Path-Straight: Other,Other,E,0,0,0,1,1,1,0,0,0,0,0,0
342845,Hospitalisation,2021,May,Thursday,14,Hit object,Single Vehicle,150.5184288,-23.33371317,Yaamba Rd,,Bruce Highway (Rockhampton - St Lawrence),Norman Gardens,Rockhampton Region,4701,North Rockhampton,Capricornia,Central,Central,Central Queensland,Norman Gardens,Rockhampton,Central Queensland,Inner Regional,Keppel,Capricornia,State-controlled,No Roadway Feature,No traffic control,70 km/h,Sealed - Dry,Clear,Daylight,Straight,Level,305,Veh'S Same Direction: Lane Side Swipe,Lane changes,S,0,2,0,0,2,2,0,0,0,0,0,0