Crash_Severity,Crash_Year,Crash_Month,Crash_Day_Of_Week,Crash_Hour,Crash_Nature,Crash_Type,Crash_Longitude,Crash_Latitude,Crash_Street,Crash_Street_Intersecting,State_Road_Name,Loc_Suburb,Loc_Local_Government_Area,Loc_Post_Code,Loc_Police_Division,Loc_Police_District,Loc_Police_Region,Loc_Queensland_Transport_Region,Loc_Main_Roads_Region,Loc_ABS_Statistical_Area_2,Loc_ABS_Statistical_Area_3,Loc_ABS_Statistical_Area_4,Loc_ABS_Remoteness,Loc_State_Electorate,Loc_Federal_Electorate,Crash_Controlling_Authority,Crash_Roadway_Feature,Crash_Traffic_Control,Crash_Speed_Limit,Crash_Road_Surface_Condition,Crash_Atmospheric_Condition,Crash_Lighting_Condition,Crash_Road_Horiz_Align,Crash_Road_Vert_Align,Crash_DCA_Code,Crash_DCA_Description,Crash_DCA_Group_Description,DCA_Key_Approach_Dir,Count_Casualty_Fatality,Count_Casualty_Hospitalised,Count_Casualty_MedicallyTreated,Count_Casualty_MinorInjury,Count_Casualty_Total,Count_Unit_Car,Count_Unit_Motorcycle_Moped,Count_Unit_Truck,Count_Unit_Bus,Count_Unit_Bicycle,Count_Unit_Pedestrian,Count_Unit_Other,
342846,Hospitalisation,2021,June,Thursday,19,Angle,Multi-Vehicle,150.5233988,-23.35813517,High St,Musgrave St,Rockhampton - Yeppoon Road,Berserker,Rockhampton Region,4701,North Rockhampton,Capricornia,Central,Central,Central Queensland,Berserker,Rockhampton,Central Queensland,Inner Regional,Rockhampton,Capricornia,State-controlled,Intersection - Cross,Operating traffic lights,60 km/h,Sealed - Dry,Clear,Darkness - Lighted,Straight,Level,101,Veh'S Adjacent Approach: Thru-Thru,Intersection from adjacent approaches,E,0,1,0,0,1,2,0,0,0,0,0,0
342847,Medical treatment,2021,June,Sunday,12,Angle,Multi-Vehicle,150.5289358,-23.36906217,Berserker St,Rodboro St,,Berserker,Rockhampton Region,4701,North Rockhampton,Capricornia,Central,Central,Central Queensland,Berserker,Rockhampton,Central Queensland,Inner Regional,Rockhampton,Capricornia,Locally-controlled,Intersection - Cross,Give way sign,0 - 50 km/h,Sealed - Dry,Clear,Daylight,Straight,Level,101,Veh'S Adjacent Approach: Thru-Thru,Intersection from adjacent approaches,S,0,0,1,0,1,2,0,0,0,0,0,0
342848,Hospitalisation,2021,June,Monday,5,Angle,Multi-Vehicle,150.5362838,-23.35453917,Dean St,Simpson St,,Berserker,Rockhampton Region,4701,North Rockhampton,Capricornia,Central,Central,Central Queensland,Berserker,Rockhampton,Central Queensland,Inner Regional,Rockhampton,Capricornia,Locally-controlled,Intersection - T-Junction,Give way sign,0 - 50 km/h,Sealed - Dry,Clear,Dawn/Dusk,Straight,Level,408,Veh'S Manoeuvring: Entering From Footway,Vehicle leaving driveway,N,0,1,0,0,1,1,0,0,0,1,0,0
342849,Hospitalisation,2021,June,Monday,11,Angle,Multi-Vehicle,150.5213218,-23.34995117,Main St,Stumm St,,Park Avenue,Rockhampton Region,4701,North Rockhampton,Capricornia,Central,Central,Central Queensland,Park Avenue,Rockhampton,Central Queensland,Inner Regional,Rockhampton,Capricornia,Locally-controlled,Intersection - T-Junction,No traffic control,0 - 50 km/h,Sealed - Dry,Clear,Daylight,Straight,Level,102,Veh'S Adjacent Approach: Right-Thru,Intersection from adjacent approaches,E,0,1,1,0,2,2,0,0,0,0,0,0
342850,Hospitalisation,2021,June,Wednesday,22,Hit object,Single Vehicle,150.5339098,-23.36972017,Dean St,Rodboro St,,Berserker,Rockhampton Region,4701,North Rockhampton,Capricornia,Central,Central,Central Queensland,Berserker,Rockhampton,Central Queensland,Inner Regional,Rockhampton,Capricornia,Locally-controlled,Intersection - Cross,Give way sign,0 - 50 km/h,Sealed - Dry,Clear,Darkness - Lighted,Straight,Level,704,Off Path-Straight:Right Off Cway Hit Obj,Off carriageway on straight hit object,E,0,1,0,0,1,1,0,0,0,0,0,0
342851,Medical treatment,2021,June,Saturday,15,Rear-end,Multi-Vehicle,150.5192288,-23.35736517,Aquatic Pl,High St,,Park Avenue,Rockhampton Region,4701,North Rockhampton,Capricornia,Central,Central,Central Queensland,Park Avenue,Rockhampton,Central Queensland,Inner Regional,Rockhampton,Capricornia,Locally-controlled,Intersection - Roundabout,Give way sign,0 - 50 km/h,Sealed - Dry,Clear,Daylight,Curved - view open,Level,301,Veh'S Same Direction: Rear End,Rear-end,W,0,0,1,1,2,2,0,0,0,0,0,0
342852,Medical treatment,2021,June,Monday,20,Angle,Multi-Vehicle,150.5233988,-23.35813517,High St,Musgrave St,Rockhampton - Yeppoon Road,Berserker,Rockhampton Region,4701,North Rockhampton,Capricornia,Central,Central,Central Queensland,Berserker,Rockhampton,Central Queensland,Inner Regional,Rockhampton,Capricornia,State-controlled,Intersection - Cross,Operating traffic lights,60 km/h,Sealed - Dry,Clear,Darkness - Lighted,Straight,Level,101,Veh'S Adjacent Approach: Thru-Thru,Intersection from adjacent approaches,N,0,0,1,0,1,2,0,0,0,0,0,0
342853,Medical treatment,2021,June,Sunday,13,Rear-end,Multi-Vehicle,150.5347648,-23.36438917,Dean St,Elphinstone St,,Berserker,Rockhampton Region,4701,North Rockhampton,Capricornia,Central,Central,Central Queensland,Berserker,Rockhampton,Central Queensland,Inner Regional,Rockhampton,Capricornia,Locally-controlled,Intersection - Cross,Operating traffic lights,60 km/h,Sealed - Dry,Clear,Daylight,Curved - view open,Dip,301,Veh'S Same Direction: Rear End,Rear-end,W,0,0,1,0,1,2,0,0,0,0,0,0
342854,Minor injury,2021,June,Monday,9,Angle,Multi-Vehicle,150.5339098,-23.36972017,Dean St,Rodboro St,,Berserker,Rockhampton Region,4701,North Rockhampton,Capricornia,Central,Central,Central Queensland,Berserker,Rockhampton,Central Queensland,Inner Regional,Rockhampton,Capricornia,Locally-controlled,Intersection - Cross,Give way sign,60 km/h,Sealed - Dry,Clear,Daylight,Straight,Level,101,Veh'S Adjacent Approach: Thru-Thru,Intersection from adjacent approaches,E,0,0,0,2,2,2,0,0,0,0,0,0
342855,Hospitalisation,2021,June,Tuesday,8,Angle,Multi-Vehicle,150.5210078,-23.37269917,Lakes Creek Rd,Musgrave St,Rockhampton - Emu Park Road,Berserker,Rockhampton Region,4701,North Rockhampton,Capricornia,Central,Central,Central Queensland,Berserker,Rockhampton,Central Queensland,Inner Regional,Rockhampton,Capricornia,State-controlled,Intersection - Cross,Stop sign,0 - 50 km/h,Sealed - Dry,Clear,Daylight,Curved - view open,Level,408,Veh'S Manoeuvring: Entering From Footway,Vehicle leaving driveway,E,0,1,0,0,1,1,0,0,0,1,0,0
342856,Hospitalisation,2021,June,Tuesday,13,Sideswipe,Multi-Vehicle,150.5268388,-23.37247817,Lakes Creek Rd,Nobbs St,Rockhampton - Emu Park Road,The Common,Rockhampton Region,4701,North Rockhampton,Capricornia,Central,Central,Central Queensland,Berserker,Rockhampton,Central Queensland,Inner Regional,Rockhampton,Capricornia,State-controlled,Intersection - T-Junction,No traffic control,60 km/h,Sealed - Dry,Clear,Daylight,Straight,Level,305,Veh'S Same Direction: Lane Side Swipe,Lane changes,W,0,1,0,0,1,2,0,0,0,0,0,0
343095,Hospitalisation,2021,April,Thursday,18,Hit object,Single Vehicle,153.1738337,-27.46985263,Ringara St,,,Manly West,Brisbane City,4179,Wynnum,South Brisbane,Brisbane,SEQ South,Metropolitan,Manly West,Wynnum - Manly,Brisbane - East,Major Cities,Lytton,Bonner,Locally-controlled,No Roadway Feature,No traffic control,0 - 50 km/h,Sealed - Wet,Raining,Darkness - Lighted,Straight,Dip,700,Off Path-Straight: Other,Other,W,0,1,0,0,1,0,0,0,0,1,0,0
343096,Minor injury,2021,April,Friday,15,Hit pedestrian,Hit pedestrian,153.152433,-27.48522046,Baychester Pl,Dianthus St,,Wakerley,Brisbane City,4154,Wynnum,South Brisbane,Brisbane,SEQ South,Metropolitan,Wakerley,Wynnum - Manly,Brisbane - East,Major Cities,Chatsworth,Bonner,Locally-controlled,Intersection - T-Junction,No traffic control,0 - 50 km/h,Sealed - Dry,Clear,Daylight,Straight,Grade,1,Ped'N: Near Side Vehicle Hit From Right,Pedestrian,W,0,0,0,1,1,1,0,0,0,0,1,0
343097,Fatal,2021,April,Sunday,13,Hit pedestrian,Hit pedestrian,153.169604,-27.44386146,Tingal Rd,,,Wynnum,Brisbane City,4178,Wynnum,South Brisbane,Brisbane,SEQ South,Metropolitan,Wynnum,Wynnum - Manly,Brisbane - East,Major Cities,Lytton,Bonner,Locally-controlled,No Roadway Feature,No traffic control,0 - 50 km/h,Sealed - Wet,Raining,Daylight,Straight,Grade,2,Ped'N: Hit Emerging Behind Vehicle,Pedestrian,S,1,0,0,0,1,1,0,0,0,0,1,0
343098,Hospitalisation,2021,April,Tuesday,9,Hit object,Single Vehicle,153.183695,-27.47294546,Whites Rd,,,Lota,Brisbane City,4179,Wynnum,South Brisbane,Brisbane,SEQ South,Metropolitan,Manly - Lota,Wynnum - Manly,Brisbane - East,Major Cities,Lytton,Bonner,Locally-controlled,No Roadway Feature,No traffic control,60 km/h,Sealed - Wet,Clear,Daylight,Straight,Level,703,Off Path-Straight: Left Off Cway Hit Obj,Off carriageway on straight hit object,N,0,1,0,0,1,1,0,0,0,0,0,0
343099,Medical treatment,2021,April,Tuesday,8,Sideswipe,Multi-Vehicle,153.122124,-27.47442945,Wynnum Rd,,,Tingalpa,Brisbane City,4173,Wynnum,South Brisbane,Brisbane,SEQ South,Metropolitan,Tingalpa,Wynnum - Manly,Brisbane - East,Major Cities,Lytton,Bonner,Locally-controlled,No Roadway Feature,No traffic control,60 km/h,Sealed - Wet,Clear,Daylight,Straight,Level,307,Veh'S Same Direction: Lane Change Left,Lane changes,E,0,0,1,0,1,2,0,1,0,0,0,0
343100,Hospitalisation,2021,April,Wednesday,10,Hit object,Single Vehicle,153.179184,-27.45484838,Gordon Pde,,,Manly,Brisbane City,4179,Wynnum,South Brisbane,Brisbane,SEQ South,Metropolitan,Wynnum,Wynnum - Manly,Brisbane - East,Major Cities,Lytton,Bonner,Locally-controlled,Bridge/Causeway,Police,60 km/h,Sealed - Wet,Clear,Daylight,Curved - view obscured,Level,201,Veh'S Opposite Approach: Head On,Head-on,W,0,1,0,0,1,1,0,0,1,0,0,0
343101,Hospitalisation,2021,April,Wednesday,14,Angle,Multi-Vehicle,153.173766,-27.44827146,Pine St,Tingal Rd,,Wynnum,Brisbane City,4178,Wynnum,South Brisbane,Brisbane,SEQ South,Metropolitan,Wynnum,Wynnum - Manly,Brisbane - East,Major Cities,Lytton,Bonner,Locally-controlled,Intersection - Cross,Operating traffic lights,60 km/h,Sealed - Dry,Clear,Daylight,Straight,Level,101,Veh'S Adjacent Approach: Thru-Thru,Intersection from adjacent approaches,W,0,1,0,0,1,2,0,0,0,0,0,0
343102,Hospitalisation,2021,April,Saturday,19,Hit parked vehicle,Single Vehicle,153.183349,-27.45110546,Kingsley Tce,,,Manly,Brisbane City,4179,Wynnum,South Brisbane,Brisbane,SEQ South,Metropolitan,Manly - Lota,Wynnum - Manly,Brisbane - East,Major Cities,Lytton,Bonner,Locally-controlled,No Roadway Feature,No traffic control,0 - 50 km/h,Sealed - Dry,Clear,Darkness - Lighted,Straight,Level,601,Veh'S On Path: Parked,Hit parked vehicle,S,0,1,0,0,1,3,0,0,0,0,0,0
343103,Minor injury,2021,April,Saturday,20,Angle,Multi-Vehicle,153.176526,-27.45931346,Manly Rd,Preston Rd,,Manly West,Brisbane City,4179,Wynnum,South Brisbane,Brisbane,SEQ South,Metropolitan,Manly - Lota,Wynnum - Manly,Brisbane - East,Major Cities,Lytton,Bonner,Locally-controlled,Intersection - Roundabout,Give way sign,60 km/h,Sealed - Dry,Clear,Darkness - Lighted,Curved - view open,Level,101,Veh'S Adjacent Approach: Thru-Thru,Intersection from adjacent approaches,S,0,0,0,1,1,2,0,0,0,0,0,0
343104,Minor injury,2021,April,Monday,6,Rear-end,Multi-Vehicle,153.116988,-27.47265445,Gateway Arterial Rd,,Gateway Motorway (Eight Mile Plains - Nudgee),Tingalpa,Brisbane City,4173,Morningside,South Brisbane,Brisbane,SEQ South,Metropolitan,Tingalpa,Wynnum - Manly,Brisbane - East,Major Cities,Lytton,Bonner,State-controlled,No Roadway Feature,No traffic control,100 - 110 km/h,Sealed - Dry,Clear,Daylight,Straight,Level,301,Veh'S Same Direction: Rear End,Rear-end,N,0,0,0,1,1,1,0,1,0,0,0,0
343105,Medical treatment,2021,April,Tuesday,7,Sideswipe,Multi-Vehicle,153.114933,-27.46620982,Gateway Arterial Rd,,Gateway Motorway (Eight Mile Plains - Nudgee),Tingalpa,Brisbane City,4173,Morningside,South Brisbane,Brisbane,SEQ South,Metropolitan,Tingalpa,Wynnum - Manly,Brisbane - East,Major Cities,Lytton,Bonner,State-controlled,No Roadway Feature,No traffic control,100 - 110 km/h,Sealed - Dry,Clear,Daylight,Straight,Level,306,Veh'S Same Direction: Lane Change Right,Lane changes,W,0,0,1,0,1,1,0,1,0,0,0,0
343106,Minor injury,2021,April,Thursday,6,Rear-end,Multi-Vehicle,153.145264,-27.47478846,Manly Rd,Wondall Rd,,Manly West,Brisbane City,4179,Wynnum,South Brisbane,Brisbane,SEQ South,Metropolitan,Wakerley,Wynnum - Manly,Brisbane - East,Major Cities,Lytton,Bonner,Locally-controlled,Intersection - Cross,Operating traffic lights,60 km/h,Sealed - Dry,Clear,Daylight,Straight,Level,301,Veh'S Same Direction: Rear End,Rear-end,E,0,0,0,2,2,2,0,0,0,0,0,0
343107,Hospitalisation,2021,April,Saturday,17,Fall from vehicle,Single Vehicle,153.157828,-27.44890246,Wynnum Rd,,,Wynnum West,Brisbane City,4178,Wynnum,South Brisbane,Brisbane,SEQ South,Metropolitan,Wynnum West - Hemmant,Wynnum - Manly,Brisbane - East,Major Cities,Lytton,Bonner,Locally-controlled,Merge Lane,No traffic control,60 km/h,Sealed - Dry,Clear,Daylight,Curved - view open,Level,805,Off Path-Curve: Out Of Control On Cway,Out of control on curve,S,0,1,0,1,2,0,1,0,0,0,0,0
343108,Medical treatment,2021,April,Tuesday,16,Angle,Multi-Vehicle,153.117341,-27.47393845,Gateway Art Rd Ramp U,Wynnum Rd,Gateway Motorway (Eight Mile Plains - Nudgee),Tingalpa,Brisbane City,4173,Wynnum,South Brisbane,Brisbane,SEQ South,Metropolitan,Tingalpa,Wynnum - Manly,Brisbane - East,Major Cities,Lytton,Bonner,State-controlled,Intersection - Interchange,Operating traffic lights,60 km/h,Sealed - Dry,Clear,Daylight,Straight,Grade,104,Veh'S Adjacent Approach: Thru-Right,Intersection from adjacent approaches,W,0,0,2,0,2,2,0,0,0,0,0,0
343109,Medical treatment,2021,April,Wednesday,22,Hit object,Single Vehicle,153.1710752,-27.47153356,Manly Rd,,,Manly West,Brisbane City,4179,Wynnum,South Brisbane,Brisbane,SEQ South,Metropolitan,Manly West,Wynnum - Manly,Brisbane - East,Major Cities,Lytton,Bonner,Locally-controlled,No Roadway Feature,No traffic control,60 km/h,Sealed - Dry,Clear,Darkness - Lighted,Straight,Grade,305,Veh'S Same Direction: Lane Side Swipe,Lane changes,S,0,0,1,0,1,6,0,0,0,0,0,0
343110,Minor injury,2021,April,Thursday,15,Rear-end,Multi-Vehicle,153.145264,-27.47478846,Manly Rd,Wondall Rd,,Manly West,Brisbane City,4179,Wynnum,South Brisbane,Brisbane,SEQ South,Metropolitan,Wakerley,Wynnum - Manly,Brisbane - East,Major Cities,Lytton,Bonner,Locally-controlled,Intersection - T-Junction,No traffic control,60 km/h,Sealed - Dry,Clear,Daylight,Straight,Level,302,Veh'S Same Direction: Left Rear,Rear-end,S,0,0,0,1,1,2,0,0,0,0,0,0
343111,Medical treatment,2021,April,Thursday,6,Rear-end,Multi-Vehicle,153.1652254,-27.48045825,Greencamp Rd,,,Wakerley,Brisbane City,4154,Wynnum,South Brisbane,Brisbane,SEQ South,Metropolitan,Wakerley,Wynnum - Manly,Brisbane - East,Major Cities,Chatsworth,Bonner,Locally-controlled,No Roadway Feature,No traffic control,60 km/h,Sealed - Dry,Clear,Daylight,Straight,Grade,301,Veh'S Same Direction: Rear End,Rear-end,N,0,0,1,0,1,2,0,0,0,0,0,0
343112,Medical treatment,2021,April,Friday,12,Sideswipe,Multi-Vehicle,153.124307,-27.44786445,Port Of Brisbane Mwy,,Port Of Brisbane Motorway,Hemmant,Brisbane City,4174,Wynnum,South Brisbane,Brisbane,SEQ South,Metropolitan,Wynnum West - Hemmant,Wynnum - Manly,Brisbane - East,Major Cities,Lytton,Bonner,State-controlled,No Roadway Feature,No traffic control,80 - 90 km/h,Sealed - Dry,Clear,Daylight,Straight,Level,307,Veh'S Same Direction: Lane Change Left,Lane changes,E,0,0,1,0,1,1,0,1,0,0,0,0
343113,Medical treatment,2021,April,Friday,15,Angle,Multi-Vehicle,153.113543,-27.47298645,Murarrie Rd,Wynnum Rd,,Tingalpa,Brisbane City,4173,Morningside,South Brisbane,Brisbane,SEQ South,Metropolitan,Tingalpa,Wynnum - Manly,Brisbane - East,Major Cities,Lytton,Bonner,Locally-controlled,Intersection - T-Junction,Operating traffic lights,60 km/h,Sealed - Dry,Clear,Daylight,Straight,Grade,202,Veh'S Opposite Approach: Thru-Right,Opposing vehicles turning,W,0,0,1,0,1,2,0,1,0,0,0,0
343114,Medical treatment,2021,May,Saturday,18,Rear-end,Multi-Vehicle,153.167159,-27.45398446,Preston Rd,Wondall Rd,,Wynnum,Brisbane City,4178,Wynnum,South Brisbane,Brisbane,SEQ South,Metropolitan,Wynnum,Wynnum - Manly,Brisbane - East,Major Cities,Lytton,Bonner,Locally-controlled,Intersection - Roundabout,Give way sign,60 km/h,Sealed - Dry,Clear,Darkness - Lighted,Curved - view open,Level,301,Veh'S Same Direction: Rear End,Rear-end,E,0,0,1,1,2,2,0,0,0,0,0,0
343115,Medical treatment,2021,May,Wednesday,20,Rear-end,Multi-Vehicle,153.165361,-27.48187546,Greencamp Rd,Tilley Rd,,Wakerley,Brisbane City,4154,Wynnum,South Brisbane,Brisbane,SEQ South,Metropolitan,Wakerley,Wynnum - Manly,Brisbane - East,Major Cities,Chatsworth,Bonner,Locally-controlled,Intersection - T-Junction,No traffic control,60 km/h,Sealed - Dry,Clear,Darkness - Lighted,Curved - view open,Level,302,Veh'S Same Direction: Left Rear,Rear-end,N,0,0,1,0,1,2,0,0,0,0,0,0
343116,Medical treatment,2021,May,Tuesday,15,Rear-end,Multi-Vehicle,153.1102541,-27.4718858,Wynnum Rd,,,Tingalpa,Brisbane City,4173,Morningside,South Brisbane,Brisbane,SEQ South,Metropolitan,Tingalpa,Wynnum - Manly,Brisbane - East,Major Cities,Lytton,Bonner,Locally-controlled,Intersection - Cross,Operating traffic lights,60 km/h,Sealed - Dry,Clear,Daylight,Straight,Grade,301,Veh'S Same Direction: Rear End,Rear-end,E,0,0,1,0,1,2,0,0,0,0,0,0
343117,Hospitalisation,2021,May,Wednesday,10,Hit parked vehicle,Single Vehicle,153.189743,-27.46708246,Alexander St,,,Lota,Brisbane City,4179,Wynnum,South Brisbane,Brisbane,SEQ South,Metropolitan,Manly - Lota,Wynnum - Manly,Brisbane - East,Major Cities,Lytton,Bonner,Locally-controlled,No Roadway Feature,No traffic control,0 - 50 km/h,Sealed - Wet,Raining,Daylight,Straight,Level,703,Off Path-Straight: Left Off Cway Hit Obj,Off carriageway on straight hit object,W,0,1,0,0,1,2,0,0,0,0,0,0
343118,Hospitalisation,2021,May,Friday,22,Hit parked vehicle,Single Vehicle,153.128694,-27.47851846,Belmont Rd,,,Tingalpa,Brisbane City,4173,Wynnum,South Brisbane,Brisbane,SEQ South,Metropolitan,Tingalpa,Wynnum - Manly,Brisbane - East,Major Cities,Chatsworth,Bonner,Locally-controlled,No Roadway Feature,No traffic control,60 km/h,Sealed - Dry,Clear,Darkness - Lighted,Straight,Grade,601,Veh'S On Path: Parked,Hit parked vehicle,N,0,1,0,0,1,2,0,0,0,0,0,0
343119,Hospitalisation,2021,May,Friday,17,Sideswipe,Multi-Vehicle,153.11676,-27.47387845,Gateway Art Rd Ramp R,Wynnum Rd,Gateway Motorway (Eight Mile Plains - Nudgee),Tingalpa,Brisbane City,4173,Morningside,South Brisbane,Brisbane,SEQ South,Metropolitan,Tingalpa,Wynnum - Manly,Brisbane - East,Major Cities,Lytton,Bonner,State-controlled,Intersection - Interchange,Operating traffic lights,70 km/h,Sealed - Dry,Clear,Dawn/Dusk,Straight,Level,308,Veh'S Same Direction: Right Turn S/Swipe,Parallel lanes turning,W,0,1,0,0,1,1,1,0,0,0,0,0
343120,Medical treatment,2021,May,Monday,8,Sideswipe,Multi-Vehicle,153.113714,-27.46496045,Gateway Arterial Rd,,Gateway Motorway (Eight Mile Plains - Nudgee),Tingalpa,Brisbane City,4173,Wynnum,South Brisbane,Brisbane,SEQ South,Metropolitan,Tingalpa,Wynnum - Manly,Brisbane - East,Major Cities,Lytton,Bonner,State-controlled,No Roadway Feature,No traffic control,100 - 110 km/h,Sealed - Dry,Clear,Daylight,Straight,Level,307,Veh'S Same Direction: Lane Change Left,Lane changes,N,0,0,1,0,1,1,0,2,0,0,0,0
343121,Hospitalisation,2021,May,Tuesday,15,Hit pedestrian,Hit pedestrian,153.157375,-27.46378546,Randall Rd,,,Wynnum West,Brisbane City,4178,Wynnum,South Brisbane,Brisbane,SEQ South,Metropolitan,Wynnum West - Hemmant,Wynnum - Manly,Brisbane - East,Major Cities,Lytton,Bonner,Locally-controlled,No Roadway Feature,No traffic control,0 - 50 km/h,Sealed - Dry,Clear,Daylight,Straight,Level,7,Ped'N: Hit By Vehicle Enter/Leave D'Way,Pedestrian,U,0,1,0,0,1,1,0,0,0,0,1,0
343122,Hospitalisation,2021,May,Wednesday,18,Rear-end,Multi-Vehicle,153.128451,-27.49478146,Belmont Rd,Grassdale Rd,,Belmont,Brisbane City,4153,Capalaba,South Brisbane,Brisbane,SEQ South,Metropolitan,Belmont - Gumdale,Capalaba,Brisbane - East,Major Cities,Chatsworth,Bonner,Locally-controlled,Intersection - T-Junction,Stop sign,60 km/h,Sealed - Dry,Clear,Darkness - Lighted,Curved - view open,Level,302,Veh'S Same Direction: Left Rear,Rear-end,W,0,1,0,0,1,2,0,0,0,0,0,0
343123,Medical treatment,2021,May,Sunday,13,Angle,Multi-Vehicle,153.179483,-27.45422246,Carbethon St,Gordon Pde,,Manly,Brisbane City,4179,Wynnum,South Brisbane,Brisbane,SEQ South,Metropolitan,Manly - Lota,Wynnum - Manly,Brisbane - East,Major Cities,Lytton,Bonner,Locally-controlled,Intersection - T-Junction,Stop sign,60 km/h,Sealed - Dry,Clear,Daylight,Straight,Level,107,Veh'S Adjacent Approach: Thru-Left,Intersection from adjacent approaches,N,0,0,1,0,1,2,0,0,0,0,0,0
343124,Minor injury,2021,May,Monday,16,Sideswipe,Multi-Vehicle,153.173065,-27.44404446,Florence St,,,Wynnum,Brisbane City,4178,Wynnum,South Brisbane,Brisbane,SEQ South,Metropolitan,Wynnum,Wynnum - Manly,Brisbane - East,Major Cities,Lytton,Bonner,Locally-controlled,Merge Lane,No traffic control,0 - 50 km/h,Sealed - Dry,Clear,Daylight,Straight,Level,308,Veh'S Same Direction: Right Turn S/Swipe,Parallel lanes turning,N,0,0,0,1,1,2,0,0,0,0,0,0
343125,Minor injury,2021,June,Friday,15,Rear-end,Multi-Vehicle,153.166001,-27.44912146,Chandos St,West Ave,,Wynnum,Brisbane City,4178,Wynnum,South Brisbane,Brisbane,SEQ South,Metropolitan,Wynnum,Wynnum - Manly,Brisbane - East,Major Cities,Lytton,Bonner,Locally-controlled,Intersection - T-Junction,No traffic control,60 km/h,Sealed - Dry,Clear,Daylight,Straight,Level,303,Veh'S Same Direction: Right Rear,Rear-end,S,0,0,0,1,1,2,0,0,0,0,0,0
343126,Minor injury,2021,June,Saturday,12,Rear-end,Multi-Vehicle,153.114215,-27.47301345,Wynnum Rd,,,Tingalpa,Brisbane City,4173,Morningside,South Brisbane,Brisbane,SEQ South,Metropolitan,Tingalpa,Wynnum - Manly,Brisbane - East,Major Cities,Lytton,Bonner,Locally-controlled,No Roadway Feature,No traffic control,60 km/h,Sealed - Dry,Clear,Daylight,Straight,Level,301,Veh'S Same Direction: Rear End,Rear-end,E,0,0,0,1,1,2,0,0,0,0,0,0
343127,Hospitalisation,2021,June,Monday,16,Overturned,Single Vehicle,153.165386,-27.40506446,Kite St,Port Dr,Port Drive,Port Of Brisbane,Brisbane City,4178,Wynnum,South Brisbane,Brisbane,SEQ South,Metropolitan,Brisbane Port - Lytton,Wynnum - Manly,Brisbane - East,Major Cities,Lytton,Bonner,State-controlled,Intersection - Roundabout,No traffic control,0 - 50 km/h,Sealed - Dry,Clear,Dawn/Dusk,Straight,Level,707,Off Path-Straight: Right Turn,Off carriageway on straight,E,0,1,0,0,1,0,0,1,0,0,0,0
343128,Hospitalisation,2021,June,Wednesday,15,Fall from vehicle,Single Vehicle,153.121403,-27.48620045,Gateway Arterial Rd,,Gateway Motorway (Eight Mile Plains - Nudgee),Belmont,Brisbane City,4153,Wynnum,South Brisbane,Brisbane,SEQ South,Metropolitan,Tingalpa,Wynnum - Manly,Brisbane - East,Major Cities,Chatsworth,Bonner,State-controlled,No Roadway Feature,No traffic control,100 - 110 km/h,Sealed - Dry,Clear,Daylight,Straight,Level,400,Veh'S Manoeuvring: Other,Other,S,0,1,0,0,1,0,1,0,0,0,0,0
343129,Medical treatment,2021,June,Friday,14,Angle,Multi-Vehicle,153.162421,-27.43864946,Stradbroke Ave,Wynnum Rd,,Wynnum,Brisbane City,4178,Wynnum,South Brisbane,Brisbane,SEQ South,Metropolitan,Wynnum,Wynnum - Manly,Brisbane - East,Major Cities,Lytton,Bonner,Locally-controlled,Intersection - Cross,Stop sign,60 km/h,Sealed - Dry,Clear,Daylight,Straight,Level,104,Veh'S Adjacent Approach: Thru-Right,Intersection from adjacent approaches,W,0,0,1,0,1,1,1,0,0,0,0,0
343130,Medical treatment,2021,June,Monday,8,Rear-end,Multi-Vehicle,153.1131057,-27.47286085,Wynnum Rd,,,Tingalpa,Brisbane City,4173,Morningside,South Brisbane,Brisbane,SEQ South,Metropolitan,Tingalpa,Wynnum - Manly,Brisbane - East,Major Cities,Lytton,Bonner,Locally-controlled,No Roadway Feature,No traffic control,60 km/h,Sealed - Dry,Clear,Daylight,Straight,Level,301,Veh'S Same Direction: Rear End,Rear-end,W,0,0,2,0,2,2,0,0,0,0,0,0
343131,Medical treatment,2021,June,Monday,21,Rear-end,Multi-Vehicle,153.1212878,-27.44485202,Lytton Rd,,Port Of Brisbane Road,Hemmant,Brisbane City,4174,Wynnum,South Brisbane,Brisbane,SEQ South,Metropolitan,Wynnum West - Hemmant,Wynnum - Manly,Brisbane - East,Major Cities,Lytton,Bonner,State-controlled,No Roadway Feature,No traffic control,60 km/h,Sealed - Dry,Clear,Darkness - Lighted,Straight,Level,301,Veh'S Same Direction: Rear End,Rear-end,W,0,0,1,0,1,1,1,0,0,0,0,0
343132,Hospitalisation,2021,June,Thursday,7,Head-on,Multi-Vehicle,153.17157,-27.44524346,Florence St,,,Wynnum,Brisbane City,4178,Wynnum,South Brisbane,Brisbane,SEQ South,Metropolitan,Wynnum,Wynnum - Manly,Brisbane - East,Major Cities,Lytton,Bonner,Locally-controlled,No Roadway Feature,No traffic control,0 - 50 km/h,Sealed - Dry,Clear,Dawn/Dusk,Straight,Level,202,Veh'S Opposite Approach: Thru-Right,Opposing vehicles turning,N,0,1,0,0,1,1,0,0,1,0,0,0
343133,Medical treatment,2021,June,Thursday,15,Rear-end,Multi-Vehicle,153.151398,-27.49058746,Dianthus St,New Cleveland Rd,,Gumdale,Brisbane City,4154,Capalaba,South Brisbane,Brisbane,SEQ South,Metropolitan,Wakerley,Wynnum - Manly,Brisbane - East,Major Cities,Chatsworth,Bonner,Locally-controlled,Intersection - T-Junction,Operating traffic lights,0 - 50 km/h,Sealed - Dry,Clear,Daylight,Straight,Level,302,Veh'S Same Direction: Left Rear,Rear-end,S,0,0,1,0,1,2,0,0,0,0,0,0