Crash_Severity,Crash_Year,Crash_Month,Crash_Day_Of_Week,Crash_Hour,Crash_Nature,Crash_Type,Crash_Longitude,Crash_Latitude,Crash_Street,Crash_Street_Intersecting,State_Road_Name,Loc_Suburb,Loc_Local_Government_Area,Loc_Post_Code,Loc_Police_Division,Loc_Police_District,Loc_Police_Region,Loc_Queensland_Transport_Region,Loc_Main_Roads_Region,Loc_ABS_Statistical_Area_2,Loc_ABS_Statistical_Area_3,Loc_ABS_Statistical_Area_4,Loc_ABS_Remoteness,Loc_State_Electorate,Loc_Federal_Electorate,Crash_Controlling_Authority,Crash_Roadway_Feature,Crash_Traffic_Control,Crash_Speed_Limit,Crash_Road_Surface_Condition,Crash_Atmospheric_Condition,Crash_Lighting_Condition,Crash_Road_Horiz_Align,Crash_Road_Vert_Align,Crash_DCA_Code,Crash_DCA_Description,Crash_DCA_Group_Description,DCA_Key_Approach_Dir,Count_Casualty_Fatality,Count_Casualty_Hospitalised,Count_Casualty_MedicallyTreated,Count_Casualty_MinorInjury,Count_Casualty_Total,Count_Unit_Car,Count_Unit_Motorcycle_Moped,Count_Unit_Truck,Count_Unit_Bus,Count_Unit_Bicycle,Count_Unit_Pedestrian,Count_Unit_Other,
343134,Hospitalisation,2021,June,Sunday,12,Angle,Multi-Vehicle,153.183096,-27.45223946,Melville Tce,Nelson Pde,,Manly,Brisbane City,4179,Wynnum,South Brisbane,Brisbane,SEQ South,Metropolitan,Manly - Lota,Wynnum - Manly,Brisbane - East,Major Cities,Lytton,Bonner,Locally-controlled,Intersection - Cross,Give way sign,60 km/h,Sealed - Dry,Clear,Daylight,Straight,Grade,101,Veh'S Adjacent Approach: Thru-Thru,Intersection from adjacent approaches,S,0,1,0,0,1,4,0,0,0,0,0,0
343135,Hospitalisation,2021,June,Wednesday,9,Head-on,Multi-Vehicle,153.142758,-27.46049546,Kianawah Rd,,,Wynnum West,Brisbane City,4178,Wynnum,South Brisbane,Brisbane,SEQ South,Metropolitan,Wynnum West - Hemmant,Wynnum - Manly,Brisbane - East,Major Cities,Lytton,Bonner,Locally-controlled,No Roadway Feature,No traffic control,60 km/h,Sealed - Wet,Clear,Daylight,Curved - view open,Level,201,Veh'S Opposite Approach: Head On,Head-on,N,0,2,0,0,2,2,0,0,0,0,0,0
343279,Medical treatment,2021,January,Friday,13,Overturned,Single Vehicle,152.710177,-27.97714342,Ipswich - Boonah Rd,,Ipswich - Boonah Road,Coulson,Scenic Rim Region,4310,Boonah,Ipswich,Southern,SEQ South,South Coast,Boonah,Ipswich Hinterland,Ipswich,Inner Regional,Scenic Rim,Wright,State-controlled,No Roadway Feature,No traffic control,100 - 110 km/h,Sealed - Dry,Clear,Daylight,Curved - view obscured,Grade,801,Off Path-Curve: Off Cway Right Bend,Off carriageway on curve,S,0,0,1,0,1,1,0,0,0,0,0,0
343280,Hospitalisation,2021,January,Sunday,15,Angle,Multi-Vehicle,152.722808,-27.95043042,Beaudesert - Boonah Rd,Ipswich - Boonah Rd,Ipswich - Boonah Road,Coulson,Scenic Rim Region,4310,Kalbar,Ipswich,Southern,SEQ South,South Coast,Boonah,Ipswich Hinterland,Ipswich,Inner Regional,Scenic Rim,Wright,State-controlled,Intersection - T-Junction,No traffic control,100 - 110 km/h,Sealed - Dry,Clear,Daylight,Curved - view open,Level,202,Veh'S Opposite Approach: Thru-Right,Opposing vehicles turning,N,0,1,0,1,2,2,0,0,0,0,0,0
343281,Hospitalisation,2021,March,Sunday,11,Hit object,Single Vehicle,152.734648,-27.91416642,Mocker Rd,,,Roadvale,Scenic Rim Region,4310,Kalbar,Ipswich,Southern,SEQ South,South Coast,Boonah,Ipswich Hinterland,Ipswich,Inner Regional,Scenic Rim,Wright,Locally-controlled,No Roadway Feature,No traffic control,60 km/h,Unsealed - Dry,Clear,Daylight,Curved - view obscured,Grade,804,Off Path-Curve: Off Cway Lt Bend Hit Obj,Off carriageway on curve hit object,E,0,1,0,1,2,1,0,0,0,0,0,0
343282,Medical treatment,2021,March,Tuesday,5,Hit object,Single Vehicle,152.5948929,-27.92823483,Cunningham Hwy,,Cunningham Highway (Ipswich - Warwick),Kalbar,Scenic Rim Region,4309,Kalbar,Ipswich,Southern,SEQ South,South Coast,Boonah,Ipswich Hinterland,Ipswich,Inner Regional,Scenic Rim,Wright,State-controlled,No Roadway Feature,No traffic control,100 - 110 km/h,Sealed - Wet,Raining,Dawn/Dusk,Straight,Grade,703,Off Path-Straight: Left Off Cway Hit Obj,Off carriageway on straight hit object,S,0,0,1,0,1,1,0,0,0,0,0,0
343283,Hospitalisation,2021,April,Thursday,17,Hit object,Single Vehicle,152.71639,-27.91884642,Ipswich - Boonah Rd,,Ipswich - Boonah Road,Roadvale,Scenic Rim Region,4310,Kalbar,Ipswich,Southern,SEQ South,South Coast,Boonah,Ipswich Hinterland,Ipswich,Inner Regional,Scenic Rim,Wright,State-controlled,No Roadway Feature,No traffic control,100 - 110 km/h,Sealed - Dry,Clear,Daylight,Straight,Grade,705,Off Path-Straight:Out Of Control On Cway,Out of control on straight,N,0,1,0,0,1,1,0,0,0,0,0,0
343284,Minor injury,2021,April,Sunday,8,Hit object,Single Vehicle,152.66222,-27.98435641,Boonah - Fassifern Rd,,Boonah - Fassifern Road,Kents Pocket,Scenic Rim Region,4310,Boonah,Ipswich,Southern,SEQ South,South Coast,Boonah,Ipswich Hinterland,Ipswich,Inner Regional,Scenic Rim,Wright,State-controlled,No Roadway Feature,No traffic control,100 - 110 km/h,Sealed - Wet,Clear,Daylight,Curved - view open,Grade,804,Off Path-Curve: Off Cway Lt Bend Hit Obj,Off carriageway on curve hit object,E,0,0,0,1,1,1,0,0,0,0,0,0
343285,Hospitalisation,2021,April,Monday,9,Hit object,Single Vehicle,152.393902,-28.04976939,Cunningham Hwy,,Cunningham Highway (Ipswich - Warwick),Tregony,Southern Downs Region,4370,Yangan,Darling Downs,Southern,Southern,Southern Queensland,Southern Downs - East,Granite Belt,Darling Downs - Maranoa,Inner Regional,Southern Downs,Maranoa,State-controlled,No Roadway Feature,No traffic control,0 - 50 km/h,Sealed - Dry,Clear,Daylight,Curved - view open,Dip,804,Off Path-Curve: Off Cway Lt Bend Hit Obj,Off carriageway on curve hit object,W,0,1,0,0,1,1,0,0,0,0,0,0
343286,Medical treatment,2021,May,Wednesday,13,Head-on,Multi-Vehicle,152.6872063,-27.99252841,Coronation Dr,,Ipswich - Boonah Road,Boonah,Scenic Rim Region,4310,Boonah,Ipswich,Southern,SEQ South,South Coast,Boonah,Ipswich Hinterland,Ipswich,Inner Regional,Scenic Rim,Wright,State-controlled,No Roadway Feature,No traffic control,60 km/h,Sealed - Wet,Raining,Daylight,Straight,Crest,201,Veh'S Opposite Approach: Head On,Head-on,W,0,0,1,0,1,2,0,0,0,0,0,0
343287,Hospitalisation,2021,May,Sunday,16,Rear-end,Multi-Vehicle,152.716941,-27.94433042,Ipswich - Boonah Rd,,Ipswich - Boonah Road,Coulson,Scenic Rim Region,4310,Kalbar,Ipswich,Southern,SEQ South,South Coast,Boonah,Ipswich Hinterland,Ipswich,Inner Regional,Scenic Rim,Wright,State-controlled,No Roadway Feature,No traffic control,0 - 50 km/h,Sealed - Dry,Clear,Dawn/Dusk,Curved - view open,Grade,301,Veh'S Same Direction: Rear End,Rear-end,W,0,2,1,2,5,2,0,0,0,0,0,0
343288,Hospitalisation,2021,June,Sunday,6,Hit object,Single Vehicle,152.8037991,-27.93107526,Beaudesert - Boonah Rd,,Beaudesert - Boonah Road,Wyaralong,Scenic Rim Region,4310,Kalbar,Ipswich,Southern,SEQ South,South Coast,Boonah,Ipswich Hinterland,Ipswich,Inner Regional,Scenic Rim,Wright,State-controlled,No Roadway Feature,No traffic control,100 - 110 km/h,Sealed - Dry,Clear,Daylight,Curved - view open,Level,805,Off Path-Curve: Out Of Control On Cway,Out of control on curve,E,0,1,0,0,1,1,0,0,0,0,0,0
343289,Hospitalisation,2021,June,Monday,17,Angle,Multi-Vehicle,152.652085,-27.92759641,Kulgun Rd,Obum Obum Rd,,Obum Obum,Scenic Rim Region,4309,Kalbar,Ipswich,Southern,SEQ South,South Coast,Boonah,Ipswich Hinterland,Ipswich,Inner Regional,Scenic Rim,Wright,Locally-controlled,Intersection - Cross,Give way sign,100 - 110 km/h,Sealed - Dry,Clear,Darkness - Not lighted,Straight,Grade,101,Veh'S Adjacent Approach: Thru-Thru,Intersection from adjacent approaches,N,0,3,0,0,3,2,0,0,0,0,0,0
343471,Hospitalisation,2021,January,Tuesday,18,Overturned,Single Vehicle,148.0868583,-19.99668494,Bruce Hwy,,Bruce Highway (Bowen - Ayr),Bowen,Whitsunday Region,4805,Bowen,Mackay,Central,Central,Central Queensland,Collinsville,Bowen Basin - North,Mackay - Isaac - Whitsunday,Outer Regional,Burdekin,Dawson,State-controlled,No Roadway Feature,No traffic control,100 - 110 km/h,Sealed - Wet,Clear,Darkness - Not lighted,Curved - view open,Level,801,Off Path-Curve: Off Cway Right Bend,Off carriageway on curve,N,0,2,0,0,2,0,0,1,0,0,0,0
343472,Hospitalisation,2021,January,Saturday,8,Hit object,Single Vehicle,147.9473498,-20.28619967,Peter Delamothe Rd,,Bowen Developmental Road (Bowen - Collinsville),Bogie,Whitsunday Region,4805,Bowen,Mackay,Central,Central,Central Queensland,Collinsville,Bowen Basin - North,Mackay - Isaac - Whitsunday,Remote,Burdekin,Dawson,State-controlled,No Roadway Feature,No traffic control,100 - 110 km/h,Sealed - Dry,Clear,Daylight,Straight,Grade,705,Off Path-Straight:Out Of Control On Cway,Out of control on straight,N,0,1,0,0,1,1,0,0,0,0,0,0
343473,Medical treatment,2021,February,Monday,11,Hit object,Single Vehicle,148.2378653,-20.06071295,Bruce Hwy,,Bruce Highway (Proserpine - Bowen),Bowen,Whitsunday Region,4805,Bowen,Mackay,Central,Central,Central Queensland,Bowen,Bowen Basin - North,Mackay - Isaac - Whitsunday,Outer Regional,Burdekin,Dawson,State-controlled,No Roadway Feature,No traffic control,100 - 110 km/h,Sealed - Dry,Clear,Daylight,Straight,Level,704,Off Path-Straight:Right Off Cway Hit Obj,Off carriageway on straight hit object,N,0,0,1,1,2,1,0,0,0,0,0,0
343474,Hospitalisation,2021,February,Monday,19,Hit animal,Other,148.2496495,-20.11149415,Bruce Hwy,,Bruce Highway (Proserpine - Bowen),Bowen,Whitsunday Region,4805,Bowen,Mackay,Central,Central,Central Queensland,Collinsville,Bowen Basin - North,Mackay - Isaac - Whitsunday,Outer Regional,Burdekin,Dawson,State-controlled,No Roadway Feature,No traffic control,100 - 110 km/h,Sealed - Dry,Clear,Darkness - Not lighted,Straight,Level,609,Pass & Misc: Hit Animal,Hit animal,N,0,1,0,0,1,1,0,0,0,0,0,0
343475,Hospitalisation,2021,February,Monday,8,Hit pedestrian,Hit pedestrian,148.2502413,-20.01314095,George St,,,Bowen,Whitsunday Region,4805,Bowen,Mackay,Central,Central,Central Queensland,Bowen,Bowen Basin - North,Mackay - Isaac - Whitsunday,Outer Regional,Burdekin,Dawson,Locally-controlled,No Roadway Feature,No traffic control,0 - 50 km/h,Unsealed - Dry,Clear,Daylight,Straight,Level,0,Ped'N: Hit Other,Other,E,0,1,0,0,1,1,0,0,0,0,1,0
343476,Medical treatment,2021,March,Tuesday,11,Angle,Multi-Vehicle,148.2430193,-20.01549395,Sinclair St,Williams St,,Bowen,Whitsunday Region,4805,Bowen,Mackay,Central,Central,Central Queensland,Bowen,Bowen Basin - North,Mackay - Isaac - Whitsunday,Outer Regional,Burdekin,Dawson,Locally-controlled,Intersection - Cross,No traffic control,60 km/h,Sealed - Dry,Clear,Daylight,Straight,Level,101,Veh'S Adjacent Approach: Thru-Thru,Intersection from adjacent approaches,E,0,0,1,0,1,2,0,0,0,0,0,0
343477,Hospitalisation,2021,April,Friday,14,Overturned,Single Vehicle,147.8092973,-20.51622892,Strathmore Rd,,,Springlands,Whitsunday Region,4804,Collinsville,Mackay,Central,Central,Central Queensland,Collinsville,Bowen Basin - North,Mackay - Isaac - Whitsunday,Remote,Burdekin,Capricornia,Locally-controlled,No Roadway Feature,No traffic control,80 - 90 km/h,Unsealed - Dry,Clear,Daylight,Curved - view open,Level,805,Off Path-Curve: Out Of Control On Cway,Out of control on curve,W,0,1,1,0,2,1,0,0,0,0,0,0
343478,Hospitalisation,2021,April,Monday,0,Hit object,Single Vehicle,147.9602527,-20.24948081,Peter Delamothe Rd,,Bowen Developmental Road (Bowen - Collinsville),Bogie,Whitsunday Region,4805,Bowen,Mackay,Central,Central,Central Queensland,Collinsville,Bowen Basin - North,Mackay - Isaac - Whitsunday,Remote,Burdekin,Dawson,State-controlled,No Roadway Feature,No traffic control,100 - 110 km/h,Sealed - Wet,Raining,Darkness - Not lighted,Curved - view open,Level,804,Off Path-Curve: Off Cway Lt Bend Hit Obj,Off carriageway on curve hit object,N,0,1,0,0,1,1,0,0,0,0,0,0
343479,Hospitalisation,2021,April,Monday,7,Head-on,Multi-Vehicle,148.0775963,-19.98286694,Bruce Hwy,,Bruce Highway (Bowen - Ayr),Bowen,Whitsunday Region,4805,Bowen,Mackay,Central,Central,Central Queensland,Collinsville,Bowen Basin - North,Mackay - Isaac - Whitsunday,Outer Regional,Burdekin,Dawson,State-controlled,Bridge/Causeway,No traffic control,100 - 110 km/h,Sealed - Wet,Clear,Daylight,Straight,Level,201,Veh'S Opposite Approach: Head On,Head-on,S,0,1,0,0,1,1,0,1,0,0,0,0
343480,Medical treatment,2021,May,Thursday,7,Angle,Multi-Vehicle,148.2279357,-19.99649268,Mt Nutt Rd,,,Bowen,Whitsunday Region,4805,Bowen,Mackay,Central,Central,Central Queensland,Bowen,Bowen Basin - North,Mackay - Isaac - Whitsunday,Outer Regional,Burdekin,Dawson,Locally-controlled,No Roadway Feature,No traffic control,60 km/h,Sealed - Dry,Clear,Daylight,Straight,Level,202,Veh'S Opposite Approach: Thru-Right,Opposing vehicles turning,E,0,0,1,0,1,2,0,0,0,0,0,0
343481,Hospitalisation,2021,May,Thursday,11,Fall from vehicle,Single Vehicle,148.2561563,-20.12797495,Bruce Hwy,,Bruce Highway (Proserpine - Bowen),Bowen,Whitsunday Region,4805,Bowen,Mackay,Central,Central,Central Queensland,Collinsville,Bowen Basin - North,Mackay - Isaac - Whitsunday,Outer Regional,Burdekin,Dawson,State-controlled,No Roadway Feature,No traffic control,60 km/h,Sealed - Dry,Clear,Daylight,Straight,Level,705,Off Path-Straight:Out Of Control On Cway,Out of control on straight,N,0,1,0,0,1,0,0,0,0,1,0,1
343482,Hospitalisation,2021,May,Monday,8,Rear-end,Multi-Vehicle,148.2156203,-20.03254095,Bruce Hwy,,Bruce Highway (Proserpine - Bowen),Bowen,Whitsunday Region,4805,Bowen,Mackay,Central,Central,Central Queensland,Bowen,Bowen Basin - North,Mackay - Isaac - Whitsunday,Outer Regional,Burdekin,Dawson,State-controlled,No Roadway Feature,No traffic control,80 - 90 km/h,Sealed - Dry,Clear,Daylight,Curved - view open,Level,302,Veh'S Same Direction: Left Rear,Rear-end,S,0,1,1,0,2,2,0,0,0,0,0,0
343483,Minor injury,2021,May,Tuesday,18,Angle,Multi-Vehicle,148.2433883,-20.00753995,Herbert St,Livingstone St,,Bowen,Whitsunday Region,4805,Bowen,Mackay,Central,Central,Central Queensland,Bowen,Bowen Basin - North,Mackay - Isaac - Whitsunday,Outer Regional,Burdekin,Dawson,Locally-controlled,Intersection - Roundabout,Give way sign,60 km/h,Sealed - Dry,Clear,Darkness - Lighted,Straight,Grade,104,Veh'S Adjacent Approach: Thru-Right,Intersection from adjacent approaches,E,0,0,0,1,1,2,0,0,0,0,0,0
343484,Fatal,2021,June,Wednesday,6,Hit object,Single Vehicle,148.2501053,-20.00456195,Queens Rd,,,Bowen,Whitsunday Region,4805,Bowen,Mackay,Central,Central,Central Queensland,Bowen,Bowen Basin - North,Mackay - Isaac - Whitsunday,Outer Regional,Burdekin,Dawson,Locally-controlled,No Roadway Feature,No traffic control,0 - 50 km/h,Sealed - Wet,Raining,Daylight,Curved - view open,Level,805,Off Path-Curve: Out Of Control On Cway,Out of control on curve,W,1,1,0,0,2,1,0,0,0,0,0,0
343485,Hospitalisation,2021,June,Sunday,16,Rear-end,Multi-Vehicle,148.2440053,-20.01489795,Williams St,,,Bowen,Whitsunday Region,4805,Bowen,Mackay,Central,Central,Central Queensland,Bowen,Bowen Basin - North,Mackay - Isaac - Whitsunday,Outer Regional,Burdekin,Dawson,Locally-controlled,No Roadway Feature,No traffic control,60 km/h,Sealed - Dry,Clear,Daylight,Straight,Level,303,Veh'S Same Direction: Right Rear,Rear-end,N,0,1,1,0,2,2,0,0,0,0,0,0
343486,Medical treatment,2021,June,Monday,9,Angle,Multi-Vehicle,148.2058553,-20.02225995,Bootooloo Rd,,,Bowen,Whitsunday Region,4805,Bowen,Mackay,Central,Central,Central Queensland,Bowen,Bowen Basin - North,Mackay - Isaac - Whitsunday,Outer Regional,Burdekin,Dawson,Locally-controlled,No Roadway Feature,No traffic control,80 - 90 km/h,Sealed - Dry,Clear,Daylight,Straight,Level,207,Veh'S Opposite Approach: U-Turn,U-turn,N,0,0,2,0,2,1,0,0,1,0,0,0
343782,Hospitalisation,2021,January,Thursday,20,Overturned,Single Vehicle,145.3757594,-26.6438118,Diamantina Development Rd,,Diamantina Developmental Road (Charleville - Quilpie),Cooladdi,Murweh Shire,4479,Quilpie,South West,Southern,Southern,Southern Queensland,Charleville,Outback - South,Queensland - Outback,Very Remote,Warrego,Maranoa,State-controlled,No Roadway Feature,No traffic control,100 - 110 km/h,Sealed - Dry,Clear,Darkness - Not lighted,Straight,Level,702,Off Path-Straight: Right Off Cway,Off carriageway on straight,W,0,1,0,0,1,1,0,0,0,0,0,0
343783,Medical treatment,2021,January,Friday,3,Overturned,Single Vehicle,146.2233517,-27.97625186,Balonne Hwy,,Balonne Highway (Bollon - Cunnamulla),Cunnamulla,Paroo Shire,4490,Cunnamulla,South West,Southern,Southern,Southern Queensland,Far South West,Outback - South,Queensland - Outback,Very Remote,Warrego,Maranoa,State-controlled,No Roadway Feature,No traffic control,100 - 110 km/h,Sealed - Dry,Clear,Dawn/Dusk,Curved - view obscured,Level,801,Off Path-Curve: Off Cway Right Bend,Off carriageway on curve,E,0,0,2,0,2,1,0,0,0,0,0,0
343784,Hospitalisation,2021,May,Tuesday,8,Hit object,Single Vehicle,146.1063369,-26.77031884,Mitchell Hwy,,Mitchell Highway (Cunnamulla - Charleville),Bakers Bend,Murweh Shire,4470,Wyandra,South West,Southern,Southern,Southern Queensland,Charleville,Outback - South,Queensland - Outback,Very Remote,Warrego,Maranoa,State-controlled,No Roadway Feature,No traffic control,100 - 110 km/h,Sealed - Dry,Clear,Daylight,Straight,Level,600,Veh'S On Path: Other,Other,N,0,1,0,0,1,1,0,0,0,0,0,0
343785,Medical treatment,2021,May,Sunday,15,Angle,Multi-Vehicle,145.6888208,-28.06855782,Emma St,Wicks St,Bulloo Developmental Road (Cunnamulla - Thargomindah),Cunnamulla,Paroo Shire,4490,Cunnamulla,South West,Southern,Southern,Southern Queensland,Far South West,Outback - South,Queensland - Outback,Very Remote,Warrego,Maranoa,State-controlled,Intersection - Cross,Give way sign,0 - 50 km/h,Sealed - Dry,Clear,Daylight,Straight,Level,101,Veh'S Adjacent Approach: Thru-Thru,Intersection from adjacent approaches,S,0,0,3,0,3,2,0,0,0,0,0,0
343786,Medical treatment,2021,June,Saturday,9,Angle,Multi-Vehicle,145.7115268,-28.07119582,Mitchell Hwy,,Mitchell Highway (Barringun - Cunnamulla),Cunnamulla,Paroo Shire,4490,Cunnamulla,South West,Southern,Southern,Southern Queensland,Far South West,Outback - South,Queensland - Outback,Very Remote,Warrego,Maranoa,State-controlled,No Roadway Feature,No traffic control,100 - 110 km/h,Sealed - Dry,Clear,Daylight,Straight,Level,201,Veh'S Opposite Approach: Head On,Head-on,W,0,0,1,0,1,1,0,1,0,0,0,0
343966,Minor injury,2021,February,Wednesday,5,Overturned,Single Vehicle,148.5552107,-21.96080697,Fitzroy Developmental Rd,,Fitzroy Developmental Road (Dingo - Mount Flora),Valkyrie,Isaac Region,4742,Nebo,Mackay,Central,Central,Central Queensland,Broadsound - Nebo,Bowen Basin - North,Mackay - Isaac - Whitsunday,Remote,Burdekin,Capricornia,State-controlled,No Roadway Feature,No traffic control,100 - 110 km/h,Sealed - Dry,Clear,Daylight,Straight,Level,701,Off Path-Straight: Left Off Cway,Off carriageway on straight,N,0,0,0,1,1,0,0,1,0,0,0,0
343967,Fatal,2021,February,Friday,1,Head-on,Multi-Vehicle,148.7418331,-21.595654,Peak Downs Hwy,,Peak Downs Highway (Nebo - Mackay),Nebo,Isaac Region,4742,Nebo,Mackay,Central,Central,Central Queensland,Broadsound - Nebo,Bowen Basin - North,Mackay - Isaac - Whitsunday,Outer Regional,Burdekin,Capricornia,State-controlled,No Roadway Feature,No traffic control,100 - 110 km/h,Sealed - Dry,Clear,Darkness - Not lighted,Straight,Level,201,Veh'S Opposite Approach: Head On,Head-on,S,1,0,0,1,2,1,0,1,0,0,0,0
343968,Hospitalisation,2021,April,Friday,14,Hit object,Single Vehicle,148.2686138,-21.52140163,Suttor Developmental Rd,,Suttor Developmental Road (Nebo - Mount Coolon),Kemmis,Isaac Region,4742,Glenden,Mackay,Central,Central,Central Queensland,Broadsound - Nebo,Bowen Basin - North,Mackay - Isaac - Whitsunday,Remote,Burdekin,Capricornia,State-controlled,No Roadway Feature,No traffic control,100 - 110 km/h,Sealed - Dry,Clear,Daylight,Straight,Level,704,Off Path-Straight:Right Off Cway Hit Obj,Off carriageway on straight hit object,E,0,1,0,0,1,1,0,0,0,0,0,0
343969,Hospitalisation,2021,April,Tuesday,8,Head-on,Multi-Vehicle,148.4748151,-21.86829598,Peak Downs Hwy,,Peak Downs Highway (Clermont - Nebo),Oxford,Isaac Region,4742,Nebo,Mackay,Central,Central,Central Queensland,Broadsound - Nebo,Bowen Basin - North,Mackay - Isaac - Whitsunday,Remote,Burdekin,Capricornia,State-controlled,No Roadway Feature,No traffic control,100 - 110 km/h,Sealed - Dry,Clear,Daylight,Straight,Level,201,Veh'S Opposite Approach: Head On,Head-on,N,0,1,0,0,1,1,0,1,0,0,0,0
343970,Hospitalisation,2021,May,Saturday,13,Hit object,Single Vehicle,148.9295285,-21.80889613,Marlborough - Sarina Rd,,Marlborough - Sarina Road,Oxford,Isaac Region,4742,Nebo,Mackay,Central,Central,Central Queensland,Broadsound - Nebo,Bowen Basin - North,Mackay - Isaac - Whitsunday,Remote,Mirani,Capricornia,State-controlled,No Roadway Feature,No traffic control,100 - 110 km/h,Sealed - Dry,Clear,Daylight,Straight,Crest,704,Off Path-Straight:Right Off Cway Hit Obj,Off carriageway on straight hit object,S,0,1,0,0,1,1,0,0,0,0,0,0
343971,Hospitalisation,2021,May,Thursday,12,Hit object,Single Vehicle,148.559814,-22.15226599,Fitzroy Developmental Rd,,Fitzroy Developmental Road (Dingo - Mount Flora),Valkyrie,Isaac Region,4742,Nebo,Mackay,Central,Central,Central Queensland,Broadsound - Nebo,Bowen Basin - North,Mackay - Isaac - Whitsunday,Remote,Burdekin,Capricornia,State-controlled,No Roadway Feature,No traffic control,100 - 110 km/h,Sealed - Dry,Clear,Daylight,Straight,Level,703,Off Path-Straight: Left Off Cway Hit Obj,Off carriageway on straight hit object,S,0,1,0,0,1,0,0,1,0,0,0,0
343972,Hospitalisation,2021,May,Monday,21,Hit animal,Other,148.7387031,-21.74025,Braeside Rd,,,Nebo,Isaac Region,4742,Nebo,Mackay,Central,Central,Central Queensland,Broadsound - Nebo,Bowen Basin - North,Mackay - Isaac - Whitsunday,Outer Regional,Burdekin,Capricornia,Locally-controlled,No Roadway Feature,No traffic control,100 - 110 km/h,Sealed - Dry,Clear,Darkness - Not lighted,Straight,Level,609,Pass & Misc: Hit Animal,Hit animal,W,0,1,0,0,1,0,0,1,0,0,0,0
343973,Hospitalisation,2021,June,Monday,8,Hit object,Single Vehicle,148.5511761,-21.87007999,Peak Downs Hwy,,Peak Downs Highway (Clermont - Nebo),Oxford,Isaac Region,4742,Nebo,Mackay,Central,Central,Central Queensland,Broadsound - Nebo,Bowen Basin - North,Mackay - Isaac - Whitsunday,Remote,Burdekin,Capricornia,State-controlled,No Roadway Feature,No traffic control,100 - 110 km/h,Sealed - Dry,Clear,Daylight,Straight,Level,703,Off Path-Straight: Left Off Cway Hit Obj,Off carriageway on straight hit object,W,0,1,0,0,1,1,0,0,0,0,0,0
344647,Hospitalisation,2021,January,Tuesday,9,Hit object,Single Vehicle,152.0133752,-26.59174934,Manumbar Rd,,,Glan Devon,South Burnett Region,4615,Nanango,Darling Downs,Southern,Southern,Southern Queensland,Nanango,Burnett,Wide Bay,Inner Regional,Nanango,Maranoa,Locally-controlled,No Roadway Feature,No traffic control,100 - 110 km/h,Unsealed - Dry,Clear,Daylight,Straight,Level,704,Off Path-Straight:Right Off Cway Hit Obj,Off carriageway on straight hit object,S,0,1,0,0,1,1,0,0,0,0,0,0
344648,Hospitalisation,2021,January,Wednesday,15,Hit object,Single Vehicle,152.0384313,-26.50062234,Burnett Hwy,,Burnett Highway (Nanango - Goomeri),Sandy Ridges,South Burnett Region,4615,Nanango,Darling Downs,Southern,Southern,Southern Queensland,Nanango,Burnett,Wide Bay,Outer Regional,Nanango,Maranoa,State-controlled,No Roadway Feature,No traffic control,100 - 110 km/h,Sealed - Dry,Clear,Daylight,Curved - view open,Level,803,Off Path-Curve: Off Cway Rt Bend Hit Obj,Off carriageway on curve hit object,N,0,1,0,0,1,0,0,0,0,0,0,1
344649,Hospitalisation,2021,January,Thursday,12,Head-on,Multi-Vehicle,151.9703708,-26.66280433,D'Aguilar Hwy,,D'Aguilar Highway (Yarraman - Kingaroy),Nanango,South Burnett Region,4615,Nanango,Darling Downs,Southern,Southern,Southern Queensland,Nanango,Burnett,Wide Bay,Inner Regional,Nanango,Maranoa,State-controlled,No Roadway Feature,No traffic control,100 - 110 km/h,Sealed - Dry,Clear,Daylight,Curved - view obscured,Level,201,Veh'S Opposite Approach: Head On,Head-on,E,0,2,0,0,2,2,0,0,0,0,0,0
344650,Hospitalisation,2021,January,Tuesday,14,Head-on,Multi-Vehicle,151.9585552,-26.70065533,Nanango - Tarong Rd,,Nanango - Tarong Road,South Nanango,South Burnett Region,4615,Nanango,Darling Downs,Southern,Southern,Southern Queensland,Nanango,Burnett,Wide Bay,Inner Regional,Nanango,Maranoa,State-controlled,No Roadway Feature,No traffic control,100 - 110 km/h,Sealed - Dry,Clear,Daylight,Straight,Crest,201,Veh'S Opposite Approach: Head On,Head-on,S,0,2,0,1,3,2,0,0,0,0,0,0
344651,Fatal,2021,January,Monday,0,Hit object,Single Vehicle,151.9608282,-26.79532234,D'Aguilar Hwy,,D'Aguilar Highway (Yarraman - Kingaroy),South Nanango,South Burnett Region,4615,Nanango,Darling Downs,Southern,Southern,Southern Queensland,Nanango,Burnett,Wide Bay,Inner Regional,Nanango,Maranoa,State-controlled,No Roadway Feature,No traffic control,100 - 110 km/h,Sealed - Dry,Clear,Darkness - Not lighted,Curved - view open,Grade,803,Off Path-Curve: Off Cway Rt Bend Hit Obj,Off carriageway on curve hit object,N,1,0,0,0,1,1,0,0,0,0,0,0
344652,Medical treatment,2021,February,Sunday,9,Hit animal,Other,151.7823034,-26.7641141,Brooklands - Pimpimbudgee Rd,,,Brooklands,South Burnett Region,4615,Nanango,Darling Downs,Southern,Southern,Southern Queensland,Nanango,Burnett,Wide Bay,Outer Regional,Nanango,Maranoa,Locally-controlled,No Roadway Feature,No traffic control,70 km/h,Sealed - Wet,Raining,Daylight,Straight,Level,609,Pass & Misc: Hit Animal,Hit animal,S,0,0,1,0,1,0,1,0,0,0,0,0