Crash_Severity,Crash_Year,Crash_Month,Crash_Day_Of_Week,Crash_Hour,Crash_Nature,Crash_Type,Crash_Longitude,Crash_Latitude,Crash_Street,Crash_Street_Intersecting,State_Road_Name,Loc_Suburb,Loc_Local_Government_Area,Loc_Post_Code,Loc_Police_Division,Loc_Police_District,Loc_Police_Region,Loc_Queensland_Transport_Region,Loc_Main_Roads_Region,Loc_ABS_Statistical_Area_2,Loc_ABS_Statistical_Area_3,Loc_ABS_Statistical_Area_4,Loc_ABS_Remoteness,Loc_State_Electorate,Loc_Federal_Electorate,Crash_Controlling_Authority,Crash_Roadway_Feature,Crash_Traffic_Control,Crash_Speed_Limit,Crash_Road_Surface_Condition,Crash_Atmospheric_Condition,Crash_Lighting_Condition,Crash_Road_Horiz_Align,Crash_Road_Vert_Align,Crash_DCA_Code,Crash_DCA_Description,Crash_DCA_Group_Description,DCA_Key_Approach_Dir,Count_Casualty_Fatality,Count_Casualty_Hospitalised,Count_Casualty_MedicallyTreated,Count_Casualty_MinorInjury,Count_Casualty_Total,Count_Unit_Car,Count_Unit_Motorcycle_Moped,Count_Unit_Truck,Count_Unit_Bus,Count_Unit_Bicycle,Count_Unit_Pedestrian,Count_Unit_Other,
344874,Minor injury,2021,January,Sunday,16,Angle,Multi-Vehicle,153.0285381,-27.27461144,Dohles Rocks Rd,Henry Rd,,Griffin,Moreton Bay Region,4503,Mango Hill North Lakes,Moreton,North Coast,SEQ North,North Coast,Murrumba Downs - Griffin,North Lakes,Moreton Bay - South,Major Cities,Murrumba,Petrie,Locally-controlled,Intersection - T-Junction,Stop sign,70 km/h,Sealed - Dry,Clear,Daylight,Straight,Level,104,Veh'S Adjacent Approach: Thru-Right,Intersection from adjacent approaches,E,0,0,0,1,1,2,0,0,0,0,0,0
344875,Medical treatment,2021,January,Friday,19,Angle,Multi-Vehicle,153.0233381,-27.23845844,Discovery Dr,Endeavour Blvd,,North Lakes,Moreton Bay Region,4509,Mango Hill North Lakes,Moreton,North Coast,SEQ North,North Coast,North Lakes - Mango Hill,North Lakes,Moreton Bay - South,Major Cities,Bancroft,Petrie,Locally-controlled,Intersection - Cross,Operating traffic lights,60 km/h,Sealed - Dry,Clear,Darkness - Lighted,Straight,Level,408,Veh'S Manoeuvring: Entering From Footway,Vehicle leaving driveway,U,0,0,1,0,1,1,0,0,0,1,0,0
344876,Hospitalisation,2021,January,Wednesday,18,Overturned,Single Vehicle,152.954487,-27.26761191,Youngs Crossing Rd,,,Joyner,Moreton Bay Region,4500,Petrie,Moreton,North Coast,SEQ North,North Coast,Lawnton,Strathpine,Moreton Bay - South,Major Cities,Kurwongbah,Dickson,Locally-controlled,No Roadway Feature,No traffic control,60 km/h,Sealed - Dry,Clear,Dawn/Dusk,Curved - view open,Crest,805,Off Path-Curve: Out Of Control On Cway,Out of control on curve,N,0,1,0,0,1,1,0,0,0,0,0,0
344877,Minor injury,2021,January,Wednesday,13,Sideswipe,Multi-Vehicle,152.9536491,-27.29135744,Samsonvale Rd,Youngs Crossing Rd,,Joyner,Moreton Bay Region,4500,Petrie,Moreton,North Coast,SEQ North,North Coast,Cashmere,The Hills District,Moreton Bay - South,Major Cities,Pine Rivers,Dickson,Locally-controlled,Intersection - Cross,Operating traffic lights,60 km/h,Sealed - Dry,Clear,Daylight,Straight,Level,305,Veh'S Same Direction: Lane Side Swipe,Lane changes,E,0,0,0,1,1,2,0,0,0,0,0,0
344878,Medical treatment,2021,January,Thursday,15,Angle,Multi-Vehicle,152.9500371,-27.21161344,Browns Rd,Moore Rd,,Kurwongbah,Moreton Bay Region,4503,Petrie,Moreton,North Coast,SEQ North,North Coast,Dayboro,The Hills District,Moreton Bay - South,Major Cities,Kurwongbah,Dickson,Locally-controlled,Intersection - T-Junction,Stop sign,60 km/h,Sealed - Dry,Clear,Daylight,Straight,Level,105,Veh'S Adjacent Approach: Right-Right,Intersection from adjacent approaches,N,0,0,1,0,1,1,1,0,0,0,0,0
344879,Hospitalisation,2021,January,Friday,6,Rear-end,Multi-Vehicle,153.0027341,-27.23021844,Bruce Hwy,,Bruce Highway (Brisbane - Gympie),North Lakes,Moreton Bay Region,4509,Mango Hill North Lakes,Moreton,North Coast,SEQ North,North Coast,North Lakes - Mango Hill,North Lakes,Moreton Bay - South,Major Cities,Bancroft,Petrie,State-controlled,No Roadway Feature,No traffic control,100 - 110 km/h,Sealed - Dry,Clear,Daylight,Straight,Level,301,Veh'S Same Direction: Rear End,Rear-end,S,0,1,0,0,1,1,1,0,0,0,0,0
344880,Hospitalisation,2021,January,Friday,17,Rear-end,Multi-Vehicle,152.9814694,-27.27730202,Gympie Rd,,Brisbane - Woodford Road,Lawnton,Moreton Bay Region,4501,Petrie,Moreton,North Coast,SEQ North,North Coast,Lawnton,Strathpine,Moreton Bay - South,Major Cities,Pine Rivers,Dickson,State-controlled,No Roadway Feature,No traffic control,60 km/h,Sealed - Dry,Clear,Daylight,Straight,Level,301,Veh'S Same Direction: Rear End,Rear-end,S,0,1,0,0,1,2,0,0,0,0,0,0
344881,Hospitalisation,2021,January,Sunday,11,Angle,Multi-Vehicle,152.9676371,-27.28559744,Baker St,Francis Rd,,Lawnton,Moreton Bay Region,4501,Petrie,Moreton,North Coast,SEQ North,North Coast,Bray Park,Strathpine,Moreton Bay - South,Major Cities,Pine Rivers,Dickson,Locally-controlled,Intersection - T-Junction,Give way sign,70 km/h,Sealed - Dry,Clear,Daylight,Straight,Level,104,Veh'S Adjacent Approach: Thru-Right,Intersection from adjacent approaches,W,0,1,0,0,1,1,1,0,0,0,0,0
344882,Medical treatment,2021,January,Monday,10,Rear-end,Multi-Vehicle,152.9898911,-27.30660844,Gympie Rd,,Brisbane - Woodford Road,Strathpine,Moreton Bay Region,4500,Petrie,Moreton,North Coast,SEQ North,North Coast,Strathpine - Brendale,Strathpine,Moreton Bay - South,Major Cities,Pine Rivers,Dickson,State-controlled,No Roadway Feature,No traffic control,60 km/h,Sealed - Dry,Clear,Daylight,Straight,Level,305,Veh'S Same Direction: Lane Side Swipe,Lane changes,S,0,0,1,1,2,3,0,0,0,0,0,0
344883,Hospitalisation,2021,January,Tuesday,22,Hit parked vehicle,Single Vehicle,152.9995801,-27.29522144,Grahams Rd,,,Strathpine,Moreton Bay Region,4500,Petrie,Moreton,North Coast,SEQ North,North Coast,Strathpine - Brendale,Strathpine,Moreton Bay - South,Major Cities,Pine Rivers,Dickson,Locally-controlled,No Roadway Feature,No traffic control,0 - 50 km/h,Sealed - Dry,Clear,Darkness - Not lighted,Straight,Level,703,Off Path-Straight: Left Off Cway Hit Obj,Off carriageway on straight hit object,W,0,1,0,0,1,3,0,0,0,0,0,0
344884,Hospitalisation,2021,January,Wednesday,17,Angle,Multi-Vehicle,152.9769841,-27.31675544,Kremzow Rd,Pinacle St,,Brendale,Moreton Bay Region,4500,Albany Creek,North Brisbane,Brisbane,SEQ North,North Coast,Strathpine - Brendale,Strathpine,Moreton Bay - South,Major Cities,Pine Rivers,Dickson,Locally-controlled,Intersection - T-Junction,Give way sign,60 km/h,Sealed - Dry,Clear,Daylight,Straight,Level,107,Veh'S Adjacent Approach: Thru-Left,Intersection from adjacent approaches,W,0,1,0,0,1,2,0,0,0,0,0,0
344885,Medical treatment,2021,January,Thursday,9,Rear-end,Multi-Vehicle,152.9588101,-27.26311244,Dayboro Rd,,Brisbane - Woodford Road,Petrie,Moreton Bay Region,4502,Petrie,Moreton,North Coast,SEQ North,North Coast,Petrie,Strathpine,Moreton Bay - South,Major Cities,Kurwongbah,Dickson,State-controlled,No Roadway Feature,No traffic control,60 km/h,Sealed - Dry,Clear,Daylight,Curved - view open,Dip,303,Veh'S Same Direction: Right Rear,Rear-end,W,0,0,2,0,2,1,0,1,0,0,0,0
344886,Medical treatment,2021,January,Thursday,16,Rear-end,Multi-Vehicle,152.9925681,-27.23238044,Old Gympie Rd,,,Dakabin,Moreton Bay Region,4503,Petrie,Moreton,North Coast,SEQ North,North Coast,Dakabin - Kallangur,North Lakes,Moreton Bay - South,Major Cities,Murrumba,Longman,Locally-controlled,No Roadway Feature,Give way sign,60 km/h,Sealed - Dry,Clear,Daylight,Straight,Grade,400,Veh'S Manoeuvring: Other,Other,,0,0,2,0,2,2,0,0,0,0,0,0
344887,Hospitalisation,2021,January,Friday,5,Hit object,Single Vehicle,152.9786951,-27.27052044,Gympie Rd,,Brisbane - Woodford Road,Petrie,Moreton Bay Region,4502,Petrie,Moreton,North Coast,SEQ North,North Coast,Petrie,Strathpine,Moreton Bay - South,Major Cities,Kurwongbah,Dickson,State-controlled,No Roadway Feature,No traffic control,0 - 50 km/h,Sealed - Wet,Clear,Daylight,Curved - view open,Level,804,Off Path-Curve: Off Cway Lt Bend Hit Obj,Off carriageway on curve hit object,E,0,1,0,0,1,1,0,0,0,0,0,0
344888,Medical treatment,2021,January,Friday,10,Angle,Multi-Vehicle,152.9846081,-27.28903444,Gympie Rd,,Brisbane - Woodford Road,Lawnton,Moreton Bay Region,4501,Petrie,Moreton,North Coast,SEQ North,North Coast,Lawnton,Strathpine,Moreton Bay - South,Major Cities,Pine Rivers,Dickson,State-controlled,No Roadway Feature,No traffic control,0 - 50 km/h,Sealed - Dry,Clear,Daylight,Straight,Level,7,Ped'N: Hit By Vehicle Enter/Leave D'Way,Pedestrian,E,0,0,1,0,1,1,0,0,0,0,1,0
344889,Hospitalisation,2021,January,Friday,23,Hit object,Single Vehicle,152.8775006,-27.21016061,Dayboro Rd,,Brisbane - Woodford Road,Rush Creek,Moreton Bay Region,4521,Dayboro,Moreton,North Coast,SEQ North,North Coast,Dayboro,The Hills District,Moreton Bay - South,Inner Regional,Pine Rivers,Dickson,State-controlled,No Roadway Feature,No traffic control,100 - 110 km/h,Sealed - Wet,Clear,Darkness - Not lighted,Curved - view open,Dip,803,Off Path-Curve: Off Cway Rt Bend Hit Obj,Off carriageway on curve hit object,W,0,1,0,0,1,1,0,0,0,0,0,0
344890,Hospitalisation,2021,January,Saturday,6,Angle,Multi-Vehicle,153.0206151,-27.27391644,Dohles Rocks Rd,Wagner Rd,,Griffin,Moreton Bay Region,4503,Mango Hill North Lakes,Moreton,North Coast,SEQ North,North Coast,Murrumba Downs - Griffin,North Lakes,Moreton Bay - South,Major Cities,Murrumba,Petrie,Locally-controlled,Intersection - T-Junction,Give way sign,60 km/h,Sealed - Dry,Clear,Daylight,Curved - view open,Level,107,Veh'S Adjacent Approach: Thru-Left,Intersection from adjacent approaches,N,0,2,0,0,2,2,0,0,0,0,0,0
344891,Minor injury,2021,January,Sunday,16,Rear-end,Multi-Vehicle,153.0096321,-27.24729844,Anzac Ave,,,Kallangur,Moreton Bay Region,4503,Petrie,Moreton,North Coast,SEQ North,North Coast,Dakabin - Kallangur,North Lakes,Moreton Bay - South,Major Cities,Murrumba,Dickson,Not coded,No Roadway Feature,No traffic control,60 km/h,Sealed - Wet,Clear,Daylight,Curved - view open,Level,301,Veh'S Same Direction: Rear End,Rear-end,,0,0,0,1,1,2,0,0,0,0,0,0
344892,Hospitalisation,2021,February,Monday,10,Hit object,Single Vehicle,153.0281551,-27.23121944,Kinsellas Rd W,Diamond Jubilee Way,,North Lakes,Moreton Bay Region,4509,Mango Hill North Lakes,Moreton,North Coast,SEQ North,North Coast,North Lakes - Mango Hill,North Lakes,Moreton Bay - South,Major Cities,Bancroft,Petrie,Locally-controlled,Intersection - T-Junction,No traffic control,60 km/h,Sealed - Dry,Clear,Daylight,Straight,Level,703,Off Path-Straight: Left Off Cway Hit Obj,Off carriageway on straight hit object,E,0,1,0,0,1,0,1,0,0,0,0,0
344893,Medical treatment,2021,February,Monday,6,Rear-end,Multi-Vehicle,153.0177931,-27.27390044,Bruce Hwy,,Bruce Highway (Brisbane - Gympie),Griffin,Moreton Bay Region,4503,Mango Hill North Lakes,Moreton,North Coast,SEQ North,North Coast,Murrumba Downs - Griffin,North Lakes,Moreton Bay - South,Major Cities,Murrumba,Petrie,State-controlled,No Roadway Feature,No traffic control,100 - 110 km/h,Sealed - Dry,Clear,Dawn/Dusk,Straight,Level,301,Veh'S Same Direction: Rear End,Rear-end,S,0,0,1,0,1,2,0,0,0,0,0,0
344894,Medical treatment,2021,February,Tuesday,14,Rear-end,Multi-Vehicle,153.0212771,-27.24254644,Anzac Ave,,Redcliffe Road,Mango Hill,Moreton Bay Region,4509,Mango Hill North Lakes,Moreton,North Coast,SEQ North,North Coast,North Lakes - Mango Hill,North Lakes,Moreton Bay - South,Major Cities,Bancroft,Petrie,State-controlled,No Roadway Feature,No traffic control,70 km/h,Sealed - Wet,Raining,Daylight,Straight,Grade,303,Veh'S Same Direction: Right Rear,Rear-end,W,0,0,1,0,1,3,0,0,0,0,0,0
344895,Medical treatment,2021,February,Thursday,17,Angle,Multi-Vehicle,153.0228401,-27.27394044,Bettson Blvd,Leapai Pde,,Griffin,Moreton Bay Region,4503,Mango Hill North Lakes,Moreton,North Coast,SEQ North,North Coast,Murrumba Downs - Griffin,North Lakes,Moreton Bay - South,Major Cities,Murrumba,Petrie,Locally-controlled,Intersection - Roundabout,Give way sign,0 - 50 km/h,Sealed - Dry,Clear,Daylight,Straight,Level,101,Veh'S Adjacent Approach: Thru-Thru,Intersection from adjacent approaches,,0,0,1,0,1,1,1,0,0,0,0,0
344896,Hospitalisation,2021,February,Monday,15,Rear-end,Multi-Vehicle,153.0302301,-27.26342544,Brays Rd,,,Griffin,Moreton Bay Region,4503,Mango Hill North Lakes,Moreton,North Coast,SEQ North,North Coast,Murrumba Downs - Griffin,North Lakes,Moreton Bay - South,Major Cities,Murrumba,Petrie,Locally-controlled,No Roadway Feature,No traffic control,60 km/h,Sealed - Dry,Clear,Daylight,Curved - view open,Level,301,Veh'S Same Direction: Rear End,Rear-end,E,0,1,0,0,1,2,0,0,0,0,0,0
344897,Minor injury,2021,February,Wednesday,19,Hit object,Single Vehicle,152.9498631,-27.25678844,Dayboro Rd,,Brisbane - Woodford Road,Kurwongbah,Moreton Bay Region,4503,Petrie,Moreton,North Coast,SEQ North,North Coast,Dayboro,The Hills District,Moreton Bay - South,Major Cities,Kurwongbah,Dickson,State-controlled,No Roadway Feature,No traffic control,100 - 110 km/h,Sealed - Dry,Clear,Darkness - Not lighted,Curved - view open,Dip,803,Off Path-Curve: Off Cway Rt Bend Hit Obj,Off carriageway on curve hit object,W,0,0,0,1,1,1,0,0,0,0,0,0
344898,Hospitalisation,2021,February,Wednesday,15,Angle,Multi-Vehicle,152.9902281,-27.31233344,South Pine Rd,Station St,South Pine Road,Strathpine,Moreton Bay Region,4500,Petrie,Moreton,North Coast,SEQ North,North Coast,Strathpine - Brendale,Strathpine,Moreton Bay - South,Major Cities,Pine Rivers,Dickson,State-controlled,Intersection - T-Junction,Stop sign,60 km/h,Sealed - Dry,Clear,Daylight,Straight,Level,104,Veh'S Adjacent Approach: Thru-Right,Intersection from adjacent approaches,N,0,1,0,0,1,1,1,0,0,0,0,0
344899,Minor injury,2021,February,Wednesday,8,Angle,Multi-Vehicle,152.9786867,-27.26751476,Armstrong St,,,Petrie,Moreton Bay Region,4502,Petrie,Moreton,North Coast,SEQ North,North Coast,Petrie,Strathpine,Moreton Bay - South,Major Cities,Kurwongbah,Dickson,Locally-controlled,No Roadway Feature,No traffic control,0 - 50 km/h,Sealed - Dry,Clear,Daylight,Straight,Dip,406,Veh'S Manoeuvring: Leaving Driveway,Vehicle leaving driveway,N,0,0,0,1,1,2,0,0,0,0,0,0
344900,Hospitalisation,2021,February,Thursday,5,Overturned,Single Vehicle,152.9958971,-27.21794244,Bruce Hwy,,Bruce Highway (Brisbane - Gympie),Dakabin,Moreton Bay Region,4503,Mango Hill North Lakes,Moreton,North Coast,SEQ North,North Coast,Dakabin - Kallangur,North Lakes,Moreton Bay - South,Major Cities,Murrumba,Longman,State-controlled,No Roadway Feature,No traffic control,100 - 110 km/h,Sealed - Dry,Clear,Dawn/Dusk,Straight,Level,705,Off Path-Straight:Out Of Control On Cway,Out of control on straight,N,0,3,0,0,3,0,0,1,0,0,0,0
344901,Hospitalisation,2021,February,Friday,9,Angle,Multi-Vehicle,153.0184361,-27.27401244,Bruce Hwy,Dohles Rocks Rd,Bruce Highway (Brisbane - Gympie),Griffin,Moreton Bay Region,4503,Mango Hill North Lakes,Moreton,North Coast,SEQ North,North Coast,Murrumba Downs - Griffin,North Lakes,Moreton Bay - South,Major Cities,Murrumba,Petrie,State-controlled,Intersection - Interchange,Operating traffic lights,60 km/h,Sealed - Dry,Clear,Daylight,Straight,Level,202,Veh'S Opposite Approach: Thru-Right,Opposing vehicles turning,E,0,1,0,1,2,2,0,0,0,0,0,0
344902,Hospitalisation,2021,February,Saturday,15,Angle,Multi-Vehicle,152.9523611,-27.29124844,Samsonvale Rd,,,Warner,Moreton Bay Region,4500,Petrie,Moreton,North Coast,SEQ North,North Coast,Cashmere,The Hills District,Moreton Bay - South,Major Cities,Pine Rivers,Dickson,Locally-controlled,No Roadway Feature,Operating traffic lights,60 km/h,Sealed - Dry,Clear,Daylight,Straight,Level,406,Veh'S Manoeuvring: Leaving Driveway,Vehicle leaving driveway,W,0,1,0,0,1,1,1,0,0,0,0,0
344903,Hospitalisation,2021,February,Sunday,21,Hit parked vehicle,Single Vehicle,153.0121111,-27.26431044,Mcclintock Dr,,,Murrumba Downs,Moreton Bay Region,4503,Mango Hill North Lakes,Moreton,North Coast,SEQ North,North Coast,Murrumba Downs - Griffin,North Lakes,Moreton Bay - South,Major Cities,Murrumba,Dickson,Locally-controlled,No Roadway Feature,No traffic control,60 km/h,Sealed - Dry,Clear,Darkness - Lighted,Curved - view open,Level,803,Off Path-Curve: Off Cway Rt Bend Hit Obj,Off carriageway on curve hit object,S,0,1,0,0,1,2,0,0,0,0,0,0
344904,Medical treatment,2021,February,Monday,9,Rear-end,Multi-Vehicle,152.9929581,-27.23314144,Old Gympie Rd,,,Kallangur,Moreton Bay Region,4503,Petrie,Moreton,North Coast,SEQ North,North Coast,Dakabin - Kallangur,North Lakes,Moreton Bay - South,Major Cities,Murrumba,Longman,Locally-controlled,No Roadway Feature,No traffic control,70 km/h,Sealed - Dry,Clear,Daylight,Straight,Grade,301,Veh'S Same Direction: Rear End,Rear-end,S,0,0,1,0,1,2,0,0,0,0,0,0
344905,Minor injury,2021,February,Tuesday,13,Angle,Multi-Vehicle,153.0024901,-27.24872044,Anzac Ave,Duffield Rd,Redcliffe Road,Kallangur,Moreton Bay Region,4503,Petrie,Moreton,North Coast,SEQ North,North Coast,Dakabin - Kallangur,North Lakes,Moreton Bay - South,Major Cities,Murrumba,Dickson,State-controlled,Intersection - Cross,Operating traffic lights,60 km/h,Sealed - Dry,Clear,Daylight,Straight,Level,202,Veh'S Opposite Approach: Thru-Right,Opposing vehicles turning,E,0,0,0,1,1,2,0,0,0,0,0,0
344906,Hospitalisation,2021,February,Tuesday,17,Rear-end,Multi-Vehicle,152.8633521,-27.20794943,Dayboro Rd,Raaen Rd,Brisbane - Woodford Road,Rush Creek,Moreton Bay Region,4521,Dayboro,Moreton,North Coast,SEQ North,North Coast,Dayboro,The Hills District,Moreton Bay - South,Inner Regional,Pine Rivers,Dickson,State-controlled,Intersection - T-Junction,No traffic control,100 - 110 km/h,Unsealed - Wet,Clear,Daylight,Straight,Grade,303,Veh'S Same Direction: Right Rear,Rear-end,W,0,1,0,1,2,2,0,0,0,0,0,0
344907,Hospitalisation,2021,February,Wednesday,14,Hit object,Single Vehicle,153.0180031,-27.27075944,Bruce Hwy,,Bruce Highway (Brisbane - Gympie),Griffin,Moreton Bay Region,4503,Mango Hill North Lakes,Moreton,North Coast,SEQ North,North Coast,Murrumba Downs - Griffin,North Lakes,Moreton Bay - South,Major Cities,Murrumba,Petrie,State-controlled,No Roadway Feature,No traffic control,100 - 110 km/h,Sealed - Wet,Raining,Daylight,Straight,Level,704,Off Path-Straight:Right Off Cway Hit Obj,Off carriageway on straight hit object,S,0,1,0,0,1,1,0,0,0,0,0,0
344908,Hospitalisation,2021,February,Thursday,4,Hit object,Single Vehicle,153.0070691,-27.22485844,Cowen Tce,Endeavour Blvd,,North Lakes,Moreton Bay Region,4509,Mango Hill North Lakes,Moreton,North Coast,SEQ North,North Coast,North Lakes - Mango Hill,North Lakes,Moreton Bay - South,Major Cities,Bancroft,Petrie,Locally-controlled,Intersection - Roundabout,No traffic control,60 km/h,Sealed - Wet,Clear,Darkness - Lighted,Straight,Level,708,Off Path-Straight: Mounts Traffic Island,Off carriageway on straight hit object,N,0,2,0,0,2,1,0,0,0,0,0,0
344909,Hospitalisation,2021,February,Friday,19,Hit object,Single Vehicle,153.0340141,-27.23023744,Capestone Blvd,,,Mango Hill,Moreton Bay Region,4509,Mango Hill North Lakes,Moreton,North Coast,SEQ North,North Coast,North Lakes - Mango Hill,North Lakes,Moreton Bay - South,Major Cities,Murrumba,Petrie,Locally-controlled,No Roadway Feature,No traffic control,0 - 50 km/h,Sealed - Dry,Clear,Darkness - Lighted,Curved - view open,Level,708,Off Path-Straight: Mounts Traffic Island,Off carriageway on straight hit object,E,0,1,0,0,1,1,0,0,0,0,0,0
344910,Medical treatment,2021,February,Sunday,19,Hit object,Single Vehicle,153.0024691,-27.24884344,Anzac Ave,Duffield Rd,Redcliffe Road,Kallangur,Moreton Bay Region,4503,Petrie,Moreton,North Coast,SEQ North,North Coast,Dakabin - Kallangur,North Lakes,Moreton Bay - South,Major Cities,Murrumba,Dickson,State-controlled,Intersection - Cross,Operating traffic lights,60 km/h,Sealed - Dry,Clear,Darkness - Lighted,Straight,Level,708,Off Path-Straight: Mounts Traffic Island,Off carriageway on straight hit object,S,0,0,1,0,1,1,0,0,0,0,0,0
344911,Hospitalisation,2021,February,Monday,16,Head-on,Multi-Vehicle,153.0308781,-27.23382744,Anzac Ave,Kinsellas Rd E,Redcliffe Road,Mango Hill,Moreton Bay Region,4509,Mango Hill North Lakes,Moreton,North Coast,SEQ North,North Coast,North Lakes - Mango Hill,North Lakes,Moreton Bay - South,Major Cities,Murrumba,Petrie,State-controlled,Intersection - Cross,Operating traffic lights,70 km/h,Sealed - Dry,Clear,Daylight,Straight,Grade,202,Veh'S Opposite Approach: Thru-Right,Opposing vehicles turning,N,0,2,0,0,2,5,0,0,0,0,0,0
344912,Hospitalisation,2021,February,Monday,21,Rear-end,Multi-Vehicle,152.9771751,-27.27918544,Spencer St,,,Lawnton,Moreton Bay Region,4501,Petrie,Moreton,North Coast,SEQ North,North Coast,Lawnton,Strathpine,Moreton Bay - South,Major Cities,Kurwongbah,Dickson,Locally-controlled,No Roadway Feature,No traffic control,0 - 50 km/h,Sealed - Wet,Clear,Darkness - Not lighted,Straight,Level,601,Veh'S On Path: Parked,Hit parked vehicle,S,0,1,0,0,1,2,0,0,0,0,0,0
344913,Medical treatment,2021,February,Monday,15,Rear-end,Multi-Vehicle,153.0062211,-27.22772444,Endeavour Blvd,Diamond Jubilee Way,,North Lakes,Moreton Bay Region,4509,Mango Hill North Lakes,Moreton,North Coast,SEQ North,North Coast,North Lakes - Mango Hill,North Lakes,Moreton Bay - South,Major Cities,Bancroft,Petrie,Locally-controlled,Intersection - T-Junction,Give way sign,70 km/h,Sealed - Dry,Clear,Daylight,Curved - view open,Level,302,Veh'S Same Direction: Left Rear,Rear-end,N,0,0,2,0,2,2,0,0,0,0,0,0
344914,Medical treatment,2021,February,Thursday,7,Rear-end,Multi-Vehicle,152.9891271,-27.31320144,Mott St,South Pine Rd,South Pine Road,Brendale,Moreton Bay Region,4500,Petrie,Moreton,North Coast,SEQ North,North Coast,Strathpine - Brendale,Strathpine,Moreton Bay - South,Major Cities,Pine Rivers,Dickson,State-controlled,Intersection - T-Junction,No traffic control,60 km/h,Sealed - Wet,Raining,Daylight,Straight,Level,301,Veh'S Same Direction: Rear End,Rear-end,N,0,0,1,0,1,3,0,0,0,0,0,0
344915,Hospitalisation,2021,February,Friday,23,Fall from vehicle,Single Vehicle,152.9843831,-27.28755344,Gympie Rd,,Brisbane - Woodford Road,Lawnton,Moreton Bay Region,4501,Petrie,Moreton,North Coast,SEQ North,North Coast,Lawnton,Strathpine,Moreton Bay - South,Major Cities,Pine Rivers,Dickson,State-controlled,No Roadway Feature,No traffic control,60 km/h,Sealed - Dry,Clear,Darkness - Lighted,Straight,Level,705,Off Path-Straight:Out Of Control On Cway,Out of control on straight,S,0,1,0,0,1,0,1,0,0,0,0,0
344916,Hospitalisation,2021,February,Saturday,7,Hit object,Single Vehicle,153.0345231,-27.24942644,Fresh Water Ck Rd,,,Mango Hill,Moreton Bay Region,4509,Mango Hill North Lakes,Moreton,North Coast,SEQ North,North Coast,North Lakes - Mango Hill,North Lakes,Moreton Bay - South,Major Cities,Murrumba,Petrie,Locally-controlled,No Roadway Feature,No traffic control,60 km/h,Sealed - Dry,Clear,Daylight,Curved - view open,Level,803,Off Path-Curve: Off Cway Rt Bend Hit Obj,Off carriageway on curve hit object,W,0,1,0,0,1,1,0,0,0,0,0,0
344917,Hospitalisation,2021,February,Sunday,6,Head-on,Multi-Vehicle,152.9939491,-27.23761644,Old Gympie Rd,,,Kallangur,Moreton Bay Region,4503,Petrie,Moreton,North Coast,SEQ North,North Coast,Dakabin - Kallangur,North Lakes,Moreton Bay - South,Major Cities,Murrumba,Longman,Locally-controlled,No Roadway Feature,No traffic control,70 km/h,Sealed - Dry,Clear,Daylight,Curved - view open,Grade,201,Veh'S Opposite Approach: Head On,Head-on,N,0,3,0,0,3,2,0,0,0,0,0,0
345006,Hospitalisation,2021,January,Tuesday,10,Rear-end,Multi-Vehicle,147.3918424,-19.62051588,Bruce Hwy,,Bruce Highway (Bowen - Ayr),Mcdesme,Burdekin Shire,4807,Ayr,Townsville,Northern,Northern,North Queensland,Ayr,Charters Towers - Ayr - Ingham,Townsville,Outer Regional,Burdekin,Dawson,State-controlled,No Roadway Feature,No traffic control,60 km/h,Sealed - Wet,Raining,Daylight,Straight,Level,301,Veh'S Same Direction: Rear End,Rear-end,S,0,1,0,0,1,1,0,0,0,0,0,1
345007,Hospitalisation,2021,January,Sunday,21,Hit object,Single Vehicle,147.3847307,-19.57942804,Klondyke Rd,,,Brandon,Burdekin Shire,4808,Ayr,Townsville,Northern,Northern,North Queensland,Ayr,Charters Towers - Ayr - Ingham,Townsville,Outer Regional,Burdekin,Dawson,Locally-controlled,No Roadway Feature,No traffic control,100 - 110 km/h,Sealed - Dry,Clear,Darkness - Not lighted,Straight,Level,703,Off Path-Straight: Left Off Cway Hit Obj,Off carriageway on straight hit object,E,0,1,0,0,1,1,0,0,0,0,0,0
345008,Medical treatment,2021,January,Monday,16,Rear-end,Multi-Vehicle,147.3921094,-19.61738888,Bruce Hwy,Gillian Rd,Bruce Highway (Bowen - Ayr),Mcdesme,Burdekin Shire,4807,Ayr,Townsville,Northern,Northern,North Queensland,Ayr,Charters Towers - Ayr - Ingham,Townsville,Outer Regional,Burdekin,Dawson,State-controlled,Intersection - Cross,Stop sign,60 km/h,Sealed - Dry,Clear,Daylight,Straight,Level,303,Veh'S Same Direction: Right Rear,Rear-end,E,0,0,1,0,1,2,0,0,0,0,0,0
345009,Hospitalisation,2021,January,Sunday,8,Overturned,Single Vehicle,147.3594032,-19.56333093,Sexton Hwy,,,Brandon,Burdekin Shire,4808,Ayr,Townsville,Northern,Northern,North Queensland,Burdekin,Charters Towers - Ayr - Ingham,Townsville,Outer Regional,Burdekin,Dawson,Locally-controlled,No Roadway Feature,No traffic control,100 - 110 km/h,Sealed - Dry,Clear,Daylight,Curved - view open,Level,805,Off Path-Curve: Out Of Control On Cway,Out of control on curve,S,0,1,0,0,1,1,0,0,0,0,0,0