Crash_Severity,Crash_Year,Crash_Month,Crash_Day_Of_Week,Crash_Hour,Crash_Nature,Crash_Type,Crash_Longitude,Crash_Latitude,Crash_Street,Crash_Street_Intersecting,State_Road_Name,Loc_Suburb,Loc_Local_Government_Area,Loc_Post_Code,Loc_Police_Division,Loc_Police_District,Loc_Police_Region,Loc_Queensland_Transport_Region,Loc_Main_Roads_Region,Loc_ABS_Statistical_Area_2,Loc_ABS_Statistical_Area_3,Loc_ABS_Statistical_Area_4,Loc_ABS_Remoteness,Loc_State_Electorate,Loc_Federal_Electorate,Crash_Controlling_Authority,Crash_Roadway_Feature,Crash_Traffic_Control,Crash_Speed_Limit,Crash_Road_Surface_Condition,Crash_Atmospheric_Condition,Crash_Lighting_Condition,Crash_Road_Horiz_Align,Crash_Road_Vert_Align,Crash_DCA_Code,Crash_DCA_Description,Crash_DCA_Group_Description,DCA_Key_Approach_Dir,Count_Casualty_Fatality,Count_Casualty_Hospitalised,Count_Casualty_MedicallyTreated,Count_Casualty_MinorInjury,Count_Casualty_Total,Count_Unit_Car,Count_Unit_Motorcycle_Moped,Count_Unit_Truck,Count_Unit_Bus,Count_Unit_Bicycle,Count_Unit_Pedestrian,Count_Unit_Other,
345010,Medical treatment,2021,March,Wednesday,17,Rear-end,Multi-Vehicle,147.3937087,-19.60200648,Bruce Hwy,,Bruce Highway (Bowen - Ayr),Mcdesme,Burdekin Shire,4807,Ayr,Townsville,Northern,Northern,North Queensland,Ayr,Charters Towers - Ayr - Ingham,Townsville,Outer Regional,Burdekin,Dawson,State-controlled,No Roadway Feature,No traffic control,100 - 110 km/h,Sealed - Dry,Clear,Dawn/Dusk,Straight,Level,301,Veh'S Same Direction: Rear End,Rear-end,N,0,0,1,0,1,2,0,0,0,0,0,0
345011,Minor injury,2021,March,Friday,8,Rear-end,Multi-Vehicle,147.3565944,-19.55456288,Drysdale St,Payard St,Bruce Highway (Ayr - Townsville),Brandon,Burdekin Shire,4808,Ayr,Townsville,Northern,Northern,North Queensland,Burdekin,Charters Towers - Ayr - Ingham,Townsville,Outer Regional,Burdekin,Dawson,State-controlled,Intersection - T-Junction,No traffic control,60 km/h,Sealed - Dry,Clear,Daylight,Straight,Level,302,Veh'S Same Direction: Left Rear,Rear-end,W,0,0,0,1,1,2,0,0,0,0,0,0
345012,Hospitalisation,2021,March,Sunday,17,Angle,Multi-Vehicle,147.4085534,-19.57047888,Graham St,Soper St,,Ayr,Burdekin Shire,4807,Ayr,Townsville,Northern,Northern,North Queensland,Ayr,Charters Towers - Ayr - Ingham,Townsville,Outer Regional,Burdekin,Dawson,Locally-controlled,Intersection - Cross,No traffic control,0 - 50 km/h,Sealed - Dry,Clear,Daylight,Straight,Level,101,Veh'S Adjacent Approach: Thru-Thru,Intersection from adjacent approaches,S,0,2,0,1,3,2,0,0,0,0,0,0
345013,Hospitalisation,2021,March,Wednesday,18,Angle,Multi-Vehicle,147.4076324,-19.56968088,Munro St,Soper St,,Ayr,Burdekin Shire,4807,Ayr,Townsville,Northern,Northern,North Queensland,Ayr,Charters Towers - Ayr - Ingham,Townsville,Outer Regional,Burdekin,Dawson,Locally-controlled,Intersection - Roundabout,Give way sign,60 km/h,Sealed - Dry,Clear,Daylight,Straight,Level,202,Veh'S Opposite Approach: Thru-Right,Opposing vehicles turning,E,0,1,0,0,1,1,1,0,0,0,0,0
345014,Hospitalisation,2021,May,Saturday,14,Fall from vehicle,Single Vehicle,147.4851814,-19.45871588,Unnamed Beach Rd,,,Alva,Burdekin Shire,4807,Ayr,Townsville,Northern,Northern,North Queensland,Burdekin,Charters Towers - Ayr - Ingham,Townsville,Outer Regional,Burdekin,Dawson,Locally-controlled,No Roadway Feature,No traffic control,0 - 50 km/h,Unsealed - Wet,Clear,Daylight,Curved - view open,Dip,400,Veh'S Manoeuvring: Other,Other,E,0,1,0,0,1,0,1,0,0,0,0,0
345015,Hospitalisation,2021,May,Saturday,23,Overturned,Single Vehicle,147.3905094,-19.62723888,Bruce Hwy,,Bruce Highway (Bowen - Ayr),Mcdesme,Burdekin Shire,4807,Ayr,Townsville,Northern,Northern,North Queensland,Ayr,Charters Towers - Ayr - Ingham,Townsville,Outer Regional,Burdekin,Dawson,State-controlled,No Roadway Feature,No traffic control,100 - 110 km/h,Sealed - Dry,Clear,Darkness - Not lighted,Curved - view open,Level,805,Off Path-Curve: Out Of Control On Cway,Out of control on curve,S,0,1,0,0,1,1,0,0,0,0,0,0
345016,Hospitalisation,2021,May,Sunday,5,Hit object,Single Vehicle,147.4890544,-19.53212289,Old Wharf Rd,,,Airdmillan,Burdekin Shire,4807,Ayr,Townsville,Northern,Northern,North Queensland,Burdekin,Charters Towers - Ayr - Ingham,Townsville,Outer Regional,Burdekin,Dawson,Locally-controlled,No Roadway Feature,No traffic control,60 km/h,Unsealed - Dry,Clear,Dawn/Dusk,Curved - view open,Grade,803,Off Path-Curve: Off Cway Rt Bend Hit Obj,Off carriageway on curve hit object,S,0,1,0,0,1,1,0,0,0,0,0,0
345017,Hospitalisation,2021,June,Friday,16,Angle,Multi-Vehicle,147.3917974,-19.56785288,Craig St,Mackenzie St,,Ayr,Burdekin Shire,4807,Ayr,Townsville,Northern,Northern,North Queensland,Ayr,Charters Towers - Ayr - Ingham,Townsville,Outer Regional,Burdekin,Dawson,Locally-controlled,Intersection - Cross,Give way sign,60 km/h,Sealed - Dry,Clear,Daylight,Straight,Level,101,Veh'S Adjacent Approach: Thru-Thru,Intersection from adjacent approaches,S,0,1,6,0,7,2,0,0,0,0,0,0
345018,Hospitalisation,2021,June,Tuesday,12,Head-on,Multi-Vehicle,147.3973894,-19.59182188,Bruce Hwy,,Bruce Highway (Bowen - Ayr),Ayr,Burdekin Shire,4807,Ayr,Townsville,Northern,Northern,North Queensland,Ayr,Charters Towers - Ayr - Ingham,Townsville,Outer Regional,Burdekin,Dawson,State-controlled,No Roadway Feature,No traffic control,70 km/h,Sealed - Dry,Clear,Daylight,Straight,Level,201,Veh'S Opposite Approach: Head On,Head-on,N,0,2,0,0,2,1,0,1,0,0,0,0
345019,Hospitalisation,2021,June,Friday,21,Overturned,Single Vehicle,147.3430804,-19.52825209,Colevale Rd,,,Brandon,Burdekin Shire,4808,Ayr,Townsville,Northern,Northern,North Queensland,Burdekin,Charters Towers - Ayr - Ingham,Townsville,Outer Regional,Burdekin,Dawson,Locally-controlled,No Roadway Feature,No traffic control,100 - 110 km/h,Sealed - Dry,Fog,Darkness - Not lighted,Curved - view open,Level,801,Off Path-Curve: Off Cway Right Bend,Off carriageway on curve,N,0,2,0,0,2,1,0,0,0,0,0,0
345020,Medical treatment,2021,June,Monday,12,Head-on,Multi-Vehicle,147.4066834,-19.56891188,Soper St,Wilmington St,,Ayr,Burdekin Shire,4807,Ayr,Townsville,Northern,Northern,North Queensland,Ayr,Charters Towers - Ayr - Ingham,Townsville,Outer Regional,Burdekin,Dawson,Locally-controlled,Intersection - Cross,No traffic control,0 - 50 km/h,Sealed - Dry,Clear,Daylight,Straight,Level,101,Veh'S Adjacent Approach: Thru-Thru,Intersection from adjacent approaches,E,0,0,2,0,2,2,0,0,0,0,0,0
345393,Hospitalisation,2021,January,Tuesday,10,Angle,Multi-Vehicle,148.169994,-23.51412897,Campbell St,Opal St,,Emerald,Central Highlands Region,4720,Emerald,Capricornia,Central,Central,Central Queensland,Emerald,Central Highlands (qld),Central Queensland,Outer Regional,Gregory,Flynn,Locally-controlled,Intersection - Cross,Give way sign,60 km/h,Sealed - Dry,Clear,Daylight,Straight,Level,101,Veh'S Adjacent Approach: Thru-Thru,Intersection from adjacent approaches,S,0,3,0,0,3,2,0,0,0,0,0,0
345394,Hospitalisation,2021,January,Monday,13,Overturned,Single Vehicle,148.2255978,-23.74398749,Glenorina Rd,,Glenorina Road,Gindie,Central Highlands Region,4702,Emerald,Capricornia,Central,Central,Central Queensland,Central Highlands - West,Central Highlands (qld),Central Queensland,Remote,Gregory,Flynn,State-controlled,No Roadway Feature,No traffic control,100 - 110 km/h,Sealed - Dry,Clear,Daylight,Curved - view open,Level,801,Off Path-Curve: Off Cway Right Bend,Off carriageway on curve,E,0,1,0,0,1,0,0,1,0,0,0,0
345395,Medical treatment,2021,February,Wednesday,12,Angle,Multi-Vehicle,148.166227,-23.51015697,Borilla St,Loch St,,Emerald,Central Highlands Region,4720,Emerald,Capricornia,Central,Central,Central Queensland,Emerald,Central Highlands (qld),Central Queensland,Outer Regional,Gregory,Flynn,Locally-controlled,Intersection - Roundabout,Give way sign,0 - 50 km/h,Sealed - Dry,Clear,Daylight,Straight,Level,101,Veh'S Adjacent Approach: Thru-Thru,Intersection from adjacent approaches,N,0,0,1,0,1,2,0,0,0,0,0,0
345396,Hospitalisation,2021,February,Thursday,6,Angle,Multi-Vehicle,148.153941,-23.50312797,Macauley Access Rd,,,Emerald,Central Highlands Region,4720,Emerald,Capricornia,Central,Central,Central Queensland,Emerald,Central Highlands (qld),Central Queensland,Outer Regional,Gregory,Flynn,Locally-controlled,No Roadway Feature,No traffic control,0 - 50 km/h,Sealed - Dry,Clear,Daylight,Straight,Level,506,Veh'S Overtaking: Overtake-Right Turn,Overtaking same direction,N,0,1,0,0,1,2,1,0,0,0,0,0
345397,Hospitalisation,2021,March,Tuesday,5,Angle,Multi-Vehicle,148.159849,-23.52497097,Anakie St,Egerton St,,Emerald,Central Highlands Region,4720,Emerald,Capricornia,Central,Central,Central Queensland,Emerald,Central Highlands (qld),Central Queensland,Outer Regional,Gregory,Flynn,Locally-controlled,Intersection - Roundabout,Give way sign,0 - 50 km/h,Sealed - Dry,Clear,Dawn/Dusk,Straight,Level,202,Veh'S Opposite Approach: Thru-Right,Opposing vehicles turning,E,0,2,0,0,2,2,0,0,0,0,0,0
345398,Hospitalisation,2021,March,Saturday,9,Hit object,Single Vehicle,148.599959,-23.59644154,Capricorn Hwy,,Capricorn Highway (Duaringa - Emerald),Comet,Central Highlands Region,4702,Blackwater,Capricornia,Central,Central,Central Queensland,Central Highlands - West,Central Highlands (qld),Central Queensland,Outer Regional,Gregory,Flynn,State-controlled,No Roadway Feature,No traffic control,100 - 110 km/h,Sealed - Dry,Clear,Daylight,Straight,Level,703,Off Path-Straight: Left Off Cway Hit Obj,Off carriageway on straight hit object,W,0,1,0,0,1,1,0,0,0,0,0,0
345399,Fatal,2021,March,Saturday,7,Hit object,Single Vehicle,148.079984,-23.61332497,Selma Rd,,Selma Road,The Gemfields,Central Highlands Region,4702,Emerald,Capricornia,Central,Central,Central Queensland,Central Highlands - West,Central Highlands (qld),Central Queensland,Remote,Gregory,Flynn,State-controlled,No Roadway Feature,No traffic control,80 - 90 km/h,Sealed - Dry,Clear,Daylight,Straight,Dip,703,Off Path-Straight: Left Off Cway Hit Obj,Off carriageway on straight hit object,S,1,0,0,0,1,1,0,0,0,0,0,0
345400,Hospitalisation,2021,March,Monday,13,Hit object,Single Vehicle,148.085,-23.59072097,Selma Rd,,Selma Road,The Gemfields,Central Highlands Region,4702,Emerald,Capricornia,Central,Central,Central Queensland,Central Highlands - West,Central Highlands (qld),Central Queensland,Remote,Gregory,Flynn,State-controlled,No Roadway Feature,No traffic control,100 - 110 km/h,Sealed - Wet,Raining,Daylight,Curved - view open,Dip,803,Off Path-Curve: Off Cway Rt Bend Hit Obj,Off carriageway on curve hit object,S,0,1,0,0,1,1,0,0,0,0,0,0
345401,Medical treatment,2021,April,Monday,18,Rear-end,Multi-Vehicle,148.173214,-23.53520197,Capricorn Hwy,Codenwarra Rd,Capricorn Highway (Duaringa - Emerald),Emerald,Central Highlands Region,4720,Emerald,Capricornia,Central,Central,Central Queensland,Emerald,Central Highlands (qld),Central Queensland,Outer Regional,Gregory,Flynn,State-controlled,Intersection - T-Junction,Operating traffic lights,60 km/h,Sealed - Wet,Clear,Darkness - Lighted,Straight,Level,301,Veh'S Same Direction: Rear End,Rear-end,W,0,0,2,0,2,2,0,0,0,0,0,0
345402,Hospitalisation,2021,April,Friday,15,Angle,Multi-Vehicle,148.163728,-23.52670597,Egerton St,Opal St,,Emerald,Central Highlands Region,4720,Emerald,Capricornia,Central,Central,Central Queensland,Emerald,Central Highlands (qld),Central Queensland,Outer Regional,Gregory,Flynn,Locally-controlled,Intersection - Roundabout,Give way sign,0 - 50 km/h,Sealed - Dry,Clear,Darkness - Lighted,Straight,Level,104,Veh'S Adjacent Approach: Thru-Right,Intersection from adjacent approaches,W,0,2,0,0,2,2,0,0,0,0,0,0
345403,Hospitalisation,2021,April,Thursday,12,Overturned,Single Vehicle,148.5917859,-23.59790923,Capricorn Hwy,,Capricorn Highway (Duaringa - Emerald),Comet,Central Highlands Region,4702,Blackwater,Capricornia,Central,Central,Central Queensland,Central Highlands - West,Central Highlands (qld),Central Queensland,Outer Regional,Gregory,Flynn,State-controlled,No Roadway Feature,No traffic control,100 - 110 km/h,Sealed - Dry,Clear,Daylight,Straight,Level,705,Off Path-Straight:Out Of Control On Cway,Out of control on straight,W,0,1,0,0,1,1,0,0,0,0,0,0
345404,Hospitalisation,2021,May,Monday,20,Hit object,Single Vehicle,148.5690549,-23.60816401,Comet River Rd,,Comet River Road,Comet,Central Highlands Region,4702,Blackwater,Capricornia,Central,Central,Central Queensland,Central Highlands - West,Central Highlands (qld),Central Queensland,Outer Regional,Gregory,Flynn,State-controlled,No Roadway Feature,No traffic control,100 - 110 km/h,Sealed - Dry,Clear,Darkness - Not lighted,Straight,Level,704,Off Path-Straight:Right Off Cway Hit Obj,Off carriageway on straight hit object,S,0,2,0,0,2,1,0,0,0,0,0,0
345405,Hospitalisation,2021,May,Wednesday,19,Angle,Multi-Vehicle,148.162941,-23.52811797,Clermont St,Opal St,Capricorn Highway (Duaringa - Emerald),Emerald,Central Highlands Region,4720,Emerald,Capricornia,Central,Central,Central Queensland,Emerald,Central Highlands (qld),Central Queensland,Outer Regional,Gregory,Flynn,State-controlled,Intersection - Cross,Give way sign,0 - 50 km/h,Sealed - Dry,Clear,Darkness - Lighted,Straight,Level,202,Veh'S Opposite Approach: Thru-Right,Opposing vehicles turning,E,0,1,0,0,1,2,0,0,0,0,0,0
345406,Fatal,2021,May,Friday,16,Overturned,Single Vehicle,148.144478,-23.49386597,Baker St,,,Emerald,Central Highlands Region,4720,Emerald,Capricornia,Central,Central,Central Queensland,Central Highlands - West,Central Highlands (qld),Central Queensland,Outer Regional,Gregory,Flynn,Locally-controlled,No Roadway Feature,No traffic control,100 - 110 km/h,Unsealed - Dry,Clear,Dawn/Dusk,Straight,Level,701,Off Path-Straight: Left Off Cway,Off carriageway on straight,,1,0,1,2,4,1,0,0,0,0,0,0
345407,Hospitalisation,2021,May,Saturday,11,Angle,Multi-Vehicle,148.166823,-23.50605197,Borilla St,Park Ave,,Emerald,Central Highlands Region,4720,Emerald,Capricornia,Central,Central,Central Queensland,Emerald,Central Highlands (qld),Central Queensland,Outer Regional,Gregory,Flynn,Locally-controlled,Intersection - Cross,Give way sign,0 - 50 km/h,Sealed - Dry,Clear,Daylight,Straight,Level,101,Veh'S Adjacent Approach: Thru-Thru,Intersection from adjacent approaches,E,0,1,0,0,1,2,0,0,0,0,0,0
345408,Hospitalisation,2021,June,Wednesday,20,Hit animal,Other,148.149,-23.47395697,Emerald Downs Rd,Gregory Hwy,Gregory Highway (Emerald - Clermont),Emerald,Central Highlands Region,4720,Emerald,Capricornia,Central,Central,Central Queensland,Emerald,Central Highlands (qld),Central Queensland,Outer Regional,Gregory,Flynn,State-controlled,Intersection - T-Junction,No traffic control,100 - 110 km/h,Sealed - Dry,Clear,Darkness - Not lighted,Straight,Crest,609,Pass & Misc: Hit Animal,Hit animal,N,0,1,0,0,1,1,0,0,0,0,0,0
345545,Hospitalisation,2021,January,Friday,11,Fall from vehicle,Single Vehicle,153.0486292,-26.41261144,Eenie Ck Rd,Hofmann Dr,,Noosaville,Noosa Shire,4566,Noosa Heads,Sunshine Coast,North Coast,SEQ North,North Coast,Noosaville,Noosa,Sunshine Coast,Major Cities,Noosa,Wide Bay,Locally-controlled,Intersection - Roundabout,Give way sign,60 km/h,Sealed - Wet,Raining,Daylight,Curved - view open,Level,805,Off Path-Curve: Out Of Control On Cway,Out of control on curve,S,0,1,0,0,1,0,1,0,0,0,0,0
345546,Medical treatment,2021,January,Wednesday,14,Angle,Multi-Vehicle,153.0448852,-26.39724844,Ernest St,Hilton Tce,,Tewantin,Noosa Shire,4565,Noosa Heads,Sunshine Coast,North Coast,SEQ North,North Coast,Noosaville,Noosa,Sunshine Coast,Major Cities,Noosa,Wide Bay,Locally-controlled,Intersection - Roundabout,Give way sign,0 - 50 km/h,Sealed - Dry,Clear,Daylight,Straight,Level,202,Veh'S Opposite Approach: Thru-Right,Opposing vehicles turning,E,0,0,1,0,1,1,1,0,0,0,0,0
345547,Medical treatment,2021,January,Monday,10,Rear-end,Multi-Vehicle,153.0186522,-26.40861444,Beckmans Rd,St Andrews Dr,,Tewantin,Noosa Shire,4565,Noosa Heads,Sunshine Coast,North Coast,SEQ North,North Coast,Tewantin,Noosa,Sunshine Coast,Major Cities,Noosa,Wide Bay,Locally-controlled,Intersection - T-Junction,Give way sign,0 - 50 km/h,Sealed - Dry,Clear,Daylight,Straight,Level,302,Veh'S Same Direction: Left Rear,Rear-end,S,0,0,1,0,1,1,1,0,0,0,0,0
345548,Minor injury,2021,January,Monday,12,Rear-end,Multi-Vehicle,153.0348822,-26.41136744,Beckmans Rd,Swanbourne Wy,,Noosaville,Noosa Shire,4566,Noosa Heads,Sunshine Coast,North Coast,SEQ North,North Coast,Noosaville,Noosa,Sunshine Coast,Major Cities,Noosa,Wide Bay,Locally-controlled,Intersection - Roundabout,Give way sign,60 km/h,Sealed - Dry,Clear,Daylight,Straight,Level,301,Veh'S Same Direction: Rear End,Rear-end,E,0,0,0,1,1,2,0,0,0,0,0,0
345549,Medical treatment,2021,January,Monday,14,Angle,Multi-Vehicle,153.0317562,-26.38209644,George St,Goodwin St,,Tewantin,Noosa Shire,4565,Noosa Heads,Sunshine Coast,North Coast,SEQ North,North Coast,Tewantin,Noosa,Sunshine Coast,Major Cities,Noosa,Wide Bay,Locally-controlled,Intersection - Cross,Give way sign,0 - 50 km/h,Sealed - Dry,Clear,Daylight,Straight,Level,101,Veh'S Adjacent Approach: Thru-Thru,Intersection from adjacent approaches,S,0,0,1,0,1,2,0,0,0,0,0,0
345550,Hospitalisation,2021,January,Tuesday,12,Hit object,Single Vehicle,153.0190139,-26.40867364,Beckmans Rd,,,Tewantin,Noosa Shire,4565,Noosa Heads,Sunshine Coast,North Coast,SEQ North,North Coast,Tewantin,Noosa,Sunshine Coast,Major Cities,Noosa,Wide Bay,Locally-controlled,No Roadway Feature,No traffic control,80 - 90 km/h,Sealed - Dry,Clear,Daylight,Straight,Level,703,Off Path-Straight: Left Off Cway Hit Obj,Off carriageway on straight hit object,E,0,1,0,0,1,1,0,0,0,0,0,0
345551,Hospitalisation,2021,January,Monday,13,Angle,Multi-Vehicle,153.0424142,-26.41288444,Rene St,,,Noosaville,Noosa Shire,4566,Noosa Heads,Sunshine Coast,North Coast,SEQ North,North Coast,Noosaville,Noosa,Sunshine Coast,Major Cities,Noosa,Wide Bay,Locally-controlled,No Roadway Feature,No traffic control,0 - 50 km/h,Sealed - Dry,Clear,Daylight,Straight,Grade,308,Veh'S Same Direction: Right Turn S/Swipe,Parallel lanes turning,S,0,1,0,0,1,1,1,0,0,0,0,0
345552,Hospitalisation,2021,February,Tuesday,12,Angle,Multi-Vehicle,153.0839552,-26.41173944,Eenie Ck Rd,,,Noosa Heads,Noosa Shire,4567,Noosa Heads,Sunshine Coast,North Coast,SEQ North,North Coast,Noosa Heads,Noosa,Sunshine Coast,Major Cities,Noosa,Wide Bay,Locally-controlled,No Roadway Feature,No traffic control,80 - 90 km/h,Sealed - Wet,Clear,Daylight,Curved - view open,Level,408,Veh'S Manoeuvring: Entering From Footway,Vehicle leaving driveway,W,0,1,0,0,1,1,0,1,0,0,0,0
345553,Hospitalisation,2021,February,Tuesday,16,Fall from vehicle,Single Vehicle,153.0122482,-26.35964443,Cassia Av,Sunset Way,,Cooroibah,Noosa Shire,4565,Noosa Heads,Sunshine Coast,North Coast,SEQ North,North Coast,Noosa Hinterland,Noosa Hinterland,Sunshine Coast,Inner Regional,Noosa,Wide Bay,Locally-controlled,Intersection - T-Junction,No traffic control,0 - 50 km/h,Sealed - Dry,Clear,Daylight,Straight,Level,705,Off Path-Straight:Out Of Control On Cway,Out of control on straight,E,0,1,0,0,1,0,1,0,0,0,0,0
345554,Medical treatment,2021,February,Tuesday,19,Hit object,Single Vehicle,153.0218292,-26.39922844,Foedera Cres,Furness Dr,,Tewantin,Noosa Shire,4565,Noosa Heads,Sunshine Coast,North Coast,SEQ North,North Coast,Tewantin,Noosa,Sunshine Coast,Major Cities,Noosa,Wide Bay,Locally-controlled,Intersection - T-Junction,No traffic control,0 - 50 km/h,Sealed - Wet,Raining,Darkness - Lighted,Straight,Grade,703,Off Path-Straight: Left Off Cway Hit Obj,Off carriageway on straight hit object,E,0,0,3,0,3,1,0,0,0,0,0,0
345555,Hospitalisation,2021,February,Wednesday,22,Hit object,Single Vehicle,153.0998902,-26.39993144,David Low Way,,,Noosa Heads,Noosa Shire,4567,Noosa Heads,Sunshine Coast,North Coast,SEQ North,North Coast,Noosa Heads,Noosa,Sunshine Coast,Major Cities,Noosa,Wide Bay,Locally-controlled,No Roadway Feature,No traffic control,60 km/h,Sealed - Dry,Clear,Darkness - Lighted,Straight,Level,708,Off Path-Straight: Mounts Traffic Island,Off carriageway on straight hit object,E,0,1,0,0,1,0,1,0,0,0,0,0
345556,Medical treatment,2021,February,Saturday,20,Hit object,Single Vehicle,153.0686595,-26.40888157,Reef St,,,Noosaville,Noosa Shire,4566,Noosa Heads,Sunshine Coast,North Coast,SEQ North,North Coast,Noosaville,Noosa,Sunshine Coast,Major Cities,Noosa,Wide Bay,Locally-controlled,No Roadway Feature,No traffic control,60 km/h,Sealed - Dry,Clear,Darkness - Lighted,Curved - view open,Level,803,Off Path-Curve: Off Cway Rt Bend Hit Obj,Off carriageway on curve hit object,N,0,0,1,0,1,1,0,0,0,0,0,0
345557,Fatal,2021,February,Sunday,19,Hit object,Single Vehicle,153.0974992,-26.40621044,Eenie Ck Rd,,,Sunshine Beach,Noosa Shire,4567,Noosa Heads,Sunshine Coast,North Coast,SEQ North,North Coast,Sunshine Beach,Noosa,Sunshine Coast,Major Cities,Noosa,Wide Bay,Locally-controlled,No Roadway Feature,No traffic control,60 km/h,Sealed - Dry,Clear,Darkness - Not lighted,Curved - view obscured,Grade,804,Off Path-Curve: Off Cway Lt Bend Hit Obj,Off carriageway on curve hit object,,1,0,0,0,1,0,1,0,0,0,0,0
345558,Hospitalisation,2021,February,Saturday,15,Sideswipe,Multi-Vehicle,153.0691062,-26.40954944,Eenie Ck Rd,Reef St,,Noosaville,Noosa Shire,4566,Noosa Heads,Sunshine Coast,North Coast,SEQ North,North Coast,Noosaville,Noosa,Sunshine Coast,Major Cities,Noosa,Wide Bay,Locally-controlled,Intersection - Roundabout,No traffic control,60 km/h,Sealed - Dry,Clear,Daylight,Curved - view obscured,Level,305,Veh'S Same Direction: Lane Side Swipe,Lane changes,E,0,1,0,0,1,1,1,0,0,0,0,0
345559,Minor injury,2021,February,Tuesday,6,Angle,Multi-Vehicle,153.0563192,-26.39808944,Gympie Tce,,,Noosaville,Noosa Shire,4566,Noosa Heads,Sunshine Coast,North Coast,SEQ North,North Coast,Noosaville,Noosa,Sunshine Coast,Major Cities,Noosa,Wide Bay,Locally-controlled,No Roadway Feature,No traffic control,0 - 50 km/h,Sealed - Dry,Clear,Daylight,Curved - view open,Level,400,Veh'S Manoeuvring: Other,Other,,0,0,0,1,1,1,0,0,0,1,0,0
345560,Minor injury,2021,February,Sunday,9,Hit object,Single Vehicle,153.0543818,-26.35486464,Beach Rd,,,Noosa North Shore,Noosa Shire,4565,Noosa Heads,Sunshine Coast,North Coast,SEQ North,North Coast,Noosa Hinterland,Noosa Hinterland,Sunshine Coast,Inner Regional,Noosa,Wide Bay,Locally-controlled,No Roadway Feature,No traffic control,60 km/h,Sealed - Dry,Clear,Daylight,Straight,Level,703,Off Path-Straight: Left Off Cway Hit Obj,Off carriageway on straight hit object,E,0,0,0,2,2,1,0,0,0,0,0,0
345561,Medical treatment,2021,March,Monday,11,Angle,Multi-Vehicle,153.0719372,-26.40355544,Lake Weyba Dr,Weyba Rd,,Noosaville,Noosa Shire,4566,Noosa Heads,Sunshine Coast,North Coast,SEQ North,North Coast,Noosaville,Noosa,Sunshine Coast,Major Cities,Noosa,Wide Bay,Locally-controlled,Intersection - Roundabout,Give way sign,60 km/h,Sealed - Dry,Clear,Daylight,Straight,Level,102,Veh'S Adjacent Approach: Right-Thru,Intersection from adjacent approaches,N,0,0,1,0,1,1,1,0,0,0,0,0
345562,Hospitalisation,2021,March,Saturday,12,Hit object,Single Vehicle,153.0464112,-26.41823144,Rene St,,,Noosaville,Noosa Shire,4566,Noosa Heads,Sunshine Coast,North Coast,SEQ North,North Coast,Noosaville,Noosa,Sunshine Coast,Major Cities,Noosa,Wide Bay,Locally-controlled,No Roadway Feature,No traffic control,0 - 50 km/h,Sealed - Dry,Clear,Daylight,Curved - view obscured,Level,803,Off Path-Curve: Off Cway Rt Bend Hit Obj,Off carriageway on curve hit object,S,0,1,0,0,1,0,1,0,0,0,0,0
345563,Hospitalisation,2021,March,Saturday,19,Hit object,Single Vehicle,153.0636442,-26.35485444,Beach Rd,,,Noosa North Shore,Noosa Shire,4565,Noosa Heads,Sunshine Coast,North Coast,SEQ North,North Coast,Noosa Hinterland,Noosa Hinterland,Sunshine Coast,Inner Regional,Noosa,Wide Bay,Locally-controlled,Intersection - T-Junction,No traffic control,60 km/h,Sealed - Dry,Clear,Darkness - Not lighted,Curved - view open,Level,803,Off Path-Curve: Off Cway Rt Bend Hit Obj,Off carriageway on curve hit object,S,0,1,1,0,2,1,0,0,0,0,0,0
345564,Medical treatment,2021,April,Wednesday,14,Fall from vehicle,Single Vehicle,153.0284542,-26.38791444,Cullinane St,Mckinnon Dr,,Tewantin,Noosa Shire,4565,Noosa Heads,Sunshine Coast,North Coast,SEQ North,North Coast,Tewantin,Noosa,Sunshine Coast,Major Cities,Noosa,Wide Bay,Locally-controlled,Intersection - Roundabout,Give way sign,0 - 50 km/h,Sealed - Dry,Clear,Daylight,Straight,Level,705,Off Path-Straight:Out Of Control On Cway,Out of control on straight,N,0,0,1,0,1,1,1,0,0,0,0,0
345565,Minor injury,2021,April,Friday,15,Sideswipe,Multi-Vehicle,153.0457312,-26.39736844,Hilton Tce,,,Tewantin,Noosa Shire,4565,Noosa Heads,Sunshine Coast,North Coast,SEQ North,North Coast,Noosaville,Noosa,Sunshine Coast,Major Cities,Noosa,Wide Bay,Locally-controlled,No Roadway Feature,No traffic control,0 - 50 km/h,Sealed - Dry,Clear,Daylight,Straight,Level,408,Veh'S Manoeuvring: Entering From Footway,Vehicle leaving driveway,E,0,0,0,2,2,2,0,0,0,0,0,0
345566,Hospitalisation,2021,April,Saturday,2,Hit object,Single Vehicle,153.0425722,-26.41826344,Rene St,,,Noosaville,Noosa Shire,4566,Noosa Heads,Sunshine Coast,North Coast,SEQ North,North Coast,Noosaville,Noosa,Sunshine Coast,Major Cities,Noosa,Wide Bay,Locally-controlled,No Roadway Feature,No traffic control,0 - 50 km/h,Sealed - Dry,Clear,Darkness - Lighted,Curved - view open,Grade,804,Off Path-Curve: Off Cway Lt Bend Hit Obj,Off carriageway on curve hit object,S,0,1,0,0,1,1,0,0,0,0,0,0