Crash_Severity,Crash_Year,Crash_Month,Crash_Day_Of_Week,Crash_Hour,Crash_Nature,Crash_Type,Crash_Longitude,Crash_Latitude,Crash_Street,Crash_Street_Intersecting,State_Road_Name,Loc_Suburb,Loc_Local_Government_Area,Loc_Post_Code,Loc_Police_Division,Loc_Police_District,Loc_Police_Region,Loc_Queensland_Transport_Region,Loc_Main_Roads_Region,Loc_ABS_Statistical_Area_2,Loc_ABS_Statistical_Area_3,Loc_ABS_Statistical_Area_4,Loc_ABS_Remoteness,Loc_State_Electorate,Loc_Federal_Electorate,Crash_Controlling_Authority,Crash_Roadway_Feature,Crash_Traffic_Control,Crash_Speed_Limit,Crash_Road_Surface_Condition,Crash_Atmospheric_Condition,Crash_Lighting_Condition,Crash_Road_Horiz_Align,Crash_Road_Vert_Align,Crash_DCA_Code,Crash_DCA_Description,Crash_DCA_Group_Description,DCA_Key_Approach_Dir,Count_Casualty_Fatality,Count_Casualty_Hospitalised,Count_Casualty_MedicallyTreated,Count_Casualty_MinorInjury,Count_Casualty_Total,Count_Unit_Car,Count_Unit_Motorcycle_Moped,Count_Unit_Truck,Count_Unit_Bus,Count_Unit_Bicycle,Count_Unit_Pedestrian,Count_Unit_Other,
346552,Minor injury,2021,February,Saturday,14,Rear-end,Multi-Vehicle,153.3742679,-27.93143648,Brisbane Rd,Pine Ridge Rd,Gold Coast Highway (Helensvale - Southport),Arundel,Gold Coast City,4214,Runaway Bay,Gold Coast,South Eastern,SEQ South,South Coast,Arundel,Gold Coast - North,Gold Coast,Major Cities,Bonney,Fadden,State-controlled,Intersection - T-Junction,No traffic control,60 km/h,Sealed - Dry,Clear,Daylight,Straight,Level,302,Veh'S Same Direction: Left Rear,Rear-end,N,0,0,0,1,1,2,0,0,0,0,0,0
346553,Minor injury,2021,February,Monday,15,Rear-end,Multi-Vehicle,153.4138299,-27.96304749,Marine Pde,Nind St,,Southport,Gold Coast City,4215,Southport,Gold Coast,South Eastern,SEQ South,South Coast,Southport - North,Southport,Gold Coast,Major Cities,Southport,Moncrieff,Locally-controlled,Intersection - T-Junction,Operating traffic lights,60 km/h,Sealed - Dry,Clear,Daylight,Straight,Level,301,Veh'S Same Direction: Rear End,Rear-end,N,0,0,0,1,1,2,0,0,0,0,0,0
346554,Medical treatment,2021,February,Tuesday,12,Rear-end,Multi-Vehicle,153.4139319,-27.96298649,Marine Pde,Nind St,Heart Of The City 1,Southport,Gold Coast City,4215,Southport,Gold Coast,South Eastern,SEQ South,South Coast,Southport - North,Southport,Gold Coast,Major Cities,Southport,Moncrieff,Locally-controlled,Intersection - T-Junction,Operating traffic lights,60 km/h,Sealed - Dry,Clear,Daylight,Straight,Level,301,Veh'S Same Direction: Rear End,Rear-end,E,0,0,1,0,1,2,0,0,0,0,0,0
346555,Medical treatment,2021,February,Wednesday,17,Rear-end,Multi-Vehicle,153.3539019,-27.94555248,Napper Rd,Wardley Dr,,Arundel,Gold Coast City,4214,Southport,Gold Coast,South Eastern,SEQ South,South Coast,Arundel,Gold Coast - North,Gold Coast,Major Cities,Bonney,Fadden,Locally-controlled,Intersection - Roundabout,Give way sign,60 km/h,Sealed - Wet,Raining,Dawn/Dusk,Straight,Grade,301,Veh'S Same Direction: Rear End,Rear-end,W,0,0,1,0,1,2,0,0,0,0,0,0
346556,Minor injury,2021,February,Thursday,17,Rear-end,Multi-Vehicle,153.3464719,-27.95174948,Napper Rd,Smith St,Smith Street Connection,Arundel,Gold Coast City,4214,Southport,Gold Coast,South Eastern,SEQ South,South Coast,Parkwood,Southport,Gold Coast,Major Cities,Bonney,Fadden,State-controlled,Intersection - Cross,Operating traffic lights,60 km/h,Sealed - Dry,Clear,Daylight,Straight,Grade,301,Veh'S Same Direction: Rear End,Rear-end,W,0,0,0,1,1,2,0,0,0,0,0,0
346557,Medical treatment,2021,February,Thursday,16,Rear-end,Multi-Vehicle,153.3925519,-27.98164049,Wardoo St,,,Southport,Gold Coast City,4215,Southport,Gold Coast,South Eastern,SEQ South,South Coast,Southport - South,Southport,Gold Coast,Major Cities,Southport,Moncrieff,Locally-controlled,Intersection - Cross,Operating traffic lights,60 km/h,Sealed - Dry,Clear,Daylight,Straight,Level,301,Veh'S Same Direction: Rear End,Rear-end,N,0,0,1,0,1,2,0,0,0,0,0,0
346558,Medical treatment,2021,February,Friday,8,Angle,Multi-Vehicle,153.3900299,-27.94669349,Central St,,,Labrador,Gold Coast City,4215,Southport,Gold Coast,South Eastern,SEQ South,South Coast,Labrador,Gold Coast - North,Gold Coast,Major Cities,Bonney,Fadden,Locally-controlled,No Roadway Feature,No traffic control,60 km/h,Sealed - Dry,Clear,Daylight,Straight,Dip,406,Veh'S Manoeuvring: Leaving Driveway,Vehicle leaving driveway,W,0,0,1,0,1,2,0,0,0,0,0,0
346559,Medical treatment,2021,February,Friday,8,Angle,Multi-Vehicle,153.3804699,-27.96043748,Hospital Blvd,Parklands Dr,Gold Coast Light Rail (Parklands - Broadbeach),Southport,Gold Coast City,4215,Southport,Gold Coast,South Eastern,SEQ South,South Coast,Southport - North,Southport,Gold Coast,Major Cities,Bonney,Moncrieff,State-controlled,Intersection - Cross,Operating traffic lights,60 km/h,Sealed - Dry,Clear,Daylight,Straight,Level,305,Veh'S Same Direction: Lane Side Swipe,Lane changes,E,0,0,1,0,1,2,0,0,0,0,0,0
346560,Medical treatment,2021,February,Sunday,23,Angle,Multi-Vehicle,153.3951389,-27.96181949,Kumbari Ave,Smith St,Smith Street Connection,Southport,Gold Coast City,4215,Southport,Gold Coast,South Eastern,SEQ South,South Coast,Southport - North,Southport,Gold Coast,Major Cities,Bonney,Moncrieff,State-controlled,Intersection - Cross,Operating traffic lights,60 km/h,Sealed - Dry,Clear,Darkness - Lighted,Straight,Dip,101,Veh'S Adjacent Approach: Thru-Thru,Intersection from adjacent approaches,N,0,0,2,1,3,2,0,0,0,0,0,0
346561,Medical treatment,2021,March,Monday,15,Angle,Multi-Vehicle,153.4006909,-27.94437649,Whiting St,Wilson St,,Labrador,Gold Coast City,4215,Southport,Gold Coast,South Eastern,SEQ South,South Coast,Labrador,Gold Coast - North,Gold Coast,Major Cities,Bonney,Fadden,Locally-controlled,Intersection - T-Junction,No traffic control,0 - 50 km/h,Sealed - Dry,Clear,Daylight,Straight,Level,500,Veh'S Overtaking: Other,Other,,0,0,1,0,1,2,1,0,0,0,0,0
346562,Medical treatment,2021,March,Tuesday,19,Rear-end,Multi-Vehicle,153.4079869,-27.96246649,High St,North St,Smith Street Connection,Southport,Gold Coast City,4215,Southport,Gold Coast,South Eastern,SEQ South,South Coast,Southport - North,Southport,Gold Coast,Major Cities,Bonney,Moncrieff,State-controlled,Intersection - Cross,Operating traffic lights,60 km/h,Sealed - Dry,Clear,Darkness - Lighted,Straight,Level,301,Veh'S Same Direction: Rear End,Rear-end,S,0,0,1,0,1,2,0,0,0,0,0,0
346563,Medical treatment,2021,March,Wednesday,12,Rear-end,Multi-Vehicle,153.3786179,-27.95970548,Olsen Av,Parklands Dr,Labrador - Carrara Road,Southport,Gold Coast City,4222,Southport,Gold Coast,South Eastern,SEQ South,South Coast,Southport - North,Southport,Gold Coast,Major Cities,Bonney,Moncrieff,State-controlled,Intersection - Cross,Operating traffic lights,60 km/h,Sealed - Dry,Clear,Daylight,Straight,Grade,303,Veh'S Same Direction: Right Rear,Rear-end,N,0,0,2,1,3,3,0,0,0,0,0,0
346564,Hospitalisation,2021,March,Thursday,3,Overturned,Single Vehicle,153.3887339,-27.98722249,Cotlew St,Parasol St,,Ashmore,Gold Coast City,4214,Southport,Gold Coast,South Eastern,SEQ South,South Coast,Ashmore,Southport,Gold Coast,Major Cities,Southport,Moncrieff,Locally-controlled,Intersection - T-Junction,No traffic control,60 km/h,Sealed - Dry,Clear,Daylight,Straight,Crest,202,Veh'S Opposite Approach: Thru-Right,Opposing vehicles turning,E,0,2,0,0,2,2,0,0,0,0,0,0
346565,Minor injury,2021,March,Thursday,17,Rear-end,Multi-Vehicle,153.4109109,-27.97264249,Ferry Rd,Queen St,Southport - Burleigh Road,Southport,Gold Coast City,4215,Southport,Gold Coast,South Eastern,SEQ South,South Coast,Southport - South,Southport,Gold Coast,Major Cities,Southport,Moncrieff,State-controlled,Intersection - T-Junction,Give way sign,60 km/h,Sealed - Dry,Clear,Daylight,Straight,Grade,302,Veh'S Same Direction: Left Rear,Rear-end,S,0,0,0,1,1,2,0,0,0,0,0,0
346566,Medical treatment,2021,March,Monday,13,Rear-end,Multi-Vehicle,153.3617559,-27.92720348,Arundel Dr,Gold Coast Hwy,Gold Coast Highway (Helensvale - Southport),Arundel,Gold Coast City,4214,Runaway Bay,Gold Coast,South Eastern,SEQ South,South Coast,Arundel,Gold Coast - North,Gold Coast,Major Cities,Bonney,Fadden,State-controlled,Intersection - Cross,Operating traffic lights,80 - 90 km/h,Sealed - Dry,Clear,Daylight,Straight,Level,301,Veh'S Same Direction: Rear End,Rear-end,W,0,0,1,0,1,1,0,1,0,0,0,0
346567,Medical treatment,2021,March,Wednesday,13,Rear-end,Multi-Vehicle,153.4178429,-27.96874249,Gold Coast Hwy,Marine Pde,,Southport,Gold Coast City,4215,Southport,Gold Coast,South Eastern,SEQ South,South Coast,Southport - North,Southport,Gold Coast,Major Cities,Southport,Moncrieff,Locally-controlled,Intersection - T-Junction,Operating traffic lights,60 km/h,Sealed - Dry,Clear,Daylight,Straight,Level,301,Veh'S Same Direction: Rear End,Rear-end,S,0,0,1,0,1,2,0,0,0,0,0,0
346568,Medical treatment,2021,March,Friday,17,Angle,Multi-Vehicle,153.4006969,-27.96274749,Beale St,Smith St,Smith Street Connection,Southport,Gold Coast City,4215,Southport,Gold Coast,South Eastern,SEQ South,South Coast,Southport - North,Southport,Gold Coast,Major Cities,Southport,Moncrieff,State-controlled,Intersection - Cross,Operating traffic lights,60 km/h,Sealed - Dry,Clear,Daylight,Straight,Crest,101,Veh'S Adjacent Approach: Thru-Thru,Intersection from adjacent approaches,S,0,0,1,0,1,2,0,0,0,0,0,0
346569,Hospitalisation,2021,March,Saturday,13,Angle,Multi-Vehicle,153.4022399,-27.93588849,Brisbane Rd,,Gold Coast Highway (Helensvale - Southport),Labrador,Gold Coast City,4215,Runaway Bay,Gold Coast,South Eastern,SEQ South,South Coast,Labrador,Gold Coast - North,Gold Coast,Major Cities,Bonney,Fadden,State-controlled,No Roadway Feature,No traffic control,60 km/h,Sealed - Dry,Clear,Daylight,Straight,Level,400,Veh'S Manoeuvring: Other,Other,N,0,1,0,0,1,1,0,0,0,1,0,0
346570,Medical treatment,2021,March,Tuesday,13,Rear-end,Multi-Vehicle,153.4091509,-27.96672349,High St,,Southport - Burleigh Road,Southport,Gold Coast City,4215,Southport,Gold Coast,South Eastern,SEQ South,South Coast,Southport - North,Southport,Gold Coast,Major Cities,Southport,Moncrieff,State-controlled,No Roadway Feature,No traffic control,60 km/h,Sealed - Wet,Clear,Daylight,Straight,Level,301,Veh'S Same Direction: Rear End,Rear-end,N,0,0,1,0,1,2,0,0,0,0,0,0
346571,Hospitalisation,2021,March,Friday,9,Hit parked vehicle,Single Vehicle,153.4099239,-27.94765649,Marine Pde,,,Labrador,Gold Coast City,4215,Southport,Gold Coast,South Eastern,SEQ South,South Coast,Labrador,Gold Coast - North,Gold Coast,Major Cities,Bonney,Fadden,Locally-controlled,No Roadway Feature,No traffic control,60 km/h,Sealed - Dry,Clear,Daylight,Straight,Level,400,Veh'S Manoeuvring: Other,Other,,0,1,0,0,1,1,0,0,0,1,0,0
346572,Hospitalisation,2021,March,Monday,17,Angle,Multi-Vehicle,153.4010949,-27.97494549,Minnie St,Nerang St,Southport - Nerang Road,Southport,Gold Coast City,4215,Southport,Gold Coast,South Eastern,SEQ South,South Coast,Southport - South,Southport,Gold Coast,Major Cities,Southport,Moncrieff,State-controlled,Intersection - 5+ way,Operating traffic lights,60 km/h,Sealed - Wet,Raining,Darkness - Lighted,Straight,Crest,102,Veh'S Adjacent Approach: Right-Thru,Intersection from adjacent approaches,W,0,3,0,0,3,2,0,0,0,0,0,0
346573,Minor injury,2021,March,Monday,15,Rear-end,Multi-Vehicle,153.4142039,-27.99730449,Ferry Rd,,Southport - Burleigh Road,Southport,Gold Coast City,4215,Southport,Gold Coast,South Eastern,SEQ South,South Coast,Southport - South,Southport,Gold Coast,Major Cities,Southport,Moncrieff,State-controlled,No Roadway Feature,No traffic control,60 km/h,Sealed - Wet,Raining,Daylight,Straight,Level,306,Veh'S Same Direction: Lane Change Right,Lane changes,S,0,0,0,1,1,2,0,0,0,0,0,0
346574,Minor injury,2021,March,Tuesday,15,Rear-end,Multi-Vehicle,153.3982079,-27.94790949,Central St,Government Rd,,Labrador,Gold Coast City,4215,Southport,Gold Coast,South Eastern,SEQ South,South Coast,Labrador,Gold Coast - North,Gold Coast,Major Cities,Bonney,Fadden,Locally-controlled,Intersection - Cross,Operating traffic lights,60 km/h,Sealed - Wet,Raining,Dawn/Dusk,Straight,Dip,301,Veh'S Same Direction: Rear End,Rear-end,W,0,0,0,1,1,2,0,0,0,0,0,0
346575,Medical treatment,2021,March,Wednesday,7,Rear-end,Multi-Vehicle,153.3926629,-27.98756749,Cotlew St,Wardoo St,,Ashmore,Gold Coast City,4214,Southport,Gold Coast,South Eastern,SEQ South,South Coast,Ashmore,Southport,Gold Coast,Major Cities,Southport,Moncrieff,Locally-controlled,Intersection - Roundabout,No traffic control,60 km/h,Sealed - Dry,Clear,Daylight,Curved - view open,Level,302,Veh'S Same Direction: Left Rear,Rear-end,N,0,0,1,0,1,2,0,0,0,0,0,0
346576,Medical treatment,2021,March,Thursday,7,Rear-end,Multi-Vehicle,153.4111119,-27.97640649,Ferry Rd,Minnie St,Southport - Burleigh Road,Southport,Gold Coast City,4215,Southport,Gold Coast,South Eastern,SEQ South,South Coast,Southport - South,Southport,Gold Coast,Major Cities,Southport,Moncrieff,State-controlled,Intersection - T-Junction,Operating traffic lights,60 km/h,Sealed - Dry,Clear,Daylight,Straight,Level,301,Veh'S Same Direction: Rear End,Rear-end,S,0,0,1,0,1,2,0,0,0,0,0,0
346577,Hospitalisation,2021,March,Friday,7,Sideswipe,Multi-Vehicle,153.3920519,-27.95520449,Hockey La,Musgrave Ave,,Southport,Gold Coast City,4215,Southport,Gold Coast,South Eastern,SEQ South,South Coast,Southport - North,Southport,Gold Coast,Major Cities,Bonney,Moncrieff,Locally-controlled,No Roadway Feature,No traffic control,60 km/h,Sealed - Dry,Clear,Daylight,Straight,Level,506,Veh'S Overtaking: Overtake-Right Turn,Overtaking same direction,W,0,1,1,0,2,2,0,0,0,0,0,0
346578,Hospitalisation,2021,March,Tuesday,8,Angle,Multi-Vehicle,153.3728059,-28.00519448,Ross St,The Blvd,Labrador - Carrara Road,Benowa,Gold Coast City,4217,Southport,Gold Coast,South Eastern,SEQ South,South Coast,Benowa,Surfers Paradise,Gold Coast,Major Cities,Southport,Moncrieff,State-controlled,Intersection - T-Junction,Give way sign,60 km/h,Sealed - Wet,Raining,Daylight,Straight,Level,202,Veh'S Opposite Approach: Thru-Right,Opposing vehicles turning,S,0,1,0,0,1,1,0,0,0,1,0,0
346579,Hospitalisation,2021,April,Thursday,21,Hit object,Single Vehicle,153.3848039,-27.96531949,Smith St,,Smith Street Connection,Southport,Gold Coast City,4215,Southport,Gold Coast,South Eastern,SEQ South,South Coast,Southport - North,Southport,Gold Coast,Major Cities,Southport,Moncrieff,State-controlled,No Roadway Feature,No traffic control,70 km/h,Sealed - Wet,Raining,Darkness - Lighted,Curved - view open,Crest,803,Off Path-Curve: Off Cway Rt Bend Hit Obj,Off carriageway on curve hit object,W,0,2,0,0,2,1,0,0,0,0,0,0
346580,Hospitalisation,2021,April,Thursday,14,Rear-end,Multi-Vehicle,153.4109479,-27.97613349,Ferry Rd,,Southport - Burleigh Road,Southport,Gold Coast City,4215,Southport,Gold Coast,South Eastern,SEQ South,South Coast,Southport - South,Southport,Gold Coast,Major Cities,Southport,Moncrieff,State-controlled,No Roadway Feature,No traffic control,60 km/h,Sealed - Dry,Clear,Daylight,Straight,Level,301,Veh'S Same Direction: Rear End,Rear-end,N,0,1,0,0,1,2,0,0,0,0,0,0
346581,Hospitalisation,2021,April,Sunday,0,Hit object,Single Vehicle,153.3587912,-27.97395906,Ashmore Rd,,,Molendinar,Gold Coast City,4214,Southport,Gold Coast,South Eastern,SEQ South,South Coast,Molendinar,Southport,Gold Coast,Major Cities,Southport,Moncrieff,Locally-controlled,No Roadway Feature,No traffic control,60 km/h,Sealed - Wet,Raining,Darkness - Lighted,Curved - view open,Dip,808,Off Path-Curve: Mounts Traffic Island,Off carriageway on curve hit object,N,0,3,0,0,3,1,0,0,0,0,0,0
346582,Hospitalisation,2021,April,Sunday,0,Hit object,Single Vehicle,153.4075731,-27.93880426,Marine Pde,,Gold Coast Highway (Helensvale - Southport),Labrador,Gold Coast City,4215,Southport,Gold Coast,South Eastern,SEQ South,South Coast,Labrador,Gold Coast - North,Gold Coast,Major Cities,Bonney,Fadden,State-controlled,No Roadway Feature,No traffic control,60 km/h,Sealed - Wet,Raining,Darkness - Lighted,Curved - view open,Grade,803,Off Path-Curve: Off Cway Rt Bend Hit Obj,Off carriageway on curve hit object,S,0,1,0,0,1,1,0,0,0,0,0,0
346583,Minor injury,2021,April,Monday,18,Hit pedestrian,Hit pedestrian,153.3813629,-27.95850248,Hollows Wy,Hospital Blvd,,Southport,Gold Coast City,4215,Southport,Gold Coast,South Eastern,SEQ South,South Coast,Southport - North,Southport,Gold Coast,Major Cities,Bonney,Moncrieff,Locally-controlled,Intersection - Cross,Operating traffic lights,60 km/h,Sealed - Dry,Clear,Darkness - Lighted,Straight,Level,1,Ped'N: Near Side Vehicle Hit From Right,Pedestrian,U,0,0,0,1,1,1,0,0,0,0,1,0
346584,Medical treatment,2021,April,Tuesday,19,Angle,Multi-Vehicle,153.3786729,-27.99907648,Ashmore Rd,Currumburra Rd,Labrador - Carrara Road,Ashmore,Gold Coast City,4214,Southport,Gold Coast,South Eastern,SEQ South,South Coast,Ashmore,Southport,Gold Coast,Major Cities,Southport,Moncrieff,State-controlled,Intersection - Cross,Operating traffic lights,60 km/h,Sealed - Wet,Raining,Darkness - Lighted,Curved - view open,Level,202,Veh'S Opposite Approach: Thru-Right,Opposing vehicles turning,N,0,0,1,0,1,2,0,0,0,0,0,0
346585,Hospitalisation,2021,April,Tuesday,16,Rear-end,Multi-Vehicle,153.3939259,-27.97002849,Queen St,Wardoo St,,Southport,Gold Coast City,4215,Southport,Gold Coast,South Eastern,SEQ South,South Coast,Southport - North,Southport,Gold Coast,Major Cities,Southport,Moncrieff,Locally-controlled,Intersection - Cross,Operating traffic lights,60 km/h,Sealed - Wet,Raining,Daylight,Straight,Level,301,Veh'S Same Direction: Rear End,Rear-end,S,0,1,0,1,2,2,0,0,0,0,0,0
346586,Medical treatment,2021,April,Friday,13,Rear-end,Multi-Vehicle,153.3757482,-27.99880648,Ashmore Rd,,,Benowa,Gold Coast City,4217,Southport,Gold Coast,South Eastern,SEQ South,South Coast,Benowa,Surfers Paradise,Gold Coast,Major Cities,Southport,Moncrieff,Locally-controlled,No Roadway Feature,No traffic control,60 km/h,Sealed - Dry,Clear,Daylight,Straight,Level,301,Veh'S Same Direction: Rear End,Rear-end,W,0,0,1,0,1,2,1,0,0,0,0,0
346587,Minor injury,2021,April,Sunday,10,Rear-end,Multi-Vehicle,153.4198529,-27.97222049,Ada Bell Way,Gold Coast Hwy,,Southport,Gold Coast City,4215,Southport,Gold Coast,South Eastern,SEQ South,South Coast,Southport - North,Southport,Gold Coast,Major Cities,Southport,Moncrieff,State-controlled,Intersection - T-Junction,Operating traffic lights,60 km/h,Sealed - Dry,Clear,Daylight,Straight,Level,301,Veh'S Same Direction: Rear End,Rear-end,E,0,0,0,2,2,1,0,0,0,0,0,1
346588,Medical treatment,2021,April,Tuesday,16,Rear-end,Multi-Vehicle,153.3768289,-27.96471648,Smith St,,Smith Street Connection,Southport,Gold Coast City,4222,Southport,Gold Coast,South Eastern,SEQ South,South Coast,Southport - North,Southport,Gold Coast,Major Cities,Bonney,Moncrieff,State-controlled,No Roadway Feature,No traffic control,80 - 90 km/h,Sealed - Dry,Clear,Daylight,Straight,Level,301,Veh'S Same Direction: Rear End,Rear-end,W,0,0,1,1,2,2,0,0,0,0,0,0
346589,Hospitalisation,2021,April,Friday,17,Sideswipe,Multi-Vehicle,153.3797019,-27.97792048,Southport - Nerang Rd,,Southport - Nerang Road,Molendinar,Gold Coast City,4214,Southport,Gold Coast,South Eastern,SEQ South,South Coast,Molendinar,Southport,Gold Coast,Major Cities,Southport,Moncrieff,State-controlled,No Roadway Feature,No traffic control,60 km/h,Sealed - Dry,Clear,Dawn/Dusk,Curved - view open,Level,306,Veh'S Same Direction: Lane Change Right,Lane changes,N,0,1,0,0,1,1,1,0,0,0,0,0
346590,Medical treatment,2021,April,Sunday,17,Rear-end,Multi-Vehicle,153.3978243,-27.93557512,Brisbane Rd,,Gold Coast Highway (Helensvale - Southport),Labrador,Gold Coast City,4215,Runaway Bay,Gold Coast,South Eastern,SEQ South,South Coast,Labrador,Gold Coast - North,Gold Coast,Major Cities,Bonney,Fadden,State-controlled,No Roadway Feature,No traffic control,60 km/h,Sealed - Dry,Clear,Dawn/Dusk,Straight,Level,301,Veh'S Same Direction: Rear End,Rear-end,W,0,0,2,0,2,1,1,0,0,0,0,0
346591,Medical treatment,2021,April,Tuesday,7,Rear-end,Multi-Vehicle,153.3767519,-27.96360648,Olsen Av,Smith St On Ramp,Labrador - Carrara Road,Southport,Gold Coast City,4222,Southport,Gold Coast,South Eastern,SEQ South,South Coast,Southport - North,Southport,Gold Coast,Major Cities,Bonney,Moncrieff,State-controlled,Intersection - Interchange,Operating traffic lights,70 km/h,Sealed - Dry,Clear,Daylight,Straight,Level,301,Veh'S Same Direction: Rear End,Rear-end,S,0,0,1,0,1,2,0,0,0,0,0,0
346592,Hospitalisation,2021,April,Wednesday,0,Angle,Multi-Vehicle,153.4106559,-27.97249849,Ferry Rd,Queen St,Southport - Burleigh Road,Southport,Gold Coast City,4215,Southport,Gold Coast,South Eastern,SEQ South,South Coast,Southport - North,Southport,Gold Coast,Major Cities,Southport,Moncrieff,State-controlled,Intersection - Cross,Operating traffic lights,60 km/h,Sealed - Dry,Clear,Darkness - Lighted,Curved - view obscured,Crest,101,Veh'S Adjacent Approach: Thru-Thru,Intersection from adjacent approaches,W,0,2,0,0,2,2,0,0,0,0,0,0
346593,Medical treatment,2021,April,Thursday,8,Rear-end,Multi-Vehicle,153.4107919,-27.97243349,Ferry Rd,High St,Southport - Nerang Road,Southport,Gold Coast City,4215,Southport,Gold Coast,South Eastern,SEQ South,South Coast,Southport - North,Southport,Gold Coast,Major Cities,Southport,Moncrieff,State-controlled,Intersection - Cross,Operating traffic lights,60 km/h,Sealed - Dry,Clear,Daylight,Straight,Level,301,Veh'S Same Direction: Rear End,Rear-end,S,0,0,1,0,1,2,0,0,0,0,0,0
346594,Minor injury,2021,April,Thursday,16,Rear-end,Multi-Vehicle,153.3785219,-27.99908448,Ashmore Rd,Currumburra Rd,Labrador - Carrara Road,Ashmore,Gold Coast City,4214,Southport,Gold Coast,South Eastern,SEQ South,South Coast,Ashmore,Southport,Gold Coast,Major Cities,Southport,Moncrieff,State-controlled,Intersection - Cross,Operating traffic lights,60 km/h,Sealed - Dry,Clear,Daylight,Straight,Level,301,Veh'S Same Direction: Rear End,Rear-end,E,0,0,0,1,1,2,0,0,0,0,0,0
346595,Hospitalisation,2021,April,Saturday,6,Angle,Multi-Vehicle,153.3752739,-27.99865948,Ashmore Rd,Warrungen Way,,Benowa,Gold Coast City,4217,Southport,Gold Coast,South Eastern,SEQ South,South Coast,Benowa,Surfers Paradise,Gold Coast,Major Cities,Southport,Moncrieff,Locally-controlled,Intersection - T-Junction,Give way sign,60 km/h,Sealed - Dry,Clear,Daylight,Straight,Dip,408,Veh'S Manoeuvring: Entering From Footway,Vehicle leaving driveway,E,0,1,0,0,1,1,0,0,0,0,1,0
346596,Hospitalisation,2021,April,Saturday,12,Angle,Multi-Vehicle,153.3930329,-27.98299049,Lilli Pilli Dr,Wardoo St,,Southport,Gold Coast City,4215,Southport,Gold Coast,South Eastern,SEQ South,South Coast,Southport - South,Southport,Gold Coast,Major Cities,Southport,Moncrieff,Locally-controlled,Intersection - T-Junction,Give way sign,60 km/h,Sealed - Dry,Clear,Daylight,Curved - view open,Crest,102,Veh'S Adjacent Approach: Right-Thru,Intersection from adjacent approaches,W,0,1,0,0,1,2,0,0,0,0,0,0
346597,Hospitalisation,2021,April,Saturday,10,Rear-end,Multi-Vehicle,153.3781249,-27.94926948,Napper Rd,,,Parkwood,Gold Coast City,4214,Southport,Gold Coast,South Eastern,SEQ South,South Coast,Parkwood,Southport,Gold Coast,Major Cities,Bonney,Fadden,Locally-controlled,No Roadway Feature,No traffic control,60 km/h,Sealed - Dry,Clear,Daylight,Curved - view open,Dip,301,Veh'S Same Direction: Rear End,Rear-end,W,0,1,0,0,1,0,0,0,0,2,0,1
346598,Hospitalisation,2021,April,Sunday,17,Hit object,Single Vehicle,153.3571689,-27.96220248,Smith St,,Smith Street Connection,Molendinar,Gold Coast City,4214,Southport,Gold Coast,South Eastern,SEQ South,South Coast,Molendinar,Southport,Gold Coast,Major Cities,Southport,Fadden,State-controlled,Intersection - Interchange,No traffic control,80 - 90 km/h,Sealed - Dry,Clear,Dawn/Dusk,Straight,Crest,705,Off Path-Straight:Out Of Control On Cway,Out of control on straight,W,0,1,0,0,1,1,0,0,0,0,0,0
346599,Hospitalisation,2021,April,Sunday,22,Angle,Multi-Vehicle,153.3809839,-27.97670748,Olsen Av,Southport - Nerang Rd,Southport - Nerang Road,Southport,Gold Coast City,4215,Southport,Gold Coast,South Eastern,SEQ South,South Coast,Southport - North,Southport,Gold Coast,Major Cities,Southport,Moncrieff,State-controlled,Intersection - Cross,Operating traffic lights,70 km/h,Sealed - Dry,Clear,Darkness - Lighted,Curved - view open,Level,101,Veh'S Adjacent Approach: Thru-Thru,Intersection from adjacent approaches,N,0,2,0,0,2,2,0,0,0,0,0,0
346600,Medical treatment,2021,April,Monday,15,Hit object,Single Vehicle,153.4107919,-27.97243349,Ferry Rd,High St,Southport - Burleigh Road,Southport,Gold Coast City,4215,Southport,Gold Coast,South Eastern,SEQ South,South Coast,Southport - North,Southport,Gold Coast,Major Cities,Southport,Moncrieff,State-controlled,Intersection - Cross,Operating traffic lights,60 km/h,Sealed - Dry,Clear,Daylight,Straight,Level,202,Veh'S Opposite Approach: Thru-Right,Opposing vehicles turning,N,0,0,1,2,3,4,0,0,0,0,0,0