Crash_Severity,Crash_Year,Crash_Month,Crash_Day_Of_Week,Crash_Hour,Crash_Nature,Crash_Type,Crash_Longitude,Crash_Latitude,Crash_Street,Crash_Street_Intersecting,State_Road_Name,Loc_Suburb,Loc_Local_Government_Area,Loc_Post_Code,Loc_Police_Division,Loc_Police_District,Loc_Police_Region,Loc_Queensland_Transport_Region,Loc_Main_Roads_Region,Loc_ABS_Statistical_Area_2,Loc_ABS_Statistical_Area_3,Loc_ABS_Statistical_Area_4,Loc_ABS_Remoteness,Loc_State_Electorate,Loc_Federal_Electorate,Crash_Controlling_Authority,Crash_Roadway_Feature,Crash_Traffic_Control,Crash_Speed_Limit,Crash_Road_Surface_Condition,Crash_Atmospheric_Condition,Crash_Lighting_Condition,Crash_Road_Horiz_Align,Crash_Road_Vert_Align,Crash_DCA_Code,Crash_DCA_Description,Crash_DCA_Group_Description,DCA_Key_Approach_Dir,Count_Casualty_Fatality,Count_Casualty_Hospitalised,Count_Casualty_MedicallyTreated,Count_Casualty_MinorInjury,Count_Casualty_Total,Count_Unit_Car,Count_Unit_Motorcycle_Moped,Count_Unit_Truck,Count_Unit_Bus,Count_Unit_Bicycle,Count_Unit_Pedestrian,Count_Unit_Other,
346601,Hospitalisation,2021,April,Monday,20,Rear-end,Multi-Vehicle,153.3761821,-27.96613937,Olsen Av,,Labrador - Carrara Road,Molendinar,Gold Coast City,4214,Southport,Gold Coast,South Eastern,SEQ South,South Coast,Molendinar,Southport,Gold Coast,Major Cities,Southport,Moncrieff,State-controlled,No Roadway Feature,No traffic control,60 km/h,Sealed - Wet,Clear,Darkness - Lighted,Straight,Grade,301,Veh'S Same Direction: Rear End,Rear-end,N,0,1,0,0,1,3,0,0,0,0,0,0
346602,Hospitalisation,2021,April,Wednesday,15,Hit pedestrian,Hit pedestrian,153.4198529,-27.97222049,Ada Bell Way,Gold Coast Hwy,,Southport,Gold Coast City,4215,Southport,Gold Coast,South Eastern,SEQ South,South Coast,Southport - North,Southport,Gold Coast,Major Cities,Southport,Moncrieff,Locally-controlled,Intersection - T-Junction,Operating traffic lights,60 km/h,Sealed - Dry,Clear,Dawn/Dusk,Straight,Level,3,Ped'N: Far Side Vehicle Hit From Left,Pedestrian,S,0,1,0,0,1,1,0,0,0,0,1,0
346603,Minor injury,2021,May,Saturday,15,Rear-end,Multi-Vehicle,153.3720639,-27.98233048,Darling Cres,Sturt St,,Molendinar,Gold Coast City,4214,Southport,Gold Coast,South Eastern,SEQ South,South Coast,Molendinar,Southport,Gold Coast,Major Cities,Southport,Moncrieff,Locally-controlled,Intersection - T-Junction,No traffic control,0 - 50 km/h,Sealed - Dry,Clear,Daylight,Straight,Level,303,Veh'S Same Direction: Right Rear,Rear-end,N,0,0,0,2,2,2,0,0,0,0,0,0
346604,Hospitalisation,2021,May,Tuesday,3,Rear-end,Multi-Vehicle,153.4101169,-27.95783149,Marine Pde,Stevens St,Gold Coast Highway (Helensvale - Southport),Southport,Gold Coast City,4215,Southport,Gold Coast,South Eastern,SEQ South,South Coast,Southport - North,Southport,Gold Coast,Major Cities,Bonney,Moncrieff,State-controlled,Intersection - Cross,Operating traffic lights,60 km/h,Sealed - Dry,Clear,Darkness - Lighted,Straight,Level,301,Veh'S Same Direction: Rear End,Rear-end,N,0,1,0,0,1,2,0,0,0,0,0,0
346605,Medical treatment,2021,May,Tuesday,7,Angle,Multi-Vehicle,153.4068039,-27.97413749,Eugaree St,Tweed St,,Southport,Gold Coast City,4215,Southport,Gold Coast,South Eastern,SEQ South,South Coast,Southport - South,Southport,Gold Coast,Major Cities,Southport,Moncrieff,Locally-controlled,Intersection - Cross,Give way sign,0 - 50 km/h,Sealed - Dry,Clear,Daylight,Straight,Level,101,Veh'S Adjacent Approach: Thru-Thru,Intersection from adjacent approaches,W,0,0,1,0,1,2,0,0,0,0,0,0
346606,Hospitalisation,2021,May,Wednesday,19,Rear-end,Multi-Vehicle,153.3731427,-27.9310851,Brisbane Rd,,Gold Coast Highway (Helensvale - Southport),Arundel,Gold Coast City,4214,Runaway Bay,Gold Coast,South Eastern,SEQ South,South Coast,Arundel,Gold Coast - North,Gold Coast,Major Cities,Bonney,Fadden,State-controlled,No Roadway Feature,No traffic control,70 km/h,Sealed - Wet,Clear,Darkness - Lighted,Straight,Crest,406,Veh'S Manoeuvring: Leaving Driveway,Vehicle leaving driveway,W,0,1,0,0,1,1,1,0,0,0,0,0
346607,Minor injury,2021,May,Wednesday,14,Rear-end,Multi-Vehicle,153.3916819,-27.94694249,Central St,Usher Ave,,Labrador,Gold Coast City,4215,Southport,Gold Coast,South Eastern,SEQ South,South Coast,Labrador,Gold Coast - North,Gold Coast,Major Cities,Bonney,Fadden,Locally-controlled,Intersection - Roundabout,Give way sign,0 - 50 km/h,Sealed - Wet,Raining,Daylight,Straight,Level,301,Veh'S Same Direction: Rear End,Rear-end,S,0,0,0,1,1,2,0,0,0,0,0,0
346608,Minor injury,2021,May,Thursday,0,Angle,Multi-Vehicle,153.3648629,-27.94504248,Napper Rd,,,Arundel,Gold Coast City,4214,Southport,Gold Coast,South Eastern,SEQ South,South Coast,Arundel,Gold Coast - North,Gold Coast,Major Cities,Bonney,Fadden,Locally-controlled,No Roadway Feature,No traffic control,60 km/h,Sealed - Dry,Clear,Darkness - Lighted,Curved - view open,Level,202,Veh'S Opposite Approach: Thru-Right,Opposing vehicles turning,,0,0,0,1,1,2,0,0,0,0,0,0
346609,Minor injury,2021,May,Thursday,13,Rear-end,Multi-Vehicle,153.3856679,-27.96505949,Parklands Dr,Smith St,Smith Street Connection,Southport,Gold Coast City,4222,Southport,Gold Coast,South Eastern,SEQ South,South Coast,Southport - North,Southport,Gold Coast,Major Cities,Bonney,Moncrieff,State-controlled,Intersection - T-Junction,Operating traffic lights,70 km/h,Sealed - Dry,Clear,Daylight,Curved - view open,Level,301,Veh'S Same Direction: Rear End,Rear-end,E,0,0,0,2,2,2,0,0,0,0,0,0
346610,Minor injury,2021,May,Thursday,21,Rear-end,Multi-Vehicle,153.3524709,-27.96141448,Smith St,Smith St Connection Rd,Smith Street Connection,Molendinar,Gold Coast City,4214,Southport,Gold Coast,South Eastern,SEQ South,South Coast,Molendinar,Southport,Gold Coast,Major Cities,Bonney,Fadden,State-controlled,Intersection - Interchange,No traffic control,80 - 90 km/h,Sealed - Dry,Clear,Darkness - Lighted,Straight,Level,301,Veh'S Same Direction: Rear End,Rear-end,W,0,0,0,1,1,1,0,0,0,0,0,1
346611,Minor injury,2021,May,Thursday,12,Angle,Multi-Vehicle,153.3764459,-27.96556948,Olsen Av,Smith St Connection Rd,Labrador - Carrara Road,Southport,Gold Coast City,4215,Southport,Gold Coast,South Eastern,SEQ South,South Coast,Southport - North,Southport,Gold Coast,Major Cities,Southport,Moncrieff,State-controlled,Intersection - Interchange,Operating traffic lights,60 km/h,Sealed - Dry,Clear,Daylight,Straight,Level,104,Veh'S Adjacent Approach: Thru-Right,Intersection from adjacent approaches,S,0,0,0,1,1,2,0,0,0,0,0,0
346612,Medical treatment,2021,May,Thursday,17,Rear-end,Multi-Vehicle,153.3516669,-27.96132148,Smith St Connection Rd,,Smith Street Connection,Arundel,Gold Coast City,4214,Southport,Gold Coast,South Eastern,SEQ South,South Coast,Parkwood,Southport,Gold Coast,Major Cities,Bonney,Fadden,State-controlled,Intersection - Interchange,No traffic control,80 - 90 km/h,Sealed - Dry,Clear,Darkness - Lighted,Straight,Level,301,Veh'S Same Direction: Rear End,Rear-end,W,0,0,1,0,1,3,0,0,0,0,0,0
346613,Minor injury,2021,May,Saturday,14,Angle,Multi-Vehicle,153.4000069,-27.94819049,Central St,Wilson St,,Labrador,Gold Coast City,4215,Southport,Gold Coast,South Eastern,SEQ South,South Coast,Labrador,Gold Coast - North,Gold Coast,Major Cities,Bonney,Fadden,Locally-controlled,Intersection - Roundabout,Give way sign,0 - 50 km/h,Sealed - Dry,Clear,Daylight,Straight,Level,101,Veh'S Adjacent Approach: Thru-Thru,Intersection from adjacent approaches,,0,0,0,2,2,1,0,0,0,0,0,1
346614,Hospitalisation,2021,May,Monday,15,Rear-end,Multi-Vehicle,153.3711389,-27.98317448,Southport - Nerang Rd,,Southport - Nerang Road,Ashmore,Gold Coast City,4214,Southport,Gold Coast,South Eastern,SEQ South,South Coast,Ashmore,Southport,Gold Coast,Major Cities,Southport,Moncrieff,State-controlled,No Roadway Feature,No traffic control,60 km/h,Sealed - Dry,Clear,Daylight,Straight,Dip,301,Veh'S Same Direction: Rear End,Rear-end,W,0,2,0,0,2,2,0,0,0,0,0,0
346615,Minor injury,2021,May,Monday,10,Rear-end,Multi-Vehicle,153.4110549,-27.98391849,Benowa Rd,Ferry Rd,Southport - Burleigh Road,Southport,Gold Coast City,4215,Southport,Gold Coast,South Eastern,SEQ South,South Coast,Southport - South,Southport,Gold Coast,Major Cities,Southport,Moncrieff,State-controlled,Intersection - T-Junction,Give way sign,60 km/h,Sealed - Dry,Clear,Daylight,Straight,Level,302,Veh'S Same Direction: Left Rear,Rear-end,E,0,0,0,2,2,2,0,0,0,0,0,0
346616,Medical treatment,2021,May,Tuesday,16,Rear-end,Multi-Vehicle,153.3812649,-27.97660148,Currumburra Rd,Southport - Nerang Rd,Southport - Nerang Road,Southport,Gold Coast City,4215,Southport,Gold Coast,South Eastern,SEQ South,South Coast,Southport - North,Southport,Gold Coast,Major Cities,Southport,Moncrieff,State-controlled,Intersection - T-Junction,Operating traffic lights,60 km/h,Sealed - Dry,Clear,Daylight,Curved - view open,Level,302,Veh'S Same Direction: Left Rear,Rear-end,S,0,0,1,1,2,2,0,0,0,0,0,0
346617,Hospitalisation,2021,May,Wednesday,17,Rear-end,Multi-Vehicle,153.3903669,-27.93450149,Brisbane Rd,Olsen Av,Labrador - Carrara Road,Arundel,Gold Coast City,4214,Runaway Bay,Gold Coast,South Eastern,SEQ South,South Coast,Arundel,Gold Coast - North,Gold Coast,Major Cities,Bonney,Fadden,State-controlled,Intersection - Cross,No traffic control,70 km/h,Sealed - Wet,Raining,Darkness - Lighted,Straight,Level,301,Veh'S Same Direction: Rear End,Rear-end,E,0,2,0,0,2,2,0,0,0,0,0,0
346618,Minor injury,2021,May,Friday,15,Hit pedestrian,Hit pedestrian,153.4124829,-27.96114274,Marine Pde,,,Southport,Gold Coast City,4215,Southport,Gold Coast,South Eastern,SEQ South,South Coast,Southport - North,Southport,Gold Coast,Major Cities,Southport,Moncrieff,Locally-controlled,No Roadway Feature,Road/Rail worker,0 - 50 km/h,Sealed - Dry,Clear,Daylight,Straight,Level,0,Ped'N: Hit Other,Other,U,0,0,0,1,1,1,0,0,0,0,1,0
346619,Hospitalisation,2021,May,Monday,18,Hit pedestrian,Hit pedestrian,153.4071689,-27.94535349,Proud St,Whiting St,,Labrador,Gold Coast City,4215,Southport,Gold Coast,South Eastern,SEQ South,South Coast,Labrador,Gold Coast - North,Gold Coast,Major Cities,Bonney,Fadden,Locally-controlled,Intersection - T-Junction,No traffic control,0 - 50 km/h,Sealed - Dry,Clear,Dawn/Dusk,Straight,Level,0,Ped'N: Hit Other,Other,N,0,1,0,0,1,1,0,0,0,0,1,0
346620,Medical treatment,2021,May,Wednesday,14,Rear-end,Multi-Vehicle,153.3652229,-27.98513748,Ashmore Rd,Southport - Nerang Rd,Southport - Nerang Road,Molendinar,Gold Coast City,4214,Southport,Gold Coast,South Eastern,SEQ South,South Coast,Molendinar,Southport,Gold Coast,Major Cities,Southport,Moncrieff,State-controlled,No Roadway Feature,Give way sign,60 km/h,Sealed - Dry,Clear,Daylight,Curved - view open,Level,302,Veh'S Same Direction: Left Rear,Rear-end,W,0,0,1,0,1,2,0,0,0,0,0,0
346621,Hospitalisation,2021,May,Friday,15,Hit pedestrian,Hit pedestrian,153.4124329,-27.96115649,Marine Pde,,,Southport,Gold Coast City,4215,Southport,Gold Coast,South Eastern,SEQ South,South Coast,Southport - North,Southport,Gold Coast,Major Cities,Southport,Moncrieff,Locally-controlled,No Roadway Feature,No traffic control,60 km/h,Sealed - Dry,Clear,Daylight,Straight,Level,7,Ped'N: Hit By Vehicle Enter/Leave D'Way,Pedestrian,N,0,1,0,0,1,1,0,0,0,0,1,0
346622,Hospitalisation,2021,May,Friday,17,Rear-end,Multi-Vehicle,153.3519119,-27.96132848,Smith St Connection Rd,,Smith Street Connection,Arundel,Gold Coast City,4214,Southport,Gold Coast,South Eastern,SEQ South,South Coast,Parkwood,Southport,Gold Coast,Major Cities,Bonney,Fadden,State-controlled,Intersection - Interchange,No traffic control,80 - 90 km/h,Sealed - Dry,Clear,Dawn/Dusk,Straight,Level,301,Veh'S Same Direction: Rear End,Rear-end,W,0,2,0,0,2,2,0,0,0,0,0,0
346623,Hospitalisation,2021,May,Friday,23,Hit parked vehicle,Single Vehicle,153.3816859,-27.99036149,Currumburra Rd,Tumbarumba Ave,Labrador - Carrara Road,Ashmore,Gold Coast City,4214,Southport,Gold Coast,South Eastern,SEQ South,South Coast,Ashmore,Southport,Gold Coast,Major Cities,Southport,Moncrieff,State-controlled,No Roadway Feature,No traffic control,60 km/h,Sealed - Dry,Clear,Darkness - Lighted,Straight,Grade,703,Off Path-Straight: Left Off Cway Hit Obj,Off carriageway on straight hit object,S,0,1,0,0,1,2,0,0,0,0,0,0
346624,Hospitalisation,2021,May,Saturday,15,Sideswipe,Multi-Vehicle,153.4056539,-27.94380149,Imperial Pde,,,Labrador,Gold Coast City,4215,Southport,Gold Coast,South Eastern,SEQ South,South Coast,Labrador,Gold Coast - North,Gold Coast,Major Cities,Bonney,Fadden,Locally-controlled,No Roadway Feature,No traffic control,60 km/h,Sealed - Dry,Clear,Daylight,Straight,Level,408,Veh'S Manoeuvring: Entering From Footway,Vehicle leaving driveway,E,0,1,0,0,1,4,0,0,0,0,0,0
346625,Minor injury,2021,May,Saturday,15,Rear-end,Multi-Vehicle,153.4084929,-27.94628849,Baker Ave,Frank St,Gold Coast Highway (Helensvale - Southport),Labrador,Gold Coast City,4215,Southport,Gold Coast,South Eastern,SEQ South,South Coast,Labrador,Gold Coast - North,Gold Coast,Major Cities,Bonney,Fadden,State-controlled,Intersection - T-Junction,No traffic control,60 km/h,Sealed - Dry,Clear,Daylight,Straight,Level,301,Veh'S Same Direction: Rear End,Rear-end,N,0,0,0,1,1,2,0,0,0,0,0,0
346626,Medical treatment,2021,May,Monday,19,Angle,Multi-Vehicle,153.4057529,-27.96555049,George St,Johnston St,,Southport,Gold Coast City,4215,Southport,Gold Coast,South Eastern,SEQ South,South Coast,Southport - North,Southport,Gold Coast,Major Cities,Southport,Moncrieff,Locally-controlled,Intersection - Roundabout,Give way sign,0 - 50 km/h,Sealed - Dry,Clear,Darkness - Lighted,Straight,Level,101,Veh'S Adjacent Approach: Thru-Thru,Intersection from adjacent approaches,W,0,0,1,0,1,2,0,0,0,0,0,0
346627,Hospitalisation,2021,May,Monday,15,Angle,Multi-Vehicle,153.3810429,-27.97682448,Currumburra Rd,Southport - Nerang Rd,Labrador - Carrara Road,Ashmore,Gold Coast City,4214,Southport,Gold Coast,South Eastern,SEQ South,South Coast,Ashmore,Southport,Gold Coast,Major Cities,Southport,Moncrieff,State-controlled,Intersection - Cross,Operating traffic lights,70 km/h,Sealed - Dry,Clear,Daylight,Curved - view open,Level,202,Veh'S Opposite Approach: Thru-Right,Opposing vehicles turning,E,0,1,1,0,2,1,1,0,0,0,0,0
347107,Medical treatment,2021,January,Sunday,18,Angle,Multi-Vehicle,153.1184601,-26.83099345,Lamerough Pde,Landsborough Pde,,Golden Beach,Sunshine Coast Region,4551,Caloundra,Sunshine Coast,North Coast,SEQ North,North Coast,Golden Beach - Pelican Waters,Caloundra,Sunshine Coast,Major Cities,Caloundra,Fisher,Locally-controlled,Intersection - Cross,Give way sign,60 km/h,Sealed - Dry,Clear,Daylight,Curved - view open,Level,101,Veh'S Adjacent Approach: Thru-Thru,Intersection from adjacent approaches,W,0,0,1,0,1,1,0,0,0,0,0,1
347108,Hospitalisation,2021,February,Saturday,7,Hit parked vehicle,Single Vehicle,153.1474901,-26.80147745,Burgess St,,,Kings Beach,Sunshine Coast Region,4551,Caloundra,Sunshine Coast,North Coast,SEQ North,North Coast,Caloundra - Kings Beach,Caloundra,Sunshine Coast,Major Cities,Caloundra,Fisher,Locally-controlled,No Roadway Feature,No traffic control,0 - 50 km/h,Sealed - Dry,Clear,Daylight,Straight,Level,601,Veh'S On Path: Parked,Hit parked vehicle,E,0,1,0,0,1,4,0,0,0,0,0,0
347109,Medical treatment,2021,February,Saturday,13,Rear-end,Multi-Vehicle,153.1343951,-26.78281545,Beerburrum St,Cooroy St,,Dicky Beach,Sunshine Coast Region,4551,Caloundra,Sunshine Coast,North Coast,SEQ North,North Coast,Moffat Beach - Battery Hill,Caloundra,Sunshine Coast,Major Cities,Caloundra,Fisher,Locally-controlled,Intersection - T-Junction,Give way sign,60 km/h,Sealed - Dry,Clear,Daylight,Straight,Level,302,Veh'S Same Direction: Left Rear,Rear-end,S,0,0,1,1,2,2,0,0,0,0,0,0
347110,Medical treatment,2021,February,Monday,14,Angle,Multi-Vehicle,153.1277631,-26.80185945,Bowman Rd,Cowan St,,Caloundra,Sunshine Coast Region,4551,Caloundra,Sunshine Coast,North Coast,SEQ North,North Coast,Caloundra - Kings Beach,Caloundra,Sunshine Coast,Major Cities,Caloundra,Fisher,Locally-controlled,Intersection - Cross,Stop sign,60 km/h,Sealed - Dry,Clear,Daylight,Straight,Level,104,Veh'S Adjacent Approach: Thru-Right,Intersection from adjacent approaches,S,0,0,1,0,1,1,1,0,0,0,0,0
347111,Minor injury,2021,March,Tuesday,11,Hit object,Single Vehicle,153.1206211,-26.80558345,North St,,,Caloundra,Sunshine Coast Region,4551,Caloundra,Sunshine Coast,North Coast,SEQ North,North Coast,Caloundra - Kings Beach,Caloundra,Sunshine Coast,Major Cities,Caloundra,Fisher,Locally-controlled,No Roadway Feature,No traffic control,0 - 50 km/h,Sealed - Dry,Clear,Daylight,Straight,Level,400,Veh'S Manoeuvring: Other,Other,N,0,0,0,1,1,1,0,0,0,0,0,0
347112,Medical treatment,2021,March,Monday,17,Rear-end,Multi-Vehicle,153.1382511,-26.78994345,Buccleugh St,Roderick St,,Moffat Beach,Sunshine Coast Region,4551,Caloundra,Sunshine Coast,North Coast,SEQ North,North Coast,Moffat Beach - Battery Hill,Caloundra,Sunshine Coast,Major Cities,Caloundra,Fisher,Locally-controlled,Intersection - Cross,Operating traffic lights,60 km/h,Sealed - Dry,Clear,Daylight,Straight,Level,303,Veh'S Same Direction: Right Rear,Rear-end,S,0,0,1,0,1,2,0,0,0,0,0,0
347113,Medical treatment,2021,March,Wednesday,16,Hit pedestrian,Hit pedestrian,153.1305581,-26.79992045,Arthur St,Bowman Rd,,Caloundra,Sunshine Coast Region,4551,Caloundra,Sunshine Coast,North Coast,SEQ North,North Coast,Caloundra - Kings Beach,Caloundra,Sunshine Coast,Major Cities,Caloundra,Fisher,Locally-controlled,Intersection - Cross,Stop sign,60 km/h,Sealed - Dry,Clear,Daylight,Straight,Level,1,Ped'N: Near Side Vehicle Hit From Right,Pedestrian,N,0,0,1,0,1,1,0,0,0,0,1,0
347114,Medical treatment,2021,March,Saturday,8,Hit object,Single Vehicle,153.137888,-26.79227491,Buccleugh St,,,Moffat Beach,Sunshine Coast Region,4551,Caloundra,Sunshine Coast,North Coast,SEQ North,North Coast,Moffat Beach - Battery Hill,Caloundra,Sunshine Coast,Major Cities,Caloundra,Fisher,Locally-controlled,No Roadway Feature,No traffic control,60 km/h,Sealed - Dry,Clear,Daylight,Straight,Level,703,Off Path-Straight: Left Off Cway Hit Obj,Off carriageway on straight hit object,N,0,0,1,0,1,1,0,0,0,0,0,0
347115,Medical treatment,2021,March,Saturday,10,Angle,Multi-Vehicle,153.1427761,-26.79443545,Edmund St,William St,,Shelly Beach,Sunshine Coast Region,4551,Caloundra,Sunshine Coast,North Coast,SEQ North,North Coast,Moffat Beach - Battery Hill,Caloundra,Sunshine Coast,Major Cities,Caloundra,Fisher,Locally-controlled,Intersection - Roundabout,Give way sign,0 - 50 km/h,Sealed - Dry,Clear,Daylight,Straight,Crest,101,Veh'S Adjacent Approach: Thru-Thru,Intersection from adjacent approaches,E,0,0,2,0,2,2,0,0,0,0,0,0
347116,Hospitalisation,2021,March,Monday,21,Hit parked vehicle,Single Vehicle,153.1190131,-26.77645745,Kalana Rd,,,Aroona,Sunshine Coast Region,4551,Caloundra,Sunshine Coast,North Coast,SEQ North,North Coast,Aroona - Currimundi,Caloundra,Sunshine Coast,Major Cities,Kawana,Fisher,Locally-controlled,No Roadway Feature,No traffic control,60 km/h,Sealed - Wet,Raining,Darkness - Lighted,Straight,Level,703,Off Path-Straight: Left Off Cway Hit Obj,Off carriageway on straight hit object,E,0,1,0,0,1,3,0,0,0,0,0,0
347117,Medical treatment,2021,March,Tuesday,9,Angle,Multi-Vehicle,153.1240941,-26.80439245,Bowman Rd,Park Pl,Caloundra Road,Caloundra,Sunshine Coast Region,4551,Caloundra,Sunshine Coast,North Coast,SEQ North,North Coast,Caloundra - Kings Beach,Caloundra,Sunshine Coast,Major Cities,Caloundra,Fisher,State-controlled,Intersection - T-Junction,Operating traffic lights,60 km/h,Sealed - Dry,Clear,Daylight,Straight,Level,406,Veh'S Manoeuvring: Leaving Driveway,Vehicle leaving driveway,E,0,0,1,0,1,2,0,0,0,0,0,0
347118,Hospitalisation,2021,March,Tuesday,10,Hit object,Single Vehicle,153.1282023,-26.79377547,Queen St,,,Caloundra,Sunshine Coast Region,4551,Caloundra,Sunshine Coast,North Coast,SEQ North,North Coast,Caloundra - Kings Beach,Caloundra,Sunshine Coast,Major Cities,Caloundra,Fisher,Locally-controlled,No Roadway Feature,No traffic control,60 km/h,Sealed - Dry,Clear,Daylight,Straight,Level,703,Off Path-Straight: Left Off Cway Hit Obj,Off carriageway on straight hit object,E,0,1,0,0,1,1,0,0,0,0,0,0
347119,Hospitalisation,2021,March,Sunday,9,Sideswipe,Multi-Vehicle,153.1220841,-26.76624045,Nicklin Wy,,Nicklin Way,Currimundi,Sunshine Coast Region,4551,Kawana Waters,Sunshine Coast,North Coast,SEQ North,North Coast,Aroona - Currimundi,Caloundra,Sunshine Coast,Major Cities,Kawana,Fisher,State-controlled,No Roadway Feature,No traffic control,70 km/h,Sealed - Dry,Clear,Daylight,Straight,Level,307,Veh'S Same Direction: Lane Change Left,Lane changes,S,0,1,0,0,1,2,1,0,0,0,0,0
347120,Hospitalisation,2021,March,Tuesday,16,Hit pedestrian,Hit pedestrian,153.1256901,-26.80356845,Bowman Rd,Bulcock St,,Caloundra,Sunshine Coast Region,4551,Caloundra,Sunshine Coast,North Coast,SEQ North,North Coast,Caloundra - Kings Beach,Caloundra,Sunshine Coast,Major Cities,Caloundra,Fisher,Locally-controlled,Intersection - T-Junction,Pedestrian crossing sign,60 km/h,Sealed - Dry,Clear,Daylight,Straight,Level,3,Ped'N: Far Side Vehicle Hit From Left,Pedestrian,N,0,1,0,0,1,1,0,0,0,0,1,0
347121,Hospitalisation,2021,April,Friday,15,Hit parked vehicle,Single Vehicle,153.1224661,-26.81116145,Esplanade,,,Golden Beach,Sunshine Coast Region,4551,Caloundra,Sunshine Coast,North Coast,SEQ North,North Coast,Golden Beach - Pelican Waters,Caloundra,Sunshine Coast,Major Cities,Caloundra,Fisher,Locally-controlled,No Roadway Feature,No traffic control,60 km/h,Sealed - Dry,Clear,Daylight,Straight,Level,703,Off Path-Straight: Left Off Cway Hit Obj,Off carriageway on straight hit object,S,0,1,0,0,1,2,0,0,0,0,0,0
347122,Medical treatment,2021,April,Sunday,14,Angle,Multi-Vehicle,153.1451951,-26.79964845,Albert St,King St,,Shelly Beach,Sunshine Coast Region,4551,Caloundra,Sunshine Coast,North Coast,SEQ North,North Coast,Caloundra - Kings Beach,Caloundra,Sunshine Coast,Major Cities,Caloundra,Fisher,Locally-controlled,Intersection - Cross,Stop sign,60 km/h,Sealed - Dry,Clear,Daylight,Straight,Level,100,Veh'S Adjacent Approach: Other,Intersection from adjacent approaches,N,0,0,2,0,2,2,0,0,0,0,0,0
347123,Medical treatment,2021,April,Tuesday,15,Angle,Multi-Vehicle,153.1428291,-26.79435045,Edmund St,William St,,Shelly Beach,Sunshine Coast Region,4551,Caloundra,Sunshine Coast,North Coast,SEQ North,North Coast,Moffat Beach - Battery Hill,Caloundra,Sunshine Coast,Major Cities,Caloundra,Fisher,Locally-controlled,Intersection - Roundabout,Give way sign,0 - 50 km/h,Sealed - Dry,Clear,Daylight,Straight,Grade,101,Veh'S Adjacent Approach: Thru-Thru,Intersection from adjacent approaches,E,0,0,1,0,1,2,0,0,0,0,0,0
347124,Medical treatment,2021,April,Thursday,15,Hit pedestrian,Hit pedestrian,153.1264929,-26.79369787,Queen St,,,Caloundra,Sunshine Coast Region,4551,Caloundra,Sunshine Coast,North Coast,SEQ North,North Coast,Caloundra - Kings Beach,Caloundra,Sunshine Coast,Major Cities,Caloundra,Fisher,Locally-controlled,No Roadway Feature,No traffic control,60 km/h,Sealed - Dry,Clear,Daylight,Straight,Level,8,Ped'N: On Ftway Hit By Vehicle On Ftway,Pedestrian,E,0,0,1,1,2,0,0,0,0,1,1,0
347125,Hospitalisation,2021,April,Monday,13,Angle,Multi-Vehicle,153.1315811,-26.79428945,Queen St,Ulm St S,,Moffat Beach,Sunshine Coast Region,4551,Caloundra,Sunshine Coast,North Coast,SEQ North,North Coast,Moffat Beach - Battery Hill,Caloundra,Sunshine Coast,Major Cities,Caloundra,Fisher,Locally-controlled,Intersection - Cross,Stop sign,60 km/h,Sealed - Dry,Clear,Daylight,Straight,Level,101,Veh'S Adjacent Approach: Thru-Thru,Intersection from adjacent approaches,N,0,1,1,0,2,2,0,0,0,0,0,0
347126,Hospitalisation,2021,April,Friday,10,Fall from vehicle,Single Vehicle,153.1430961,-26.79243645,Edmund St,Russell St,,Moffat Beach,Sunshine Coast Region,4551,Caloundra,Sunshine Coast,North Coast,SEQ North,North Coast,Moffat Beach - Battery Hill,Caloundra,Sunshine Coast,Major Cities,Caloundra,Fisher,Locally-controlled,Intersection - T-Junction,No traffic control,0 - 50 km/h,Sealed - Dry,Clear,Daylight,Straight,Level,707,Off Path-Straight: Right Turn,Off carriageway on straight,S,0,1,0,0,1,0,1,0,0,0,0,0
347127,Hospitalisation,2021,April,Saturday,14,Fall from vehicle,Single Vehicle,153.1293191,-26.79163945,Allen St,,,Caloundra,Sunshine Coast Region,4551,Caloundra,Sunshine Coast,North Coast,SEQ North,North Coast,Caloundra - Kings Beach,Caloundra,Sunshine Coast,Major Cities,Caloundra,Fisher,Locally-controlled,No Roadway Feature,No traffic control,60 km/h,Sealed - Dry,Clear,Darkness - Lighted,Curved - view open,Level,804,Off Path-Curve: Off Cway Lt Bend Hit Obj,Off carriageway on curve hit object,W,0,1,0,0,1,0,1,0,0,0,0,0
347128,Hospitalisation,2021,May,Tuesday,12,Angle,Multi-Vehicle,153.1167061,-26.79977745,Nicklin Wy,,Nicklin Way,Caloundra West,Sunshine Coast Region,4551,Caloundra,Sunshine Coast,North Coast,SEQ North,North Coast,Caloundra - West,Caloundra,Sunshine Coast,Major Cities,Kawana,Fisher,State-controlled,No Roadway Feature,No traffic control,60 km/h,Sealed - Dry,Clear,Daylight,Straight,Grade,408,Veh'S Manoeuvring: Entering From Footway,Vehicle leaving driveway,N,0,1,0,0,1,1,0,0,0,1,0,0
347129,Hospitalisation,2021,May,Saturday,17,Rear-end,Multi-Vehicle,153.1379691,-26.79175545,Buccleugh St,Grigor St,,Moffat Beach,Sunshine Coast Region,4551,Caloundra,Sunshine Coast,North Coast,SEQ North,North Coast,Moffat Beach - Battery Hill,Caloundra,Sunshine Coast,Major Cities,Caloundra,Fisher,Locally-controlled,Intersection - Cross,No traffic control,60 km/h,Sealed - Dry,Clear,Darkness - Lighted,Straight,Crest,303,Veh'S Same Direction: Right Rear,Rear-end,S,0,2,0,0,2,2,0,0,0,0,0,0