Crash_Severity,Crash_Year,Crash_Month,Crash_Day_Of_Week,Crash_Hour,Crash_Nature,Crash_Type,Crash_Longitude,Crash_Latitude,Crash_Street,Crash_Street_Intersecting,State_Road_Name,Loc_Suburb,Loc_Local_Government_Area,Loc_Post_Code,Loc_Police_Division,Loc_Police_District,Loc_Police_Region,Loc_Queensland_Transport_Region,Loc_Main_Roads_Region,Loc_ABS_Statistical_Area_2,Loc_ABS_Statistical_Area_3,Loc_ABS_Statistical_Area_4,Loc_ABS_Remoteness,Loc_State_Electorate,Loc_Federal_Electorate,Crash_Controlling_Authority,Crash_Roadway_Feature,Crash_Traffic_Control,Crash_Speed_Limit,Crash_Road_Surface_Condition,Crash_Atmospheric_Condition,Crash_Lighting_Condition,Crash_Road_Horiz_Align,Crash_Road_Vert_Align,Crash_DCA_Code,Crash_DCA_Description,Crash_DCA_Group_Description,DCA_Key_Approach_Dir,Count_Casualty_Fatality,Count_Casualty_Hospitalised,Count_Casualty_MedicallyTreated,Count_Casualty_MinorInjury,Count_Casualty_Total,Count_Unit_Car,Count_Unit_Motorcycle_Moped,Count_Unit_Truck,Count_Unit_Bus,Count_Unit_Bicycle,Count_Unit_Pedestrian,Count_Unit_Other,
347130,Medical treatment,2021,May,Saturday,9,Rear-end,Multi-Vehicle,153.1195011,-26.80265145,Baldwin St,Bowman Rd,Caloundra Road,Caloundra,Sunshine Coast Region,4551,Caloundra,Sunshine Coast,North Coast,SEQ North,North Coast,Caloundra - Kings Beach,Caloundra,Sunshine Coast,Major Cities,Caloundra,Fisher,State-controlled,Intersection - T-Junction,No traffic control,60 km/h,Sealed - Dry,Clear,Daylight,Straight,Level,302,Veh'S Same Direction: Left Rear,Rear-end,E,0,0,1,0,1,2,0,0,0,0,0,0
347131,Hospitalisation,2021,May,Friday,19,Angle,Multi-Vehicle,153.0857661,-26.78283545,Caloundra Rd,Pierce Ave,Caloundra Road,Little Mountain,Sunshine Coast Region,4551,Caloundra,Sunshine Coast,North Coast,SEQ North,North Coast,Caloundra - West,Caloundra,Sunshine Coast,Major Cities,Kawana,Fisher,State-controlled,Intersection - Cross,Operating traffic lights,70 km/h,Sealed - Dry,Clear,Darkness - Lighted,Straight,Dip,101,Veh'S Adjacent Approach: Thru-Thru,Intersection from adjacent approaches,W,0,2,0,0,2,2,0,0,0,0,0,0
347132,Hospitalisation,2021,June,Monday,18,Angle,Multi-Vehicle,153.1258421,-26.80332445,Bowman Rd,Omrah Ave,,Caloundra,Sunshine Coast Region,4551,Caloundra,Sunshine Coast,North Coast,SEQ North,North Coast,Caloundra - Kings Beach,Caloundra,Sunshine Coast,Major Cities,Caloundra,Fisher,Locally-controlled,Intersection - T-Junction,Pedestrian crossing sign,60 km/h,Sealed - Dry,Clear,Darkness - Lighted,Straight,Level,408,Veh'S Manoeuvring: Entering From Footway,Vehicle leaving driveway,S,0,1,0,0,1,1,0,0,0,1,0,0
347133,Medical treatment,2021,June,Saturday,17,Angle,Multi-Vehicle,153.1041331,-26.79427445,Caloundra Rd,Sydal St,Caloundra Road,Little Mountain,Sunshine Coast Region,4551,Caloundra,Sunshine Coast,North Coast,SEQ North,North Coast,Caloundra - West,Caloundra,Sunshine Coast,Major Cities,Kawana,Fisher,State-controlled,Intersection - T-Junction,No traffic control,70 km/h,Sealed - Dry,Clear,Darkness - Lighted,Curved - view open,Grade,202,Veh'S Opposite Approach: Thru-Right,Opposing vehicles turning,E,0,0,1,1,2,2,0,0,0,0,0,0
347134,Minor injury,2021,June,Saturday,15,Hit pedestrian,Hit pedestrian,153.1287461,-26.77344545,Buderim St,,,Currimundi,Sunshine Coast Region,4551,Caloundra,Sunshine Coast,North Coast,SEQ North,North Coast,Aroona - Currimundi,Caloundra,Sunshine Coast,Major Cities,Kawana,Fisher,Locally-controlled,No Roadway Feature,No traffic control,60 km/h,Sealed - Dry,Clear,Daylight,Curved - view open,Level,1,Ped'N: Near Side Vehicle Hit From Right,Pedestrian,W,0,0,0,1,1,1,0,0,0,0,1,0
347180,Hospitalisation,2021,January,Saturday,11,Angle,Multi-Vehicle,153.0357,-27.50359345,Emperor St,Juliette St,,Annerley,Brisbane City,4103,Annerley,South Brisbane,Brisbane,SEQ South,Metropolitan,Annerley,Holland Park - Yeronga,Brisbane - South,Major Cities,South Brisbane,Moreton,Locally-controlled,Intersection - Cross,Give way sign,60 km/h,Sealed - Dry,Clear,Daylight,Straight,Crest,101,Veh'S Adjacent Approach: Thru-Thru,Intersection from adjacent approaches,S,0,2,0,1,3,2,0,0,0,0,0,0
347181,Minor injury,2021,January,Monday,14,Rear-end,Multi-Vehicle,153.025616,-27.52213345,Ipswich Rd,School Rd,,Annerley,Brisbane City,4103,Moorooka,South Brisbane,Brisbane,SEQ South,Metropolitan,Yeronga,Holland Park - Yeronga,Brisbane - South,Major Cities,Miller,Moreton,Locally-controlled,Intersection - Cross,Operating traffic lights,60 km/h,Sealed - Dry,Clear,Daylight,Straight,Level,301,Veh'S Same Direction: Rear End,Rear-end,S,0,0,0,1,1,1,0,1,0,0,0,0
347182,Medical treatment,2021,January,Monday,9,Sideswipe,Multi-Vehicle,153.03201,-27.50661945,Annerley Rd,,,Annerley,Brisbane City,4103,Annerley,South Brisbane,Brisbane,SEQ South,Metropolitan,Annerley,Holland Park - Yeronga,Brisbane - South,Major Cities,South Brisbane,Moreton,Locally-controlled,No Roadway Feature,No traffic control,60 km/h,Sealed - Dry,Clear,Daylight,Curved - view open,Level,401,Veh'S Manoeuvring: Leaving Parking,Vehicle leaving driveway,S,0,0,1,0,1,2,0,0,0,0,0,0
347183,Medical treatment,2021,January,Thursday,14,Angle,Multi-Vehicle,153.032859,-27.51268045,Ekibin Rd,Lambton St,,Annerley,Brisbane City,4103,Annerley,South Brisbane,Brisbane,SEQ South,Metropolitan,Annerley,Holland Park - Yeronga,Brisbane - South,Major Cities,Miller,Moreton,Locally-controlled,Intersection - Cross,Stop sign,0 - 50 km/h,Sealed - Dry,Clear,Daylight,Straight,Level,101,Veh'S Adjacent Approach: Thru-Thru,Intersection from adjacent approaches,N,0,0,1,1,2,2,0,0,0,0,0,0
347184,Hospitalisation,2021,January,Wednesday,8,Fall from vehicle,Single Vehicle,153.037133,-27.50136745,Cornwall St,King St,,Annerley,Brisbane City,4103,Dutton Park,South Brisbane,Brisbane,SEQ South,Metropolitan,Annerley,Holland Park - Yeronga,Brisbane - South,Major Cities,South Brisbane,Griffith,Locally-controlled,Intersection - T-Junction,Give way sign,60 km/h,Sealed - Dry,Clear,Daylight,Straight,Level,102,Veh'S Adjacent Approach: Right-Thru,Intersection from adjacent approaches,N,0,1,0,0,1,1,1,0,0,0,0,0
347185,Hospitalisation,2021,February,Tuesday,11,Hit object,Single Vehicle,153.041734,-27.51348645,South East Arterial Rd,,South-East Arterial Road (Pacific Motorway),Greenslopes,Brisbane City,4120,Coorparoo,South Brisbane,Brisbane,SEQ South,Metropolitan,Greenslopes,Holland Park - Yeronga,Brisbane - South,Major Cities,Greenslopes,Griffith,State-controlled,No Roadway Feature,No traffic control,100 - 110 km/h,Sealed - Wet,Raining,Daylight,Curved - view open,Level,804,Off Path-Curve: Off Cway Lt Bend Hit Obj,Off carriageway on curve hit object,E,0,1,0,0,1,1,0,0,0,0,0,0
347186,Medical treatment,2021,February,Sunday,7,Hit parked vehicle,Single Vehicle,153.029901,-27.50154545,Annerley Rd,,,Annerley,Brisbane City,4103,Annerley,South Brisbane,Brisbane,SEQ South,Metropolitan,Annerley,Holland Park - Yeronga,Brisbane - South,Major Cities,South Brisbane,Moreton,Locally-controlled,No Roadway Feature,No traffic control,60 km/h,Sealed - Dry,Clear,Darkness - Lighted,Straight,Level,601,Veh'S On Path: Parked,Hit parked vehicle,S,0,0,1,0,1,2,0,0,0,0,0,0
347187,Medical treatment,2021,February,Wednesday,17,Head-on,Multi-Vehicle,153.032309,-27.50474545,Annerley Rd,,,Annerley,Brisbane City,4103,Annerley,South Brisbane,Brisbane,SEQ South,Metropolitan,Annerley,Holland Park - Yeronga,Brisbane - South,Major Cities,South Brisbane,Moreton,Locally-controlled,No Roadway Feature,No traffic control,60 km/h,Sealed - Dry,Clear,Daylight,Curved - view obscured,Grade,201,Veh'S Opposite Approach: Head On,Head-on,N,0,0,1,1,2,3,0,0,0,0,0,0
347188,Minor injury,2021,February,Friday,14,Hit object,Single Vehicle,153.022136,-27.51135244,Byrnes St,Fairfield Rd,,Fairfield,Brisbane City,4103,Annerley,South Brisbane,Brisbane,SEQ South,Metropolitan,Fairfield - Dutton Park,Holland Park - Yeronga,Brisbane - South,Major Cities,Miller,Moreton,Locally-controlled,Intersection - T-Junction,No traffic control,60 km/h,Sealed - Dry,Clear,Daylight,Straight,Level,703,Off Path-Straight: Left Off Cway Hit Obj,Off carriageway on straight hit object,N,0,0,0,1,1,1,0,0,0,1,0,0
347189,Medical treatment,2021,February,Thursday,7,Angle,Multi-Vehicle,153.038905,-27.51506845,Ekibin Rd E,Waterton St,,Tarragindi,Brisbane City,4121,Annerley,South Brisbane,Brisbane,SEQ South,Metropolitan,Annerley,Holland Park - Yeronga,Brisbane - South,Major Cities,Miller,Moreton,Locally-controlled,Intersection - T-Junction,Give way sign,60 km/h,Sealed - Dry,Clear,Daylight,Straight,Level,408,Veh'S Manoeuvring: Entering From Footway,Vehicle leaving driveway,N,0,0,1,0,1,1,0,0,0,1,0,0
347190,Medical treatment,2021,February,Thursday,10,Sideswipe,Multi-Vehicle,153.038706,-27.50405645,Duke St,Juliette St,South-East Arterial Road (Pacific Motorway),Annerley,Brisbane City,4103,Annerley,South Brisbane,Brisbane,SEQ South,Metropolitan,Annerley,Holland Park - Yeronga,Brisbane - South,Major Cities,South Brisbane,Moreton,State-controlled,Intersection - Cross,Operating traffic lights,60 km/h,Sealed - Dry,Clear,Daylight,Straight,Level,305,Veh'S Same Direction: Lane Side Swipe,Lane changes,N,0,0,1,0,1,2,0,0,0,0,0,0
347191,Hospitalisation,2021,February,Saturday,8,Angle,Multi-Vehicle,153.035619,-27.51458145,Real St,Waterton St,,Annerley,Brisbane City,4103,Annerley,South Brisbane,Brisbane,SEQ South,Metropolitan,Annerley,Holland Park - Yeronga,Brisbane - South,Major Cities,Miller,Moreton,Locally-controlled,Intersection - T-Junction,No traffic control,60 km/h,Sealed - Dry,Clear,Daylight,Straight,Level,104,Veh'S Adjacent Approach: Thru-Right,Intersection from adjacent approaches,E,0,1,0,0,1,1,1,0,0,0,0,0
347192,Hospitalisation,2021,March,Wednesday,9,Hit parked vehicle,Single Vehicle,153.03322,-27.50296103,Young St,,,Annerley,Brisbane City,4103,Annerley,South Brisbane,Brisbane,SEQ South,Metropolitan,Annerley,Holland Park - Yeronga,Brisbane - South,Major Cities,South Brisbane,Moreton,Locally-controlled,No Roadway Feature,No traffic control,0 - 50 km/h,Sealed - Dry,Clear,Daylight,Straight,Crest,601,Veh'S On Path: Parked,Hit parked vehicle,W,0,1,0,0,1,2,0,0,0,0,0,0
347193,Medical treatment,2021,March,Friday,14,Rear-end,Multi-Vehicle,153.034331,-27.50482128,Ipswich Rd,,,Annerley,Brisbane City,4103,Annerley,South Brisbane,Brisbane,SEQ South,Metropolitan,Annerley,Holland Park - Yeronga,Brisbane - South,Major Cities,South Brisbane,Moreton,Locally-controlled,No Roadway Feature,No traffic control,60 km/h,Sealed - Dry,Clear,Daylight,Straight,Crest,301,Veh'S Same Direction: Rear End,Rear-end,N,0,0,1,1,2,2,0,0,0,0,0,0
347194,Medical treatment,2021,March,Friday,19,Angle,Multi-Vehicle,153.019624,-27.51415744,Fairfield Rd,Hyde Rd,,Yeronga,Brisbane City,4104,Annerley,South Brisbane,Brisbane,SEQ South,Metropolitan,Yeronga,Holland Park - Yeronga,Brisbane - South,Major Cities,Miller,Moreton,Locally-controlled,Intersection - T-Junction,Operating traffic lights,60 km/h,Sealed - Dry,Clear,Darkness - Lighted,Straight,Dip,202,Veh'S Opposite Approach: Thru-Right,Opposing vehicles turning,S,0,0,1,1,2,2,0,0,0,1,0,0
347195,Medical treatment,2021,March,Saturday,5,Rear-end,Multi-Vehicle,153.0349769,-27.50118299,Ipswich Rd,,,Annerley,Brisbane City,4103,Annerley,South Brisbane,Brisbane,SEQ South,Metropolitan,Annerley,Holland Park - Yeronga,Brisbane - South,Major Cities,South Brisbane,Moreton,Locally-controlled,No Roadway Feature,No traffic control,60 km/h,Sealed - Wet,Raining,Dawn/Dusk,Straight,Level,303,Veh'S Same Direction: Right Rear,Rear-end,,0,0,2,0,2,3,0,0,0,0,0,0
347196,Hospitalisation,2021,March,Monday,8,Hit pedestrian,Hit pedestrian,153.026612,-27.52079845,Ipswich Rd,,,Annerley,Brisbane City,4103,Annerley,South Brisbane,Brisbane,SEQ South,Metropolitan,Yeronga,Holland Park - Yeronga,Brisbane - South,Major Cities,Miller,Moreton,Locally-controlled,No Roadway Feature,No traffic control,60 km/h,Sealed - Wet,Raining,Daylight,Straight,Level,3,Ped'N: Far Side Vehicle Hit From Left,Pedestrian,N,0,1,0,0,1,1,0,0,0,0,1,0
347197,Minor injury,2021,March,Monday,22,Rear-end,Multi-Vehicle,153.042013,-27.51358045,South East Arterial Rd,,South-East Arterial Road (Pacific Motorway),Greenslopes,Brisbane City,4120,Coorparoo,South Brisbane,Brisbane,SEQ South,Metropolitan,Greenslopes,Holland Park - Yeronga,Brisbane - South,Major Cities,Greenslopes,Griffith,State-controlled,No Roadway Feature,No traffic control,100 - 110 km/h,Sealed - Wet,Raining,Darkness - Lighted,Curved - view open,Level,301,Veh'S Same Direction: Rear End,Rear-end,E,0,0,0,2,2,3,0,0,0,0,0,0
347198,Hospitalisation,2021,March,Tuesday,12,Sideswipe,Multi-Vehicle,153.038508,-27.50830245,Pacific Hwy,South East Arterial Rd,South-East Arterial Road (Pacific Motorway),Greenslopes,Brisbane City,4120,Annerley,South Brisbane,Brisbane,SEQ South,Metropolitan,Annerley,Holland Park - Yeronga,Brisbane - South,Major Cities,South Brisbane,Moreton,State-controlled,Intersection - Interchange,No traffic control,100 - 110 km/h,Sealed - Wet,Raining,Daylight,Curved - view open,Level,300,Veh'S Same Direction: Other,Other,N,0,1,1,0,2,2,0,0,0,0,0,0
347199,Hospitalisation,2021,March,Sunday,17,Fall from vehicle,Single Vehicle,153.02807,-27.51487545,Somervell Rd,Tamworth St,,Annerley,Brisbane City,4103,Annerley,South Brisbane,Brisbane,SEQ South,Metropolitan,Annerley,Holland Park - Yeronga,Brisbane - South,Major Cities,Miller,Moreton,Locally-controlled,Intersection - Cross,Give way sign,0 - 50 km/h,Sealed - Dry,Clear,Daylight,Straight,Grade,303,Veh'S Same Direction: Right Rear,Rear-end,W,0,1,0,0,1,1,1,0,0,0,0,0
347200,Hospitalisation,2021,March,Wednesday,8,Angle,Multi-Vehicle,153.036159,-27.50643745,King St,Victoria Tce,,Annerley,Brisbane City,4103,Annerley,South Brisbane,Brisbane,SEQ South,Metropolitan,Annerley,Holland Park - Yeronga,Brisbane - South,Major Cities,South Brisbane,Moreton,Locally-controlled,Intersection - T-Junction,Give way sign,0 - 50 km/h,Sealed - Dry,Clear,Daylight,Straight,Level,101,Veh'S Adjacent Approach: Thru-Thru,Intersection from adjacent approaches,W,0,1,0,0,1,1,1,0,0,0,0,0
347201,Hospitalisation,2021,April,Thursday,7,Angle,Multi-Vehicle,153.038706,-27.50405645,Duke St,Juliette St,South-East Arterial Road (Pacific Motorway),Annerley,Brisbane City,4103,Annerley,South Brisbane,Brisbane,SEQ South,Metropolitan,Annerley,Holland Park - Yeronga,Brisbane - South,Major Cities,South Brisbane,Moreton,State-controlled,Intersection - Cross,Operating traffic lights,60 km/h,Sealed - Dry,Clear,Daylight,Straight,Level,101,Veh'S Adjacent Approach: Thru-Thru,Intersection from adjacent approaches,W,0,1,0,0,1,1,1,0,0,0,0,0
347202,Minor injury,2021,April,Wednesday,6,Rear-end,Multi-Vehicle,153.016263,-27.50592744,Brisbane Corso,,,Yeronga,Brisbane City,4104,Annerley,South Brisbane,Brisbane,SEQ South,Metropolitan,Yeronga,Holland Park - Yeronga,Brisbane - South,Major Cities,Miller,Moreton,Locally-controlled,No Roadway Feature,No traffic control,60 km/h,Sealed - Dry,Clear,Dawn/Dusk,Straight,Level,301,Veh'S Same Direction: Rear End,Rear-end,E,0,0,0,2,2,0,0,0,0,3,0,0
347203,Hospitalisation,2021,April,Wednesday,20,Rear-end,Multi-Vehicle,153.030765,-27.51458445,Ipswich Rd,,,Annerley,Brisbane City,4103,Annerley,South Brisbane,Brisbane,SEQ South,Metropolitan,Annerley,Holland Park - Yeronga,Brisbane - South,Major Cities,Miller,Moreton,Locally-controlled,No Roadway Feature,No traffic control,0 - 50 km/h,Sealed - Dry,Clear,Darkness - Lighted,Straight,Level,301,Veh'S Same Direction: Rear End,Rear-end,S,0,1,0,0,1,2,0,0,0,0,0,0
347204,Hospitalisation,2021,April,Friday,17,Hit pedestrian,Hit pedestrian,153.032873,-27.50986245,Annerley Rd,Ipswich Rd,,Annerley,Brisbane City,4103,Annerley,South Brisbane,Brisbane,SEQ South,Metropolitan,Annerley,Holland Park - Yeronga,Brisbane - South,Major Cities,Miller,Moreton,Locally-controlled,Intersection - T-Junction,Operating traffic lights,0 - 50 km/h,Sealed - Dry,Clear,Daylight,Straight,Level,3,Ped'N: Far Side Vehicle Hit From Left,Pedestrian,S,0,1,0,0,1,1,0,0,0,0,1,0
347205,Medical treatment,2021,April,Wednesday,16,Angle,Multi-Vehicle,153.033871,-27.51283345,Ekibin Rd,Lothian St,,Annerley,Brisbane City,4103,Annerley,South Brisbane,Brisbane,SEQ South,Metropolitan,Annerley,Holland Park - Yeronga,Brisbane - South,Major Cities,Miller,Moreton,Locally-controlled,Intersection - Cross,Stop sign,60 km/h,Sealed - Dry,Clear,Daylight,Straight,Grade,101,Veh'S Adjacent Approach: Thru-Thru,Intersection from adjacent approaches,S,0,0,1,0,1,2,0,0,0,0,0,0
347206,Medical treatment,2021,April,Friday,15,Hit object,Single Vehicle,153.0408344,-27.51296333,Pacific Hwy,,South-East Arterial Road (Pacific Motorway),Greenslopes,Brisbane City,4120,Annerley,South Brisbane,Brisbane,SEQ South,Metropolitan,Annerley,Holland Park - Yeronga,Brisbane - South,Major Cities,Greenslopes,Moreton,State-controlled,No Roadway Feature,No traffic control,100 - 110 km/h,Sealed - Wet,Clear,Daylight,Curved - view obscured,Level,803,Off Path-Curve: Off Cway Rt Bend Hit Obj,Off carriageway on curve hit object,N,0,0,1,0,1,1,0,0,0,0,0,0
347207,Minor injury,2021,May,Sunday,5,Hit parked vehicle,Single Vehicle,153.036326,-27.51466045,Waterton St,,,Annerley,Brisbane City,4103,Annerley,South Brisbane,Brisbane,SEQ South,Metropolitan,Annerley,Holland Park - Yeronga,Brisbane - South,Major Cities,Miller,Moreton,Locally-controlled,No Roadway Feature,No traffic control,0 - 50 km/h,Sealed - Wet,Clear,Darkness - Lighted,Straight,Dip,703,Off Path-Straight: Left Off Cway Hit Obj,Off carriageway on straight hit object,E,0,0,0,1,1,4,0,0,0,0,0,0
347208,Hospitalisation,2021,May,Tuesday,15,Angle,Multi-Vehicle,153.033871,-27.51283345,Ekibin Rd,Lothian St,,Annerley,Brisbane City,4103,Annerley,South Brisbane,Brisbane,SEQ South,Metropolitan,Annerley,Holland Park - Yeronga,Brisbane - South,Major Cities,Miller,Moreton,Locally-controlled,Intersection - Cross,Stop sign,0 - 50 km/h,Sealed - Dry,Clear,Daylight,Straight,Level,101,Veh'S Adjacent Approach: Thru-Thru,Intersection from adjacent approaches,S,0,2,0,0,2,2,0,0,0,0,0,0
347209,Medical treatment,2021,May,Wednesday,11,Head-on,Multi-Vehicle,153.011149,-27.51092744,Hyde Rd,Lily Ave,,Yeronga,Brisbane City,4104,Annerley,South Brisbane,Brisbane,SEQ South,Metropolitan,Yeronga,Holland Park - Yeronga,Brisbane - South,Major Cities,Miller,Moreton,Locally-controlled,Intersection - T-Junction,No traffic control,60 km/h,Sealed - Wet,Raining,Daylight,Straight,Dip,501,Veh'S Overtaking: Head On,Head-on,E,0,0,2,0,2,2,0,0,0,0,0,0
347210,Hospitalisation,2021,May,Tuesday,16,Sideswipe,Multi-Vehicle,153.0192762,-27.51429103,Fairfield Rd,,,Yeronga,Brisbane City,4104,Annerley,South Brisbane,Brisbane,SEQ South,Metropolitan,Yeronga,Holland Park - Yeronga,Brisbane - South,Major Cities,Miller,Moreton,Locally-controlled,No Roadway Feature,No traffic control,60 km/h,Sealed - Dry,Clear,Daylight,Straight,Level,604,Veh'S On Path: Car Door,Hit parked vehicle,N,0,1,0,0,1,1,1,0,0,0,0,0
347211,Hospitalisation,2021,May,Thursday,5,Angle,Multi-Vehicle,153.013437,-27.50583844,Brisbane Corso,,,Yeronga,Brisbane City,4104,Annerley,South Brisbane,Brisbane,SEQ South,Metropolitan,Yeronga,Holland Park - Yeronga,Brisbane - South,Major Cities,Miller,Moreton,Locally-controlled,No Roadway Feature,No traffic control,60 km/h,Sealed - Dry,Clear,Dawn/Dusk,Straight,Level,401,Veh'S Manoeuvring: Leaving Parking,Vehicle leaving driveway,E,0,1,0,0,1,1,0,0,0,1,0,0
347212,Medical treatment,2021,May,Wednesday,12,Hit parked vehicle,Single Vehicle,153.0234906,-27.5018391,Brisbane Corso,,,Fairfield,Brisbane City,4103,Annerley,South Brisbane,Brisbane,SEQ South,Metropolitan,Fairfield - Dutton Park,Holland Park - Yeronga,Brisbane - South,Major Cities,Miller,Moreton,Locally-controlled,No Roadway Feature,No traffic control,0 - 50 km/h,Sealed - Dry,Clear,Daylight,Straight,Level,604,Veh'S On Path: Car Door,Hit parked vehicle,N,0,0,1,0,1,1,0,0,0,1,0,0
347213,Medical treatment,2021,May,Sunday,15,Head-on,Multi-Vehicle,153.0329486,-27.50071425,Cornwall St,,,Annerley,Brisbane City,4103,Dutton Park,South Brisbane,Brisbane,SEQ South,Metropolitan,Annerley,Holland Park - Yeronga,Brisbane - South,Major Cities,South Brisbane,Moreton,Locally-controlled,No Roadway Feature,No traffic control,60 km/h,Sealed - Dry,Clear,Daylight,Straight,Grade,200,Veh'S Opposite Approach: Other,Other,E,0,0,2,0,2,2,0,0,0,0,0,0
347214,Hospitalisation,2021,May,Monday,13,Sideswipe,Multi-Vehicle,153.031777,-27.50201745,Carville St,,,Annerley,Brisbane City,4103,Annerley,South Brisbane,Brisbane,SEQ South,Metropolitan,Annerley,Holland Park - Yeronga,Brisbane - South,Major Cities,South Brisbane,Moreton,Locally-controlled,No Roadway Feature,No traffic control,0 - 50 km/h,Sealed - Dry,Clear,Daylight,Straight,Dip,305,Veh'S Same Direction: Lane Side Swipe,Lane changes,W,0,2,0,0,2,4,0,0,0,0,0,0
347215,Medical treatment,2021,May,Monday,15,Rear-end,Multi-Vehicle,153.029186,-27.51825345,Ipswich Rd,Villa St,,Annerley,Brisbane City,4103,Annerley,South Brisbane,Brisbane,SEQ South,Metropolitan,Annerley,Holland Park - Yeronga,Brisbane - South,Major Cities,Miller,Moreton,Locally-controlled,Intersection - Cross,Operating traffic lights,60 km/h,Sealed - Dry,Clear,Daylight,Straight,Level,301,Veh'S Same Direction: Rear End,Rear-end,N,0,0,1,0,1,2,0,0,0,0,0,0
347216,Hospitalisation,2021,June,Monday,17,Hit pedestrian,Hit pedestrian,153.031435,-27.51273645,Ipswich Rd,,,Annerley,Brisbane City,4103,Annerley,South Brisbane,Brisbane,SEQ South,Metropolitan,Annerley,Holland Park - Yeronga,Brisbane - South,Major Cities,Miller,Moreton,Locally-controlled,No Roadway Feature,No traffic control,0 - 50 km/h,Sealed - Dry,Clear,Daylight,Straight,Level,3,Ped'N: Far Side Vehicle Hit From Left,Pedestrian,S,0,1,0,0,1,1,0,0,0,0,1,0
347217,Minor injury,2021,June,Friday,10,Hit parked vehicle,Single Vehicle,153.028809,-27.51617845,Taunton St,,,Annerley,Brisbane City,4103,Annerley,South Brisbane,Brisbane,SEQ South,Metropolitan,Annerley,Holland Park - Yeronga,Brisbane - South,Major Cities,Miller,Moreton,Locally-controlled,No Roadway Feature,No traffic control,0 - 50 km/h,Sealed - Wet,Clear,Daylight,Straight,Dip,601,Veh'S On Path: Parked,Hit parked vehicle,E,0,0,0,1,1,2,0,0,0,0,0,0
347315,Hospitalisation,2021,January,Friday,14,Head-on,Multi-Vehicle,152.6695043,-27.70573639,Cunningham Hwy,,Cunningham Highway (Ipswich - Warwick),Willowbank,Ipswich City,4306,Yamanto,Ipswich,Southern,SEQ South,Metropolitan,Rosewood,Ipswich Hinterland,Ipswich,Major Cities,Scenic Rim,Blair,State-controlled,No Roadway Feature,No traffic control,100 - 110 km/h,Sealed - Dry,Clear,Daylight,Straight,Level,201,Veh'S Opposite Approach: Head On,Head-on,N,0,1,1,0,2,2,0,0,0,0,0,0
347316,Hospitalisation,2021,January,Wednesday,4,Head-on,Multi-Vehicle,152.6030151,-27.5262814,Larkhill-Boundary Rd,Strasburgs Rd,,Lark Hill,Somerset Region,4306,Marburg,Ipswich,Southern,SEQ North,North Coast,Lowood,Ipswich Hinterland,Ipswich,Inner Regional,Lockyer,Blair,Locally-controlled,Intersection - T-Junction,No traffic control,80 - 90 km/h,Unsealed - Dry,Clear,Darkness - Lighted,Straight,Crest,201,Veh'S Opposite Approach: Head On,Head-on,E,0,2,0,0,2,2,0,0,0,0,0,0
347317,Minor injury,2021,January,Friday,7,Overturned,Single Vehicle,152.707118,-27.79738242,Warrill View - Peak Crossing Rd,,Warrill View - Peak Crossing Road,Peak Crossing,Scenic Rim Region,4306,Harrisville,Ipswich,Southern,SEQ South,South Coast,Boonah,Ipswich Hinterland,Ipswich,Inner Regional,Scenic Rim,Wright,State-controlled,No Roadway Feature,No traffic control,100 - 110 km/h,Sealed - Dry,Clear,Daylight,Curved - view open,Level,801,Off Path-Curve: Off Cway Right Bend,Off carriageway on curve,N,0,0,0,1,1,1,0,0,0,0,0,0
347318,Medical treatment,2021,January,Monday,17,Sideswipe,Multi-Vehicle,152.649833,-27.77101341,Coleyville Rd,Cunningham Hwy,,Mutdapilly,Scenic Rim Region,4307,Harrisville,Ipswich,Southern,SEQ South,South Coast,Boonah,Ipswich Hinterland,Ipswich,Inner Regional,Scenic Rim,Wright,Not coded,Intersection - Cross,No traffic control,100 - 110 km/h,Sealed - Wet,Raining,Dawn/Dusk,Straight,Crest,303,Veh'S Same Direction: Right Rear,Rear-end,,0,0,1,0,1,1,0,1,0,0,0,0
347319,Minor injury,2021,January,Monday,7,Rear-end,Multi-Vehicle,152.716853,-27.66028742,Cunningham Hwy,,Cunningham Highway (Ipswich - Warwick),Purga,Ipswich City,4306,Yamanto,Ipswich,Southern,SEQ South,Metropolitan,Rosewood,Ipswich Hinterland,Ipswich,Major Cities,Scenic Rim,Blair,State-controlled,No Roadway Feature,No traffic control,100 - 110 km/h,Sealed - Dry,Clear,Daylight,Straight,Level,301,Veh'S Same Direction: Rear End,Rear-end,E,0,0,0,1,1,2,0,0,0,0,0,0
347320,Hospitalisation,2021,January,Friday,18,Angle,Multi-Vehicle,152.6755101,-27.52877641,Brisbane Valley Hwy,Glamorgan Vale Rd,Brisbane Valley Highway (Ipswich - Harlin),Wanora,Somerset Region,4306,Marburg,Ipswich,Southern,SEQ North,North Coast,Lowood,Ipswich Hinterland,Ipswich,Inner Regional,Lockyer,Blair,State-controlled,Intersection - T-Junction,Give way sign,100 - 110 km/h,Sealed - Dry,Clear,Daylight,Straight,Level,104,Veh'S Adjacent Approach: Thru-Right,Intersection from adjacent approaches,N,0,1,0,0,1,2,0,0,0,0,0,0