Crash_Severity,Crash_Year,Crash_Month,Crash_Day_Of_Week,Crash_Hour,Crash_Nature,Crash_Type,Crash_Longitude,Crash_Latitude,Crash_Street,Crash_Street_Intersecting,State_Road_Name,Loc_Suburb,Loc_Local_Government_Area,Loc_Post_Code,Loc_Police_Division,Loc_Police_District,Loc_Police_Region,Loc_Queensland_Transport_Region,Loc_Main_Roads_Region,Loc_ABS_Statistical_Area_2,Loc_ABS_Statistical_Area_3,Loc_ABS_Statistical_Area_4,Loc_ABS_Remoteness,Loc_State_Electorate,Loc_Federal_Electorate,Crash_Controlling_Authority,Crash_Roadway_Feature,Crash_Traffic_Control,Crash_Speed_Limit,Crash_Road_Surface_Condition,Crash_Atmospheric_Condition,Crash_Lighting_Condition,Crash_Road_Horiz_Align,Crash_Road_Vert_Align,Crash_DCA_Code,Crash_DCA_Description,Crash_DCA_Group_Description,DCA_Key_Approach_Dir,Count_Casualty_Fatality,Count_Casualty_Hospitalised,Count_Casualty_MedicallyTreated,Count_Casualty_MinorInjury,Count_Casualty_Total,Count_Unit_Car,Count_Unit_Motorcycle_Moped,Count_Unit_Truck,Count_Unit_Bus,Count_Unit_Bicycle,Count_Unit_Pedestrian,Count_Unit_Other,
347321,Hospitalisation,2021,January,Friday,19,Head-on,Multi-Vehicle,152.715996,-27.66018442,Cunningham Hwy,Middle Rd,Cunningham Highway (Ipswich - Warwick),Purga,Ipswich City,4306,Yamanto,Ipswich,Southern,SEQ South,Metropolitan,Rosewood,Ipswich Hinterland,Ipswich,Major Cities,Scenic Rim,Blair,State-controlled,Intersection - T-Junction,No traffic control,80 - 90 km/h,Sealed - Dry,Clear,Darkness - Not lighted,Straight,Level,207,Veh'S Opposite Approach: U-Turn,U-turn,E,0,1,0,0,1,1,0,1,0,0,0,0
347322,Medical treatment,2021,January,Sunday,19,Angle,Multi-Vehicle,152.6278271,-27.50917041,Glamorgan Vale Rd,,,Glamorgan Vale,Somerset Region,4306,Marburg,Ipswich,Southern,SEQ North,North Coast,Lowood,Ipswich Hinterland,Ipswich,Inner Regional,Lockyer,Blair,Locally-controlled,No Roadway Feature,No traffic control,60 km/h,Sealed - Dry,Clear,Darkness - Not lighted,Straight,Level,506,Veh'S Overtaking: Overtake-Right Turn,Overtaking same direction,E,0,0,1,0,1,2,0,0,0,0,0,0
347323,Medical treatment,2021,January,Tuesday,9,Angle,Multi-Vehicle,152.775912,-27.65282442,Reif St,Ripley Rd,,Flinders View,Ipswich City,4305,Yamanto,Ipswich,Southern,SEQ South,Metropolitan,Raceview,Ipswich Inner,Ipswich,Major Cities,Ipswich,Blair,Locally-controlled,Intersection - Cross,Operating traffic lights,60 km/h,Sealed - Dry,Clear,Daylight,Straight,Level,101,Veh'S Adjacent Approach: Thru-Thru,Intersection from adjacent approaches,E,0,0,1,0,1,2,0,0,0,0,0,0
347324,Hospitalisation,2021,January,Wednesday,12,Rear-end,Multi-Vehicle,152.738561,-27.66308342,Cunningham Hwy,Warwick Rd,Ipswich - Cunningham Hwy Connection Road,Yamanto,Ipswich City,4305,Yamanto,Ipswich,Southern,SEQ South,Metropolitan,Churchill - Yamanto,Ipswich Inner,Ipswich,Major Cities,Ipswich West,Blair,State-controlled,Intersection - Interchange,No traffic control,70 km/h,Sealed - Dry,Clear,Daylight,Straight,Level,302,Veh'S Same Direction: Left Rear,Rear-end,N,0,1,0,0,1,2,0,0,0,0,0,0
347325,Hospitalisation,2021,January,Thursday,8,Hit object,Single Vehicle,152.737793,-27.70629542,Ipswich - Boonah Rd,,Ipswich - Boonah Road,Purga,Ipswich City,4306,Yamanto,Ipswich,Southern,SEQ South,Metropolitan,Rosewood,Ipswich Hinterland,Ipswich,Major Cities,Scenic Rim,Blair,State-controlled,No Roadway Feature,No traffic control,100 - 110 km/h,Sealed - Dry,Clear,Daylight,Straight,Level,803,Off Path-Curve: Off Cway Rt Bend Hit Obj,Off carriageway on curve hit object,N,0,2,0,0,2,1,0,0,0,0,0,0
347326,Hospitalisation,2021,January,Friday,19,Angle,Multi-Vehicle,152.708372,-27.65902841,Cunningham Hwy,,Cunningham Highway (Ipswich - Warwick),Purga,Ipswich City,4306,Yamanto,Ipswich,Southern,SEQ South,Metropolitan,Rosewood,Ipswich Hinterland,Ipswich,Major Cities,Scenic Rim,Blair,State-controlled,No Roadway Feature,No traffic control,80 - 90 km/h,Sealed - Dry,Clear,Darkness - Lighted,Straight,Level,406,Veh'S Manoeuvring: Leaving Driveway,Vehicle leaving driveway,E,0,1,0,0,1,2,0,0,0,0,0,0
347327,Medical treatment,2021,February,Tuesday,9,Hit object,Single Vehicle,152.5790941,-27.6168284,Rosewood - Marburg Rd,,Rosewood - Marburg Road,Rosewood,Ipswich City,4340,Rosewood,Ipswich,Southern,SEQ South,Metropolitan,Rosewood,Ipswich Hinterland,Ipswich,Inner Regional,Ipswich West,Blair,State-controlled,No Roadway Feature,No traffic control,80 - 90 km/h,Sealed - Wet,Raining,Daylight,Curved - view open,Dip,804,Off Path-Curve: Off Cway Lt Bend Hit Obj,Off carriageway on curve hit object,S,0,0,1,0,1,1,0,0,0,0,0,0
347328,Medical treatment,2021,February,Thursday,8,Angle,Multi-Vehicle,152.6133391,-27.5667864,Seminary Rd,Warrego Hwy,Warrego Highway (Ipswich - Toowoomba),Haigslea,Ipswich City,4306,Marburg,Ipswich,Southern,SEQ South,Metropolitan,Rosewood,Ipswich Hinterland,Ipswich,Inner Regional,Ipswich West,Blair,State-controlled,Intersection - T-Junction,Give way sign,100 - 110 km/h,Sealed - Dry,Clear,Daylight,Straight,Grade,104,Veh'S Adjacent Approach: Thru-Right,Intersection from adjacent approaches,E,0,0,1,0,1,2,0,0,0,0,0,0
347329,Medical treatment,2021,February,Friday,9,Angle,Multi-Vehicle,152.738636,-27.66338242,Cunningham Hwy,Warwick Rd,Ipswich - Cunningham Hwy Connection Road,Yamanto,Ipswich City,4305,Yamanto,Ipswich,Southern,SEQ South,Metropolitan,Churchill - Yamanto,Ipswich Inner,Ipswich,Major Cities,Ipswich West,Blair,State-controlled,Intersection - Interchange,Operating traffic lights,70 km/h,Sealed - Dry,Clear,Daylight,Straight,Level,101,Veh'S Adjacent Approach: Thru-Thru,Intersection from adjacent approaches,E,0,0,1,0,1,1,0,1,0,0,0,0
347330,Medical treatment,2021,February,Saturday,16,Angle,Multi-Vehicle,152.6673771,-27.47641041,Brisbane Valley Hwy,Millar Rd,Brisbane Valley Highway (Ipswich - Harlin),Fairney View,Somerset Region,4306,Lowood,Ipswich,Southern,SEQ North,North Coast,Lowood,Ipswich Hinterland,Ipswich,Inner Regional,Lockyer,Blair,State-controlled,Intersection - Cross,No traffic control,100 - 110 km/h,Sealed - Dry,Clear,Daylight,Curved - view open,Level,506,Veh'S Overtaking: Overtake-Right Turn,Overtaking same direction,E,0,0,1,0,1,2,0,0,0,0,0,0
347331,Hospitalisation,2021,February,Tuesday,5,Head-on,Multi-Vehicle,152.5492238,-27.64959657,Rosewood - Laidley Rd,,Rosewood - Laidley Road,Lanefield,Ipswich City,4340,Rosewood,Ipswich,Southern,SEQ South,Metropolitan,Rosewood,Ipswich Hinterland,Ipswich,Inner Regional,Ipswich West,Blair,State-controlled,No Roadway Feature,No traffic control,100 - 110 km/h,Sealed - Dry,Clear,Dawn/Dusk,Straight,Level,201,Veh'S Opposite Approach: Head On,Head-on,W,0,1,0,0,1,1,1,0,0,0,0,0
347332,Hospitalisation,2021,February,Tuesday,5,Angle,Multi-Vehicle,152.6266181,-27.61953641,Karrabin - Rosewood Rd,Thagoona Haigslea Rd,Karrabin - Rosewood Road,Thagoona,Ipswich City,4306,Rosewood,Ipswich,Southern,SEQ South,Metropolitan,Rosewood,Ipswich Hinterland,Ipswich,Inner Regional,Ipswich West,Blair,State-controlled,Intersection - Cross,Give way sign,100 - 110 km/h,Sealed - Dry,Clear,Daylight,Straight,Level,101,Veh'S Adjacent Approach: Thru-Thru,Intersection from adjacent approaches,S,0,1,1,0,2,2,0,0,0,0,0,0
347333,Medical treatment,2021,February,Friday,21,Hit object,Single Vehicle,152.683379,-27.68131441,Cunningham Hwy,,Cunningham Highway (Ipswich - Warwick),Willowbank,Ipswich City,4306,Yamanto,Ipswich,Southern,SEQ South,Metropolitan,Rosewood,Ipswich Hinterland,Ipswich,Major Cities,Scenic Rim,Blair,State-controlled,Intersection - T-Junction,No traffic control,100 - 110 km/h,Sealed - Dry,Clear,Darkness - Not lighted,Curved - view open,Level,704,Off Path-Straight:Right Off Cway Hit Obj,Off carriageway on straight hit object,E,0,0,1,0,1,1,0,0,0,0,0,0
347334,Hospitalisation,2021,February,Wednesday,9,Angle,Multi-Vehicle,152.695456,-27.65784641,Cunningham Hwy,Ipswich - Rosewood Rd,Cunningham Highway (Ipswich - Warwick),Amberley,Ipswich City,4306,Yamanto,Ipswich,Southern,SEQ South,Metropolitan,Rosewood,Ipswich Hinterland,Ipswich,Major Cities,Scenic Rim,Blair,State-controlled,Intersection - T-Junction,No traffic control,80 - 90 km/h,Sealed - Dry,Clear,Daylight,Curved - view open,Level,202,Veh'S Opposite Approach: Thru-Right,Opposing vehicles turning,S,0,1,0,0,1,2,0,0,0,0,0,0
347335,Medical treatment,2021,February,Thursday,14,Rear-end,Multi-Vehicle,152.738282,-27.70838942,Ipswich - Boonah Rd,,Ipswich - Boonah Road,Purga,Ipswich City,4306,Yamanto,Ipswich,Southern,SEQ South,Metropolitan,Rosewood,Ipswich Hinterland,Ipswich,Major Cities,Scenic Rim,Blair,State-controlled,No Roadway Feature,No traffic control,100 - 110 km/h,Sealed - Dry,Clear,Daylight,Straight,Level,302,Veh'S Same Direction: Left Rear,Rear-end,N,0,0,1,0,1,2,0,0,0,0,0,0
347377,Hospitalisation,2021,January,Sunday,13,Sideswipe,Multi-Vehicle,149.1644511,-21.29137804,Bruce Hwy,,Bruce Highway (St Lawrence - Mackay),Balberra,Mackay Region,4740,Sarina,Mackay,Central,Central,Central Queensland,Walkerston - Eton,Mackay,Mackay - Isaac - Whitsunday,Outer Regional,Mirani,Capricornia,State-controlled,No Roadway Feature,No traffic control,100 - 110 km/h,Sealed - Wet,Clear,Daylight,Straight,Level,201,Veh'S Opposite Approach: Head On,Head-on,S,0,3,0,0,3,2,0,0,0,0,0,0
347378,Hospitalisation,2021,January,Sunday,21,Hit object,Single Vehicle,149.1788681,-21.12520004,Rockleigh - North Mackay Rd,,Rockleigh - North Mackay Road,North Mackay,Mackay Region,4740,Mackay,Mackay,Central,Central,Central Queensland,North Mackay,Mackay,Mackay - Isaac - Whitsunday,Inner Regional,Mackay,Dawson,State-controlled,Intersection - T-Junction,Operating traffic lights,60 km/h,Sealed - Dry,Clear,Darkness - Lighted,Straight,Level,700,Off Path-Straight: Other,Other,S,0,1,0,0,1,1,0,0,0,0,0,0
347379,Medical treatment,2021,January,Monday,15,Hit pedestrian,Hit pedestrian,149.1932171,-21.15231104,Evan St,Goldsmith St,,Mackay,Mackay Region,4740,Mackay,Mackay,Central,Central,Central Queensland,Mackay,Mackay,Mackay - Isaac - Whitsunday,Inner Regional,Mackay,Dawson,Locally-controlled,Intersection - Roundabout,Give way sign,60 km/h,Sealed - Dry,Clear,Daylight,Straight,Level,1,Ped'N: Near Side Vehicle Hit From Right,Pedestrian,W,0,0,1,0,1,1,0,0,0,1,0,0
347380,Hospitalisation,2021,January,Tuesday,14,Hit object,Single Vehicle,149.1929901,-21.17436304,Illawong Dr,,,South Mackay,Mackay Region,4740,Mackay,Mackay,Central,Central,Central Queensland,South Mackay,Mackay,Mackay - Isaac - Whitsunday,Inner Regional,Mackay,Dawson,Locally-controlled,No Roadway Feature,No traffic control,60 km/h,Sealed - Dry,Clear,Daylight,Straight,Level,703,Off Path-Straight: Left Off Cway Hit Obj,Off carriageway on straight hit object,N,0,1,0,0,1,1,0,0,0,0,0,0
347381,Medical treatment,2021,January,Wednesday,9,Angle,Multi-Vehicle,149.18041,-21.10943545,Glenpark St,,,Andergrove,Mackay Region,4740,Mackay Northern Beaches,Mackay,Central,Central,Central Queensland,Andergrove - Beaconsfield,Mackay,Mackay - Isaac - Whitsunday,Inner Regional,Mackay,Dawson,Locally-controlled,Intersection - Roundabout,Give way sign,60 km/h,Sealed - Wet,Clear,Daylight,Straight,Level,107,Veh'S Adjacent Approach: Thru-Left,Intersection from adjacent approaches,N,0,0,1,0,1,2,0,0,0,0,0,0
347382,Hospitalisation,2021,January,Thursday,5,Sideswipe,Multi-Vehicle,149.1802107,-21.11302763,Glenpark St,,,Andergrove,Mackay Region,4740,Mackay,Mackay,Central,Central,Central Queensland,North Mackay,Mackay,Mackay - Isaac - Whitsunday,Inner Regional,Mackay,Dawson,Locally-controlled,Bridge/Causeway,No traffic control,60 km/h,Sealed - Wet,Raining,Dawn/Dusk,Straight,Crest,201,Veh'S Opposite Approach: Head On,Head-on,S,0,1,0,0,1,2,0,0,0,0,0,0
347383,Hospitalisation,2021,January,Friday,16,Angle,Multi-Vehicle,149.1741041,-21.14593404,Nebo Rd,Shakespeare St,Bruce Highway (St Lawrence - Mackay),Mackay,Mackay Region,4740,Mackay,Mackay,Central,Central,Central Queensland,Mackay,Mackay,Mackay - Isaac - Whitsunday,Inner Regional,Mackay,Dawson,State-controlled,Intersection - Cross,Operating traffic lights,60 km/h,Sealed - Wet,Clear,Daylight,Straight,Level,202,Veh'S Opposite Approach: Thru-Right,Opposing vehicles turning,S,0,3,0,1,4,2,0,0,0,0,0,0
347384,Hospitalisation,2021,January,Wednesday,23,Hit object,Single Vehicle,149.1887159,-21.12996738,Mackay - Slade Point Rd,,Mackay - Slade Point Road,Cremorne,Mackay Region,4740,Mackay,Mackay,Central,Central,Central Queensland,North Mackay,Mackay,Mackay - Isaac - Whitsunday,Inner Regional,Mackay,Dawson,State-controlled,No Roadway Feature,No traffic control,60 km/h,Sealed - Dry,Clear,Darkness - Lighted,Curved - view open,Level,803,Off Path-Curve: Off Cway Rt Bend Hit Obj,Off carriageway on curve hit object,N,0,1,0,0,1,1,0,0,0,0,0,0
347385,Hospitalisation,2021,January,Thursday,12,Angle,Multi-Vehicle,149.1932171,-21.15231104,Evan St,Goldsmith St,,Mackay,Mackay Region,4740,Mackay,Mackay,Central,Central,Central Queensland,Mackay,Mackay,Mackay - Isaac - Whitsunday,Inner Regional,Mackay,Dawson,Locally-controlled,Intersection - Roundabout,Give way sign,60 km/h,Sealed - Dry,Clear,Daylight,Straight,Level,408,Veh'S Manoeuvring: Entering From Footway,Vehicle leaving driveway,N,0,1,0,0,1,1,0,0,0,1,0,0
347386,Hospitalisation,2021,January,Saturday,2,Fall from vehicle,Single Vehicle,149.1896771,-21.12872104,Mackay - Slade Point Rd,,Mackay - Slade Point Road,North Mackay,Mackay Region,4740,Mackay,Mackay,Central,Central,Central Queensland,North Mackay,Mackay,Mackay - Isaac - Whitsunday,Inner Regional,Mackay,Dawson,State-controlled,No Roadway Feature,No traffic control,60 km/h,Sealed - Dry,Clear,Darkness - Lighted,Straight,Level,805,Off Path-Curve: Out Of Control On Cway,Out of control on curve,N,0,1,0,0,1,0,1,0,0,0,0,0
347387,Hospitalisation,2021,January,Saturday,9,Angle,Multi-Vehicle,149.1680101,-21.15533404,Bridge Rd,Field St,,West Mackay,Mackay Region,4740,Mackay,Mackay,Central,Central,Central Queensland,West Mackay,Mackay,Mackay - Isaac - Whitsunday,Inner Regional,Mackay,Dawson,Locally-controlled,Intersection - Cross,Stop sign,60 km/h,Sealed - Dry,Clear,Daylight,Straight,Level,102,Veh'S Adjacent Approach: Right-Thru,Intersection from adjacent approaches,S,0,1,0,0,1,2,0,0,0,0,0,0
347388,Medical treatment,2021,January,Monday,14,Rear-end,Multi-Vehicle,149.1632921,-21.12896704,Bruce Hwy,Rockleigh - North Mackay Rd,Rockleigh - North Mackay Road,Mount Pleasant,Mackay Region,4740,Mackay,Mackay,Central,Central,Central Queensland,Mount Pleasant - Glenella,Mackay,Mackay - Isaac - Whitsunday,Inner Regional,Mackay,Dawson,State-controlled,Intersection - 5+ way,Operating traffic lights,80 - 90 km/h,Sealed - Dry,Clear,Daylight,Straight,Grade,303,Veh'S Same Direction: Right Rear,Rear-end,W,0,0,1,0,1,0,1,1,0,0,0,0
347389,Medical treatment,2021,January,Tuesday,11,Rear-end,Multi-Vehicle,149.1751812,-21.14609906,Shakespeare St,,,Mackay,Mackay Region,4740,Mackay,Mackay,Central,Central,Central Queensland,Mackay,Mackay,Mackay - Isaac - Whitsunday,Inner Regional,Mackay,Dawson,Locally-controlled,No Roadway Feature,No traffic control,60 km/h,Sealed - Dry,Clear,Daylight,Straight,Level,302,Veh'S Same Direction: Left Rear,Rear-end,E,0,0,1,0,1,2,0,0,0,0,0,0
347390,Hospitalisation,2021,January,Tuesday,16,Angle,Multi-Vehicle,149.2164981,-21.08011704,Lyrebird St,Magpie St,,Slade Point,Mackay Region,4740,Mackay,Mackay,Central,Central,Central Queensland,Slade Point,Mackay,Mackay - Isaac - Whitsunday,Inner Regional,Mackay,Dawson,Locally-controlled,Intersection - Cross,No traffic control,0 - 50 km/h,Sealed - Dry,Clear,Daylight,Straight,Level,101,Veh'S Adjacent Approach: Thru-Thru,Intersection from adjacent approaches,N,0,1,0,0,1,2,0,0,0,0,0,0
347391,Hospitalisation,2021,January,Friday,20,Rear-end,Multi-Vehicle,149.184701,-21.12387143,Malcomson St,,,North Mackay,Mackay Region,4740,Mackay,Mackay,Central,Central,Central Queensland,North Mackay,Mackay,Mackay - Isaac - Whitsunday,Inner Regional,Mackay,Dawson,Locally-controlled,No Roadway Feature,No traffic control,60 km/h,Sealed - Dry,Clear,Darkness - Lighted,Straight,Level,301,Veh'S Same Direction: Rear End,Rear-end,E,0,1,1,0,2,2,0,0,0,0,0,0
347392,Hospitalisation,2021,January,Saturday,16,Rear-end,Multi-Vehicle,149.1628851,-21.12890604,Bruce Hwy,Rockleigh - North Mackay Rd,Maraju - Yakapari Road,Mount Pleasant,Mackay Region,4740,Mackay,Mackay,Central,Central,Central Queensland,Mount Pleasant - Glenella,Mackay,Mackay - Isaac - Whitsunday,Inner Regional,Mackay,Dawson,State-controlled,Intersection - T-Junction,Give way sign,60 km/h,Sealed - Dry,Clear,Daylight,Straight,Level,302,Veh'S Same Direction: Left Rear,Rear-end,N,0,1,0,0,1,2,0,0,0,0,0,0
347393,Hospitalisation,2021,January,Sunday,5,Hit object,Single Vehicle,149.145792,-21.21426433,Bruce Hwy,,Bruce Highway (St Lawrence - Mackay),Bakers Creek,Mackay Region,4740,Mackay,Mackay,Central,Central,Central Queensland,Ooralea - Bakers Creek,Mackay,Mackay - Isaac - Whitsunday,Inner Regional,Mirani,Capricornia,State-controlled,Bridge/Causeway,No traffic control,80 - 90 km/h,Sealed - Dry,Clear,Dawn/Dusk,Curved - view open,Level,803,Off Path-Curve: Off Cway Rt Bend Hit Obj,Off carriageway on curve hit object,N,0,1,0,0,1,0,0,1,0,0,0,0
347394,Minor injury,2021,January,Sunday,6,Hit object,Single Vehicle,149.2026951,-21.15278504,Binnington Esp,Mulherin St,,East Mackay,Mackay Region,4740,Mackay,Mackay,Central,Central,Central Queensland,East Mackay,Mackay,Mackay - Isaac - Whitsunday,Inner Regional,Mackay,Dawson,Locally-controlled,Intersection - T-Junction,No traffic control,0 - 50 km/h,Sealed - Dry,Clear,Daylight,Straight,Level,808,Off Path-Curve: Mounts Traffic Island,Off carriageway on curve hit object,N,0,0,0,1,1,1,0,0,0,0,0,0
347395,Hospitalisation,2021,January,Monday,23,Hit object,Single Vehicle,149.1821931,-21.05887704,Donovan St,Whitehaven Dr,,Blacks Beach,Mackay Region,4740,Mackay Northern Beaches,Mackay,Central,Central,Central Queensland,Eimeo - Rural View,Mackay,Mackay - Isaac - Whitsunday,Inner Regional,Whitsunday,Dawson,Locally-controlled,Intersection - Roundabout,No traffic control,60 km/h,Sealed - Dry,Clear,Darkness - Lighted,Straight,Level,703,Off Path-Straight: Left Off Cway Hit Obj,Off carriageway on straight hit object,W,0,1,0,0,1,0,1,0,0,0,0,0
347396,Minor injury,2021,January,Thursday,4,Angle,Multi-Vehicle,149.1503601,-21.12887603,Fursden St,Heaths Rd,Maraju - Yakapari Road,Glenella,Mackay Region,4740,Mackay,Mackay,Central,Central,Central Queensland,Mount Pleasant - Glenella,Mackay,Mackay - Isaac - Whitsunday,Inner Regional,Mackay,Dawson,State-controlled,Intersection - T-Junction,Give way sign,80 - 90 km/h,Sealed - Dry,Clear,Daylight,Straight,Level,101,Veh'S Adjacent Approach: Thru-Thru,Intersection from adjacent approaches,W,0,0,0,1,1,2,0,0,0,0,0,0
347397,Hospitalisation,2021,January,Sunday,10,Rear-end,Multi-Vehicle,149.1901001,-21.12819504,Evans Ave,Mackay - Slade Point Rd,Mackay - Slade Point Road,North Mackay,Mackay Region,4740,Mackay,Mackay,Central,Central,Central Queensland,North Mackay,Mackay,Mackay - Isaac - Whitsunday,Inner Regional,Mackay,Dawson,State-controlled,Intersection - T-Junction,Give way sign,60 km/h,Sealed - Dry,Clear,Daylight,Curved - view open,Level,302,Veh'S Same Direction: Left Rear,Rear-end,N,0,1,0,0,1,2,0,0,0,0,0,0
347398,Hospitalisation,2021,February,Tuesday,10,Sideswipe,Multi-Vehicle,149.1672621,-21.12047304,Norris Rd,,,Mount Pleasant,Mackay Region,4740,Mackay,Mackay,Central,Central,Central Queensland,North Mackay,Mackay,Mackay - Isaac - Whitsunday,Inner Regional,Mackay,Dawson,Locally-controlled,No Roadway Feature,No traffic control,0 - 50 km/h,Sealed - Dry,Clear,Daylight,Straight,Grade,201,Veh'S Opposite Approach: Head On,Head-on,S,0,1,0,0,1,2,0,0,0,0,0,0
347399,Hospitalisation,2021,February,Saturday,7,Fall from vehicle,Single Vehicle,149.1436951,-21.11823403,Bruce Hwy,Hill End Rd,Bruce Highway (Mackay - Proserpine),Glenella,Mackay Region,4740,Mackay,Mackay,Central,Central,Central Queensland,Mount Pleasant - Glenella,Mackay,Mackay - Isaac - Whitsunday,Inner Regional,Mackay,Dawson,State-controlled,Intersection - T-Junction,No traffic control,60 km/h,Sealed - Dry,Clear,Daylight,Curved - view open,Level,806,Vehicle Left-Turning At I/S (Or Driveway,Out of control on curve,W,0,1,0,0,1,0,1,0,0,0,0,0
347400,Minor injury,2021,February,Monday,10,Sideswipe,Multi-Vehicle,149.1959255,-21.11973444,Harbour Rd,,Mackay - Slade Point Road,North Mackay,Mackay Region,4740,Mackay,Mackay,Central,Central,Central Queensland,North Mackay,Mackay,Mackay - Isaac - Whitsunday,Inner Regional,Mackay,Dawson,State-controlled,No Roadway Feature,No traffic control,60 km/h,Sealed - Dry,Clear,Daylight,Curved - view open,Level,307,Veh'S Same Direction: Lane Change Left,Lane changes,N,0,0,0,1,1,1,0,1,0,0,0,0
347401,Hospitalisation,2021,February,Monday,17,Rear-end,Multi-Vehicle,149.188474,-21.13212339,Mackay - Slade Point Rd,,Mackay - Slade Point Road,Cremorne,Mackay Region,4740,Mackay,Mackay,Central,Central,Central Queensland,North Mackay,Mackay,Mackay - Isaac - Whitsunday,Inner Regional,Mackay,Dawson,State-controlled,No Roadway Feature,No traffic control,60 km/h,Sealed - Dry,Clear,Daylight,Straight,Level,301,Veh'S Same Direction: Rear End,Rear-end,N,0,1,0,0,1,2,0,0,0,0,0,0
347402,Medical treatment,2021,February,Thursday,19,Angle,Multi-Vehicle,149.1888401,-21.12455604,Grendon St,Palmer St,,North Mackay,Mackay Region,4740,Mackay,Mackay,Central,Central,Central Queensland,North Mackay,Mackay,Mackay - Isaac - Whitsunday,Inner Regional,Mackay,Dawson,Locally-controlled,Intersection - Cross,Give way sign,0 - 50 km/h,Sealed - Dry,Clear,Darkness - Lighted,Straight,Level,202,Veh'S Opposite Approach: Thru-Right,Opposing vehicles turning,W,0,0,1,0,1,1,1,0,0,0,0,0
347403,Minor injury,2021,February,Monday,8,Rear-end,Multi-Vehicle,149.1725441,-21.14744804,Nebo Rd,,Bruce Highway (St Lawrence - Mackay),West Mackay,Mackay Region,4740,Mackay,Mackay,Central,Central,Central Queensland,West Mackay,Mackay,Mackay - Isaac - Whitsunday,Inner Regional,Mackay,Dawson,State-controlled,No Roadway Feature,No traffic control,60 km/h,Sealed - Dry,Clear,Daylight,Straight,Level,301,Veh'S Same Direction: Rear End,Rear-end,N,0,0,0,3,3,4,0,0,0,0,0,0
347404,Medical treatment,2021,February,Saturday,16,Rear-end,Multi-Vehicle,149.1734711,-21.09203387,Eaglemount Rd,,,Beaconsfield,Mackay Region,4740,Mackay Northern Beaches,Mackay,Central,Central,Central Queensland,Andergrove - Beaconsfield,Mackay,Mackay - Isaac - Whitsunday,Inner Regional,Mackay,Dawson,Locally-controlled,No Roadway Feature,No traffic control,60 km/h,Sealed - Dry,Clear,Daylight,Straight,Grade,302,Veh'S Same Direction: Left Rear,Rear-end,E,0,0,1,0,1,2,0,0,0,0,0,0
347405,Hospitalisation,2021,February,Sunday,12,Rear-end,Multi-Vehicle,149.1748161,-21.16403204,Graffunder St,Milton St,,South Mackay,Mackay Region,4740,Mackay,Mackay,Central,Central,Central Queensland,South Mackay,Mackay,Mackay - Isaac - Whitsunday,Inner Regional,Mackay,Dawson,Locally-controlled,Intersection - T-Junction,No traffic control,60 km/h,Sealed - Dry,Clear,Daylight,Straight,Level,303,Veh'S Same Direction: Right Rear,Rear-end,S,0,2,0,0,2,2,0,0,0,0,0,0
347406,Hospitalisation,2021,February,Tuesday,15,Rear-end,Multi-Vehicle,149.1700451,-21.10695404,Beaconsfield Rd East,Norris Rd,,Andergrove,Mackay Region,4740,Mackay Northern Beaches,Mackay,Central,Central,Central Queensland,Andergrove - Beaconsfield,Mackay,Mackay - Isaac - Whitsunday,Inner Regional,Mackay,Dawson,Locally-controlled,Intersection - T-Junction,No traffic control,60 km/h,Sealed - Dry,Clear,Daylight,Straight,Level,302,Veh'S Same Direction: Left Rear,Rear-end,N,0,1,0,0,1,2,0,0,0,0,0,0
347407,Hospitalisation,2021,March,Wednesday,6,Angle,Multi-Vehicle,149.1649841,-21.15549404,Edmonds St,Nebo Rd,Bruce Highway (St Lawrence - Mackay),West Mackay,Mackay Region,4740,Mackay,Mackay,Central,Central,Central Queensland,West Mackay,Mackay,Mackay - Isaac - Whitsunday,Inner Regional,Mackay,Dawson,State-controlled,Intersection - T-Junction,No traffic control,60 km/h,Sealed - Dry,Clear,Dawn/Dusk,Straight,Level,109,Veh'S Adjacent Approach: Left-Left,Intersection from adjacent approaches,W,0,1,0,0,1,2,0,0,0,0,0,0
347408,Hospitalisation,2021,March,Wednesday,17,Hit object,Single Vehicle,149.2200424,-21.13061261,East Point Dr,,,Mackay Harbour,Mackay Region,4740,Mackay,Mackay,Central,Central,Central Queensland,Mackay Harbour,Mackay,Mackay - Isaac - Whitsunday,Inner Regional,Mackay,Dawson,Locally-controlled,No Roadway Feature,No traffic control,60 km/h,Unsealed - Dry,Clear,Daylight,Straight,Level,600,Veh'S On Path: Other,Other,N,0,1,0,0,1,0,1,0,0,0,0,0
347409,Hospitalisation,2021,March,Friday,8,Rear-end,Multi-Vehicle,149.1807691,-21.09602504,Bedford Rd,John Ct,,Andergrove,Mackay Region,4740,Mackay Northern Beaches,Mackay,Central,Central,Central Queensland,Andergrove - Beaconsfield,Mackay,Mackay - Isaac - Whitsunday,Inner Regional,Mackay,Dawson,Locally-controlled,Intersection - T-Junction,No traffic control,0 - 50 km/h,Sealed - Wet,Clear,Daylight,Straight,Level,301,Veh'S Same Direction: Rear End,Rear-end,S,0,2,0,1,3,3,0,0,0,0,0,0
347410,Minor injury,2021,March,Sunday,10,Rear-end,Multi-Vehicle,149.1530631,-21.17081603,Broadsound Rd,Empire St,Bruce Highway (St Lawrence - Mackay),Paget,Mackay Region,4740,Mackay,Mackay,Central,Central,Central Queensland,Ooralea - Bakers Creek,Mackay,Mackay - Isaac - Whitsunday,Inner Regional,Mackay,Dawson,State-controlled,Intersection - T-Junction,Give way sign,0 - 50 km/h,Sealed - Dry,Clear,Daylight,Straight,Level,302,Veh'S Same Direction: Left Rear,Rear-end,W,0,0,0,2,2,1,1,0,0,0,0,0