Crash_Severity,Crash_Year,Crash_Month,Crash_Day_Of_Week,Crash_Hour,Crash_Nature,Crash_Type,Crash_Longitude,Crash_Latitude,Crash_Street,Crash_Street_Intersecting,State_Road_Name,Loc_Suburb,Loc_Local_Government_Area,Loc_Post_Code,Loc_Police_Division,Loc_Police_District,Loc_Police_Region,Loc_Queensland_Transport_Region,Loc_Main_Roads_Region,Loc_ABS_Statistical_Area_2,Loc_ABS_Statistical_Area_3,Loc_ABS_Statistical_Area_4,Loc_ABS_Remoteness,Loc_State_Electorate,Loc_Federal_Electorate,Crash_Controlling_Authority,Crash_Roadway_Feature,Crash_Traffic_Control,Crash_Speed_Limit,Crash_Road_Surface_Condition,Crash_Atmospheric_Condition,Crash_Lighting_Condition,Crash_Road_Horiz_Align,Crash_Road_Vert_Align,Crash_DCA_Code,Crash_DCA_Description,Crash_DCA_Group_Description,DCA_Key_Approach_Dir,Count_Casualty_Fatality,Count_Casualty_Hospitalised,Count_Casualty_MedicallyTreated,Count_Casualty_MinorInjury,Count_Casualty_Total,Count_Unit_Car,Count_Unit_Motorcycle_Moped,Count_Unit_Truck,Count_Unit_Bus,Count_Unit_Bicycle,Count_Unit_Pedestrian,Count_Unit_Other,
347460,Hospitalisation,2021,June,Thursday,19,Overturned,Single Vehicle,149.1812501,-21.03871604,Dolphin Heads Rd,,,Dolphin Heads,Mackay Region,4740,Mackay Northern Beaches,Mackay,Central,Central,Central Queensland,Eimeo - Rural View,Mackay,Mackay - Isaac - Whitsunday,Inner Regional,Whitsunday,Dawson,Locally-controlled,No Roadway Feature,No traffic control,60 km/h,Sealed - Dry,Clear,Darkness - Not lighted,Curved - view open,Level,803,Off Path-Curve: Off Cway Rt Bend Hit Obj,Off carriageway on curve hit object,E,0,1,1,0,2,1,0,0,0,0,0,0
347461,Hospitalisation,2021,June,Friday,6,Rear-end,Multi-Vehicle,149.1479321,-21.20120803,Bruce Hwy,,Bruce Highway (St Lawrence - Mackay),Bakers Creek,Mackay Region,4740,Mackay,Mackay,Central,Central,Central Queensland,Ooralea - Bakers Creek,Mackay,Mackay - Isaac - Whitsunday,Inner Regional,Mirani,Capricornia,State-controlled,No Roadway Feature,No traffic control,80 - 90 km/h,Sealed - Dry,Clear,Dawn/Dusk,Straight,Level,304,Veh'S Same Direction: U-Turn,U-turn,S,0,1,0,0,1,2,0,0,0,0,0,0
347616,Hospitalisation,2021,January,Sunday,1,Angle,Multi-Vehicle,153.023299,-27.52841245,Beaudesert Rd,Vendale Ave,,Moorooka,Brisbane City,4105,Moorooka,South Brisbane,Brisbane,SEQ South,Metropolitan,Moorooka,Nathan,Brisbane - South,Major Cities,Miller,Moreton,Locally-controlled,Intersection - Cross,Give way sign,60 km/h,Sealed - Dry,Clear,Darkness - Lighted,Straight,Grade,101,Veh'S Adjacent Approach: Thru-Thru,Intersection from adjacent approaches,S,0,1,0,0,1,2,0,0,0,0,0,0
347617,Medical treatment,2021,January,Sunday,17,Rear-end,Multi-Vehicle,153.02126,-27.55842545,Beaudesert Rd,Riawena Rd,Griffith Arterial Road,Rocklea,Brisbane City,4106,Moorooka,South Brisbane,Brisbane,SEQ South,Metropolitan,Rocklea - Acacia Ridge,Rocklea - Acacia Ridge,Brisbane - South,Major Cities,Toohey,Moreton,State-controlled,Intersection - T-Junction,No traffic control,60 km/h,Sealed - Dry,Clear,Darkness - Lighted,Straight,Level,302,Veh'S Same Direction: Left Rear,Rear-end,S,0,0,1,0,1,2,0,0,0,0,0,0
347618,Medical treatment,2021,January,Thursday,10,Rear-end,Multi-Vehicle,153.019172,-27.52917044,Ipswich Rd,,,Moorooka,Brisbane City,4105,Moorooka,South Brisbane,Brisbane,SEQ South,Metropolitan,Moorooka,Nathan,Brisbane - South,Major Cities,Miller,Moreton,Locally-controlled,No Roadway Feature,No traffic control,60 km/h,Sealed - Dry,Clear,Daylight,Straight,Level,301,Veh'S Same Direction: Rear End,Rear-end,N,0,0,3,0,3,3,0,0,0,0,0,0
347619,Minor injury,2021,January,Thursday,7,Rear-end,Multi-Vehicle,153.018116,-27.54360144,Cobden St,Muriel Ave,,Moorooka,Brisbane City,4105,Moorooka,South Brisbane,Brisbane,SEQ South,Metropolitan,Moorooka,Nathan,Brisbane - South,Major Cities,Toohey,Moreton,Locally-controlled,Intersection - T-Junction,No traffic control,60 km/h,Sealed - Dry,Clear,Daylight,Straight,Level,301,Veh'S Same Direction: Rear End,Rear-end,W,0,0,0,1,1,2,0,0,0,0,0,0
347620,Medical treatment,2021,January,Wednesday,20,Angle,Multi-Vehicle,153.018842,-27.52980144,Durack St,Ipswich Rd,,Moorooka,Brisbane City,4105,Moorooka,South Brisbane,Brisbane,SEQ South,Metropolitan,Moorooka,Nathan,Brisbane - South,Major Cities,Miller,Moreton,Locally-controlled,Intersection - Cross,Operating traffic lights,60 km/h,Sealed - Dry,Clear,Darkness - Lighted,Straight,Crest,101,Veh'S Adjacent Approach: Thru-Thru,Intersection from adjacent approaches,S,0,0,1,0,1,2,0,0,0,0,0,0
347621,Hospitalisation,2021,January,Friday,16,Hit parked vehicle,Single Vehicle,153.020332,-27.52635844,Gow St,,,Moorooka,Brisbane City,4105,Moorooka,South Brisbane,Brisbane,SEQ South,Metropolitan,Moorooka,Nathan,Brisbane - South,Major Cities,Miller,Moreton,Locally-controlled,No Roadway Feature,No traffic control,0 - 50 km/h,Sealed - Wet,Clear,Daylight,Straight,Dip,703,Off Path-Straight: Left Off Cway Hit Obj,Off carriageway on straight hit object,E,0,1,0,0,1,1,1,0,0,0,0,0
347622,Medical treatment,2021,January,Sunday,18,Angle,Multi-Vehicle,153.015289,-27.53439744,Gainsborough St,Ipswich Rd,,Moorooka,Brisbane City,4105,Moorooka,South Brisbane,Brisbane,SEQ South,Metropolitan,Moorooka,Nathan,Brisbane - South,Major Cities,Toohey,Moreton,Locally-controlled,Intersection - T-Junction,Give way sign,60 km/h,Sealed - Dry,Clear,Dawn/Dusk,Straight,Level,104,Veh'S Adjacent Approach: Thru-Right,Intersection from adjacent approaches,S,0,0,2,0,2,2,0,0,0,0,0,0
347623,Hospitalisation,2021,January,Wednesday,17,Rear-end,Multi-Vehicle,153.039692,-27.54261545,Flanders St,Toohey Rd,,Salisbury,Brisbane City,4107,Upper Mount Gravatt,South Brisbane,Brisbane,SEQ South,Metropolitan,Salisbury - Nathan,Nathan,Brisbane - South,Major Cities,Toohey,Moreton,Locally-controlled,Intersection - T-Junction,No traffic control,60 km/h,Sealed - Dry,Clear,Daylight,Straight,Level,303,Veh'S Same Direction: Right Rear,Rear-end,,0,1,1,0,2,1,0,0,0,0,0,1
347624,Minor injury,2021,February,Saturday,5,Rear-end,Multi-Vehicle,153.035259,-27.55224145,Massinger St,,,Salisbury,Brisbane City,4107,Moorooka,South Brisbane,Brisbane,SEQ South,Metropolitan,Salisbury - Nathan,Nathan,Brisbane - South,Major Cities,Toohey,Moreton,Locally-controlled,No Roadway Feature,No traffic control,0 - 50 km/h,Sealed - Dry,Clear,Daylight,Straight,Level,406,Veh'S Manoeuvring: Leaving Driveway,Vehicle leaving driveway,E,0,0,0,1,1,2,0,0,0,0,0,0
347625,Minor injury,2021,February,Sunday,21,Rear-end,Multi-Vehicle,153.019412,-27.54850648,Beaudesert Rd,,,Rocklea,Brisbane City,4106,Moorooka,South Brisbane,Brisbane,SEQ South,Metropolitan,Rocklea - Acacia Ridge,Rocklea - Acacia Ridge,Brisbane - South,Major Cities,Toohey,Moreton,Locally-controlled,No Roadway Feature,No traffic control,70 km/h,Sealed - Dry,Clear,Darkness - Lighted,Straight,Grade,307,Veh'S Same Direction: Lane Change Left,Lane changes,S,0,0,0,1,1,3,0,0,0,0,0,0
347626,Medical treatment,2021,February,Tuesday,17,Rear-end,Multi-Vehicle,153.039392,-27.54400745,Fairlawn St,Toohey Rd,,Salisbury,Brisbane City,4107,Upper Mount Gravatt,South Brisbane,Brisbane,SEQ South,Metropolitan,Salisbury - Nathan,Nathan,Brisbane - South,Major Cities,Toohey,Moreton,Locally-controlled,Intersection - T-Junction,Operating traffic lights,60 km/h,Sealed - Dry,Clear,Daylight,Straight,Level,301,Veh'S Same Direction: Rear End,Rear-end,S,0,0,1,0,1,2,0,0,0,0,0,0
347627,Medical treatment,2021,February,Wednesday,14,Rear-end,Multi-Vehicle,153.012615,-27.55723544,Balham Rd,Granard Rd,Griffith Arterial Road,Rocklea,Brisbane City,4106,Moorooka,South Brisbane,Brisbane,SEQ South,Metropolitan,Rocklea - Acacia Ridge,Rocklea - Acacia Ridge,Brisbane - South,Major Cities,Toohey,Moreton,State-controlled,Intersection - Cross,Operating traffic lights,60 km/h,Sealed - Dry,Clear,Daylight,Straight,Level,301,Veh'S Same Direction: Rear End,Rear-end,E,0,0,1,0,1,1,0,1,0,0,0,0
347628,Hospitalisation,2021,February,Friday,16,Hit parked vehicle,Single Vehicle,153.027924,-27.54935045,Winsome Rd,,,Salisbury,Brisbane City,4107,Moorooka,South Brisbane,Brisbane,SEQ South,Metropolitan,Salisbury - Nathan,Nathan,Brisbane - South,Major Cities,Toohey,Moreton,Locally-controlled,No Roadway Feature,No traffic control,0 - 50 km/h,Sealed - Dry,Clear,Daylight,Straight,Level,601,Veh'S On Path: Parked,Hit parked vehicle,W,0,1,0,0,1,5,0,0,0,0,1,0
347629,Minor injury,2021,March,Monday,5,Fall from vehicle,Single Vehicle,153.046404,-27.52421645,Toohey Rd,Weller Rd,,Tarragindi,Brisbane City,4121,Holland Park,South Brisbane,Brisbane,SEQ South,Metropolitan,Tarragindi,Nathan,Brisbane - South,Major Cities,Miller,Moreton,Locally-controlled,Intersection - Cross,Operating traffic lights,0 - 50 km/h,Sealed - Dry,Clear,Daylight,Straight,Crest,705,Off Path-Straight:Out Of Control On Cway,Out of control on straight,W,0,0,0,1,1,0,1,0,0,0,0,0
347630,Minor injury,2021,March,Saturday,13,Angle,Multi-Vehicle,153.039532,-27.56321845,Musgrave Rd,Orange Grove Rd,,Coopers Plains,Brisbane City,4108,Upper Mount Gravatt,South Brisbane,Brisbane,SEQ South,Metropolitan,Coopers Plains,Nathan,Brisbane - South,Major Cities,Toohey,Moreton,Locally-controlled,Intersection - Cross,Operating traffic lights,60 km/h,Sealed - Dry,Clear,Daylight,Straight,Level,202,Veh'S Opposite Approach: Thru-Right,Opposing vehicles turning,N,0,0,0,1,1,1,1,0,0,0,0,0
347631,Medical treatment,2021,March,Sunday,20,Angle,Multi-Vehicle,153.020604,-27.55653645,Beaudesert Rd,Marshall Rd,,Rocklea,Brisbane City,4106,Moorooka,South Brisbane,Brisbane,SEQ South,Metropolitan,Rocklea - Acacia Ridge,Rocklea - Acacia Ridge,Brisbane - South,Major Cities,Toohey,Moreton,Locally-controlled,Intersection - T-Junction,No traffic control,70 km/h,Sealed - Dry,Clear,Darkness - Lighted,Straight,Level,202,Veh'S Opposite Approach: Thru-Right,Opposing vehicles turning,S,0,0,1,0,1,1,1,0,0,0,0,0
347632,Medical treatment,2021,March,Wednesday,20,Head-on,Multi-Vehicle,153.011719,-27.54230044,Ipswich Mwy,,,Rocklea,Brisbane City,4106,Moorooka,South Brisbane,Brisbane,SEQ South,Metropolitan,Rocklea - Acacia Ridge,Rocklea - Acacia Ridge,Brisbane - South,Major Cities,Miller,Moreton,Locally-controlled,No Roadway Feature,No traffic control,60 km/h,Sealed - Dry,Clear,Darkness - Lighted,Curved - view obscured,Level,201,Veh'S Opposite Approach: Head On,Head-on,S,0,0,1,0,1,2,0,0,0,0,0,0
347633,Medical treatment,2021,March,Wednesday,16,Rear-end,Multi-Vehicle,153.026796,-27.54436145,Evans Rd,,,Salisbury,Brisbane City,4107,Moorooka,South Brisbane,Brisbane,SEQ South,Metropolitan,Salisbury - Nathan,Nathan,Brisbane - South,Major Cities,Toohey,Moreton,Locally-controlled,No Roadway Feature,No traffic control,60 km/h,Sealed - Dry,Clear,Daylight,Straight,Level,301,Veh'S Same Direction: Rear End,Rear-end,W,0,0,1,0,1,3,0,0,0,0,0,0
347634,Minor injury,2021,March,Friday,14,Rear-end,Multi-Vehicle,153.028974,-27.54467645,Evans Rd,,,Salisbury,Brisbane City,4107,Moorooka,South Brisbane,Brisbane,SEQ South,Metropolitan,Salisbury - Nathan,Nathan,Brisbane - South,Major Cities,Toohey,Moreton,Locally-controlled,No Roadway Feature,No traffic control,60 km/h,Sealed - Dry,Clear,Daylight,Straight,Level,301,Veh'S Same Direction: Rear End,Rear-end,W,0,0,0,1,1,2,0,1,0,0,0,0
347635,Minor injury,2021,March,Monday,14,Sideswipe,Multi-Vehicle,153.0223417,-27.55855811,Riawena Rd,,Griffith Arterial Road,Coopers Plains,Brisbane City,4108,Moorooka,South Brisbane,Brisbane,SEQ South,Metropolitan,Coopers Plains,Nathan,Brisbane - South,Major Cities,Toohey,Moreton,State-controlled,No Roadway Feature,No traffic control,60 km/h,Sealed - Dry,Clear,Daylight,Straight,Level,305,Veh'S Same Direction: Lane Side Swipe,Lane changes,W,0,0,0,1,1,2,0,0,0,0,0,0
347636,Medical treatment,2021,April,Monday,18,Rear-end,Multi-Vehicle,153.023208,-27.53578145,Beaudesert Rd,Gainsborough St,,Moorooka,Brisbane City,4105,Moorooka,South Brisbane,Brisbane,SEQ South,Metropolitan,Moorooka,Nathan,Brisbane - South,Major Cities,Toohey,Moreton,Locally-controlled,Intersection - T-Junction,Operating traffic lights,60 km/h,Sealed - Wet,Raining,Darkness - Lighted,Curved - view open,Grade,301,Veh'S Same Direction: Rear End,Rear-end,S,0,0,1,0,1,2,0,0,0,0,0,0
347637,Hospitalisation,2021,April,Thursday,6,Hit pedestrian,Hit pedestrian,153.038404,-27.56297645,Musgrave Rd,,,Coopers Plains,Brisbane City,4108,Moorooka,South Brisbane,Brisbane,SEQ South,Metropolitan,Coopers Plains,Nathan,Brisbane - South,Major Cities,Toohey,Moreton,Locally-controlled,No Roadway Feature,No traffic control,0 - 50 km/h,Sealed - Dry,Clear,Daylight,Straight,Level,7,Ped'N: Hit By Vehicle Enter/Leave D'Way,Pedestrian,S,0,1,0,0,1,1,0,0,0,0,1,0
347638,Minor injury,2021,April,Monday,4,Angle,Multi-Vehicle,153.044622,-27.53370845,Gapap St,Toohey Rd,,Tarragindi,Brisbane City,4121,Holland Park,South Brisbane,Brisbane,SEQ South,Metropolitan,Tarragindi,Nathan,Brisbane - South,Major Cities,Miller,Moreton,Locally-controlled,Intersection - T-Junction,No traffic control,60 km/h,Sealed - Dry,Clear,Daylight,Straight,Level,102,Veh'S Adjacent Approach: Right-Thru,Intersection from adjacent approaches,W,0,0,0,1,1,2,0,0,0,0,0,0
347639,Medical treatment,2021,April,Tuesday,11,Rear-end,Multi-Vehicle,153.024717,-27.53260845,Beaudesert Rd,,,Moorooka,Brisbane City,4105,Moorooka,South Brisbane,Brisbane,SEQ South,Metropolitan,Moorooka,Nathan,Brisbane - South,Major Cities,Miller,Moreton,Locally-controlled,No Roadway Feature,No traffic control,0 - 50 km/h,Sealed - Dry,Clear,Daylight,Straight,Grade,301,Veh'S Same Direction: Rear End,Rear-end,E,0,0,1,0,1,2,0,0,0,0,0,0
347640,Medical treatment,2021,April,Saturday,18,Angle,Multi-Vehicle,153.032437,-27.53530645,Tarragindi Rd,,,Moorooka,Brisbane City,4105,Moorooka,South Brisbane,Brisbane,SEQ South,Metropolitan,Moorooka,Nathan,Brisbane - South,Major Cities,Toohey,Moreton,Locally-controlled,No Roadway Feature,No traffic control,0 - 50 km/h,Sealed - Dry,Clear,Darkness - Lighted,Straight,Level,406,Veh'S Manoeuvring: Leaving Driveway,Vehicle leaving driveway,S,0,0,1,0,1,2,0,0,0,0,0,0
347641,Fatal,2021,May,Saturday,1,Angle,Multi-Vehicle,153.020976,-27.55845145,Beaudesert Rd,Granard Rd,Mount Lindesay Arterial Road,Rocklea,Brisbane City,4106,Moorooka,South Brisbane,Brisbane,SEQ South,Metropolitan,Rocklea - Acacia Ridge,Rocklea - Acacia Ridge,Brisbane - South,Major Cities,Toohey,Moreton,State-controlled,Intersection - Cross,Operating traffic lights,60 km/h,Sealed - Dry,Clear,Darkness - Lighted,Straight,Level,202,Veh'S Opposite Approach: Thru-Right,Opposing vehicles turning,W,1,0,2,0,3,2,0,0,0,0,0,0
347642,Hospitalisation,2021,May,Tuesday,7,Hit parked vehicle,Single Vehicle,153.034076,-27.55488145,Lillian Ave,,,Salisbury,Brisbane City,4107,Moorooka,South Brisbane,Brisbane,SEQ South,Metropolitan,Salisbury - Nathan,Nathan,Brisbane - South,Major Cities,Toohey,Moreton,Locally-controlled,No Roadway Feature,No traffic control,0 - 50 km/h,Sealed - Dry,Fog,Daylight,Straight,Level,601,Veh'S On Path: Parked,Hit parked vehicle,W,0,1,0,0,1,2,0,0,0,0,0,0
347643,Medical treatment,2021,May,Wednesday,0,Hit object,Single Vehicle,153.014355,-27.53594844,Ipswich Rd,Keats St,,Moorooka,Brisbane City,4105,Moorooka,South Brisbane,Brisbane,SEQ South,Metropolitan,Moorooka,Nathan,Brisbane - South,Major Cities,Toohey,Moreton,Locally-controlled,Intersection - T-Junction,Operating traffic lights,60 km/h,Sealed - Wet,Clear,Darkness - Lighted,Curved - view open,Level,808,Off Path-Curve: Mounts Traffic Island,Off carriageway on curve hit object,S,0,0,1,0,1,1,0,0,0,0,0,0
347644,Medical treatment,2021,May,Friday,15,Rear-end,Multi-Vehicle,153.0244503,-27.53224145,Beaudesert Rd,,,Moorooka,Brisbane City,4105,Moorooka,South Brisbane,Brisbane,SEQ South,Metropolitan,Moorooka,Nathan,Brisbane - South,Major Cities,Miller,Moreton,Locally-controlled,No Roadway Feature,No traffic control,60 km/h,Sealed - Dry,Clear,Daylight,Curved - view open,Level,301,Veh'S Same Direction: Rear End,Rear-end,E,0,0,1,0,1,2,0,0,0,0,0,0
347645,Medical treatment,2021,May,Saturday,20,Hit object,Single Vehicle,153.021849,-27.54307345,Evans Rd,,,Moorooka,Brisbane City,4105,Moorooka,South Brisbane,Brisbane,SEQ South,Metropolitan,Moorooka,Nathan,Brisbane - South,Major Cities,Toohey,Moreton,Locally-controlled,No Roadway Feature,No traffic control,60 km/h,Sealed - Dry,Clear,Darkness - Lighted,Straight,Level,704,Off Path-Straight:Right Off Cway Hit Obj,Off carriageway on straight hit object,S,0,0,1,0,1,1,0,0,0,0,0,0
347646,Hospitalisation,2021,May,Tuesday,17,Hit pedestrian,Hit pedestrian,153.0207582,-27.55672124,Beaudesert Rd,,,Rocklea,Brisbane City,4106,Moorooka,South Brisbane,Brisbane,SEQ South,Metropolitan,Rocklea - Acacia Ridge,Rocklea - Acacia Ridge,Brisbane - South,Major Cities,Toohey,Moreton,Locally-controlled,No Roadway Feature,No traffic control,60 km/h,Sealed - Dry,Clear,Darkness - Lighted,Straight,Level,1,Ped'N: Near Side Vehicle Hit From Right,Pedestrian,S,0,1,0,0,1,1,0,0,0,0,1,0
347647,Hospitalisation,2021,May,Thursday,2,Sideswipe,Multi-Vehicle,153.015911,-27.52156844,Cardross St,,,Yeerongpilly,Brisbane City,4105,Moorooka,South Brisbane,Brisbane,SEQ South,Metropolitan,Yeronga,Holland Park - Yeronga,Brisbane - South,Major Cities,Miller,Moreton,Locally-controlled,No Roadway Feature,No traffic control,0 - 50 km/h,Sealed - Dry,Clear,Darkness - Lighted,Straight,Dip,305,Veh'S Same Direction: Lane Side Swipe,Lane changes,N,0,1,0,0,1,1,0,0,0,1,0,0
347648,Medical treatment,2021,May,Thursday,15,Rear-end,Multi-Vehicle,153.038865,-27.54636245,Evans Rd,,,Salisbury,Brisbane City,4107,Upper Mount Gravatt,South Brisbane,Brisbane,SEQ South,Metropolitan,Salisbury - Nathan,Nathan,Brisbane - South,Major Cities,Toohey,Moreton,Locally-controlled,Merge Lane,No traffic control,60 km/h,Sealed - Dry,Clear,Daylight,Straight,Level,301,Veh'S Same Direction: Rear End,Rear-end,W,0,0,1,0,1,2,0,0,0,0,0,0
347649,Medical treatment,2021,May,Sunday,9,Rear-end,Multi-Vehicle,153.009381,-27.55643144,Granard Rd,Griffith Arterial Rd,Griffith Arterial Road,Rocklea,Brisbane City,4106,Moorooka,South Brisbane,Brisbane,SEQ South,Metropolitan,Rocklea - Acacia Ridge,Rocklea - Acacia Ridge,Brisbane - South,Major Cities,Toohey,Moreton,State-controlled,Intersection - Interchange,Give way sign,60 km/h,Sealed - Dry,Clear,Daylight,Curved - view open,Level,302,Veh'S Same Direction: Left Rear,Rear-end,S,0,0,1,0,1,2,0,0,0,0,0,0
347650,Medical treatment,2021,May,Tuesday,10,Angle,Multi-Vehicle,153.040542,-27.55787145,Golda Ave,Orange Grove Rd,,Salisbury,Brisbane City,4107,Upper Mount Gravatt,South Brisbane,Brisbane,SEQ South,Metropolitan,Salisbury - Nathan,Nathan,Brisbane - South,Major Cities,Toohey,Moreton,Locally-controlled,Intersection - T-Junction,No traffic control,60 km/h,Sealed - Dry,Clear,Daylight,Straight,Grade,202,Veh'S Opposite Approach: Thru-Right,Opposing vehicles turning,S,0,0,2,0,2,2,0,0,0,0,0,0
347651,Hospitalisation,2021,May,Friday,15,Hit object,Single Vehicle,153.033609,-27.53044145,Homestead St,Tarragindi Rd,,Moorooka,Brisbane City,4105,Moorooka,South Brisbane,Brisbane,SEQ South,Metropolitan,Moorooka,Nathan,Brisbane - South,Major Cities,Miller,Moreton,Locally-controlled,Intersection - Roundabout,No traffic control,0 - 50 km/h,Sealed - Dry,Clear,Daylight,Curved - view obscured,Crest,803,Off Path-Curve: Off Cway Rt Bend Hit Obj,Off carriageway on curve hit object,W,0,1,0,0,1,1,0,0,0,0,0,0
347652,Hospitalisation,2021,May,Friday,13,Angle,Multi-Vehicle,153.023973,-27.56669745,Beaudesert Rd,,Mount Lindesay Arterial Road,Coopers Plains,Brisbane City,4108,Moorooka,South Brisbane,Brisbane,SEQ South,Metropolitan,Coopers Plains,Nathan,Brisbane - South,Major Cities,Toohey,Moreton,State-controlled,No Roadway Feature,No traffic control,60 km/h,Sealed - Dry,Clear,Daylight,Straight,Level,400,Veh'S Manoeuvring: Other,Other,N,0,1,0,0,1,1,0,0,0,1,0,0
347653,Medical treatment,2021,May,Sunday,13,Rear-end,Multi-Vehicle,153.039104,-27.56553645,Bosworth St,Orange Grove Rd,,Coopers Plains,Brisbane City,4108,Upper Mount Gravatt,South Brisbane,Brisbane,SEQ South,Metropolitan,Coopers Plains,Nathan,Brisbane - South,Major Cities,Toohey,Moreton,Locally-controlled,Intersection - T-Junction,No traffic control,60 km/h,Sealed - Dry,Clear,Daylight,Straight,Level,301,Veh'S Same Direction: Rear End,Rear-end,S,0,0,1,0,1,3,0,0,0,0,0,0
347654,Hospitalisation,2021,June,Monday,15,Angle,Multi-Vehicle,153.032184,-27.55274445,Cripps St,Henson Rd,,Salisbury,Brisbane City,4107,Moorooka,South Brisbane,Brisbane,SEQ South,Metropolitan,Salisbury - Nathan,Nathan,Brisbane - South,Major Cities,Toohey,Moreton,Locally-controlled,Intersection - Roundabout,Give way sign,0 - 50 km/h,Sealed - Dry,Clear,Daylight,Straight,Level,101,Veh'S Adjacent Approach: Thru-Thru,Intersection from adjacent approaches,W,0,1,0,0,1,1,0,0,0,1,0,0
347655,Hospitalisation,2021,June,Wednesday,12,Sideswipe,Multi-Vehicle,153.025571,-27.56853545,Boundary Rd,Postle St,,Coopers Plains,Brisbane City,4108,Acacia Ridge,South Brisbane,Brisbane,SEQ South,Metropolitan,Coopers Plains,Nathan,Brisbane - South,Major Cities,Toohey,Moreton,Locally-controlled,Intersection - T-Junction,No traffic control,60 km/h,Sealed - Dry,Clear,Daylight,Straight,Level,309,Veh'S Same Direction: Left Turn S/Swipe,Parallel lanes turning,W,0,1,0,0,1,1,0,1,0,0,0,0
347656,Hospitalisation,2021,June,Thursday,14,Rear-end,Multi-Vehicle,153.044573,-27.53393845,Toohey Rd,,,Tarragindi,Brisbane City,4121,Holland Park,South Brisbane,Brisbane,SEQ South,Metropolitan,Tarragindi,Nathan,Brisbane - South,Major Cities,Miller,Moreton,Locally-controlled,No Roadway Feature,No traffic control,60 km/h,Sealed - Dry,Clear,Daylight,Straight,Grade,301,Veh'S Same Direction: Rear End,Rear-end,N,0,1,0,0,1,3,0,0,0,0,0,0
347657,Hospitalisation,2021,June,Monday,15,Angle,Multi-Vehicle,153.020655,-27.55289445,Beaudesert Rd,Lillian Ave,,Rocklea,Brisbane City,4106,Moorooka,South Brisbane,Brisbane,SEQ South,Metropolitan,Rocklea - Acacia Ridge,Rocklea - Acacia Ridge,Brisbane - South,Major Cities,Toohey,Moreton,Locally-controlled,Intersection - Cross,Give way sign,60 km/h,Sealed - Dry,Clear,Daylight,Straight,Level,104,Veh'S Adjacent Approach: Thru-Right,Intersection from adjacent approaches,S,0,1,0,0,1,2,0,0,0,0,0,0
347658,Medical treatment,2021,June,Tuesday,9,Angle,Multi-Vehicle,153.02555,-27.55174445,Henson Rd,Kellett Rd,,Salisbury,Brisbane City,4107,Moorooka,South Brisbane,Brisbane,SEQ South,Metropolitan,Salisbury - Nathan,Nathan,Brisbane - South,Major Cities,Toohey,Moreton,Locally-controlled,Intersection - Cross,Give way sign,60 km/h,Sealed - Dry,Clear,Daylight,Straight,Grade,101,Veh'S Adjacent Approach: Thru-Thru,Intersection from adjacent approaches,E,0,0,1,0,1,1,1,0,0,0,0,0
347659,Medical treatment,2021,June,Tuesday,12,Hit object,Single Vehicle,153.022542,-27.56230545,Beaudesert Rd,,Mount Lindesay Arterial Road,Coopers Plains,Brisbane City,4108,Moorooka,South Brisbane,Brisbane,SEQ South,Metropolitan,Coopers Plains,Nathan,Brisbane - South,Major Cities,Toohey,Moreton,State-controlled,No Roadway Feature,No traffic control,70 km/h,Sealed - Dry,Clear,Daylight,Straight,Level,703,Off Path-Straight: Left Off Cway Hit Obj,Off carriageway on straight hit object,E,0,0,1,0,1,1,0,0,0,0,0,0
347660,Medical treatment,2021,June,Wednesday,11,Rear-end,Multi-Vehicle,153.013762,-27.53816044,Ipswich Rd,,,Moorooka,Brisbane City,4105,Moorooka,South Brisbane,Brisbane,SEQ South,Metropolitan,Moorooka,Nathan,Brisbane - South,Major Cities,Toohey,Moreton,Locally-controlled,No Roadway Feature,No traffic control,60 km/h,Sealed - Dry,Clear,Daylight,Straight,Level,301,Veh'S Same Direction: Rear End,Rear-end,N,0,0,1,0,1,2,0,0,0,0,0,0
347661,Hospitalisation,2021,June,Friday,18,Hit parked vehicle,Single Vehicle,153.014402,-27.53553324,Ipswich Rd,,,Moorooka,Brisbane City,4105,Moorooka,South Brisbane,Brisbane,SEQ South,Metropolitan,Moorooka,Nathan,Brisbane - South,Major Cities,Miller,Moreton,Locally-controlled,No Roadway Feature,No traffic control,60 km/h,Sealed - Wet,Raining,Darkness - Lighted,Curved - view open,Level,803,Off Path-Curve: Off Cway Rt Bend Hit Obj,Off carriageway on curve hit object,N,0,4,0,0,4,3,0,0,0,0,0,0
347662,Minor injury,2021,June,Tuesday,7,Rear-end,Multi-Vehicle,153.039692,-27.54261545,Flanders St,Toohey Rd,,Salisbury,Brisbane City,4107,Upper Mount Gravatt,South Brisbane,Brisbane,SEQ South,Metropolitan,Salisbury - Nathan,Nathan,Brisbane - South,Major Cities,Toohey,Moreton,Locally-controlled,Intersection - T-Junction,No traffic control,0 - 50 km/h,Sealed - Wet,Clear,Daylight,Straight,Level,301,Veh'S Same Direction: Rear End,Rear-end,S,0,0,0,1,1,2,0,0,0,0,0,0
347685,Fatal,2021,January,Friday,1,Hit pedestrian,Hit pedestrian,153.0833801,-26.66017344,Maroochy Blvd,,,Maroochydore,Sunshine Coast Region,4558,Maroochydore,Sunshine Coast,North Coast,SEQ North,North Coast,Maroochydore - Kuluin,Maroochy,Sunshine Coast,Major Cities,Maroochydore,Fairfax,Locally-controlled,Intersection - T-Junction,Operating traffic lights,60 km/h,Sealed - Wet,Raining,Darkness - Lighted,Straight,Level,5,Ped'N: Hit Walking With Traffic,Pedestrian,,1,0,0,0,1,1,0,0,0,0,1,0