Crash_Severity,Crash_Year,Crash_Month,Crash_Day_Of_Week,Crash_Hour,Crash_Nature,Crash_Type,Crash_Longitude,Crash_Latitude,Crash_Street,Crash_Street_Intersecting,State_Road_Name,Loc_Suburb,Loc_Local_Government_Area,Loc_Post_Code,Loc_Police_Division,Loc_Police_District,Loc_Police_Region,Loc_Queensland_Transport_Region,Loc_Main_Roads_Region,Loc_ABS_Statistical_Area_2,Loc_ABS_Statistical_Area_3,Loc_ABS_Statistical_Area_4,Loc_ABS_Remoteness,Loc_State_Electorate,Loc_Federal_Electorate,Crash_Controlling_Authority,Crash_Roadway_Feature,Crash_Traffic_Control,Crash_Speed_Limit,Crash_Road_Surface_Condition,Crash_Atmospheric_Condition,Crash_Lighting_Condition,Crash_Road_Horiz_Align,Crash_Road_Vert_Align,Crash_DCA_Code,Crash_DCA_Description,Crash_DCA_Group_Description,DCA_Key_Approach_Dir,Count_Casualty_Fatality,Count_Casualty_Hospitalised,Count_Casualty_MedicallyTreated,Count_Casualty_MinorInjury,Count_Casualty_Total,Count_Unit_Car,Count_Unit_Motorcycle_Moped,Count_Unit_Truck,Count_Unit_Bus,Count_Unit_Bicycle,Count_Unit_Pedestrian,Count_Unit_Other,
347686,Medical treatment,2021,January,Sunday,10,Rear-end,Multi-Vehicle,153.0558111,-26.64269944,David Low Way,,Maroochydore - Noosa Road,Maroochydore,Sunshine Coast Region,4558,Maroochydore,Sunshine Coast,North Coast,SEQ North,North Coast,Maroochydore - Kuluin,Maroochy,Sunshine Coast,Major Cities,Ninderry,Fairfax,State-controlled,Intersection - T-Junction,Operating traffic lights,60 km/h,Sealed - Dry,Clear,Daylight,Straight,Level,301,Veh'S Same Direction: Rear End,Rear-end,E,0,0,1,0,1,3,0,0,0,0,0,0
347687,Hospitalisation,2021,January,Monday,12,Rear-end,Multi-Vehicle,153.0827991,-26.65204344,Broadmeadows Rd,Maroochydore Rd,Maroochydore Road,Maroochydore,Sunshine Coast Region,4558,Maroochydore,Sunshine Coast,North Coast,SEQ North,North Coast,Maroochydore - Kuluin,Maroochy,Sunshine Coast,Major Cities,Maroochydore,Fairfax,State-controlled,Intersection - Cross,Operating traffic lights,60 km/h,Sealed - Dry,Clear,Daylight,Straight,Level,305,Veh'S Same Direction: Lane Side Swipe,Lane changes,E,0,1,1,0,2,2,0,0,0,0,0,0
347688,Hospitalisation,2021,January,Wednesday,10,Rear-end,Multi-Vehicle,153.0183641,-26.70232644,Ferny Glen Rd,Tanawha Tourist Dr,,Tanawha,Sunshine Coast Region,4556,Maroochydore,Sunshine Coast,North Coast,SEQ North,North Coast,Buderim - South,Buderim,Sunshine Coast,Major Cities,Buderim,Fairfax,Locally-controlled,Intersection - T-Junction,No traffic control,80 - 90 km/h,Sealed - Dry,Clear,Daylight,Curved - view open,Crest,303,Veh'S Same Direction: Right Rear,Rear-end,,0,1,2,0,3,2,0,1,0,0,0,0
347689,Hospitalisation,2021,January,Thursday,19,Sideswipe,Multi-Vehicle,153.0796431,-26.64435244,Bradman Av,,Maroochydore - Noosa Road,Maroochydore,Sunshine Coast Region,4558,Maroochydore,Sunshine Coast,North Coast,SEQ North,North Coast,Maroochydore - Kuluin,Maroochy,Sunshine Coast,Major Cities,Maroochydore,Fairfax,State-controlled,No Roadway Feature,No traffic control,60 km/h,Sealed - Dry,Clear,Darkness - Lighted,Straight,Level,408,Veh'S Manoeuvring: Entering From Footway,Vehicle leaving driveway,W,0,1,0,0,1,1,0,0,0,1,0,0
347690,Minor injury,2021,January,Saturday,16,Head-on,Multi-Vehicle,153.0790511,-26.65254544,Maroochydore Rd,Sunshine Homemakers Centre Accs,Maroochydore Road,Maroochydore,Sunshine Coast Region,4558,Maroochydore,Sunshine Coast,North Coast,SEQ North,North Coast,Maroochydore - Kuluin,Maroochy,Sunshine Coast,Major Cities,Maroochydore,Fairfax,State-controlled,Intersection - T-Junction,Operating traffic lights,60 km/h,Sealed - Dry,Clear,Daylight,Curved - view open,Level,202,Veh'S Opposite Approach: Thru-Right,Opposing vehicles turning,W,0,0,0,1,1,2,0,0,0,0,0,0
347691,Hospitalisation,2021,January,Tuesday,12,Angle,Multi-Vehicle,153.0669011,-26.64274644,Bradman Av,Diura St,Sunshine Motorway (Mooloolaba - Peregian),Maroochydore,Sunshine Coast Region,4558,Maroochydore,Sunshine Coast,North Coast,SEQ North,North Coast,Maroochydore - Kuluin,Maroochy,Sunshine Coast,Major Cities,Ninderry,Fairfax,State-controlled,Intersection - T-Junction,No traffic control,60 km/h,Sealed - Dry,Clear,Daylight,Straight,Level,202,Veh'S Opposite Approach: Thru-Right,Opposing vehicles turning,N,0,2,0,0,2,2,0,0,0,0,0,0
347692,Medical treatment,2021,January,Tuesday,12,Rear-end,Multi-Vehicle,153.0928591,-26.65654245,Aerodrome Rd,,Maroochydore - Mooloolaba Road,Maroochydore,Sunshine Coast Region,4558,Maroochydore,Sunshine Coast,North Coast,SEQ North,North Coast,Maroochydore - Kuluin,Maroochy,Sunshine Coast,Major Cities,Maroochydore,Fairfax,State-controlled,No Roadway Feature,No traffic control,60 km/h,Sealed - Dry,Clear,Daylight,Curved - view open,Level,301,Veh'S Same Direction: Rear End,Rear-end,E,0,0,1,0,1,2,0,0,0,0,0,0
347693,Hospitalisation,2021,January,Wednesday,13,Angle,Multi-Vehicle,153.0932831,-26.65610045,First Ave,,,Maroochydore,Sunshine Coast Region,4558,Maroochydore,Sunshine Coast,North Coast,SEQ North,North Coast,Maroochydore - Kuluin,Maroochy,Sunshine Coast,Major Cities,Maroochydore,Fairfax,Locally-controlled,No Roadway Feature,No traffic control,0 - 50 km/h,Sealed - Dry,Clear,Daylight,Straight,Level,406,Veh'S Manoeuvring: Leaving Driveway,Vehicle leaving driveway,N,0,1,0,0,1,1,1,0,0,0,0,0
347694,Medical treatment,2021,January,Wednesday,16,Rear-end,Multi-Vehicle,152.9995871,-26.67335244,Bruce Hwy,Nambour Connection Rd Off Ramp,Maroochydore Road,Forest Glen,Sunshine Coast Region,4556,Nambour,Sunshine Coast,North Coast,SEQ North,North Coast,Diddillibah - Rosemount,Nambour,Sunshine Coast,Major Cities,Ninderry,Fairfax,State-controlled,Intersection - Roundabout,No traffic control,60 km/h,Sealed - Dry,Clear,Daylight,Curved - view open,Level,907,Pass & Misc: Vehicle Movements Not Known,Other,S,0,0,1,0,1,1,0,0,0,0,0,1
347695,Medical treatment,2021,January,Monday,15,Rear-end,Multi-Vehicle,152.9993061,-26.67315544,Bruce Hwy,,Bruce Highway (Brisbane - Gympie),Forest Glen,Sunshine Coast Region,4556,Nambour,Sunshine Coast,North Coast,SEQ North,North Coast,Diddillibah - Rosemount,Nambour,Sunshine Coast,Major Cities,Ninderry,Fairfax,State-controlled,Intersection - Interchange,Give way sign,60 km/h,Sealed - Dry,Clear,Daylight,Curved - view open,Level,302,Veh'S Same Direction: Left Rear,Rear-end,S,0,0,1,0,1,2,0,0,0,0,0,0
347696,Medical treatment,2021,January,Wednesday,13,Sideswipe,Multi-Vehicle,153.0373391,-26.69315244,Mons Rd,,,Buderim,Sunshine Coast Region,4556,Maroochydore,Sunshine Coast,North Coast,SEQ North,North Coast,Buderim - South,Buderim,Sunshine Coast,Major Cities,Buderim,Fairfax,Locally-controlled,No Roadway Feature,No traffic control,60 km/h,Sealed - Wet,Clear,Daylight,Curved - view open,Grade,305,Veh'S Same Direction: Lane Side Swipe,Lane changes,W,0,0,1,0,1,0,0,1,0,1,0,0
347697,Medical treatment,2021,January,Thursday,13,Rear-end,Multi-Vehicle,153.1034431,-26.66143945,Aerodrome Rd,Sixth Ave,Maroochydore - Mooloolaba Road,Maroochydore,Sunshine Coast Region,4558,Maroochydore,Sunshine Coast,North Coast,SEQ North,North Coast,Maroochydore - Kuluin,Maroochy,Sunshine Coast,Major Cities,Maroochydore,Fairfax,State-controlled,Intersection - T-Junction,No traffic control,0 - 50 km/h,Sealed - Dry,Clear,Daylight,Curved - view open,Level,302,Veh'S Same Direction: Left Rear,Rear-end,S,0,0,1,0,1,2,0,0,0,0,0,0
347698,Medical treatment,2021,January,Thursday,5,Rear-end,Multi-Vehicle,153.0962511,-26.67573845,Mooloolaba Rd,Sugar Rd,Mooloolaba Road,Buderim,Sunshine Coast Region,4556,Maroochydore,Sunshine Coast,North Coast,SEQ North,North Coast,Buderim - South,Buderim,Sunshine Coast,Major Cities,Buderim,Fairfax,State-controlled,Intersection - Interchange,Operating traffic lights,60 km/h,Sealed - Dry,Clear,Daylight,Straight,Grade,301,Veh'S Same Direction: Rear End,Rear-end,W,0,0,1,0,1,2,0,0,0,0,0,0
347699,Medical treatment,2021,January,Friday,11,Rear-end,Multi-Vehicle,153.0930011,-26.66101245,Dalby St,Maud St,,Maroochydore,Sunshine Coast Region,4558,Maroochydore,Sunshine Coast,North Coast,SEQ North,North Coast,Maroochydore - Kuluin,Maroochy,Sunshine Coast,Major Cities,Maroochydore,Fairfax,Locally-controlled,Intersection - T-Junction,No traffic control,0 - 50 km/h,Sealed - Dry,Clear,Daylight,Straight,Level,302,Veh'S Same Direction: Left Rear,Rear-end,N,0,0,1,0,1,2,0,0,0,0,0,0
347700,Medical treatment,2021,January,Sunday,11,Rear-end,Multi-Vehicle,153.0781088,-26.64403044,Bradman Av,,Maroochydore - Noosa Road,Maroochydore,Sunshine Coast Region,4558,Maroochydore,Sunshine Coast,North Coast,SEQ North,North Coast,Maroochydore - Kuluin,Maroochy,Sunshine Coast,Major Cities,Maroochydore,Fairfax,State-controlled,No Roadway Feature,No traffic control,60 km/h,Sealed - Dry,Clear,Daylight,Straight,Level,301,Veh'S Same Direction: Rear End,Rear-end,W,0,0,1,0,1,2,1,0,0,0,0,0
347701,Hospitalisation,2021,January,Sunday,10,Sideswipe,Multi-Vehicle,153.0464731,-26.72792044,Bruce Hwy,,Bruce Highway (Brisbane - Gympie),Sippy Downs,Sunshine Coast Region,4556,Sippy Downs,Sunshine Coast,North Coast,SEQ North,North Coast,Sippy Downs,Buderim,Sunshine Coast,Major Cities,Buderim,Fisher,State-controlled,No Roadway Feature,No traffic control,60 km/h,Sealed - Wet,Clear,Daylight,Curved - view open,Level,300,Veh'S Same Direction: Other,Other,S,0,1,0,0,1,0,1,0,0,0,0,1
347702,Hospitalisation,2021,January,Wednesday,17,Rear-end,Multi-Vehicle,153.1087711,-26.67116645,Alexandra Pde,,Maroochydore - Mooloolaba Road,Alexandra Headland,Sunshine Coast Region,4572,Maroochydore,Sunshine Coast,North Coast,SEQ North,North Coast,Mooloolaba - Alexandra Headland,Maroochy,Sunshine Coast,Major Cities,Maroochydore,Fisher,State-controlled,No Roadway Feature,No traffic control,60 km/h,Sealed - Dry,Clear,Daylight,Straight,Grade,301,Veh'S Same Direction: Rear End,Rear-end,S,0,1,0,0,1,2,1,0,0,0,0,0
347703,Minor injury,2021,January,Friday,9,Angle,Multi-Vehicle,153.0512311,-26.71675144,Sippy Downs Dr,University Way,,Sippy Downs,Sunshine Coast Region,4556,Sippy Downs,Sunshine Coast,North Coast,SEQ North,North Coast,Sippy Downs,Buderim,Sunshine Coast,Major Cities,Buderim,Fisher,Locally-controlled,Intersection - T-Junction,Operating traffic lights,60 km/h,Sealed - Dry,Clear,Daylight,Curved - view obscured,Level,207,Veh'S Opposite Approach: U-Turn,U-turn,E,0,0,0,1,1,2,0,0,0,0,0,0
347704,Hospitalisation,2021,January,Saturday,7,Head-on,Multi-Vehicle,153.0466321,-26.68875744,Burnett St,,Mooloolaba Road,Buderim,Sunshine Coast Region,4556,Maroochydore,Sunshine Coast,North Coast,SEQ North,North Coast,Buderim - North,Buderim,Sunshine Coast,Major Cities,Buderim,Fairfax,State-controlled,No Roadway Feature,No traffic control,60 km/h,Sealed - Dry,Clear,Daylight,Curved - view open,Crest,201,Veh'S Opposite Approach: Head On,Head-on,S,0,4,0,0,4,4,0,0,0,0,0,0
347705,Minor injury,2021,January,Sunday,22,Hit parked vehicle,Single Vehicle,153.0877094,-26.65105425,Baden Powell St,,,Maroochydore,Sunshine Coast Region,4558,Maroochydore,Sunshine Coast,North Coast,SEQ North,North Coast,Maroochydore - Kuluin,Maroochy,Sunshine Coast,Major Cities,Maroochydore,Fairfax,Locally-controlled,No Roadway Feature,No traffic control,0 - 50 km/h,Sealed - Dry,Clear,Darkness - Lighted,Straight,Level,601,Veh'S On Path: Parked,Hit parked vehicle,N,0,0,0,1,1,4,0,0,0,0,0,0
347706,Medical treatment,2021,February,Monday,8,Rear-end,Multi-Vehicle,153.0562841,-26.67818344,Gloucester Rd,,,Buderim,Sunshine Coast Region,4556,Maroochydore,Sunshine Coast,North Coast,SEQ North,North Coast,Buderim - North,Buderim,Sunshine Coast,Major Cities,Buderim,Fairfax,Locally-controlled,No Roadway Feature,No traffic control,60 km/h,Sealed - Wet,Raining,Daylight,Straight,Grade,301,Veh'S Same Direction: Rear End,Rear-end,S,0,0,1,0,1,2,0,0,0,0,0,0
347707,Medical treatment,2021,February,Monday,10,Rear-end,Multi-Vehicle,153.0701961,-26.70987244,Dixon Rd,Sunshine Mwy,,Buderim,Sunshine Coast Region,4556,Sippy Downs,Sunshine Coast,North Coast,SEQ North,North Coast,Buderim - South,Buderim,Sunshine Coast,Major Cities,Buderim,Fairfax,Locally-controlled,Intersection - T-Junction,Give way sign,60 km/h,Sealed - Wet,Raining,Daylight,Straight,Level,302,Veh'S Same Direction: Left Rear,Rear-end,E,0,0,1,0,1,2,0,0,0,0,0,0
347708,Medical treatment,2021,February,Wednesday,14,Hit object,Single Vehicle,153.0672851,-26.66391144,Sunshine Mwy,,Sunshine Motorway (Mooloolaba - Peregian),Buderim,Sunshine Coast Region,4556,Maroochydore,Sunshine Coast,North Coast,SEQ North,North Coast,Buderim - North,Buderim,Sunshine Coast,Major Cities,Ninderry,Fairfax,State-controlled,No Roadway Feature,No traffic control,60 km/h,Sealed - Dry,Clear,Daylight,Straight,Level,803,Off Path-Curve: Off Cway Rt Bend Hit Obj,Off carriageway on curve hit object,N,0,0,1,0,1,1,0,0,0,0,0,0
347709,Medical treatment,2021,February,Wednesday,13,Rear-end,Multi-Vehicle,153.0888271,-26.66700844,Dalton Dr,,,Maroochydore,Sunshine Coast Region,4558,Maroochydore,Sunshine Coast,North Coast,SEQ North,North Coast,Maroochydore - Kuluin,Maroochy,Sunshine Coast,Major Cities,Maroochydore,Fairfax,Locally-controlled,No Roadway Feature,Operating traffic lights,60 km/h,Sealed - Dry,Clear,Daylight,Straight,Level,303,Veh'S Same Direction: Right Rear,Rear-end,S,0,0,1,0,1,2,0,0,0,0,0,0
347710,Medical treatment,2021,February,Wednesday,8,Rear-end,Multi-Vehicle,153.0769831,-26.65463444,Maroochydore Rd,,Maroochydore Road,Maroochydore,Sunshine Coast Region,4558,Maroochydore,Sunshine Coast,North Coast,SEQ North,North Coast,Maroochydore - Kuluin,Maroochy,Sunshine Coast,Major Cities,Maroochydore,Fairfax,State-controlled,Intersection - Roundabout,No traffic control,60 km/h,Sealed - Dry,Clear,Daylight,Straight,Level,301,Veh'S Same Direction: Rear End,Rear-end,E,0,0,1,0,1,2,0,0,0,0,0,0
347711,Medical treatment,2021,February,Thursday,8,Rear-end,Multi-Vehicle,153.1068527,-26.69736184,Bundilla Blvd,,,Mountain Creek,Sunshine Coast Region,4557,Maroochydore,Sunshine Coast,North Coast,SEQ North,North Coast,Mountain Creek,Buderim,Sunshine Coast,Major Cities,Buderim,Fairfax,Locally-controlled,No Roadway Feature,No traffic control,0 - 50 km/h,Sealed - Dry,Clear,Daylight,Straight,Level,301,Veh'S Same Direction: Rear End,Rear-end,N,0,0,1,0,1,2,0,0,0,0,0,0
347712,Hospitalisation,2021,February,Friday,16,Sideswipe,Multi-Vehicle,153.0946011,-26.67355845,Sugar Rd,Wises Rd,,Buderim,Sunshine Coast Region,4556,Maroochydore,Sunshine Coast,North Coast,SEQ North,North Coast,Buderim - North,Buderim,Sunshine Coast,Major Cities,Buderim,Fairfax,Locally-controlled,Intersection - Roundabout,Give way sign,60 km/h,Sealed - Dry,Clear,Daylight,Curved - view open,Level,308,Veh'S Same Direction: Right Turn S/Swipe,Parallel lanes turning,N,0,1,0,0,1,1,1,0,0,0,0,0
347713,Medical treatment,2021,February,Tuesday,17,Rear-end,Multi-Vehicle,152.9991041,-26.67304244,Bruce Hwy,,Bruce Highway (Brisbane - Gympie),Forest Glen,Sunshine Coast Region,4556,Nambour,Sunshine Coast,North Coast,SEQ North,North Coast,Diddillibah - Rosemount,Nambour,Sunshine Coast,Major Cities,Ninderry,Fairfax,State-controlled,Intersection - Roundabout,Give way sign,60 km/h,Sealed - Dry,Clear,Daylight,Straight,Grade,301,Veh'S Same Direction: Rear End,Rear-end,S,0,0,1,0,1,2,0,0,0,0,0,0
347714,Medical treatment,2021,February,Wednesday,16,Rear-end,Multi-Vehicle,153.0656094,-26.71129465,Sunshine Mwy,,Sunshine Motorway (Tanawha - Mooloolaba),Sippy Downs,Sunshine Coast Region,4556,Sippy Downs,Sunshine Coast,North Coast,SEQ North,North Coast,Sippy Downs,Buderim,Sunshine Coast,Major Cities,Buderim,Fisher,State-controlled,No Roadway Feature,No traffic control,100 - 110 km/h,Sealed - Dry,Clear,Daylight,Straight,Level,301,Veh'S Same Direction: Rear End,Rear-end,W,0,0,1,0,1,3,0,0,0,0,0,0
347715,Medical treatment,2021,February,Wednesday,15,Rear-end,Multi-Vehicle,153.0956911,-26.67516045,Sugar Rd,,,Buderim,Sunshine Coast Region,4556,Maroochydore,Sunshine Coast,North Coast,SEQ North,North Coast,Buderim - North,Buderim,Sunshine Coast,Major Cities,Buderim,Fairfax,Locally-controlled,No Roadway Feature,No traffic control,60 km/h,Sealed - Dry,Clear,Daylight,Straight,Crest,301,Veh'S Same Direction: Rear End,Rear-end,W,0,0,1,0,1,2,0,0,0,0,0,0
347716,Hospitalisation,2021,February,Friday,17,Angle,Multi-Vehicle,153.0674801,-26.68249944,Bairnsdale St W,King St,Mooloolaba Road,Buderim,Sunshine Coast Region,4556,Maroochydore,Sunshine Coast,North Coast,SEQ North,North Coast,Buderim - South,Buderim,Sunshine Coast,Major Cities,Buderim,Fairfax,State-controlled,Intersection - T-Junction,No traffic control,60 km/h,Sealed - Dry,Clear,Daylight,Curved - view open,Level,104,Veh'S Adjacent Approach: Thru-Right,Intersection from adjacent approaches,W,0,1,0,0,1,2,0,0,0,0,0,0
347717,Medical treatment,2021,February,Friday,9,Rear-end,Multi-Vehicle,153.0721751,-26.64198144,Bradman Av,,Maroochydore - Noosa Road,Maroochydore,Sunshine Coast Region,4558,Maroochydore,Sunshine Coast,North Coast,SEQ North,North Coast,Maroochydore - Kuluin,Maroochy,Sunshine Coast,Major Cities,Maroochydore,Fairfax,State-controlled,No Roadway Feature,No traffic control,60 km/h,Sealed - Dry,Clear,Daylight,Curved - view open,Level,408,Veh'S Manoeuvring: Entering From Footway,Vehicle leaving driveway,E,0,0,1,0,1,1,1,0,0,0,0,0
347718,Hospitalisation,2021,February,Saturday,10,Rear-end,Multi-Vehicle,153.0411211,-26.66323544,Maroochydore Rd Service Rd,,Maroochydore Road,Kunda Park,Sunshine Coast Region,4556,Maroochydore,Sunshine Coast,North Coast,SEQ North,North Coast,Buderim - North,Buderim,Sunshine Coast,Major Cities,Ninderry,Fairfax,State-controlled,No Roadway Feature,No traffic control,70 km/h,Sealed - Dry,Clear,Daylight,Straight,Level,301,Veh'S Same Direction: Rear End,Rear-end,E,0,3,3,0,6,3,0,0,0,0,0,0
347719,Medical treatment,2021,February,Tuesday,14,Rear-end,Multi-Vehicle,153.0901501,-26.65359245,Horton Pde,,Maroochydore - Mooloolaba Road,Maroochydore,Sunshine Coast Region,4558,Maroochydore,Sunshine Coast,North Coast,SEQ North,North Coast,Maroochydore - Kuluin,Maroochy,Sunshine Coast,Major Cities,Maroochydore,Fairfax,State-controlled,No Roadway Feature,No traffic control,60 km/h,Sealed - Dry,Clear,Daylight,Straight,Level,301,Veh'S Same Direction: Rear End,Rear-end,N,0,0,1,1,2,3,0,0,0,0,0,0
347720,Hospitalisation,2021,February,Tuesday,15,Head-on,Multi-Vehicle,153.0742541,-26.71873344,Claymore Rd,,,Sippy Downs,Sunshine Coast Region,4556,Sippy Downs,Sunshine Coast,North Coast,SEQ North,North Coast,Sippy Downs,Buderim,Sunshine Coast,Major Cities,Buderim,Fisher,Locally-controlled,No Roadway Feature,No traffic control,60 km/h,Sealed - Dry,Clear,Daylight,Curved - view obscured,Crest,201,Veh'S Opposite Approach: Head On,Head-on,S,0,1,0,0,1,3,0,0,0,0,0,0
347721,Hospitalisation,2021,February,Wednesday,17,Head-on,Multi-Vehicle,153.1108679,-26.69424808,Sunshine Mwy,,Sunshine Motorway (Tanawha - Mooloolaba),Mountain Creek,Sunshine Coast Region,4557,Maroochydore,Sunshine Coast,North Coast,SEQ North,North Coast,Mountain Creek,Buderim,Sunshine Coast,Major Cities,Buderim,Fairfax,State-controlled,No Roadway Feature,No traffic control,60 km/h,Sealed - Wet,Raining,Daylight,Straight,Crest,201,Veh'S Opposite Approach: Head On,Head-on,E,0,1,0,0,1,2,0,0,0,0,0,0
347722,Medical treatment,2021,February,Friday,7,Angle,Multi-Vehicle,153.0209281,-26.65585344,Eudlo Flats Rd,,,Diddillibah,Sunshine Coast Region,4559,Maroochydore,Sunshine Coast,North Coast,SEQ North,North Coast,Diddillibah - Rosemount,Nambour,Sunshine Coast,Major Cities,Ninderry,Fairfax,Locally-controlled,No Roadway Feature,No traffic control,60 km/h,Sealed - Dry,Clear,Daylight,Straight,Level,406,Veh'S Manoeuvring: Leaving Driveway,Vehicle leaving driveway,N,0,0,1,0,1,2,0,0,0,0,0,0
347723,Hospitalisation,2021,February,Monday,11,Hit object,Single Vehicle,153.0204921,-26.68824044,Mons Rd,,,Mons,Sunshine Coast Region,4556,Maroochydore,Sunshine Coast,North Coast,SEQ North,North Coast,Buderim - North,Buderim,Sunshine Coast,Major Cities,Ninderry,Fairfax,Locally-controlled,No Roadway Feature,No traffic control,80 - 90 km/h,Sealed - Dry,Clear,Daylight,Curved - view open,Grade,804,Off Path-Curve: Off Cway Lt Bend Hit Obj,Off carriageway on curve hit object,W,0,1,0,0,1,1,0,0,0,0,0,0
347724,Hospitalisation,2021,February,Monday,15,Angle,Multi-Vehicle,153.0854141,-26.67136644,Wises Rd,,,Buderim,Sunshine Coast Region,4556,Maroochydore,Sunshine Coast,North Coast,SEQ North,North Coast,Buderim - North,Buderim,Sunshine Coast,Major Cities,Buderim,Fairfax,Locally-controlled,No Roadway Feature,Operating traffic lights,60 km/h,Sealed - Dry,Clear,Daylight,Straight,Level,406,Veh'S Manoeuvring: Leaving Driveway,Vehicle leaving driveway,W,0,1,0,0,1,2,0,0,0,0,0,0
347725,Medical treatment,2021,February,Tuesday,20,Rear-end,Multi-Vehicle,152.9972231,-26.66711944,Bruce Hwy,,Bruce Highway (Brisbane - Gympie),Kiels Mountain,Sunshine Coast Region,4559,Nambour,Sunshine Coast,North Coast,SEQ North,North Coast,Diddillibah - Rosemount,Nambour,Sunshine Coast,Major Cities,Ninderry,Fairfax,State-controlled,No Roadway Feature,No traffic control,60 km/h,Sealed - Wet,Raining,Darkness - Lighted,Straight,Level,301,Veh'S Same Direction: Rear End,Rear-end,S,0,0,1,0,1,2,0,0,0,0,0,0
347726,Medical treatment,2021,February,Friday,18,Hit object,Single Vehicle,153.0715821,-26.65798344,Jalumba St,Millwell Rd,,Maroochydore,Sunshine Coast Region,4558,Maroochydore,Sunshine Coast,North Coast,SEQ North,North Coast,Maroochydore - Kuluin,Maroochy,Sunshine Coast,Major Cities,Maroochydore,Fairfax,Locally-controlled,Intersection - T-Junction,No traffic control,0 - 50 km/h,Sealed - Dry,Clear,Darkness - Lighted,Straight,Grade,703,Off Path-Straight: Left Off Cway Hit Obj,Off carriageway on straight hit object,W,0,0,1,0,1,1,0,0,0,0,0,0
347727,Medical treatment,2021,March,Thursday,15,Rear-end,Multi-Vehicle,153.0509631,-26.66244944,Jones Rd,Maroochydore Rd,Maroochydore Road,Buderim,Sunshine Coast Region,4556,Maroochydore,Sunshine Coast,North Coast,SEQ North,North Coast,Buderim - North,Buderim,Sunshine Coast,Major Cities,Ninderry,Fairfax,State-controlled,Intersection - Interchange,No traffic control,60 km/h,Sealed - Wet,Clear,Daylight,Straight,Level,302,Veh'S Same Direction: Left Rear,Rear-end,W,0,0,1,0,1,2,0,0,0,0,0,0
347728,Minor injury,2021,March,Thursday,16,Rear-end,Multi-Vehicle,153.0979471,-26.70818245,Sunshine Mwy,,Sunshine Motorway (Tanawha - Mooloolaba),Mountain Creek,Sunshine Coast Region,4557,Maroochydore,Sunshine Coast,North Coast,SEQ North,North Coast,Mountain Creek,Buderim,Sunshine Coast,Major Cities,Buderim,Fairfax,State-controlled,No Roadway Feature,No traffic control,80 - 90 km/h,Sealed - Wet,Raining,Daylight,Straight,Level,301,Veh'S Same Direction: Rear End,Rear-end,E,0,0,0,1,1,2,0,0,0,0,0,0
347729,Hospitalisation,2021,March,Friday,17,Hit object,Single Vehicle,153.0073771,-26.69295144,Bruce Hwy,,Bruce Highway (Brisbane - Gympie),Forest Glen,Sunshine Coast Region,4556,Palmwoods,Sunshine Coast,North Coast,SEQ North,North Coast,Buderim - North,Buderim,Sunshine Coast,Major Cities,Ninderry,Fairfax,State-controlled,No Roadway Feature,No traffic control,80 - 90 km/h,Sealed - Dry,Clear,Daylight,Straight,Level,305,Veh'S Same Direction: Lane Side Swipe,Lane changes,S,0,2,0,0,2,2,0,0,0,0,0,0
347730,Hospitalisation,2021,March,Sunday,16,Hit pedestrian,Hit pedestrian,153.0919741,-26.65150445,Duporth Ave,Ocean St,,Maroochydore,Sunshine Coast Region,4558,Maroochydore,Sunshine Coast,North Coast,SEQ North,North Coast,Maroochydore - Kuluin,Maroochy,Sunshine Coast,Major Cities,Maroochydore,Fairfax,Locally-controlled,No Roadway Feature,No traffic control,60 km/h,Unsealed - Dry,Clear,Daylight,Straight,Level,0,Ped'N: Hit Other,Other,U,0,1,0,0,1,1,0,0,0,0,1,0
347731,Medical treatment,2021,March,Tuesday,16,Angle,Multi-Vehicle,153.0603681,-26.72116144,Scholars Dr,,,Sippy Downs,Sunshine Coast Region,4556,Sippy Downs,Sunshine Coast,North Coast,SEQ North,North Coast,Sippy Downs,Buderim,Sunshine Coast,Major Cities,Buderim,Fisher,Locally-controlled,No Roadway Feature,No traffic control,0 - 50 km/h,Sealed - Dry,Clear,Daylight,Straight,Level,401,Veh'S Manoeuvring: Leaving Parking,Vehicle leaving driveway,N,0,0,1,0,1,1,0,1,0,0,0,0
347732,Hospitalisation,2021,March,Wednesday,10,Angle,Multi-Vehicle,153.0914011,-26.68471945,Golf Links Rd,,,Buderim,Sunshine Coast Region,4556,Maroochydore,Sunshine Coast,North Coast,SEQ North,North Coast,Buderim - South,Buderim,Sunshine Coast,Major Cities,Buderim,Fairfax,Locally-controlled,No Roadway Feature,No traffic control,0 - 50 km/h,Sealed - Dry,Clear,Daylight,Straight,Grade,207,Veh'S Opposite Approach: U-Turn,U-turn,N,0,2,0,0,2,2,0,0,0,0,0,0
347733,Hospitalisation,2021,March,Friday,8,Hit object,Single Vehicle,153.0883531,-26.71382545,Kawana Wy,Sunshine Mwy,Kawana Way,Mountain Creek,Sunshine Coast Region,4557,Sippy Downs,Sunshine Coast,North Coast,SEQ North,North Coast,Mountain Creek,Buderim,Sunshine Coast,Major Cities,Buderim,Fairfax,State-controlled,Intersection - Interchange,No traffic control,60 km/h,Sealed - Dry,Clear,Daylight,Straight,Level,808,Off Path-Curve: Mounts Traffic Island,Off carriageway on curve hit object,E,0,1,0,0,1,1,0,0,0,0,0,0