Crash_Severity,Crash_Year,Crash_Month,Crash_Day_Of_Week,Crash_Hour,Crash_Nature,Crash_Type,Crash_Longitude,Crash_Latitude,Crash_Street,Crash_Street_Intersecting,State_Road_Name,Loc_Suburb,Loc_Local_Government_Area,Loc_Post_Code,Loc_Police_Division,Loc_Police_District,Loc_Police_Region,Loc_Queensland_Transport_Region,Loc_Main_Roads_Region,Loc_ABS_Statistical_Area_2,Loc_ABS_Statistical_Area_3,Loc_ABS_Statistical_Area_4,Loc_ABS_Remoteness,Loc_State_Electorate,Loc_Federal_Electorate,Crash_Controlling_Authority,Crash_Roadway_Feature,Crash_Traffic_Control,Crash_Speed_Limit,Crash_Road_Surface_Condition,Crash_Atmospheric_Condition,Crash_Lighting_Condition,Crash_Road_Horiz_Align,Crash_Road_Vert_Align,Crash_DCA_Code,Crash_DCA_Description,Crash_DCA_Group_Description,DCA_Key_Approach_Dir,Count_Casualty_Fatality,Count_Casualty_Hospitalised,Count_Casualty_MedicallyTreated,Count_Casualty_MinorInjury,Count_Casualty_Total,Count_Unit_Car,Count_Unit_Motorcycle_Moped,Count_Unit_Truck,Count_Unit_Bus,Count_Unit_Bicycle,Count_Unit_Pedestrian,Count_Unit_Other,
347734,Medical treatment,2021,March,Friday,12,Angle,Multi-Vehicle,153.0996951,-26.66215645,Bungama St,Wrigley St,,Maroochydore,Sunshine Coast Region,4558,Maroochydore,Sunshine Coast,North Coast,SEQ North,North Coast,Maroochydore - Kuluin,Maroochy,Sunshine Coast,Major Cities,Maroochydore,Fairfax,Locally-controlled,Intersection - Cross,No traffic control,0 - 50 km/h,Sealed - Dry,Clear,Daylight,Straight,Level,202,Veh'S Opposite Approach: Thru-Right,Opposing vehicles turning,S,0,0,1,0,1,1,1,0,0,0,0,0
347735,Hospitalisation,2021,March,Sunday,17,Hit pedestrian,Hit pedestrian,153.1052051,-26.66330645,Alexandra Pde,Maroubra St,Maroochydore - Mooloolaba Road,Alexandra Headland,Sunshine Coast Region,4572,Maroochydore,Sunshine Coast,North Coast,SEQ North,North Coast,Mooloolaba - Alexandra Headland,Maroochy,Sunshine Coast,Major Cities,Maroochydore,Fairfax,State-controlled,Intersection - T-Junction,No traffic control,60 km/h,Sealed - Dry,Clear,Daylight,Straight,Level,3,Ped'N: Far Side Vehicle Hit From Left,Pedestrian,S,0,1,0,0,1,1,0,0,0,0,1,0
347736,Medical treatment,2021,March,Monday,14,Angle,Multi-Vehicle,153.0610701,-26.65532744,Main Rd,,,Kuluin,Sunshine Coast Region,4558,Maroochydore,Sunshine Coast,North Coast,SEQ North,North Coast,Maroochydore - Kuluin,Maroochy,Sunshine Coast,Major Cities,Ninderry,Fairfax,Locally-controlled,No Roadway Feature,No traffic control,60 km/h,Sealed - Wet,Raining,Daylight,Curved - view obscured,Level,400,Veh'S Manoeuvring: Other,Other,,0,0,1,0,1,1,0,0,0,1,0,0
347737,Medical treatment,2021,March,Tuesday,11,Angle,Multi-Vehicle,153.1094721,-26.67159045,Alexandra Pde,,Maroochydore - Mooloolaba Road,Alexandra Headland,Sunshine Coast Region,4572,Maroochydore,Sunshine Coast,North Coast,SEQ North,North Coast,Mooloolaba - Alexandra Headland,Maroochy,Sunshine Coast,Major Cities,Maroochydore,Fisher,State-controlled,No Roadway Feature,No traffic control,0 - 50 km/h,Sealed - Dry,Clear,Daylight,Straight,Dip,400,Veh'S Manoeuvring: Other,Other,N,0,0,1,0,1,1,0,0,0,1,0,0
347738,Hospitalisation,2021,March,Wednesday,20,Hit object,Single Vehicle,153.0195513,-26.70608742,Bruce Hwy,,Bruce Highway (Brisbane - Gympie),Tanawha,Sunshine Coast Region,4556,Palmwoods,Sunshine Coast,North Coast,SEQ North,North Coast,Buderim - South,Buderim,Sunshine Coast,Major Cities,Buderim,Fairfax,State-controlled,No Roadway Feature,No traffic control,100 - 110 km/h,Sealed - Wet,Raining,Darkness - Not lighted,Curved - view open,Crest,803,Off Path-Curve: Off Cway Rt Bend Hit Obj,Off carriageway on curve hit object,S,0,1,0,0,1,1,0,0,0,0,0,0
347739,Hospitalisation,2021,March,Thursday,8,Rear-end,Multi-Vehicle,153.0962091,-26.71410745,Kawana Wy,,Kawana Way,Mountain Creek,Sunshine Coast Region,4557,Sippy Downs,Sunshine Coast,North Coast,SEQ North,North Coast,Mountain Creek,Buderim,Sunshine Coast,Major Cities,Buderim,Fairfax,State-controlled,No Roadway Feature,No traffic control,60 km/h,Sealed - Wet,Raining,Daylight,Straight,Level,301,Veh'S Same Direction: Rear End,Rear-end,E,0,2,0,0,2,3,0,0,0,0,0,0
347740,Hospitalisation,2021,March,Monday,15,Rear-end,Multi-Vehicle,153.0956551,-26.67347445,Sunshine Mwy,,Sunshine Motorway (Mooloolaba - Peregian),Alexandra Headland,Sunshine Coast Region,4572,Maroochydore,Sunshine Coast,North Coast,SEQ North,North Coast,Mooloolaba - Alexandra Headland,Maroochy,Sunshine Coast,Major Cities,Maroochydore,Fisher,State-controlled,No Roadway Feature,No traffic control,100 - 110 km/h,Sealed - Wet,Raining,Daylight,Straight,Grade,301,Veh'S Same Direction: Rear End,Rear-end,S,0,2,0,0,2,3,0,0,0,0,0,0
347741,Hospitalisation,2021,March,Monday,18,Hit parked vehicle,Single Vehicle,153.0538691,-26.66013444,Tallow Wood Dr,,,Kuluin,Sunshine Coast Region,4558,Maroochydore,Sunshine Coast,North Coast,SEQ North,North Coast,Maroochydore - Kuluin,Maroochy,Sunshine Coast,Major Cities,Ninderry,Fairfax,Locally-controlled,No Roadway Feature,No traffic control,0 - 50 km/h,Sealed - Wet,Raining,Darkness - Lighted,Straight,Level,601,Veh'S On Path: Parked,Hit parked vehicle,E,0,1,0,0,1,2,0,0,0,0,0,0
347742,Medical treatment,2021,March,Monday,14,Rear-end,Multi-Vehicle,152.9996551,-26.67399644,Bruce Hwy On Ramp,Maroochydore Rd,Maroochydore Road,Forest Glen,Sunshine Coast Region,4556,Nambour,Sunshine Coast,North Coast,SEQ North,North Coast,Diddillibah - Rosemount,Nambour,Sunshine Coast,Major Cities,Ninderry,Fairfax,State-controlled,Intersection - Roundabout,Give way sign,60 km/h,Sealed - Wet,Raining,Daylight,Curved - view open,Level,302,Veh'S Same Direction: Left Rear,Rear-end,W,0,0,1,0,1,2,0,0,0,0,0,0
347743,Medical treatment,2021,March,Tuesday,9,Angle,Multi-Vehicle,153.0669011,-26.64274644,Bradman Av,Diura St,Maroochydore - Noosa Road,Maroochydore,Sunshine Coast Region,4558,Maroochydore,Sunshine Coast,North Coast,SEQ North,North Coast,Maroochydore - Kuluin,Maroochy,Sunshine Coast,Major Cities,Ninderry,Fairfax,State-controlled,Intersection - T-Junction,Stop sign,60 km/h,Sealed - Wet,Raining,Daylight,Straight,Level,104,Veh'S Adjacent Approach: Thru-Right,Intersection from adjacent approaches,W,0,0,1,0,1,2,0,0,0,0,0,0
347744,Hospitalisation,2021,March,Wednesday,21,Rear-end,Multi-Vehicle,153.0792661,-26.71268544,Sunshine Mwy,,Sunshine Motorway (Tanawha - Mooloolaba),Sippy Downs,Sunshine Coast Region,4556,Sippy Downs,Sunshine Coast,North Coast,SEQ North,North Coast,Sippy Downs,Buderim,Sunshine Coast,Major Cities,Buderim,Fisher,State-controlled,No Roadway Feature,No traffic control,100 - 110 km/h,Sealed - Dry,Clear,Darkness - Not lighted,Straight,Level,301,Veh'S Same Direction: Rear End,Rear-end,W,0,1,0,0,1,2,0,0,0,0,0,0
347745,Medical treatment,2021,March,Thursday,18,Angle,Multi-Vehicle,153.0571891,-26.67925044,Bretz St,Mill Rd,,Buderim,Sunshine Coast Region,4556,Maroochydore,Sunshine Coast,North Coast,SEQ North,North Coast,Buderim - North,Buderim,Sunshine Coast,Major Cities,Buderim,Fairfax,Locally-controlled,Intersection - T-Junction,No traffic control,60 km/h,Sealed - Dry,Clear,Dawn/Dusk,Straight,Level,202,Veh'S Opposite Approach: Thru-Right,Opposing vehicles turning,W,0,0,1,0,1,2,0,0,0,0,0,0
347746,Medical treatment,2021,March,Friday,14,Rear-end,Multi-Vehicle,153.0839912,-26.71301592,Sunshine Mwy,,Sunshine Motorway (Tanawha - Mooloolaba),Buderim,Sunshine Coast Region,4556,Sippy Downs,Sunshine Coast,North Coast,SEQ North,North Coast,Buderim - South,Buderim,Sunshine Coast,Major Cities,Buderim,Fairfax,State-controlled,No Roadway Feature,No traffic control,60 km/h,Sealed - Dry,Clear,Daylight,Straight,Level,301,Veh'S Same Direction: Rear End,Rear-end,E,0,0,4,0,4,3,0,0,0,0,0,0
347747,Minor injury,2021,March,Friday,21,Angle,Multi-Vehicle,153.1171691,-26.67791345,Mooloolaba Esp,Venning St,,Mooloolaba,Sunshine Coast Region,4557,Maroochydore,Sunshine Coast,North Coast,SEQ North,North Coast,Mooloolaba - Alexandra Headland,Maroochy,Sunshine Coast,Major Cities,Maroochydore,Fisher,Locally-controlled,Intersection - T-Junction,Operating traffic lights,0 - 50 km/h,Sealed - Dry,Clear,Darkness - Lighted,Curved - view open,Level,203,Veh'S Opposite Approach: Right-Left,Opposing vehicles turning,E,0,0,0,1,1,1,1,0,0,0,0,0
347748,Minor injury,2021,March,Friday,13,Angle,Multi-Vehicle,153.0636891,-26.71301044,Sippy Downs Dr,,,Sippy Downs,Sunshine Coast Region,4556,Sippy Downs,Sunshine Coast,North Coast,SEQ North,North Coast,Sippy Downs,Buderim,Sunshine Coast,Major Cities,Buderim,Fisher,Locally-controlled,Intersection - T-Junction,Give way sign,60 km/h,Sealed - Dry,Clear,Daylight,Straight,Level,202,Veh'S Opposite Approach: Thru-Right,Opposing vehicles turning,N,0,0,0,1,1,2,0,0,0,0,0,0
347749,Medical treatment,2021,March,Friday,17,Rear-end,Multi-Vehicle,153.0719231,-26.71326244,Dixon Rd,Sippy Downs Dr,,Sippy Downs,Sunshine Coast Region,4556,Sippy Downs,Sunshine Coast,North Coast,SEQ North,North Coast,Sippy Downs,Buderim,Sunshine Coast,Major Cities,Buderim,Fisher,Locally-controlled,Intersection - T-Junction,Give way sign,60 km/h,Sealed - Dry,Clear,Dawn/Dusk,Curved - view open,Level,302,Veh'S Same Direction: Left Rear,Rear-end,N,0,0,1,0,1,2,0,0,0,0,0,0
347750,Medical treatment,2021,March,Monday,5,Angle,Multi-Vehicle,153.0502831,-26.71588444,Mountain Creek Rd,Sunshine Mwy,Mooloolaba Road,Sippy Downs,Sunshine Coast Region,4556,Sippy Downs,Sunshine Coast,North Coast,SEQ North,North Coast,Sippy Downs,Buderim,Sunshine Coast,Major Cities,Buderim,Fisher,State-controlled,Intersection - Interchange,Operating traffic lights,60 km/h,Sealed - Dry,Clear,Daylight,Straight,Level,202,Veh'S Opposite Approach: Thru-Right,Opposing vehicles turning,S,0,0,1,0,1,2,0,0,0,0,0,0
347751,Hospitalisation,2021,April,Monday,11,Rear-end,Multi-Vehicle,153.0327729,-26.71667118,Bruce Hwy,,Bruce Highway (Brisbane - Gympie),Tanawha,Sunshine Coast Region,4556,Palmwoods,Sunshine Coast,North Coast,SEQ North,North Coast,Buderim - South,Buderim,Sunshine Coast,Major Cities,Buderim,Fairfax,State-controlled,No Roadway Feature,No traffic control,100 - 110 km/h,Sealed - Wet,Raining,Daylight,Straight,Grade,301,Veh'S Same Direction: Rear End,Rear-end,S,0,2,0,1,3,3,0,1,0,0,0,0
347752,Medical treatment,2021,April,Tuesday,13,Rear-end,Multi-Vehicle,153.0886061,-26.67184544,Darby Cl,Kayleigh Dr,,Buderim,Sunshine Coast Region,4556,Maroochydore,Sunshine Coast,North Coast,SEQ North,North Coast,Buderim - North,Buderim,Sunshine Coast,Major Cities,Buderim,Fairfax,Locally-controlled,Intersection - Cross,Operating traffic lights,60 km/h,Sealed - Dry,Clear,Daylight,Straight,Level,303,Veh'S Same Direction: Right Rear,Rear-end,N,0,0,1,0,1,2,0,0,0,0,0,0
347753,Hospitalisation,2021,April,Wednesday,19,Angle,Multi-Vehicle,153.0876511,-26.68283944,Golf Links Rd,Mooloolaba Rd,Mooloolaba Road,Buderim,Sunshine Coast Region,4556,Maroochydore,Sunshine Coast,North Coast,SEQ North,North Coast,Buderim - South,Buderim,Sunshine Coast,Major Cities,Buderim,Fairfax,State-controlled,Intersection - Cross,Operating traffic lights,60 km/h,Sealed - Dry,Clear,Darkness - Lighted,Curved - view open,Level,104,Veh'S Adjacent Approach: Thru-Right,Intersection from adjacent approaches,W,0,4,0,0,4,2,0,0,0,0,0,0
347754,Minor injury,2021,April,Wednesday,16,Rear-end,Multi-Vehicle,153.0808311,-26.71265604,Sunshine Mwy,,Sunshine Motorway (Tanawha - Mooloolaba),Buderim,Sunshine Coast Region,4556,Sippy Downs,Sunshine Coast,North Coast,SEQ North,North Coast,Buderim - South,Buderim,Sunshine Coast,Major Cities,Buderim,Fairfax,State-controlled,No Roadway Feature,No traffic control,100 - 110 km/h,Sealed - Dry,Clear,Daylight,Straight,Level,301,Veh'S Same Direction: Rear End,Rear-end,E,0,0,0,1,1,2,0,0,0,0,0,0
347755,Minor injury,2021,April,Wednesday,7,Rear-end,Multi-Vehicle,152.9993061,-26.67315544,Bruce Hwy,Nambour Connection Rd Off Ramp,Maroochydore Road,Forest Glen,Sunshine Coast Region,4556,Nambour,Sunshine Coast,North Coast,SEQ North,North Coast,Diddillibah - Rosemount,Nambour,Sunshine Coast,Major Cities,Ninderry,Fairfax,State-controlled,Intersection - Roundabout,Give way sign,0 - 50 km/h,Sealed - Dry,Clear,Daylight,Curved - view open,Grade,302,Veh'S Same Direction: Left Rear,Rear-end,E,0,0,0,1,1,2,0,0,0,0,0,0
347756,Hospitalisation,2021,April,Friday,16,Hit pedestrian,Hit pedestrian,153.0896181,-26.65299744,Maroochydore Rd,,Maroochydore - Mooloolaba Road,Maroochydore,Sunshine Coast Region,4558,Maroochydore,Sunshine Coast,North Coast,SEQ North,North Coast,Maroochydore - Kuluin,Maroochy,Sunshine Coast,Major Cities,Maroochydore,Fairfax,State-controlled,No Roadway Feature,No traffic control,60 km/h,Sealed - Dry,Clear,Daylight,Straight,Level,0,Ped'N: Hit Other,Other,E,0,1,0,0,1,1,0,0,0,0,1,0
347757,Hospitalisation,2021,April,Tuesday,15,Angle,Multi-Vehicle,153.0875011,-26.65150944,Baden Powell St,Wright St,,Maroochydore,Sunshine Coast Region,4558,Maroochydore,Sunshine Coast,North Coast,SEQ North,North Coast,Maroochydore - Kuluin,Maroochy,Sunshine Coast,Major Cities,Maroochydore,Fairfax,Locally-controlled,Intersection - T-Junction,No traffic control,0 - 50 km/h,Sealed - Dry,Clear,Daylight,Straight,Crest,406,Veh'S Manoeuvring: Leaving Driveway,Vehicle leaving driveway,S,0,1,0,0,1,1,0,0,0,1,0,0
347758,Hospitalisation,2021,April,Wednesday,17,Rear-end,Multi-Vehicle,153.0672131,-26.71142844,Sunshine Mwy,,Sunshine Motorway (Tanawha - Mooloolaba),Sippy Downs,Sunshine Coast Region,4556,Sippy Downs,Sunshine Coast,North Coast,SEQ North,North Coast,Sippy Downs,Buderim,Sunshine Coast,Major Cities,Buderim,Fisher,State-controlled,No Roadway Feature,No traffic control,100 - 110 km/h,Sealed - Dry,Clear,Darkness - Lighted,Straight,Level,301,Veh'S Same Direction: Rear End,Rear-end,W,0,1,0,0,1,4,0,0,0,0,0,0
347759,Hospitalisation,2021,April,Friday,12,Angle,Multi-Vehicle,153.0221501,-26.66374144,Eudlo Flats Rd,Rafting Ground Rd,,Forest Glen,Sunshine Coast Region,4556,Maroochydore,Sunshine Coast,North Coast,SEQ North,North Coast,Diddillibah - Rosemount,Nambour,Sunshine Coast,Major Cities,Ninderry,Fairfax,Locally-controlled,Intersection - T-Junction,No traffic control,60 km/h,Sealed - Dry,Clear,Daylight,Curved - view obscured,Level,207,Veh'S Opposite Approach: U-Turn,U-turn,S,0,1,0,0,1,1,1,0,0,0,0,0
347760,Medical treatment,2021,April,Friday,18,Rear-end,Multi-Vehicle,153.0985641,-26.67773245,Sunshine Mwy,,Sunshine Motorway (Mooloolaba - Peregian),Buderim,Sunshine Coast Region,4556,Maroochydore,Sunshine Coast,North Coast,SEQ North,North Coast,Buderim - South,Buderim,Sunshine Coast,Major Cities,Buderim,Fairfax,State-controlled,Intersection - Interchange,No traffic control,60 km/h,Sealed - Dry,Clear,Dawn/Dusk,Straight,Grade,301,Veh'S Same Direction: Rear End,Rear-end,W,0,0,2,0,2,2,0,0,0,0,0,0
347761,Hospitalisation,2021,April,Monday,8,Rear-end,Multi-Vehicle,153.0415471,-26.69254544,Besley St,William St,,Buderim,Sunshine Coast Region,4556,Maroochydore,Sunshine Coast,North Coast,SEQ North,North Coast,Buderim - North,Buderim,Sunshine Coast,Major Cities,Buderim,Fairfax,Locally-controlled,Intersection - T-Junction,No traffic control,60 km/h,Sealed - Dry,Clear,Daylight,Curved - view obscured,Level,303,Veh'S Same Direction: Right Rear,Rear-end,,0,1,0,0,1,2,0,0,0,0,0,0
347762,Hospitalisation,2021,April,Tuesday,21,Hit object,Single Vehicle,153.0006932,-26.6770331,Bruce Hwy,,Bruce Highway (Brisbane - Gympie),Forest Glen,Sunshine Coast Region,4556,Palmwoods,Sunshine Coast,North Coast,SEQ North,North Coast,Buderim - North,Buderim,Sunshine Coast,Major Cities,Ninderry,Fairfax,State-controlled,No Roadway Feature,No traffic control,80 - 90 km/h,Sealed - Dry,Clear,Darkness - Not lighted,Curved - view open,Level,805,Off Path-Curve: Out Of Control On Cway,Out of control on curve,S,0,1,0,0,1,1,0,0,0,0,0,0
347763,Medical treatment,2021,April,Tuesday,9,Rear-end,Multi-Vehicle,153.1039561,-26.69962545,Bundilla Blvd,,,Mountain Creek,Sunshine Coast Region,4557,Maroochydore,Sunshine Coast,North Coast,SEQ North,North Coast,Mountain Creek,Buderim,Sunshine Coast,Major Cities,Buderim,Fairfax,Locally-controlled,No Roadway Feature,No traffic control,60 km/h,Sealed - Dry,Clear,Daylight,Straight,Level,301,Veh'S Same Direction: Rear End,Rear-end,S,0,0,1,1,2,2,0,0,0,0,0,0
347764,Medical treatment,2021,April,Friday,11,Hit parked vehicle,Single Vehicle,153.0564971,-26.70912144,Stringybark Rd,,,Buderim,Sunshine Coast Region,4556,Maroochydore,Sunshine Coast,North Coast,SEQ North,North Coast,Buderim - South,Buderim,Sunshine Coast,Major Cities,Buderim,Fairfax,Locally-controlled,No Roadway Feature,No traffic control,60 km/h,Sealed - Dry,Clear,Daylight,Curved - view open,Level,803,Off Path-Curve: Off Cway Rt Bend Hit Obj,Off carriageway on curve hit object,N,0,0,1,0,1,3,0,0,0,0,0,0
347765,Medical treatment,2021,April,Friday,14,Hit object,Single Vehicle,153.0825891,-26.65368644,Evans St,Ridge Rd,,Maroochydore,Sunshine Coast Region,4558,Maroochydore,Sunshine Coast,North Coast,SEQ North,North Coast,Maroochydore - Kuluin,Maroochy,Sunshine Coast,Major Cities,Maroochydore,Fairfax,Locally-controlled,Intersection - T-Junction,No traffic control,60 km/h,Sealed - Dry,Clear,Daylight,Straight,Level,704,Off Path-Straight:Right Off Cway Hit Obj,Off carriageway on straight hit object,N,0,0,1,0,1,1,0,0,0,0,0,0
347766,Medical treatment,2021,April,Tuesday,18,Rear-end,Multi-Vehicle,153.1029971,-26.68274145,Sunshine Mwy,,Sunshine Motorway (Mooloolaba - Peregian),Mooloolaba,Sunshine Coast Region,4557,Maroochydore,Sunshine Coast,North Coast,SEQ North,North Coast,Mooloolaba - Alexandra Headland,Maroochy,Sunshine Coast,Major Cities,Maroochydore,Fisher,State-controlled,No Roadway Feature,No traffic control,100 - 110 km/h,Sealed - Dry,Clear,Darkness - Lighted,Straight,Level,301,Veh'S Same Direction: Rear End,Rear-end,E,0,0,1,0,1,2,0,0,0,0,0,0
347767,Medical treatment,2021,April,Tuesday,17,Rear-end,Multi-Vehicle,153.0995311,-26.67832945,Sunshine Mwy,,Sunshine Motorway (Mooloolaba - Peregian),Mooloolaba,Sunshine Coast Region,4557,Maroochydore,Sunshine Coast,North Coast,SEQ North,North Coast,Mooloolaba - Alexandra Headland,Maroochy,Sunshine Coast,Major Cities,Maroochydore,Fisher,State-controlled,No Roadway Feature,No traffic control,100 - 110 km/h,Sealed - Dry,Clear,Dawn/Dusk,Straight,Level,301,Veh'S Same Direction: Rear End,Rear-end,E,0,0,1,1,2,2,0,0,0,0,0,0
347768,Medical treatment,2021,April,Thursday,21,Hit object,Single Vehicle,153.0859649,-26.66340932,Dalton Dr,,,Maroochydore,Sunshine Coast Region,4558,Maroochydore,Sunshine Coast,North Coast,SEQ North,North Coast,Maroochydore - Kuluin,Maroochy,Sunshine Coast,Major Cities,Maroochydore,Fairfax,Locally-controlled,No Roadway Feature,No traffic control,0 - 50 km/h,Sealed - Wet,Raining,Darkness - Lighted,Curved - view open,Level,805,Off Path-Curve: Out Of Control On Cway,Out of control on curve,E,0,0,2,0,2,1,0,0,0,0,0,0
347769,Minor injury,2021,April,Thursday,8,Rear-end,Multi-Vehicle,153.1107615,-26.69306805,Sunshine Mwy,,Sunshine Motorway (Mooloolaba - Peregian),Mooloolaba,Sunshine Coast Region,4557,Maroochydore,Sunshine Coast,North Coast,SEQ North,North Coast,Mooloolaba - Alexandra Headland,Maroochy,Sunshine Coast,Major Cities,Buderim,Fisher,State-controlled,No Roadway Feature,No traffic control,60 km/h,Sealed - Dry,Clear,Daylight,Straight,Level,301,Veh'S Same Direction: Rear End,Rear-end,N,0,0,0,1,1,2,0,0,0,0,0,0
347770,Minor injury,2021,April,Friday,10,Hit object,Single Vehicle,153.0821561,-26.69292944,Bringenbrong Dr,Geehi Ct,,Buderim,Sunshine Coast Region,4556,Maroochydore,Sunshine Coast,North Coast,SEQ North,North Coast,Buderim - South,Buderim,Sunshine Coast,Major Cities,Buderim,Fairfax,Locally-controlled,Intersection - T-Junction,No traffic control,0 - 50 km/h,Sealed - Wet,Raining,Daylight,Curved - view open,Level,708,Off Path-Straight: Mounts Traffic Island,Off carriageway on straight hit object,N,0,0,0,1,1,1,0,0,0,0,0,0
347771,Hospitalisation,2021,April,Friday,17,Rear-end,Multi-Vehicle,153.0538161,-26.71319044,Sippy Downs Dr,Sunshine Mwy,Sunshine Motorway (Tanawha - Mooloolaba),Sippy Downs,Sunshine Coast Region,4556,Sippy Downs,Sunshine Coast,North Coast,SEQ North,North Coast,Sippy Downs,Buderim,Sunshine Coast,Major Cities,Buderim,Fisher,State-controlled,Intersection - Interchange,No traffic control,100 - 110 km/h,Sealed - Dry,Clear,Darkness - Not lighted,Straight,Level,301,Veh'S Same Direction: Rear End,Rear-end,W,0,1,0,0,1,2,0,0,0,0,0,0
347772,Medical treatment,2021,May,Sunday,16,Overturned,Single Vehicle,153.1091677,-26.69448747,Sunshine Mwy,,Sunshine Motorway (Mooloolaba - Peregian),Mountain Creek,Sunshine Coast Region,4557,Maroochydore,Sunshine Coast,North Coast,SEQ North,North Coast,Mountain Creek,Buderim,Sunshine Coast,Major Cities,Buderim,Fairfax,State-controlled,Intersection - Interchange,No traffic control,60 km/h,Sealed - Wet,Raining,Daylight,Curved - view open,Level,804,Off Path-Curve: Off Cway Lt Bend Hit Obj,Off carriageway on curve hit object,N,0,0,1,0,1,1,0,0,0,0,0,0
347773,Hospitalisation,2021,May,Thursday,8,Rear-end,Multi-Vehicle,153.0717404,-26.71170791,Sunshine Mwy,,Sunshine Motorway (Tanawha - Mooloolaba),Buderim,Sunshine Coast Region,4556,Sippy Downs,Sunshine Coast,North Coast,SEQ North,North Coast,Buderim - South,Buderim,Sunshine Coast,Major Cities,Buderim,Fairfax,State-controlled,No Roadway Feature,No traffic control,60 km/h,Sealed - Dry,Clear,Daylight,Straight,Level,301,Veh'S Same Direction: Rear End,Rear-end,E,0,1,0,0,1,3,0,0,0,0,0,1
347774,Hospitalisation,2021,May,Monday,17,Rear-end,Multi-Vehicle,153.0992131,-26.67792345,Sunshine Mwy,,Sunshine Motorway (Mooloolaba - Peregian),Mooloolaba,Sunshine Coast Region,4557,Maroochydore,Sunshine Coast,North Coast,SEQ North,North Coast,Mooloolaba - Alexandra Headland,Maroochy,Sunshine Coast,Major Cities,Maroochydore,Fisher,State-controlled,Intersection - Interchange,No traffic control,100 - 110 km/h,Sealed - Dry,Clear,Dawn/Dusk,Straight,Level,301,Veh'S Same Direction: Rear End,Rear-end,S,0,1,0,0,1,4,0,0,0,0,0,0
347775,Hospitalisation,2021,May,Tuesday,5,Angle,Multi-Vehicle,153.0703211,-26.71016944,Dixon Rd,Sunshine Mwy,,Buderim,Sunshine Coast Region,4556,Sippy Downs,Sunshine Coast,North Coast,SEQ North,North Coast,Buderim - South,Buderim,Sunshine Coast,Major Cities,Buderim,Fairfax,Locally-controlled,Intersection - Interchange,Give way sign,60 km/h,Sealed - Dry,Clear,Dawn/Dusk,Straight,Dip,408,Veh'S Manoeuvring: Entering From Footway,Vehicle leaving driveway,N,0,1,0,0,1,1,0,0,0,1,0,0
347776,Medical treatment,2021,May,Wednesday,21,Rear-end,Multi-Vehicle,152.9961441,-26.66351144,Bruce Hwy,,Bruce Highway (Brisbane - Gympie),Woombye,Sunshine Coast Region,4559,Nambour,Sunshine Coast,North Coast,SEQ North,North Coast,Nambour,Nambour,Sunshine Coast,Major Cities,Ninderry,Fairfax,State-controlled,No Roadway Feature,No traffic control,80 - 90 km/h,Sealed - Wet,Raining,Darkness - Not lighted,Straight,Grade,301,Veh'S Same Direction: Rear End,Rear-end,N,0,0,1,0,1,2,0,0,0,0,0,0
347777,Hospitalisation,2021,May,Wednesday,17,Angle,Multi-Vehicle,153.0582831,-26.64275644,Bradman Av,,Maroochydore - Noosa Road,Maroochydore,Sunshine Coast Region,4558,Maroochydore,Sunshine Coast,North Coast,SEQ North,North Coast,Maroochydore - Kuluin,Maroochy,Sunshine Coast,Major Cities,Ninderry,Fairfax,State-controlled,No Roadway Feature,No traffic control,60 km/h,Sealed - Wet,Raining,Darkness - Not lighted,Straight,Level,202,Veh'S Opposite Approach: Thru-Right,Opposing vehicles turning,E,0,1,0,0,1,1,1,0,0,0,0,0
347778,Hospitalisation,2021,May,Monday,19,Hit parked vehicle,Single Vehicle,153.110747,-26.67584307,Buderim Ave,,Mooloolaba Road,Alexandra Headland,Sunshine Coast Region,4572,Maroochydore,Sunshine Coast,North Coast,SEQ North,North Coast,Mooloolaba - Alexandra Headland,Maroochy,Sunshine Coast,Major Cities,Maroochydore,Fisher,State-controlled,No Roadway Feature,No traffic control,60 km/h,Sealed - Dry,Clear,Darkness - Lighted,Straight,Dip,703,Off Path-Straight: Left Off Cway Hit Obj,Off carriageway on straight hit object,E,0,1,0,0,1,2,0,0,0,0,0,0
347779,Medical treatment,2021,May,Tuesday,15,Angle,Multi-Vehicle,153.0901161,-26.65335645,Horton Pde,,Maroochydore - Mooloolaba Road,Maroochydore,Sunshine Coast Region,4558,Maroochydore,Sunshine Coast,North Coast,SEQ North,North Coast,Maroochydore - Kuluin,Maroochy,Sunshine Coast,Major Cities,Maroochydore,Fairfax,State-controlled,No Roadway Feature,No traffic control,60 km/h,Sealed - Dry,Clear,Daylight,Straight,Level,700,Off Path-Straight: Other,Other,N,0,0,1,0,1,1,0,0,0,1,0,0
347780,Medical treatment,2021,May,Wednesday,0,Rear-end,Multi-Vehicle,153.1135941,-26.67997645,Douglas St,Goonawarra Dr,,Mooloolaba,Sunshine Coast Region,4557,Maroochydore,Sunshine Coast,North Coast,SEQ North,North Coast,Mooloolaba - Alexandra Headland,Maroochy,Sunshine Coast,Major Cities,Maroochydore,Fisher,Locally-controlled,Intersection - T-Junction,No traffic control,60 km/h,Sealed - Dry,Clear,Daylight,Straight,Level,303,Veh'S Same Direction: Right Rear,Rear-end,W,0,0,1,1,2,2,0,0,0,0,0,0
347781,Medical treatment,2021,May,Thursday,13,Hit object,Single Vehicle,152.9857471,-26.65916843,Kiel Mountain Rd,,,Woombye,Sunshine Coast Region,4559,Nambour,Sunshine Coast,North Coast,SEQ North,North Coast,Nambour,Nambour,Sunshine Coast,Major Cities,Nicklin,Fairfax,Locally-controlled,No Roadway Feature,No traffic control,80 - 90 km/h,Sealed - Dry,Clear,Daylight,Curved - view open,Grade,804,Off Path-Curve: Off Cway Lt Bend Hit Obj,Off carriageway on curve hit object,S,0,0,1,0,1,1,0,0,0,0,0,0