Crash_Severity,Crash_Year,Crash_Month,Crash_Day_Of_Week,Crash_Hour,Crash_Nature,Crash_Type,Crash_Longitude,Crash_Latitude,Crash_Street,Crash_Street_Intersecting,State_Road_Name,Loc_Suburb,Loc_Local_Government_Area,Loc_Post_Code,Loc_Police_Division,Loc_Police_District,Loc_Police_Region,Loc_Queensland_Transport_Region,Loc_Main_Roads_Region,Loc_ABS_Statistical_Area_2,Loc_ABS_Statistical_Area_3,Loc_ABS_Statistical_Area_4,Loc_ABS_Remoteness,Loc_State_Electorate,Loc_Federal_Electorate,Crash_Controlling_Authority,Crash_Roadway_Feature,Crash_Traffic_Control,Crash_Speed_Limit,Crash_Road_Surface_Condition,Crash_Atmospheric_Condition,Crash_Lighting_Condition,Crash_Road_Horiz_Align,Crash_Road_Vert_Align,Crash_DCA_Code,Crash_DCA_Description,Crash_DCA_Group_Description,DCA_Key_Approach_Dir,Count_Casualty_Fatality,Count_Casualty_Hospitalised,Count_Casualty_MedicallyTreated,Count_Casualty_MinorInjury,Count_Casualty_Total,Count_Unit_Car,Count_Unit_Motorcycle_Moped,Count_Unit_Truck,Count_Unit_Bus,Count_Unit_Bicycle,Count_Unit_Pedestrian,Count_Unit_Other,
347782,Medical treatment,2021,May,Sunday,3,Hit parked vehicle,Single Vehicle,153.0840367,-26.67670588,Rosslyn Ct,,,Buderim,Sunshine Coast Region,4556,Maroochydore,Sunshine Coast,North Coast,SEQ North,North Coast,Buderim - North,Buderim,Sunshine Coast,Major Cities,Buderim,Fairfax,Locally-controlled,No Roadway Feature,No traffic control,0 - 50 km/h,Sealed - Dry,Clear,Darkness - Not lighted,Straight,Grade,200,Veh'S Opposite Approach: Other,Other,N,0,0,1,0,1,2,0,0,0,0,0,0
347783,Hospitalisation,2021,May,Monday,6,Angle,Multi-Vehicle,153.0077441,-26.68906844,Mons Rd,Owen Creek Rd,,Forest Glen,Sunshine Coast Region,4556,Maroochydore,Sunshine Coast,North Coast,SEQ North,North Coast,Buderim - North,Buderim,Sunshine Coast,Major Cities,Ninderry,Fairfax,Locally-controlled,Intersection - Roundabout,Give way sign,60 km/h,Sealed - Dry,Clear,Dawn/Dusk,Straight,Level,101,Veh'S Adjacent Approach: Thru-Thru,Intersection from adjacent approaches,E,0,1,0,0,1,2,0,0,0,0,0,0
347784,Hospitalisation,2021,May,Monday,13,Fall from vehicle,Single Vehicle,153.0876701,-26.71366445,Sunshine Mwy,,Sunshine Motorway (Tanawha - Mooloolaba),Sippy Downs,Sunshine Coast Region,4556,Sippy Downs,Sunshine Coast,North Coast,SEQ North,North Coast,Sippy Downs,Buderim,Sunshine Coast,Major Cities,Buderim,Fairfax,State-controlled,No Roadway Feature,No traffic control,60 km/h,Sealed - Dry,Clear,Daylight,Curved - view open,Level,805,Off Path-Curve: Out Of Control On Cway,Out of control on curve,E,0,1,0,0,1,0,1,0,0,0,0,0
347785,Hospitalisation,2021,May,Tuesday,21,Hit object,Single Vehicle,153.0858411,-26.65210444,Maroochydore Rd,,Maroochydore Road,Maroochydore,Sunshine Coast Region,4558,Maroochydore,Sunshine Coast,North Coast,SEQ North,North Coast,Maroochydore - Kuluin,Maroochy,Sunshine Coast,Major Cities,Maroochydore,Fairfax,State-controlled,No Roadway Feature,No traffic control,60 km/h,Sealed - Dry,Clear,Darkness - Lighted,Curved - view obscured,Level,804,Off Path-Curve: Off Cway Lt Bend Hit Obj,Off carriageway on curve hit object,W,0,1,0,0,1,0,1,0,0,0,0,0
347786,Minor injury,2021,May,Wednesday,13,Rear-end,Multi-Vehicle,153.0712331,-26.71417844,Sippy Downs Dr,,,Sippy Downs,Sunshine Coast Region,4556,Sippy Downs,Sunshine Coast,North Coast,SEQ North,North Coast,Sippy Downs,Buderim,Sunshine Coast,Major Cities,Buderim,Fisher,Locally-controlled,No Roadway Feature,No traffic control,60 km/h,Sealed - Dry,Clear,Daylight,Straight,Level,301,Veh'S Same Direction: Rear End,Rear-end,W,0,0,0,1,1,3,0,0,0,0,0,0
347787,Hospitalisation,2021,June,Wednesday,20,Hit object,Single Vehicle,153.0269381,-26.69184244,Mons Rd,,,Mons,Sunshine Coast Region,4556,Maroochydore,Sunshine Coast,North Coast,SEQ North,North Coast,Buderim - North,Buderim,Sunshine Coast,Major Cities,Ninderry,Fairfax,Locally-controlled,No Roadway Feature,No traffic control,60 km/h,Sealed - Dry,Clear,Darkness - Not lighted,Straight,Crest,703,Off Path-Straight: Left Off Cway Hit Obj,Off carriageway on straight hit object,W,0,1,0,0,1,1,0,0,0,0,0,0
347788,Medical treatment,2021,June,Thursday,17,Angle,Multi-Vehicle,153.1153981,-26.68017045,Goonawarra Dr,Venning St,,Mooloolaba,Sunshine Coast Region,4557,Maroochydore,Sunshine Coast,North Coast,SEQ North,North Coast,Mooloolaba - Alexandra Headland,Maroochy,Sunshine Coast,Major Cities,Maroochydore,Fisher,Locally-controlled,Intersection - T-Junction,Give way sign,0 - 50 km/h,Sealed - Wet,Raining,Darkness - Lighted,Curved - view open,Level,107,Veh'S Adjacent Approach: Thru-Left,Intersection from adjacent approaches,E,0,0,1,0,1,2,0,0,0,0,0,0
347789,Medical treatment,2021,June,Friday,3,Hit object,Single Vehicle,153.0712238,-26.72382791,Albany St,,,Sippy Downs,Sunshine Coast Region,4556,Sippy Downs,Sunshine Coast,North Coast,SEQ North,North Coast,Sippy Downs,Buderim,Sunshine Coast,Major Cities,Buderim,Fisher,Locally-controlled,No Roadway Feature,No traffic control,0 - 50 km/h,Sealed - Wet,Clear,Darkness - Lighted,Curved - view open,Level,803,Off Path-Curve: Off Cway Rt Bend Hit Obj,Off carriageway on curve hit object,W,0,0,1,0,1,1,0,0,0,0,0,0
347790,Hospitalisation,2021,June,Friday,17,Rear-end,Multi-Vehicle,153.0825121,-26.65647644,Maroochy Blvd,,,Maroochydore,Sunshine Coast Region,4558,Maroochydore,Sunshine Coast,North Coast,SEQ North,North Coast,Maroochydore - Kuluin,Maroochy,Sunshine Coast,Major Cities,Maroochydore,Fairfax,Locally-controlled,No Roadway Feature,No traffic control,60 km/h,Sealed - Dry,Clear,Dawn/Dusk,Straight,Level,301,Veh'S Same Direction: Rear End,Rear-end,N,0,1,0,1,2,3,0,0,0,0,0,0
347791,Hospitalisation,2021,June,Tuesday,7,Fall from vehicle,Single Vehicle,153.0616921,-26.68257044,Allamanda Ave,King St,Mooloolaba Road,Buderim,Sunshine Coast Region,4556,Maroochydore,Sunshine Coast,North Coast,SEQ North,North Coast,Buderim - North,Buderim,Sunshine Coast,Major Cities,Buderim,Fairfax,State-controlled,Intersection - T-Junction,No traffic control,0 - 50 km/h,Sealed - Dry,Clear,Daylight,Straight,Grade,302,Veh'S Same Direction: Left Rear,Rear-end,S,0,1,0,0,1,1,1,0,0,0,0,0
347792,Fatal,2021,June,Sunday,22,Hit object,Single Vehicle,153.0972461,-26.66738645,Centenary Cres,,,Maroochydore,Sunshine Coast Region,4558,Maroochydore,Sunshine Coast,North Coast,SEQ North,North Coast,Maroochydore - Kuluin,Maroochy,Sunshine Coast,Major Cities,Maroochydore,Fairfax,Locally-controlled,No Roadway Feature,No traffic control,0 - 50 km/h,Sealed - Dry,Clear,Darkness - Not lighted,Curved - view open,Level,804,Off Path-Curve: Off Cway Lt Bend Hit Obj,Off carriageway on curve hit object,,1,0,1,0,2,0,1,0,0,0,0,0
347793,Hospitalisation,2021,June,Tuesday,15,Angle,Multi-Vehicle,153.0933411,-26.65474445,First Ave,,,Maroochydore,Sunshine Coast Region,4558,Maroochydore,Sunshine Coast,North Coast,SEQ North,North Coast,Maroochydore - Kuluin,Maroochy,Sunshine Coast,Major Cities,Maroochydore,Fairfax,Locally-controlled,No Roadway Feature,No traffic control,0 - 50 km/h,Sealed - Dry,Clear,Daylight,Straight,Level,400,Veh'S Manoeuvring: Other,Other,,0,1,0,0,1,1,0,0,0,1,0,0
347794,Medical treatment,2021,June,Wednesday,7,Angle,Multi-Vehicle,153.0577851,-26.68330644,King St,,Mooloolaba Road,Buderim,Sunshine Coast Region,4556,Maroochydore,Sunshine Coast,North Coast,SEQ North,North Coast,Buderim - South,Buderim,Sunshine Coast,Major Cities,Buderim,Fairfax,State-controlled,No Roadway Feature,No traffic control,60 km/h,Sealed - Dry,Clear,Daylight,Straight,Level,400,Veh'S Manoeuvring: Other,Other,W,0,0,1,0,1,1,0,0,0,1,0,0
347795,Hospitalisation,2021,June,Friday,16,Angle,Multi-Vehicle,153.1101861,-26.67576145,Buderim Ave,Mayfield St,Mooloolaba Road,Alexandra Headland,Sunshine Coast Region,4572,Maroochydore,Sunshine Coast,North Coast,SEQ North,North Coast,Mooloolaba - Alexandra Headland,Maroochy,Sunshine Coast,Major Cities,Maroochydore,Fisher,State-controlled,Intersection - Cross,Stop sign,60 km/h,Sealed - Dry,Clear,Daylight,Straight,Crest,101,Veh'S Adjacent Approach: Thru-Thru,Intersection from adjacent approaches,S,0,2,0,0,2,2,0,0,0,0,0,0
347796,Minor injury,2021,June,Friday,14,Angle,Multi-Vehicle,153.1119971,-26.69193745,Amarina Ave,Darrung St,,Mooloolaba,Sunshine Coast Region,4557,Maroochydore,Sunshine Coast,North Coast,SEQ North,North Coast,Mooloolaba - Alexandra Headland,Maroochy,Sunshine Coast,Major Cities,Maroochydore,Fisher,Locally-controlled,Intersection - T-Junction,Give way sign,0 - 50 km/h,Sealed - Dry,Clear,Daylight,Straight,Level,104,Veh'S Adjacent Approach: Thru-Right,Intersection from adjacent approaches,W,0,0,0,1,1,2,0,0,0,0,0,0
347797,Hospitalisation,2021,June,Friday,22,Hit pedestrian,Hit pedestrian,153.0100681,-26.67146444,Maroochydore Rd,,Maroochydore Road,Forest Glen,Sunshine Coast Region,4556,Maroochydore,Sunshine Coast,North Coast,SEQ North,North Coast,Diddillibah - Rosemount,Nambour,Sunshine Coast,Major Cities,Ninderry,Fairfax,State-controlled,Bridge/Causeway,No traffic control,80 - 90 km/h,Sealed - Dry,Clear,Darkness - Not lighted,Straight,Level,5,Ped'N: Hit Walking With Traffic,Pedestrian,E,0,1,0,0,1,1,0,0,0,0,1,0
347798,Hospitalisation,2021,June,Sunday,0,Hit parked vehicle,Single Vehicle,153.1128846,-26.67998253,Goonawarra Dr,,,Mooloolaba,Sunshine Coast Region,4557,Maroochydore,Sunshine Coast,North Coast,SEQ North,North Coast,Mooloolaba - Alexandra Headland,Maroochy,Sunshine Coast,Major Cities,Maroochydore,Fisher,Locally-controlled,No Roadway Feature,No traffic control,0 - 50 km/h,Sealed - Dry,Clear,Darkness - Lighted,Curved - view open,Level,803,Off Path-Curve: Off Cway Rt Bend Hit Obj,Off carriageway on curve hit object,E,0,1,0,0,1,2,0,0,0,0,0,0
347799,Hospitalisation,2021,June,Tuesday,1,Hit parked vehicle,Single Vehicle,153.0992191,-26.69166845,Karawatha Dr,,,Mountain Creek,Sunshine Coast Region,4557,Maroochydore,Sunshine Coast,North Coast,SEQ North,North Coast,Mountain Creek,Buderim,Sunshine Coast,Major Cities,Buderim,Fairfax,Locally-controlled,No Roadway Feature,No traffic control,60 km/h,Sealed - Dry,Clear,Darkness - Not lighted,Curved - view open,Level,803,Off Path-Curve: Off Cway Rt Bend Hit Obj,Off carriageway on curve hit object,E,0,1,0,0,1,3,0,0,0,0,0,0
347800,Medical treatment,2021,June,Wednesday,16,Rear-end,Multi-Vehicle,153.1138814,-26.6960088,Sunshine Mwy,,Sunshine Motorway (Mooloolaba - Peregian),Mountain Creek,Sunshine Coast Region,4557,Maroochydore,Sunshine Coast,North Coast,SEQ North,North Coast,Mountain Creek,Buderim,Sunshine Coast,Major Cities,Buderim,Fisher,State-controlled,No Roadway Feature,No traffic control,60 km/h,Sealed - Dry,Clear,Daylight,Straight,Grade,301,Veh'S Same Direction: Rear End,Rear-end,N,0,0,1,0,1,2,0,0,0,0,0,0
347801,Minor injury,2021,June,Saturday,11,Fall from vehicle,Single Vehicle,153.0573381,-26.67840744,Bretz St,Kent Ct,,Buderim,Sunshine Coast Region,4556,Maroochydore,Sunshine Coast,North Coast,SEQ North,North Coast,Buderim - North,Buderim,Sunshine Coast,Major Cities,Buderim,Fairfax,Locally-controlled,Intersection - T-Junction,No traffic control,0 - 50 km/h,Sealed - Wet,Clear,Daylight,Straight,Level,707,Off Path-Straight: Right Turn,Off carriageway on straight,N,0,0,0,1,1,0,1,0,0,0,0,0
347988,Minor injury,2021,January,Friday,2,Hit object,Single Vehicle,152.9280491,-27.30655043,Ira Buckby Rd W,,,Cashmere,Moreton Bay Region,4500,Petrie,Moreton,North Coast,SEQ North,North Coast,Cashmere,The Hills District,Moreton Bay - South,Major Cities,Pine Rivers,Dickson,Locally-controlled,No Roadway Feature,No traffic control,60 km/h,Sealed - Wet,Raining,Darkness - Not lighted,Curved - view open,Level,804,Off Path-Curve: Off Cway Lt Bend Hit Obj,Off carriageway on curve hit object,E,0,0,0,1,1,1,0,0,0,0,0,0
347989,Hospitalisation,2021,January,Friday,4,Hit object,Single Vehicle,152.9309441,-27.30798343,Clematis Ct,Peppermint Dr,,Cashmere,Moreton Bay Region,4500,Albany Creek,North Brisbane,Brisbane,SEQ North,North Coast,Cashmere,The Hills District,Moreton Bay - South,Major Cities,Pine Rivers,Dickson,Locally-controlled,Intersection - T-Junction,No traffic control,0 - 50 km/h,Sealed - Wet,Raining,Dawn/Dusk,Straight,Grade,704,Off Path-Straight:Right Off Cway Hit Obj,Off carriageway on straight hit object,E,0,1,1,0,2,1,0,0,0,0,0,0
347990,Medical treatment,2021,January,Thursday,0,Angle,Multi-Vehicle,152.985189,-27.38610044,Beckett Rd,Queens Rd,Everton Park - Albany Creek Road,Mcdowall,Brisbane City,4053,Albany Creek,North Brisbane,Brisbane,SEQ North,Metropolitan,Mcdowall,Bald Hills - Everton Park,Brisbane - North,Major Cities,Aspley,Lilley,State-controlled,Intersection - Roundabout,Give way sign,60 km/h,Sealed - Dry,Clear,Daylight,Curved - view open,Level,100,Veh'S Adjacent Approach: Other,Intersection from adjacent approaches,S,0,0,1,0,1,2,0,0,0,0,0,0
347991,Hospitalisation,2021,January,Friday,11,Rear-end,Multi-Vehicle,152.9612577,-27.3419383,South Pine Rd,,South Pine Road,Albany Creek,Moreton Bay Region,4035,Albany Creek,North Brisbane,Brisbane,SEQ North,North Coast,Albany Creek,The Hills District,Moreton Bay - South,Major Cities,Everton,Dickson,State-controlled,Bridge/Causeway,No traffic control,70 km/h,Sealed - Wet,Clear,Daylight,Straight,Level,301,Veh'S Same Direction: Rear End,Rear-end,S,0,2,0,0,2,5,0,0,0,0,0,0
347992,Minor injury,2021,January,Wednesday,20,Angle,Multi-Vehicle,152.9604681,-27.33815344,Bunya Pk Dr,South Pine Rd,South Pine Road,Eatons Hill,Moreton Bay Region,4037,Albany Creek,North Brisbane,Brisbane,SEQ North,North Coast,Eatons Hill,The Hills District,Moreton Bay - South,Major Cities,Everton,Dickson,State-controlled,Intersection - T-Junction,Operating traffic lights,70 km/h,Sealed - Dry,Clear,Darkness - Lighted,Curved - view open,Level,202,Veh'S Opposite Approach: Thru-Right,Opposing vehicles turning,N,0,0,0,2,2,2,0,0,0,0,0,0
347993,Hospitalisation,2021,January,Sunday,23,Hit object,Single Vehicle,152.9639741,-27.32457144,Old North Rd,South Pine Rd,South Pine Road,Brendale,Moreton Bay Region,4500,Albany Creek,North Brisbane,Brisbane,SEQ North,North Coast,Strathpine - Brendale,Strathpine,Moreton Bay - South,Major Cities,Everton,Dickson,State-controlled,Intersection - T-Junction,Operating traffic lights,70 km/h,Sealed - Dry,Clear,Darkness - Lighted,Straight,Grade,700,Off Path-Straight: Other,Other,S,0,5,0,0,5,1,0,0,0,0,0,0
347994,Hospitalisation,2021,January,Tuesday,10,Hit object,Single Vehicle,152.8780451,-27.34616043,Mt Samson Rd,,,Yugar,Moreton Bay Region,4520,Albany Creek,North Brisbane,Brisbane,SEQ North,North Coast,Samford Valley,The Hills District,Moreton Bay - South,Inner Regional,Pine Rivers,Dickson,Locally-controlled,No Roadway Feature,No traffic control,60 km/h,Sealed - Dry,Clear,Daylight,Curved - view obscured,Level,502,Veh'S Overtaking: Out Of Control,Off carriageway on straight,,0,1,0,0,1,0,1,0,0,0,0,1
347995,Fatal,2021,January,Sunday,10,Angle,Multi-Vehicle,152.9393561,-27.30716144,Kremzow Rd,,,Warner,Moreton Bay Region,4500,Albany Creek,North Brisbane,Brisbane,SEQ North,North Coast,Cashmere,The Hills District,Moreton Bay - South,Major Cities,Pine Rivers,Dickson,Locally-controlled,No Roadway Feature,No traffic control,70 km/h,Sealed - Dry,Clear,Daylight,Curved - view obscured,Crest,201,Veh'S Opposite Approach: Head On,Head-on,,1,0,1,0,2,2,0,0,0,0,0,0
347996,Hospitalisation,2021,February,Wednesday,15,Angle,Multi-Vehicle,152.9689956,-27.35784338,Albany Forest Dr,,,Albany Creek,Moreton Bay Region,4035,Albany Creek,North Brisbane,Brisbane,SEQ North,North Coast,Albany Creek,The Hills District,Moreton Bay - South,Major Cities,Everton,Dickson,Locally-controlled,No Roadway Feature,No traffic control,0 - 50 km/h,Sealed - Dry,Clear,Daylight,Straight,Grade,400,Veh'S Manoeuvring: Other,Other,,0,1,0,0,1,1,0,0,0,1,0,0
347997,Hospitalisation,2021,February,Saturday,14,Rear-end,Multi-Vehicle,152.993619,-27.38841944,Rode Rd,Voigt St,,Mcdowall,Brisbane City,4053,Albany Creek,North Brisbane,Brisbane,SEQ North,Metropolitan,Mcdowall,Bald Hills - Everton Park,Brisbane - North,Major Cities,Everton,Lilley,Locally-controlled,Intersection - T-Junction,No traffic control,60 km/h,Sealed - Dry,Clear,Daylight,Straight,Crest,303,Veh'S Same Direction: Right Rear,Rear-end,,0,5,2,0,7,3,0,0,0,0,0,0
347998,Minor injury,2021,February,Tuesday,14,Rear-end,Multi-Vehicle,152.9810721,-27.38056144,Collins Rd,,,Bunya,Moreton Bay Region,4055,Albany Creek,North Brisbane,Brisbane,SEQ North,North Coast,The Hills District,The Hills District,Moreton Bay - South,Major Cities,Everton,Dickson,Locally-controlled,No Roadway Feature,No traffic control,60 km/h,Sealed - Dry,Clear,Darkness - Lighted,Straight,Level,303,Veh'S Same Direction: Right Rear,Rear-end,E,0,0,0,1,1,3,0,0,0,0,0,0
347999,Medical treatment,2021,February,Thursday,8,Rear-end,Multi-Vehicle,152.9506101,-27.33026144,Eatons Crossing Rd,,Strathpine - Samford Road,Eatons Hill,Moreton Bay Region,4037,Albany Creek,North Brisbane,Brisbane,SEQ North,North Coast,Eatons Hill,The Hills District,Moreton Bay - South,Major Cities,Everton,Dickson,State-controlled,No Roadway Feature,No traffic control,80 - 90 km/h,Sealed - Wet,Clear,Daylight,Straight,Level,301,Veh'S Same Direction: Rear End,Rear-end,E,0,0,1,0,1,2,0,0,0,0,0,0
348000,Fatal,2021,February,Saturday,19,Head-on,Multi-Vehicle,152.936707,-27.31936357,Lilley Rd,,,Warner,Moreton Bay Region,4500,Albany Creek,North Brisbane,Brisbane,SEQ North,North Coast,Cashmere,The Hills District,Moreton Bay - South,Major Cities,Pine Rivers,Dickson,Locally-controlled,No Roadway Feature,No traffic control,80 - 90 km/h,Sealed - Dry,Clear,Darkness - Not lighted,Straight,Crest,501,Veh'S Overtaking: Head On,Head-on,N,1,0,0,0,1,1,1,0,0,0,0,0
348001,Minor injury,2021,February,Saturday,13,Rear-end,Multi-Vehicle,152.9644541,-27.32445144,South Pine Rd,,South Pine Road,Brendale,Moreton Bay Region,4500,Albany Creek,North Brisbane,Brisbane,SEQ North,North Coast,Strathpine - Brendale,Strathpine,Moreton Bay - South,Major Cities,Pine Rivers,Dickson,State-controlled,No Roadway Feature,No traffic control,70 km/h,Sealed - Dry,Clear,Daylight,Curved - view open,Grade,301,Veh'S Same Direction: Rear End,Rear-end,E,0,0,0,1,1,2,0,0,0,0,0,0
348002,Minor injury,2021,March,Tuesday,16,Rear-end,Multi-Vehicle,152.9748721,-27.36526365,Old Northern Rd,,Everton Park - Albany Creek Road,Albany Creek,Moreton Bay Region,4035,Albany Creek,North Brisbane,Brisbane,SEQ North,North Coast,Albany Creek,The Hills District,Moreton Bay - South,Major Cities,Everton,Dickson,State-controlled,No Roadway Feature,No traffic control,70 km/h,Sealed - Dry,Clear,Daylight,Curved - view open,Level,301,Veh'S Same Direction: Rear End,Rear-end,N,0,0,0,1,1,2,0,0,0,0,0,0
348003,Medical treatment,2021,March,Wednesday,5,Fall from vehicle,Single Vehicle,152.9371681,-27.36961044,Bunya Rd,,,Bunya,Moreton Bay Region,4055,Albany Creek,North Brisbane,Brisbane,SEQ North,North Coast,The Hills District,The Hills District,Moreton Bay - South,Major Cities,Ferny Grove,Dickson,Locally-controlled,No Roadway Feature,No traffic control,70 km/h,Sealed - Wet,Clear,Dawn/Dusk,Curved - view obscured,Grade,802,Off Path-Curve: Off Cway Left Bend,Off carriageway on curve,E,0,0,1,0,1,0,1,0,0,0,0,0
348004,Hospitalisation,2021,March,Saturday,6,Hit object,Single Vehicle,152.8976921,-27.34779843,Eatons Crossing Rd,,Strathpine - Samford Road,Draper,Moreton Bay Region,4520,Albany Creek,North Brisbane,Brisbane,SEQ North,North Coast,Samford Valley,The Hills District,Moreton Bay - South,Major Cities,Pine Rivers,Dickson,State-controlled,No Roadway Feature,No traffic control,80 - 90 km/h,Sealed - Dry,Clear,Daylight,Curved - view open,Crest,803,Off Path-Curve: Off Cway Rt Bend Hit Obj,Off carriageway on curve hit object,W,0,1,0,0,1,1,0,0,0,0,0,0
348005,Minor injury,2021,March,Sunday,5,Hit object,Single Vehicle,152.994708,-27.38480644,Hoffman St,,,Mcdowall,Brisbane City,4053,Albany Creek,North Brisbane,Brisbane,SEQ North,Metropolitan,Mcdowall,Bald Hills - Everton Park,Brisbane - North,Major Cities,Aspley,Lilley,Locally-controlled,No Roadway Feature,No traffic control,0 - 50 km/h,Sealed - Wet,Clear,Dawn/Dusk,Curved - view open,Level,803,Off Path-Curve: Off Cway Rt Bend Hit Obj,Off carriageway on curve hit object,W,0,0,0,1,1,1,0,0,0,0,0,0
348006,Hospitalisation,2021,March,Friday,16,Rear-end,Multi-Vehicle,152.998255,-27.38915544,Rode Rd,,,Mcdowall,Brisbane City,4053,Albany Creek,North Brisbane,Brisbane,SEQ North,Metropolitan,Mcdowall,Bald Hills - Everton Park,Brisbane - North,Major Cities,Everton,Lilley,Locally-controlled,No Roadway Feature,No traffic control,60 km/h,Sealed - Dry,Clear,Daylight,Straight,Grade,301,Veh'S Same Direction: Rear End,Rear-end,W,0,1,0,0,1,3,0,0,0,0,0,0
348007,Minor injury,2021,March,Monday,10,Hit object,Single Vehicle,152.9633827,-27.37358484,Jinker Track,,,Bunya,Moreton Bay Region,4055,Albany Creek,North Brisbane,Brisbane,SEQ North,North Coast,The Hills District,The Hills District,Moreton Bay - South,Major Cities,Everton,Dickson,Locally-controlled,No Roadway Feature,No traffic control,80 - 90 km/h,Sealed - Wet,Clear,Daylight,Curved - view obscured,Level,607,Veh'S On Path: Temporary Object On C'Way,Other,E,0,0,0,1,1,1,0,0,0,0,0,0
348008,Hospitalisation,2021,March,Tuesday,17,Head-on,Multi-Vehicle,152.9945703,-27.33531619,Roghan Rd,,,Bridgeman Downs,Brisbane City,4035,Albany Creek,North Brisbane,Brisbane,SEQ North,Metropolitan,Bridgeman Downs,Bald Hills - Everton Park,Brisbane - North,Major Cities,Aspley,Petrie,Locally-controlled,No Roadway Feature,No traffic control,60 km/h,Sealed - Wet,Raining,Darkness - Not lighted,Curved - view open,Dip,201,Veh'S Opposite Approach: Head On,Head-on,S,0,2,2,0,4,2,0,0,0,0,0,0
348009,Hospitalisation,2021,March,Saturday,6,Hit object,Single Vehicle,152.9909381,-27.36875244,Beckett Rd,,,Bridgeman Downs,Brisbane City,4035,Albany Creek,North Brisbane,Brisbane,SEQ North,Metropolitan,Bridgeman Downs,Bald Hills - Everton Park,Brisbane - North,Major Cities,Aspley,Dickson,Locally-controlled,No Roadway Feature,No traffic control,70 km/h,Sealed - Wet,Raining,Daylight,Straight,Crest,201,Veh'S Opposite Approach: Head On,Head-on,N,0,1,0,0,1,2,0,0,0,0,0,0
348010,Medical treatment,2021,March,Wednesday,15,Angle,Multi-Vehicle,152.9877511,-27.32117544,Duntroon St,South Pine Rd,South Pine Road,Brendale,Moreton Bay Region,4500,Albany Creek,North Brisbane,Brisbane,SEQ North,North Coast,Strathpine - Brendale,Strathpine,Moreton Bay - South,Major Cities,Pine Rivers,Dickson,State-controlled,Intersection - Cross,Operating traffic lights,60 km/h,Sealed - Dry,Clear,Daylight,Straight,Level,202,Veh'S Opposite Approach: Thru-Right,Opposing vehicles turning,S,0,0,1,1,2,2,0,0,0,0,0,0
348011,Hospitalisation,2021,March,Thursday,16,Rear-end,Multi-Vehicle,152.988459,-27.38766044,Rode Rd,,,Mcdowall,Brisbane City,4053,Albany Creek,North Brisbane,Brisbane,SEQ North,Metropolitan,Mcdowall,Bald Hills - Everton Park,Brisbane - North,Major Cities,Everton,Lilley,Locally-controlled,No Roadway Feature,No traffic control,60 km/h,Sealed - Dry,Clear,Daylight,Straight,Grade,301,Veh'S Same Direction: Rear End,Rear-end,N,0,2,0,0,2,2,0,0,0,0,0,0
348012,Hospitalisation,2021,March,Saturday,5,Angle,Multi-Vehicle,152.9942981,-27.35489844,Beckett Rd,Bridgeman Rd,Albany Creek Sub-Arterial Road,Bridgeman Downs,Brisbane City,4035,Albany Creek,North Brisbane,Brisbane,SEQ North,Metropolitan,Bridgeman Downs,Bald Hills - Everton Park,Brisbane - North,Major Cities,Aspley,Dickson,State-controlled,Intersection - Cross,Operating traffic lights,70 km/h,Sealed - Dry,Clear,Daylight,Straight,Level,202,Veh'S Opposite Approach: Thru-Right,Opposing vehicles turning,N,0,1,0,1,2,2,0,0,0,0,0,0
348013,Hospitalisation,2021,April,Friday,9,Sideswipe,Multi-Vehicle,152.9782071,-27.36760744,Old Northern Rd,,Everton Park - Albany Creek Road,Albany Creek,Moreton Bay Region,4035,Albany Creek,North Brisbane,Brisbane,SEQ North,North Coast,Albany Creek,The Hills District,Moreton Bay - South,Major Cities,Everton,Dickson,State-controlled,No Roadway Feature,No traffic control,80 - 90 km/h,Sealed - Dry,Clear,Daylight,Curved - view open,Grade,305,Veh'S Same Direction: Lane Side Swipe,Lane changes,N,0,1,0,0,1,2,0,0,0,0,0,0
348014,Medical treatment,2021,April,Saturday,15,Rear-end,Multi-Vehicle,152.9604957,-27.33862175,South Pine Rd,,South Pine Road,Brendale,Moreton Bay Region,4500,Albany Creek,North Brisbane,Brisbane,SEQ North,North Coast,Strathpine - Brendale,Strathpine,Moreton Bay - South,Major Cities,Everton,Dickson,State-controlled,No Roadway Feature,No traffic control,70 km/h,Sealed - Dry,Clear,Daylight,Curved - view open,Level,301,Veh'S Same Direction: Rear End,Rear-end,N,0,0,1,1,2,4,0,0,0,0,0,0
348015,Hospitalisation,2021,April,Sunday,13,Angle,Multi-Vehicle,152.9425791,-27.38253144,Bunya Rd,Woodhill Rd,,Bunya,Moreton Bay Region,4055,Ferny Grove,North Brisbane,Brisbane,SEQ North,North Coast,The Hills District,The Hills District,Moreton Bay - South,Major Cities,Ferny Grove,Dickson,Locally-controlled,Intersection - T-Junction,No traffic control,60 km/h,Sealed - Dry,Clear,Daylight,Curved - view open,Level,202,Veh'S Opposite Approach: Thru-Right,Opposing vehicles turning,E,0,1,0,0,1,2,0,0,0,0,0,0