Crash_Severity,Crash_Year,Crash_Month,Crash_Day_Of_Week,Crash_Hour,Crash_Nature,Crash_Type,Crash_Longitude,Crash_Latitude,Crash_Street,Crash_Street_Intersecting,State_Road_Name,Loc_Suburb,Loc_Local_Government_Area,Loc_Post_Code,Loc_Police_Division,Loc_Police_District,Loc_Police_Region,Loc_Queensland_Transport_Region,Loc_Main_Roads_Region,Loc_ABS_Statistical_Area_2,Loc_ABS_Statistical_Area_3,Loc_ABS_Statistical_Area_4,Loc_ABS_Remoteness,Loc_State_Electorate,Loc_Federal_Electorate,Crash_Controlling_Authority,Crash_Roadway_Feature,Crash_Traffic_Control,Crash_Speed_Limit,Crash_Road_Surface_Condition,Crash_Atmospheric_Condition,Crash_Lighting_Condition,Crash_Road_Horiz_Align,Crash_Road_Vert_Align,Crash_DCA_Code,Crash_DCA_Description,Crash_DCA_Group_Description,DCA_Key_Approach_Dir,Count_Casualty_Fatality,Count_Casualty_Hospitalised,Count_Casualty_MedicallyTreated,Count_Casualty_MinorInjury,Count_Casualty_Total,Count_Unit_Car,Count_Unit_Motorcycle_Moped,Count_Unit_Truck,Count_Unit_Bus,Count_Unit_Bicycle,Count_Unit_Pedestrian,Count_Unit_Other,
348065,Hospitalisation,2021,May,Thursday,19,Angle,Multi-Vehicle,153.014104,-27.45327644,Blamey St,Musk Ave,,Kelvin Grove,Brisbane City,4059,Brisbane City,North Brisbane,Brisbane,SEQ North,Metropolitan,Kelvin Grove - Herston,Brisbane Inner - North,Brisbane Inner City,Major Cities,Mcconnel,Brisbane,Locally-controlled,Intersection - Cross,Operating traffic lights,0 - 50 km/h,Sealed - Dry,Clear,Darkness - Lighted,Straight,Level,202,Veh'S Opposite Approach: Thru-Right,Opposing vehicles turning,E,0,1,0,0,1,1,0,0,0,1,0,0
348066,Hospitalisation,2021,May,Friday,9,Rear-end,Multi-Vehicle,153.003306,-27.46923744,Milton Rd,,,Milton,Brisbane City,4064,Brisbane City,North Brisbane,Brisbane,SEQ North,Metropolitan,Paddington - Milton,Brisbane Inner - West,Brisbane Inner City,Major Cities,Cooper,Brisbane,Locally-controlled,No Roadway Feature,No traffic control,60 km/h,Sealed - Dry,Clear,Daylight,Straight,Level,301,Veh'S Same Direction: Rear End,Rear-end,E,0,1,0,0,1,4,0,0,0,0,0,0
348067,Medical treatment,2021,May,Saturday,21,Rear-end,Multi-Vehicle,153.007327,-27.46797644,Cribb St,Milton Rd,,Milton,Brisbane City,4064,Brisbane City,North Brisbane,Brisbane,SEQ North,Metropolitan,Paddington - Milton,Brisbane Inner - West,Brisbane Inner City,Major Cities,Cooper,Brisbane,Locally-controlled,Intersection - T-Junction,Operating traffic lights,60 km/h,Sealed - Dry,Clear,Darkness - Lighted,Straight,Level,306,Veh'S Same Direction: Lane Change Right,Lane changes,N,0,0,1,0,1,1,1,0,0,0,0,0
348068,Minor injury,2021,May,Saturday,11,Rear-end,Multi-Vehicle,153.028433,-27.46985245,Charlotte St,Edward St,,Brisbane City,Brisbane City,4000,Brisbane City,North Brisbane,Brisbane,SEQ North,Metropolitan,Brisbane City,Brisbane Inner,Brisbane Inner City,Major Cities,Mcconnel,Brisbane,Locally-controlled,Intersection - Cross,Operating traffic lights,0 - 50 km/h,Sealed - Dry,Clear,Daylight,Straight,Level,404,Veh'S Manoeuvring: Reversing,Hit parked vehicle,E,0,0,0,1,1,2,0,0,0,0,0,0
348069,Hospitalisation,2021,May,Monday,13,Hit parked vehicle,Single Vehicle,153.007075,-27.45514644,Musgrave Rd,,,Red Hill,Brisbane City,4059,Brisbane City,North Brisbane,Brisbane,SEQ North,Metropolitan,Red Hill (qld),Brisbane Inner - West,Brisbane Inner City,Major Cities,Cooper,Brisbane,Locally-controlled,No Roadway Feature,No traffic control,60 km/h,Sealed - Dry,Clear,Daylight,Straight,Level,703,Off Path-Straight: Left Off Cway Hit Obj,Off carriageway on straight hit object,E,0,1,0,0,1,1,1,0,0,0,0,0
348070,Hospitalisation,2021,May,Monday,20,Angle,Multi-Vehicle,153.014523,-27.45866044,College Rd,Countess St,,Kelvin Grove,Brisbane City,4059,Brisbane City,North Brisbane,Brisbane,SEQ North,Metropolitan,Kelvin Grove - Herston,Brisbane Inner - North,Brisbane Inner City,Major Cities,Mcconnel,Brisbane,Locally-controlled,Intersection - T-Junction,Operating traffic lights,60 km/h,Sealed - Dry,Clear,Darkness - Lighted,Straight,Crest,107,Veh'S Adjacent Approach: Thru-Left,Intersection from adjacent approaches,W,0,1,0,1,2,3,0,0,0,0,0,0
348071,Hospitalisation,2021,June,Thursday,14,Angle,Multi-Vehicle,153.010965,-27.46329444,Caxton St,Hale St On Ramp,,Milton,Brisbane City,4064,Brisbane City,North Brisbane,Brisbane,SEQ North,Metropolitan,Paddington - Milton,Brisbane Inner - West,Brisbane Inner City,Major Cities,Cooper,Brisbane,Locally-controlled,Intersection - Interchange,Operating traffic lights,0 - 50 km/h,Sealed - Wet,Raining,Daylight,Straight,Level,202,Veh'S Opposite Approach: Thru-Right,Opposing vehicles turning,W,0,1,0,0,1,2,0,0,0,0,0,0
348072,Hospitalisation,2021,June,Friday,15,Rear-end,Multi-Vehicle,153.0030637,-27.45432685,Enoggera Tce,,,Red Hill,Brisbane City,4059,Brisbane City,North Brisbane,Brisbane,SEQ North,Metropolitan,Red Hill (qld),Brisbane Inner - West,Brisbane Inner City,Major Cities,Cooper,Brisbane,Locally-controlled,No Roadway Feature,No traffic control,0 - 50 km/h,Sealed - Dry,Clear,Daylight,Straight,Level,301,Veh'S Same Direction: Rear End,Rear-end,S,0,1,0,0,1,1,1,0,0,0,0,0
348073,Minor injury,2021,June,Sunday,8,Rear-end,Multi-Vehicle,153.029786,-27.47011845,Felix St,Mary St,,Brisbane City,Brisbane City,4000,Brisbane City,North Brisbane,Brisbane,SEQ North,Metropolitan,Brisbane City,Brisbane Inner,Brisbane Inner City,Major Cities,Mcconnel,Brisbane,Locally-controlled,Intersection - T-Junction,Operating traffic lights,0 - 50 km/h,Sealed - Dry,Clear,Daylight,Straight,Level,301,Veh'S Same Direction: Rear End,Rear-end,S,0,0,0,1,1,2,0,0,0,0,0,0
348074,Medical treatment,2021,June,Monday,1,Angle,Multi-Vehicle,153.031376,-27.46351145,Adelaide St,Queen St,,Brisbane City,Brisbane City,4000,Brisbane City,North Brisbane,Brisbane,SEQ North,Metropolitan,Brisbane City,Brisbane Inner,Brisbane Inner City,Major Cities,Mcconnel,Brisbane,Locally-controlled,Intersection - Cross,Operating traffic lights,0 - 50 km/h,Sealed - Dry,Clear,Daylight,Curved - view open,Level,309,Veh'S Same Direction: Left Turn S/Swipe,Parallel lanes turning,N,0,0,1,0,1,1,0,0,1,0,0,0
348075,Hospitalisation,2021,June,Thursday,10,Hit object,Single Vehicle,153.013785,-27.45320544,Blamey St,,,Kelvin Grove,Brisbane City,4059,Brisbane City,North Brisbane,Brisbane,SEQ North,Metropolitan,Kelvin Grove - Herston,Brisbane Inner - North,Brisbane Inner City,Major Cities,Mcconnel,Brisbane,Locally-controlled,No Roadway Feature,No traffic control,0 - 50 km/h,Sealed - Dry,Clear,Daylight,Straight,Grade,703,Off Path-Straight: Left Off Cway Hit Obj,Off carriageway on straight hit object,E,0,1,0,0,1,2,0,0,0,1,0,0
348076,Medical treatment,2021,June,Saturday,21,Angle,Multi-Vehicle,152.988444,-27.46060044,Boundary St,Fernberg Rd,Western Arterial Road (Toowong - Everton Park),Bardon,Brisbane City,4065,The Gap,North Brisbane,Brisbane,SEQ North,Metropolitan,Paddington - Milton,Brisbane Inner - West,Brisbane Inner City,Major Cities,Maiwar,Brisbane,State-controlled,Intersection - T-Junction,Stop sign,60 km/h,Sealed - Dry,Clear,Darkness - Lighted,Straight,Crest,104,Veh'S Adjacent Approach: Thru-Right,Intersection from adjacent approaches,S,0,0,1,0,1,2,0,0,0,0,0,0
348077,Hospitalisation,2021,June,Sunday,15,Sideswipe,Multi-Vehicle,153.020518,-27.47029055,Pacific Hwy,,South-East Arterial Road (Pacific Motorway),Brisbane City,Brisbane City,4000,Brisbane City,North Brisbane,Brisbane,SEQ North,Metropolitan,Brisbane City,Brisbane Inner,Brisbane Inner City,Major Cities,Mcconnel,Brisbane,State-controlled,No Roadway Feature,No traffic control,70 km/h,Sealed - Dry,Clear,Daylight,Straight,Level,306,Veh'S Same Direction: Lane Change Right,Lane changes,W,0,1,0,1,2,3,0,0,0,0,0,0
348078,Hospitalisation,2021,June,Monday,11,Angle,Multi-Vehicle,152.988444,-27.46060044,Boundary St,Fernberg Rd,Western Arterial Road (Toowong - Everton Park),Bardon,Brisbane City,4065,The Gap,North Brisbane,Brisbane,SEQ North,Metropolitan,Paddington - Milton,Brisbane Inner - West,Brisbane Inner City,Major Cities,Maiwar,Brisbane,State-controlled,Intersection - T-Junction,Stop sign,60 km/h,Sealed - Dry,Clear,Daylight,Curved - view obscured,Grade,104,Veh'S Adjacent Approach: Thru-Right,Intersection from adjacent approaches,S,0,1,0,0,1,2,0,0,0,0,0,0
348079,Minor injury,2021,June,Tuesday,9,Rear-end,Multi-Vehicle,153.0159483,-27.46583733,Countess St,,,Brisbane City,Brisbane City,4000,Brisbane City,North Brisbane,Brisbane,SEQ North,Metropolitan,Brisbane City,Brisbane Inner,Brisbane Inner City,Major Cities,Mcconnel,Brisbane,Locally-controlled,No Roadway Feature,No traffic control,60 km/h,Sealed - Dry,Clear,Daylight,Straight,Level,301,Veh'S Same Direction: Rear End,Rear-end,S,0,0,0,1,1,2,0,0,0,0,0,0
348080,Hospitalisation,2021,June,Wednesday,7,Sideswipe,Multi-Vehicle,153.01064,-27.46676444,Milton Rd,,,Petrie Terrace,Brisbane City,4000,Brisbane City,North Brisbane,Brisbane,SEQ North,Metropolitan,Brisbane City,Brisbane Inner,Brisbane Inner City,Major Cities,Mcconnel,Brisbane,Locally-controlled,Intersection - T-Junction,Operating traffic lights,60 km/h,Sealed - Dry,Clear,Daylight,Straight,Level,305,Veh'S Same Direction: Lane Side Swipe,Lane changes,W,0,1,0,1,2,3,1,0,0,0,0,0
348081,Hospitalisation,2021,June,Thursday,15,Sideswipe,Multi-Vehicle,153.026808,-27.47773145,South East Arterial Rd,,South-East Arterial Road (Pacific Motorway),Brisbane City,Brisbane City,4000,Brisbane City,North Brisbane,Brisbane,SEQ North,Metropolitan,Brisbane City,Brisbane Inner,Brisbane Inner City,Major Cities,Mcconnel,Brisbane,State-controlled,No Roadway Feature,No traffic control,70 km/h,Sealed - Dry,Clear,Daylight,Straight,Level,307,Veh'S Same Direction: Lane Change Left,Lane changes,W,0,1,0,0,1,2,0,0,0,0,0,0
348082,Hospitalisation,2021,June,Thursday,15,Angle,Multi-Vehicle,152.994657,-27.46249444,Fernberg Rd,,,Paddington,Brisbane City,4064,Brisbane City,North Brisbane,Brisbane,SEQ North,Metropolitan,Paddington - Milton,Brisbane Inner - West,Brisbane Inner City,Major Cities,Cooper,Brisbane,Locally-controlled,No Roadway Feature,No traffic control,60 km/h,Sealed - Dry,Clear,Daylight,Curved - view obscured,Grade,408,Veh'S Manoeuvring: Entering From Footway,Vehicle leaving driveway,W,0,2,0,0,2,3,0,0,0,0,0,0
348083,Medical treatment,2021,June,Friday,10,Rear-end,Multi-Vehicle,152.999454,-27.45869144,Enoggera Tce,Latrobe Tce,,Paddington,Brisbane City,4064,Brisbane City,North Brisbane,Brisbane,SEQ North,Metropolitan,Paddington - Milton,Brisbane Inner - West,Brisbane Inner City,Major Cities,Cooper,Brisbane,Locally-controlled,Intersection - T-Junction,No traffic control,0 - 50 km/h,Sealed - Dry,Clear,Daylight,Curved - view open,Level,302,Veh'S Same Direction: Left Rear,Rear-end,N,0,0,1,0,1,2,0,0,0,0,0,0
348084,Minor injury,2021,June,Friday,13,Angle,Multi-Vehicle,153.029551,-27.46492145,Adelaide St,Wharf St,,Brisbane City,Brisbane City,4000,Brisbane City,North Brisbane,Brisbane,SEQ North,Metropolitan,Brisbane City,Brisbane Inner,Brisbane Inner City,Major Cities,Mcconnel,Brisbane,Locally-controlled,Intersection - Cross,Operating traffic lights,0 - 50 km/h,Sealed - Dry,Clear,Daylight,Straight,Grade,203,Veh'S Opposite Approach: Right-Left,Opposing vehicles turning,N,0,0,0,1,1,2,0,0,0,0,0,0
348085,Minor injury,2021,June,Monday,16,Angle,Multi-Vehicle,153.008041,-27.46965544,Cribb St,Mcdougall St,,Milton,Brisbane City,4064,Brisbane City,North Brisbane,Brisbane,SEQ North,Metropolitan,Paddington - Milton,Brisbane Inner - West,Brisbane Inner City,Major Cities,Cooper,Brisbane,Locally-controlled,Intersection - T-Junction,Stop sign,0 - 50 km/h,Sealed - Dry,Clear,Daylight,Straight,Level,102,Veh'S Adjacent Approach: Right-Thru,Intersection from adjacent approaches,N,0,0,0,1,1,2,0,0,0,0,0,0
348086,Medical treatment,2021,June,Monday,7,Hit object,Single Vehicle,153.0104595,-27.46730944,Hale St On Ramp,,,Milton,Brisbane City,4064,Brisbane City,North Brisbane,Brisbane,SEQ North,Metropolitan,Paddington - Milton,Brisbane Inner - West,Brisbane Inner City,Major Cities,Cooper,Brisbane,Locally-controlled,No Roadway Feature,No traffic control,60 km/h,Sealed - Dry,Clear,Daylight,Straight,Level,703,Off Path-Straight: Left Off Cway Hit Obj,Off carriageway on straight hit object,N,0,0,1,0,1,1,0,0,0,0,0,1
348087,Hospitalisation,2021,June,Thursday,14,Angle,Multi-Vehicle,153.020594,-27.45892044,Gregory Tce,Parish St,,Spring Hill,Brisbane City,4000,Brisbane City,North Brisbane,Brisbane,SEQ North,Metropolitan,Spring Hill,Brisbane Inner,Brisbane Inner City,Major Cities,Mcconnel,Brisbane,Locally-controlled,Intersection - T-Junction,Stop sign,60 km/h,Sealed - Dry,Clear,Daylight,Curved - view open,Crest,104,Veh'S Adjacent Approach: Thru-Right,Intersection from adjacent approaches,S,0,1,0,0,1,1,0,1,0,0,0,0
348088,Medical treatment,2021,June,Wednesday,5,Rear-end,Multi-Vehicle,153.009701,-27.46708844,Milton Rd,,,Milton,Brisbane City,4064,Brisbane City,North Brisbane,Brisbane,SEQ North,Metropolitan,Paddington - Milton,Brisbane Inner - West,Brisbane Inner City,Major Cities,Cooper,Brisbane,Locally-controlled,No Roadway Feature,No traffic control,60 km/h,Sealed - Wet,Raining,Darkness - Lighted,Straight,Grade,301,Veh'S Same Direction: Rear End,Rear-end,N,0,0,1,0,1,2,0,0,0,0,0,0
348185,Medical treatment,2021,January,Monday,21,Head-on,Multi-Vehicle,152.9427715,-27.6243892,Logan Mwy,,Centenary Motorway (Ellen Grove - Toowong),Forest Lake,Brisbane City,4078,Goodna,Ipswich,Southern,SEQ South,Metropolitan,Forest Lake - Doolandella,Forest Lake - Oxley,Ipswich,Major Cities,Inala,Oxley,State-controlled,Intersection - Interchange,No traffic control,60 km/h,Sealed - Dry,Clear,Darkness - Not lighted,Curved - view obscured,Crest,201,Veh'S Opposite Approach: Head On,Head-on,N,0,0,3,0,3,2,0,0,0,0,0,0
348186,Medical treatment,2021,January,Tuesday,8,Angle,Multi-Vehicle,153.011359,-27.64292044,Logan Mwy,Paradise Rd,Logan Motorway (Gailes - Loganholme),Larapinta,Brisbane City,4110,Calamvale,South Brisbane,Brisbane,SEQ South,Metropolitan,Pallara - Willawong,Rocklea - Acacia Ridge,Brisbane - South,Major Cities,Algester,Oxley,State-controlled,Intersection - Interchange,Operating traffic lights,60 km/h,Sealed - Dry,Clear,Daylight,Straight,Level,104,Veh'S Adjacent Approach: Thru-Right,Intersection from adjacent approaches,S,0,0,1,0,1,2,0,0,0,0,0,0
348187,Hospitalisation,2021,January,Thursday,20,Angle,Multi-Vehicle,152.960603,-27.63339615,Logan Mwy,,Logan Motorway (Gailes - Loganholme),Forest Lake,Brisbane City,4078,Inala,South Brisbane,Brisbane,SEQ South,Metropolitan,Forest Lake - Doolandella,Forest Lake - Oxley,Ipswich,Major Cities,Inala,Oxley,State-controlled,No Roadway Feature,No traffic control,100 - 110 km/h,Sealed - Wet,Raining,Darkness - Lighted,Straight,Level,305,Veh'S Same Direction: Lane Side Swipe,Lane changes,W,0,1,0,0,1,1,0,1,0,0,0,0
348188,Hospitalisation,2021,January,Saturday,17,Hit parked vehicle,Single Vehicle,152.981925,-27.59784675,Skylark St,,,Inala,Brisbane City,4077,Inala,South Brisbane,Brisbane,SEQ South,Metropolitan,Inala - Richlands,Forest Lake - Oxley,Ipswich,Major Cities,Inala,Oxley,Locally-controlled,No Roadway Feature,No traffic control,60 km/h,Sealed - Dry,Clear,Daylight,Curved - view open,Level,601,Veh'S On Path: Parked,Hit parked vehicle,S,0,2,0,0,2,2,0,0,0,0,0,0
348189,Medical treatment,2021,January,Tuesday,21,Angle,Multi-Vehicle,152.972163,-27.61160944,College Ave,Joseph Banks Ave,,Forest Lake,Brisbane City,4078,Inala,South Brisbane,Brisbane,SEQ South,Metropolitan,Forest Lake - Doolandella,Forest Lake - Oxley,Ipswich,Major Cities,Inala,Oxley,Locally-controlled,Intersection - Roundabout,Give way sign,60 km/h,Sealed - Dry,Clear,Darkness - Lighted,Straight,Level,107,Veh'S Adjacent Approach: Thru-Left,Intersection from adjacent approaches,N,0,0,1,0,1,2,0,0,0,0,0,0
348190,Hospitalisation,2021,January,Thursday,14,Rear-end,Multi-Vehicle,152.966212,-27.63371044,Logan Mwy,,Logan Motorway (Gailes - Loganholme),Forest Lake,Brisbane City,4078,Inala,South Brisbane,Brisbane,SEQ South,Metropolitan,Forest Lake - Doolandella,Forest Lake - Oxley,Ipswich,Major Cities,Inala,Oxley,State-controlled,No Roadway Feature,No traffic control,100 - 110 km/h,Sealed - Dry,Clear,Daylight,Curved - view open,Level,301,Veh'S Same Direction: Rear End,Rear-end,E,0,1,0,1,2,1,0,1,0,0,0,1
348191,Hospitalisation,2021,January,Friday,16,Angle,Multi-Vehicle,152.984654,-27.58542444,Blunder Rd,Glenala Rd,,Durack,Brisbane City,4077,Inala,South Brisbane,Brisbane,SEQ South,Metropolitan,Durack,Forest Lake - Oxley,Ipswich,Major Cities,Inala,Oxley,Locally-controlled,Intersection - T-Junction,Operating traffic lights,70 km/h,Sealed - Dry,Clear,Daylight,Straight,Level,202,Veh'S Opposite Approach: Thru-Right,Opposing vehicles turning,S,0,1,0,0,1,2,0,0,0,0,0,0
348192,Hospitalisation,2021,February,Tuesday,9,Angle,Multi-Vehicle,152.94701,-27.59759144,Progress Rd,Western Arterial Rd,Centenary Motorway (Ellen Grove - Toowong),Richlands,Brisbane City,4077,Inala,South Brisbane,Brisbane,SEQ South,Metropolitan,Inala - Richlands,Forest Lake - Oxley,Ipswich,Major Cities,Inala,Oxley,State-controlled,Intersection - Interchange,Operating traffic lights,60 km/h,Sealed - Wet,Raining,Daylight,Curved - view open,Crest,202,Veh'S Opposite Approach: Thru-Right,Opposing vehicles turning,E,0,2,0,0,2,2,0,0,0,0,0,0
348193,Medical treatment,2021,February,Thursday,11,Angle,Multi-Vehicle,152.986946,-27.63083644,Wadeville St,,,Heathwood,Brisbane City,4110,Inala,South Brisbane,Brisbane,SEQ South,Metropolitan,Pallara - Willawong,Rocklea - Acacia Ridge,Brisbane - South,Major Cities,Algester,Oxley,Locally-controlled,No Roadway Feature,No traffic control,60 km/h,Sealed - Dry,Clear,Daylight,Curved - view obscured,Crest,408,Veh'S Manoeuvring: Entering From Footway,Vehicle leaving driveway,W,0,0,1,0,1,2,0,0,0,0,0,0
348194,Hospitalisation,2021,February,Friday,22,Rear-end,Multi-Vehicle,152.984608,-27.58509344,Blunder Rd,,,Durack,Brisbane City,4077,Inala,South Brisbane,Brisbane,SEQ South,Metropolitan,Durack,Forest Lake - Oxley,Ipswich,Major Cities,Inala,Oxley,Locally-controlled,No Roadway Feature,No traffic control,60 km/h,Sealed - Dry,Clear,Darkness - Lighted,Straight,Crest,301,Veh'S Same Direction: Rear End,Rear-end,S,0,1,0,0,1,1,0,1,0,0,0,0
348195,Medical treatment,2021,February,Sunday,16,Fall from vehicle,Single Vehicle,152.9760394,-27.60448945,Sanderling St,,,Inala,Brisbane City,4077,Inala,South Brisbane,Brisbane,SEQ South,Metropolitan,Inala - Richlands,Forest Lake - Oxley,Ipswich,Major Cities,Inala,Oxley,Locally-controlled,No Roadway Feature,No traffic control,60 km/h,Sealed - Dry,Clear,Daylight,Straight,Level,901,Pass & Misc: Fell In/From Vehicle,Other,S,0,0,3,0,3,1,0,0,0,0,1,0
348196,Medical treatment,2021,February,Friday,16,Rear-end,Multi-Vehicle,152.9486834,-27.59518598,Garden Rd,,,Richlands,Brisbane City,4077,Inala,South Brisbane,Brisbane,SEQ South,Metropolitan,Inala - Richlands,Forest Lake - Oxley,Ipswich,Major Cities,Inala,Oxley,Locally-controlled,Merge Lane,No traffic control,60 km/h,Sealed - Dry,Clear,Daylight,Straight,Level,301,Veh'S Same Direction: Rear End,Rear-end,N,0,0,1,0,1,2,0,0,0,0,0,0
348197,Minor injury,2021,February,Friday,10,Rear-end,Multi-Vehicle,152.972716,-27.61795644,College Ave,Glorious Wy,,Forest Lake,Brisbane City,4078,Inala,South Brisbane,Brisbane,SEQ South,Metropolitan,Forest Lake - Doolandella,Forest Lake - Oxley,Ipswich,Major Cities,Inala,Oxley,Locally-controlled,Intersection - Roundabout,No traffic control,60 km/h,Sealed - Dry,Clear,Daylight,Straight,Level,301,Veh'S Same Direction: Rear End,Rear-end,N,0,0,0,1,1,2,0,0,0,0,0,0
348198,Minor injury,2021,February,Monday,13,Angle,Multi-Vehicle,152.965437,-27.58602144,Eugenia St,,,Richlands,Brisbane City,4077,Inala,South Brisbane,Brisbane,SEQ South,Metropolitan,Inala - Richlands,Forest Lake - Oxley,Ipswich,Major Cities,Inala,Oxley,Locally-controlled,No Roadway Feature,No traffic control,60 km/h,Sealed - Dry,Clear,Daylight,Straight,Level,506,Veh'S Overtaking: Overtake-Right Turn,Overtaking same direction,S,0,0,0,1,1,2,0,0,0,0,0,0
348199,Medical treatment,2021,February,Friday,16,Rear-end,Multi-Vehicle,153.002956,-27.64045944,Logan Mwy,,Logan Motorway (Gailes - Loganholme),Larapinta,Brisbane City,4110,Inala,South Brisbane,Brisbane,SEQ South,Metropolitan,Pallara - Willawong,Rocklea - Acacia Ridge,Brisbane - South,Major Cities,Algester,Oxley,State-controlled,No Roadway Feature,No traffic control,100 - 110 km/h,Sealed - Dry,Clear,Daylight,Straight,Level,301,Veh'S Same Direction: Rear End,Rear-end,E,0,0,1,0,1,2,0,0,0,0,0,0
348200,Medical treatment,2021,March,Thursday,11,Rear-end,Multi-Vehicle,152.987732,-27.63042944,Stapylton Rd,Wadeville St,,Heathwood,Brisbane City,4110,Inala,South Brisbane,Brisbane,SEQ South,Metropolitan,Pallara - Willawong,Rocklea - Acacia Ridge,Brisbane - South,Major Cities,Algester,Oxley,Locally-controlled,Intersection - Cross,Operating traffic lights,60 km/h,Sealed - Dry,Clear,Darkness - Lighted,Straight,Level,301,Veh'S Same Direction: Rear End,Rear-end,E,0,0,1,0,1,1,0,0,1,0,0,0
348201,Medical treatment,2021,March,Monday,15,Angle,Multi-Vehicle,152.9764695,-27.5888948,Rosemary St,,,Inala,Brisbane City,4077,Inala,South Brisbane,Brisbane,SEQ South,Metropolitan,Durack,Forest Lake - Oxley,Ipswich,Major Cities,Inala,Oxley,Locally-controlled,Intersection - T-Junction,Operating traffic lights,60 km/h,Sealed - Dry,Clear,Daylight,Straight,Grade,104,Veh'S Adjacent Approach: Thru-Right,Intersection from adjacent approaches,N,0,0,2,0,2,2,0,0,0,0,0,0
348202,Hospitalisation,2021,March,Tuesday,15,Rear-end,Multi-Vehicle,153.000088,-27.59365744,King Ave,,,Willawong,Brisbane City,4110,Inala,South Brisbane,Brisbane,SEQ South,Metropolitan,Pallara - Willawong,Rocklea - Acacia Ridge,Brisbane - South,Major Cities,Algester,Moreton,Locally-controlled,No Roadway Feature,No traffic control,60 km/h,Sealed - Dry,Clear,Daylight,Straight,Level,301,Veh'S Same Direction: Rear End,Rear-end,E,0,1,0,0,1,3,0,0,0,0,0,0
348203,Hospitalisation,2021,March,Thursday,16,Angle,Multi-Vehicle,152.959731,-27.59540544,Archerfield Rd,Old Progress Rd,,Inala,Brisbane City,4077,Inala,South Brisbane,Brisbane,SEQ South,Metropolitan,Inala - Richlands,Forest Lake - Oxley,Ipswich,Major Cities,Inala,Oxley,Locally-controlled,Intersection - Roundabout,Give way sign,60 km/h,Sealed - Wet,Clear,Daylight,Straight,Level,408,Veh'S Manoeuvring: Entering From Footway,Vehicle leaving driveway,S,0,1,0,0,1,1,0,0,0,1,0,0
348204,Hospitalisation,2021,March,Friday,0,Hit object,Single Vehicle,152.9894639,-27.59546481,Inala Ave,,,Durack,Brisbane City,4077,Inala,South Brisbane,Brisbane,SEQ South,Metropolitan,Durack,Forest Lake - Oxley,Ipswich,Major Cities,Inala,Oxley,Locally-controlled,No Roadway Feature,No traffic control,60 km/h,Sealed - Dry,Clear,Darkness - Lighted,Straight,Level,704,Off Path-Straight:Right Off Cway Hit Obj,Off carriageway on straight hit object,W,0,1,0,0,1,0,0,0,1,0,0,0
348205,Hospitalisation,2021,March,Tuesday,19,Hit object,Single Vehicle,152.993949,-27.58407344,Bowhill Rd,,,Willawong,Brisbane City,4110,Inala,South Brisbane,Brisbane,SEQ South,Metropolitan,Pallara - Willawong,Rocklea - Acacia Ridge,Brisbane - South,Major Cities,Algester,Moreton,Locally-controlled,No Roadway Feature,No traffic control,70 km/h,Sealed - Wet,Raining,Darkness - Not lighted,Straight,Level,703,Off Path-Straight: Left Off Cway Hit Obj,Off carriageway on straight hit object,N,0,1,0,0,1,1,0,0,0,0,0,0
348206,Minor injury,2021,March,Tuesday,13,Sideswipe,Multi-Vehicle,153.010233,-27.60778144,Gooderham Rd,,,Pallara,Brisbane City,4110,Inala,South Brisbane,Brisbane,SEQ South,Metropolitan,Pallara - Willawong,Rocklea - Acacia Ridge,Brisbane - South,Major Cities,Algester,Moreton,Locally-controlled,No Roadway Feature,No traffic control,60 km/h,Sealed - Dry,Clear,Daylight,Straight,Level,408,Veh'S Manoeuvring: Entering From Footway,Vehicle leaving driveway,N,0,0,0,1,1,1,0,1,0,0,0,0
348207,Medical treatment,2021,March,Wednesday,11,Hit object,Single Vehicle,152.969079,-27.62220844,Forest Lake Blvd,,,Forest Lake,Brisbane City,4078,Inala,South Brisbane,Brisbane,SEQ South,Metropolitan,Forest Lake - Doolandella,Forest Lake - Oxley,Ipswich,Major Cities,Inala,Oxley,Locally-controlled,No Roadway Feature,No traffic control,60 km/h,Sealed - Wet,Raining,Daylight,Curved - view open,Level,808,Off Path-Curve: Mounts Traffic Island,Off carriageway on curve hit object,W,0,0,2,0,2,1,0,0,0,0,0,0
348208,Minor injury,2021,March,Sunday,16,Head-on,Multi-Vehicle,152.9697377,-27.60196768,Clipper St,,,Inala,Brisbane City,4077,Inala,South Brisbane,Brisbane,SEQ South,Metropolitan,Inala - Richlands,Forest Lake - Oxley,Ipswich,Major Cities,Inala,Oxley,Locally-controlled,Intersection - T-Junction,No traffic control,0 - 50 km/h,Sealed - Wet,Raining,Daylight,Straight,Dip,201,Veh'S Opposite Approach: Head On,Head-on,E,0,0,0,1,1,3,0,0,0,0,0,0
348209,Hospitalisation,2021,January,Friday,22,Head-on,Multi-Vehicle,144.4425239,-15.55831063,Peninsula Developmental Rd,,Peninsula Developmental Road (Laura - Coen),Laura,Cook Shire,4892,Laura,Far North,Far Northern,Northern,North Queensland,Cape York,Far North,Queensland - Outback,Very Remote,Cook,Leichhardt,State-controlled,No Roadway Feature,No traffic control,60 km/h,Sealed - Dry,Clear,Darkness - Not lighted,Straight,Dip,201,Veh'S Opposite Approach: Head On,Head-on,E,0,1,1,0,2,2,0,0,0,0,0,0