Crash_Severity,Crash_Year,Crash_Month,Crash_Day_Of_Week,Crash_Hour,Crash_Nature,Crash_Type,Crash_Longitude,Crash_Latitude,Crash_Street,Crash_Street_Intersecting,State_Road_Name,Loc_Suburb,Loc_Local_Government_Area,Loc_Post_Code,Loc_Police_Division,Loc_Police_District,Loc_Police_Region,Loc_Queensland_Transport_Region,Loc_Main_Roads_Region,Loc_ABS_Statistical_Area_2,Loc_ABS_Statistical_Area_3,Loc_ABS_Statistical_Area_4,Loc_ABS_Remoteness,Loc_State_Electorate,Loc_Federal_Electorate,Crash_Controlling_Authority,Crash_Roadway_Feature,Crash_Traffic_Control,Crash_Speed_Limit,Crash_Road_Surface_Condition,Crash_Atmospheric_Condition,Crash_Lighting_Condition,Crash_Road_Horiz_Align,Crash_Road_Vert_Align,Crash_DCA_Code,Crash_DCA_Description,Crash_DCA_Group_Description,DCA_Key_Approach_Dir,Count_Casualty_Fatality,Count_Casualty_Hospitalised,Count_Casualty_MedicallyTreated,Count_Casualty_MinorInjury,Count_Casualty_Total,Count_Unit_Car,Count_Unit_Motorcycle_Moped,Count_Unit_Truck,Count_Unit_Bus,Count_Unit_Bicycle,Count_Unit_Pedestrian,Count_Unit_Other,
349018,Hospitalisation,2021,March,Thursday,7,Angle,Multi-Vehicle,152.984089,-27.64868444,Johnson Rd,Stapylton Rd,,Heathwood,Brisbane City,4118,Inala,South Brisbane,Brisbane,SEQ South,Metropolitan,Hillcrest,Browns Plains,Logan - Beaudesert,Major Cities,Jordan,Wright,Locally-controlled,Intersection - Cross,Operating traffic lights,80 - 90 km/h,Sealed - Dry,Clear,Darkness - Lighted,Straight,Crest,202,Veh'S Opposite Approach: Thru-Right,Opposing vehicles turning,E,0,1,0,0,1,2,0,0,0,0,0,0
349019,Minor injury,2021,March,Friday,16,Rear-end,Multi-Vehicle,153.034415,-27.66512345,Mt Lindesay Hwy,,Mount Lindesay Highway (Brisbane - Beaudesert),Hillcrest,Logan City,4118,Browns Plains,Logan,South Eastern,SEQ South,South Coast,Hillcrest,Browns Plains,Logan - Beaudesert,Major Cities,Algester,Rankin,State-controlled,No Roadway Feature,No traffic control,100 - 110 km/h,Sealed - Dry,Clear,Daylight,Straight,Level,301,Veh'S Same Direction: Rear End,Rear-end,N,0,0,0,1,1,3,0,0,0,0,0,0
349020,Minor injury,2021,March,Monday,17,Rear-end,Multi-Vehicle,153.062518,-27.66385545,Browns Plains Rd,Wembley Rd,,Browns Plains,Logan City,4118,Crestmead,Logan,South Eastern,SEQ South,South Coast,Browns Plains,Browns Plains,Logan - Beaudesert,Major Cities,Woodridge,Rankin,Locally-controlled,Intersection - Cross,Operating traffic lights,60 km/h,Sealed - Dry,Clear,Daylight,Straight,Level,301,Veh'S Same Direction: Rear End,Rear-end,E,0,0,0,1,1,2,0,0,0,0,0,0
349021,Hospitalisation,2021,March,Tuesday,9,Angle,Multi-Vehicle,153.034059,-27.66661645,Mt Lindesay Hwy,Vansittart Rd,Mount Lindesay Highway (Brisbane - Beaudesert),Regents Park,Logan City,4118,Browns Plains,Logan,South Eastern,SEQ South,South Coast,Regents Park - Heritage Park,Browns Plains,Logan - Beaudesert,Major Cities,Algester,Rankin,State-controlled,Intersection - T-Junction,Operating traffic lights,60 km/h,Sealed - Dry,Clear,Daylight,Straight,Level,408,Veh'S Manoeuvring: Entering From Footway,Vehicle leaving driveway,N,0,1,0,0,1,1,0,0,0,1,0,0
349022,Minor injury,2021,March,Wednesday,16,Rear-end,Multi-Vehicle,153.032209,-27.65936045,Johnson Rd,,,Parkinson,Brisbane City,4115,Browns Plains,Logan,South Eastern,SEQ South,Metropolitan,Parkinson - Drewvale,Rocklea - Acacia Ridge,Brisbane - South,Major Cities,Algester,Rankin,Locally-controlled,No Roadway Feature,No traffic control,60 km/h,Sealed - Dry,Clear,Daylight,Straight,Level,301,Veh'S Same Direction: Rear End,Rear-end,W,0,0,0,1,1,2,0,0,0,0,0,0
349023,Medical treatment,2021,April,Saturday,13,Rear-end,Multi-Vehicle,153.032131,-27.68669945,Green Rd,Mt Lindesay Hwy,Mount Lindesay Highway (Brisbane - Beaudesert),Regents Park,Logan City,4118,Browns Plains,Logan,South Eastern,SEQ South,South Coast,Boronia Heights - Park Ridge,Browns Plains,Logan - Beaudesert,Major Cities,Logan,Forde,State-controlled,Intersection - Interchange,Give way sign,60 km/h,Sealed - Dry,Clear,Daylight,Straight,Level,302,Veh'S Same Direction: Left Rear,Rear-end,E,0,0,1,0,1,2,0,0,0,0,0,0
349024,Minor injury,2021,April,Sunday,12,Rear-end,Multi-Vehicle,153.0424007,-27.66141742,Grand Plaza Dr,,,Browns Plains,Logan City,4118,Browns Plains,Logan,South Eastern,SEQ South,South Coast,Browns Plains,Browns Plains,Logan - Beaudesert,Major Cities,Algester,Rankin,Locally-controlled,No Roadway Feature,No traffic control,0 - 50 km/h,Sealed - Dry,Clear,Daylight,Straight,Level,301,Veh'S Same Direction: Rear End,Rear-end,N,0,0,0,1,1,2,0,0,0,0,0,0
349025,Hospitalisation,2021,April,Friday,9,Rear-end,Multi-Vehicle,153.091421,-27.70845045,Park Ridge Rd,,,Park Ridge,Logan City,4125,Crestmead,Logan,South Eastern,SEQ South,South Coast,Boronia Heights - Park Ridge,Browns Plains,Logan - Beaudesert,Major Cities,Logan,Forde,Locally-controlled,No Roadway Feature,No traffic control,70 km/h,Sealed - Dry,Clear,Daylight,Straight,Crest,301,Veh'S Same Direction: Rear End,Rear-end,W,0,1,0,0,1,0,2,0,0,0,0,0
349026,Medical treatment,2021,April,Saturday,18,Rear-end,Multi-Vehicle,153.12154,-27.69170846,Beutel St,Lexham St,,Waterford West,Logan City,4133,Crestmead,Logan,South Eastern,SEQ South,South Coast,Waterford West,Loganlea - Carbrook,Logan - Beaudesert,Major Cities,Waterford,Forde,Locally-controlled,Intersection - T-Junction,No traffic control,60 km/h,Sealed - Dry,Clear,Darkness - Lighted,Straight,Level,303,Veh'S Same Direction: Right Rear,Rear-end,W,0,0,2,0,2,2,0,0,0,0,0,0
349027,Medical treatment,2021,April,Saturday,11,Angle,Multi-Vehicle,153.1147564,-27.68086984,Chambers Flat Rd,,,Marsden,Logan City,4132,Crestmead,Logan,South Eastern,SEQ South,South Coast,Marsden,Browns Plains,Logan - Beaudesert,Major Cities,Waterford,Rankin,Locally-controlled,No Roadway Feature,No traffic control,60 km/h,Sealed - Dry,Clear,Daylight,Straight,Level,309,Veh'S Same Direction: Left Turn S/Swipe,Parallel lanes turning,N,0,0,1,0,1,2,0,0,0,0,0,0
349028,Medical treatment,2021,April,Tuesday,4,Angle,Multi-Vehicle,152.995766,-27.65367944,Johnson Rd,,,Forestdale,Logan City,4110,Browns Plains,Logan,South Eastern,SEQ South,South Coast,Pallara - Willawong,Rocklea - Acacia Ridge,Brisbane - South,Major Cities,Algester,Oxley,Locally-controlled,No Roadway Feature,No traffic control,70 km/h,Sealed - Dry,Clear,Darkness - Not lighted,Straight,Level,406,Veh'S Manoeuvring: Leaving Driveway,Vehicle leaving driveway,W,0,0,2,0,2,2,0,0,0,0,0,0
349029,Medical treatment,2021,April,Tuesday,16,Angle,Multi-Vehicle,153.080596,-27.67790245,Browns Plains Rd,Fifth Ave,,Berrinba,Logan City,4117,Crestmead,Logan,South Eastern,SEQ South,South Coast,Browns Plains,Browns Plains,Logan - Beaudesert,Major Cities,Woodridge,Rankin,Locally-controlled,Intersection - T-Junction,Operating traffic lights,70 km/h,Sealed - Dry,Clear,Daylight,Curved - view open,Level,202,Veh'S Opposite Approach: Thru-Right,Opposing vehicles turning,W,0,0,1,0,1,2,0,0,0,0,0,0
349030,Hospitalisation,2021,April,Friday,18,Head-on,Multi-Vehicle,153.068571,-27.67825445,Bayliss Rd,,,Heritage Park,Logan City,4118,Crestmead,Logan,South Eastern,SEQ South,South Coast,Regents Park - Heritage Park,Browns Plains,Logan - Beaudesert,Major Cities,Woodridge,Rankin,Locally-controlled,Median Opening,No traffic control,60 km/h,Sealed - Dry,Clear,Darkness - Not lighted,Curved - view open,Level,201,Veh'S Opposite Approach: Head On,Head-on,S,0,1,0,0,1,2,0,0,0,0,0,0
349031,Medical treatment,2021,April,Monday,15,Hit pedestrian,Hit pedestrian,153.033543,-27.69877045,Crest Rd,Lancewood St,,Park Ridge,Logan City,4125,Browns Plains,Logan,South Eastern,SEQ South,South Coast,Boronia Heights - Park Ridge,Browns Plains,Logan - Beaudesert,Major Cities,Logan,Forde,Locally-controlled,Intersection - Roundabout,No traffic control,0 - 50 km/h,Sealed - Dry,Clear,Daylight,Curved - view open,Level,1,Ped'N: Near Side Vehicle Hit From Right,Pedestrian,U,0,0,1,0,1,1,0,0,0,0,1,0
349032,Medical treatment,2021,April,Monday,5,Rear-end,Multi-Vehicle,153.07788,-27.67577245,Browns Plains Rd,Wayne Goss Dr,,Crestmead,Logan City,4132,Crestmead,Logan,South Eastern,SEQ South,South Coast,Crestmead,Browns Plains,Logan - Beaudesert,Major Cities,Woodridge,Rankin,Locally-controlled,Intersection - Roundabout,No traffic control,60 km/h,Sealed - Dry,Clear,Daylight,Curved - view open,Level,301,Veh'S Same Direction: Rear End,Rear-end,E,0,0,1,0,1,1,0,0,0,0,0,1
349033,Minor injury,2021,April,Tuesday,15,Rear-end,Multi-Vehicle,153.076592,-27.67666845,Magnesium Dr,,,Crestmead,Logan City,4132,Crestmead,Logan,South Eastern,SEQ South,South Coast,Crestmead,Browns Plains,Logan - Beaudesert,Major Cities,Woodridge,Rankin,Locally-controlled,No Roadway Feature,No traffic control,60 km/h,Sealed - Dry,Clear,Daylight,Straight,Level,301,Veh'S Same Direction: Rear End,Rear-end,N,0,0,0,1,1,1,0,1,0,0,0,0
349034,Medical treatment,2021,April,Thursday,16,Angle,Multi-Vehicle,153.0762252,-27.70199157,Clarke Rd,,,Park Ridge,Logan City,4125,Crestmead,Logan,South Eastern,SEQ South,South Coast,Boronia Heights - Park Ridge,Browns Plains,Logan - Beaudesert,Major Cities,Logan,Forde,Locally-controlled,No Roadway Feature,No traffic control,60 km/h,Sealed - Dry,Clear,Daylight,Straight,Level,406,Veh'S Manoeuvring: Leaving Driveway,Vehicle leaving driveway,S,0,0,1,0,1,2,0,0,0,0,0,0
349035,Medical treatment,2021,April,Thursday,9,Rear-end,Multi-Vehicle,153.092925,-27.71330345,Chambers Flat Rd,Isla St,,Park Ridge,Logan City,4125,Crestmead,Logan,South Eastern,SEQ South,South Coast,Boronia Heights - Park Ridge,Browns Plains,Logan - Beaudesert,Major Cities,Logan,Forde,Locally-controlled,Intersection - T-Junction,No traffic control,70 km/h,Sealed - Dry,Clear,Daylight,Straight,Level,303,Veh'S Same Direction: Right Rear,Rear-end,,0,0,1,0,1,2,0,0,0,0,0,1
349036,Hospitalisation,2021,April,Sunday,2,Fall from vehicle,Single Vehicle,153.031328,-27.68305345,Mackellar Dr,Mt Lindesay Hwy,Mount Lindesay Highway (Brisbane - Beaudesert),Boronia Heights,Logan City,4124,Browns Plains,Logan,South Eastern,SEQ South,South Coast,Regents Park - Heritage Park,Browns Plains,Logan - Beaudesert,Major Cities,Logan,Rankin,State-controlled,Intersection - Interchange,No traffic control,80 - 90 km/h,Sealed - Dry,Clear,Darkness - Lighted,Straight,Grade,901,Pass & Misc: Fell In/From Vehicle,Other,N,0,1,0,0,1,1,0,0,0,0,0,0
349037,Minor injury,2021,April,Sunday,13,Angle,Multi-Vehicle,153.034031,-27.66663745,Mt Lindesay Hwy,Vansittart Rd,,Regents Park,Logan City,4118,Browns Plains,Logan,South Eastern,SEQ South,South Coast,Regents Park - Heritage Park,Browns Plains,Logan - Beaudesert,Major Cities,Algester,Rankin,Locally-controlled,Intersection - T-Junction,Operating traffic lights,0 - 50 km/h,Sealed - Dry,Clear,Daylight,Straight,Level,104,Veh'S Adjacent Approach: Thru-Right,Intersection from adjacent approaches,S,0,0,0,3,3,2,0,0,0,0,0,0
349038,Hospitalisation,2021,April,Wednesday,12,Angle,Multi-Vehicle,153.09301,-27.68132545,Browns Plains Rd,Waratah Dr,,Crestmead,Logan City,4132,Crestmead,Logan,South Eastern,SEQ South,South Coast,Crestmead,Browns Plains,Logan - Beaudesert,Major Cities,Woodridge,Rankin,Locally-controlled,Intersection - Cross,Operating traffic lights,70 km/h,Sealed - Dry,Clear,Darkness - Lighted,Straight,Level,202,Veh'S Opposite Approach: Thru-Right,Opposing vehicles turning,E,0,1,2,0,3,3,0,0,0,0,0,0
349039,Hospitalisation,2021,May,Saturday,2,Hit object,Single Vehicle,153.092629,-27.71451545,Chambers Flat Rd,,,Park Ridge,Logan City,4125,Crestmead,Logan,South Eastern,SEQ South,South Coast,Boronia Heights - Park Ridge,Browns Plains,Logan - Beaudesert,Major Cities,Logan,Forde,Locally-controlled,No Roadway Feature,No traffic control,70 km/h,Sealed - Wet,Clear,Darkness - Not lighted,Straight,Level,704,Off Path-Straight:Right Off Cway Hit Obj,Off carriageway on straight hit object,S,0,1,0,0,1,1,0,0,0,0,0,0
349040,Medical treatment,2021,May,Friday,16,Angle,Multi-Vehicle,153.084833,-27.66236645,Barcombe Dr,Freshfield St,,Marsden,Logan City,4132,Crestmead,Logan,South Eastern,SEQ South,South Coast,Marsden,Browns Plains,Logan - Beaudesert,Major Cities,Woodridge,Rankin,Locally-controlled,No Roadway Feature,No traffic control,0 - 50 km/h,Sealed - Dry,Clear,Daylight,Curved - view open,Level,201,Veh'S Opposite Approach: Head On,Head-on,S,0,0,1,0,1,2,0,0,0,0,0,0
349041,Medical treatment,2021,May,Tuesday,8,Angle,Multi-Vehicle,153.101273,-27.67379045,Ashmore Cl,First Ave,,Marsden,Logan City,4132,Crestmead,Logan,South Eastern,SEQ South,South Coast,Marsden,Browns Plains,Logan - Beaudesert,Major Cities,Woodridge,Rankin,Locally-controlled,No Roadway Feature,Give way sign,60 km/h,Sealed - Dry,Clear,Daylight,Straight,Level,104,Veh'S Adjacent Approach: Thru-Right,Intersection from adjacent approaches,N,0,0,2,0,2,2,0,0,0,0,0,0
349042,Hospitalisation,2021,May,Friday,6,Angle,Multi-Vehicle,153.0348352,-27.68702125,Emerald Dr,Green Rd,,Park Ridge,Logan City,4125,Browns Plains,Logan,South Eastern,SEQ South,South Coast,Boronia Heights - Park Ridge,Browns Plains,Logan - Beaudesert,Major Cities,Logan,Forde,Locally-controlled,Intersection - T-Junction,Operating traffic lights,60 km/h,Sealed - Dry,Clear,Dawn/Dusk,Straight,Dip,104,Veh'S Adjacent Approach: Thru-Right,Intersection from adjacent approaches,E,0,1,0,0,1,2,0,0,0,0,0,0
349043,Medical treatment,2021,May,Monday,14,Rear-end,Multi-Vehicle,153.061737,-27.66370845,Browns Plains Rd,,,Browns Plains,Logan City,4118,Browns Plains,Logan,South Eastern,SEQ South,South Coast,Browns Plains,Browns Plains,Logan - Beaudesert,Major Cities,Algester,Rankin,Locally-controlled,No Roadway Feature,No traffic control,70 km/h,Sealed - Dry,Clear,Daylight,Straight,Level,301,Veh'S Same Direction: Rear End,Rear-end,E,0,0,1,0,1,3,0,0,0,0,0,0
349044,Medical treatment,2021,May,Tuesday,7,Angle,Multi-Vehicle,153.1002783,-27.68181823,Browns Plains Rd,,,Marsden,Logan City,4132,Crestmead,Logan,South Eastern,SEQ South,South Coast,Marsden,Browns Plains,Logan - Beaudesert,Major Cities,Woodridge,Rankin,Locally-controlled,No Roadway Feature,No traffic control,70 km/h,Sealed - Dry,Clear,Daylight,Straight,Level,306,Veh'S Same Direction: Lane Change Right,Lane changes,W,0,0,1,0,1,0,1,0,1,0,0,0
349045,Hospitalisation,2021,May,Tuesday,9,Angle,Multi-Vehicle,153.102458,-27.69217445,Chambers Flat Rd,Entrance St,,Crestmead,Logan City,4132,Crestmead,Logan,South Eastern,SEQ South,South Coast,Crestmead,Browns Plains,Logan - Beaudesert,Major Cities,Woodridge,Rankin,Locally-controlled,Intersection - Cross,Give way sign,70 km/h,Sealed - Dry,Clear,Daylight,Curved - view open,Level,107,Veh'S Adjacent Approach: Thru-Left,Intersection from adjacent approaches,N,0,1,0,0,1,2,0,0,0,0,0,0
349046,Minor injury,2021,May,Tuesday,8,Sideswipe,Multi-Vehicle,153.036496,-27.66017845,Central Ct,Johnson Rd,Mount Lindesay Highway (Brisbane - Beaudesert),Hillcrest,Logan City,4118,Browns Plains,Logan,South Eastern,SEQ South,South Coast,Hillcrest,Browns Plains,Logan - Beaudesert,Major Cities,Algester,Rankin,State-controlled,Intersection - T-Junction,No traffic control,60 km/h,Sealed - Dry,Clear,Daylight,Straight,Level,306,Veh'S Same Direction: Lane Change Right,Lane changes,E,0,0,0,1,1,1,0,0,0,0,0,1
349047,Hospitalisation,2021,May,Wednesday,12,Hit object,Single Vehicle,152.9980414,-27.71043768,Middle Rd,,,Greenbank,Logan City,4124,Browns Plains,Logan,South Eastern,SEQ South,South Coast,Greenbank Military Camp,Browns Plains,Logan - Beaudesert,Major Cities,Logan,Wright,Locally-controlled,No Roadway Feature,No traffic control,80 - 90 km/h,Sealed - Dry,Clear,Daylight,Straight,Level,703,Off Path-Straight: Left Off Cway Hit Obj,Off carriageway on straight hit object,E,0,1,0,0,1,1,0,0,0,0,0,0
349048,Hospitalisation,2021,May,Thursday,11,Hit pedestrian,Hit pedestrian,153.082925,-27.69206145,Julie St,,,Crestmead,Logan City,4132,Crestmead,Logan,South Eastern,SEQ South,South Coast,Crestmead,Browns Plains,Logan - Beaudesert,Major Cities,Woodridge,Rankin,Locally-controlled,No Roadway Feature,No traffic control,60 km/h,Sealed - Dry,Clear,Daylight,Straight,Level,7,Ped'N: Hit By Vehicle Enter/Leave D'Way,Pedestrian,W,0,1,0,0,1,1,0,0,0,0,1,0
349049,Hospitalisation,2021,May,Friday,14,Hit pedestrian,Hit pedestrian,153.107599,-27.68553545,Chambers Flat Rd,Hickory St,,Marsden,Logan City,4132,Crestmead,Logan,South Eastern,SEQ South,South Coast,Marsden,Browns Plains,Logan - Beaudesert,Major Cities,Woodridge,Rankin,Locally-controlled,Intersection - T-Junction,No traffic control,60 km/h,Sealed - Dry,Clear,Daylight,Straight,Level,3,Ped'N: Far Side Vehicle Hit From Left,Pedestrian,N,0,1,0,0,1,0,0,0,0,1,1,0
349050,Medical treatment,2021,May,Saturday,11,Rear-end,Multi-Vehicle,153.0079839,-27.65657808,Johnson Rd,,,Forestdale,Logan City,4118,Browns Plains,Logan,South Eastern,SEQ South,South Coast,Hillcrest,Browns Plains,Logan - Beaudesert,Major Cities,Algester,Oxley,Locally-controlled,No Roadway Feature,No traffic control,60 km/h,Sealed - Dry,Clear,Daylight,Straight,Grade,301,Veh'S Same Direction: Rear End,Rear-end,W,0,0,1,0,1,2,0,0,0,0,0,0
349051,Medical treatment,2021,May,Monday,20,Rear-end,Multi-Vehicle,153.092925,-27.71330345,Chambers Flat Rd,Isla St,,Park Ridge,Logan City,4125,Crestmead,Logan,South Eastern,SEQ South,South Coast,Boronia Heights - Park Ridge,Browns Plains,Logan - Beaudesert,Major Cities,Logan,Forde,Locally-controlled,Intersection - T-Junction,No traffic control,70 km/h,Sealed - Dry,Clear,Darkness - Lighted,Straight,Dip,303,Veh'S Same Direction: Right Rear,Rear-end,S,0,0,1,0,1,2,0,0,0,0,0,0
349052,Medical treatment,2021,May,Monday,12,Rear-end,Multi-Vehicle,153.093793,-27.70876845,Chambers Flat Rd,Park Ridge Rd,,Logan Reserve,Logan City,4133,Crestmead,Logan,South Eastern,SEQ South,South Coast,Chambers Flat - Logan Reserve,Browns Plains,Logan - Beaudesert,Major Cities,Waterford,Forde,Locally-controlled,Intersection - T-Junction,Operating traffic lights,80 - 90 km/h,Sealed - Dry,Clear,Daylight,Straight,Level,301,Veh'S Same Direction: Rear End,Rear-end,S,0,0,1,0,1,2,0,0,0,0,0,0
349053,Minor injury,2021,June,Tuesday,14,Rear-end,Multi-Vehicle,153.087819,-27.68010345,Browns Plains Rd,,,Marsden,Logan City,4132,Crestmead,Logan,South Eastern,SEQ South,South Coast,Marsden,Browns Plains,Logan - Beaudesert,Major Cities,Woodridge,Rankin,Locally-controlled,No Roadway Feature,No traffic control,70 km/h,Sealed - Dry,Clear,Daylight,Straight,Level,301,Veh'S Same Direction: Rear End,Rear-end,E,0,0,0,1,1,2,0,0,0,0,0,0
349054,Hospitalisation,2021,June,Thursday,21,Hit object,Single Vehicle,153.0511857,-27.7000447,Park Ridge Rd,,,Park Ridge,Logan City,4125,Browns Plains,Logan,South Eastern,SEQ South,South Coast,Boronia Heights - Park Ridge,Browns Plains,Logan - Beaudesert,Major Cities,Logan,Forde,Locally-controlled,No Roadway Feature,No traffic control,70 km/h,Sealed - Wet,Raining,Darkness - Lighted,Straight,Level,703,Off Path-Straight: Left Off Cway Hit Obj,Off carriageway on straight hit object,E,0,1,0,0,1,1,0,0,0,0,0,0
349055,Hospitalisation,2021,June,Saturday,14,Sideswipe,Multi-Vehicle,152.963839,-27.63520044,Johnson Rd,,,Forest Lake,Brisbane City,4124,Inala,South Brisbane,Brisbane,SEQ South,Metropolitan,Greenbank Military Camp,Browns Plains,Logan - Beaudesert,Major Cities,Jordan,Wright,Locally-controlled,No Roadway Feature,No traffic control,80 - 90 km/h,Sealed - Dry,Clear,Daylight,Straight,Level,504,Veh'S Overtaking: Cutting In,Lane changes,E,0,3,0,0,3,2,0,0,0,0,0,0
349056,Medical treatment,2021,June,Tuesday,6,Angle,Multi-Vehicle,153.099379,-27.70028045,Bumstead Rd,Chambers Flat Rd,,Logan Reserve,Logan City,4133,Crestmead,Logan,South Eastern,SEQ South,South Coast,Chambers Flat - Logan Reserve,Browns Plains,Logan - Beaudesert,Major Cities,Waterford,Forde,Locally-controlled,Intersection - T-Junction,Operating traffic lights,80 - 90 km/h,Sealed - Dry,Clear,Dawn/Dusk,Straight,Level,202,Veh'S Opposite Approach: Thru-Right,Opposing vehicles turning,S,0,0,3,0,3,2,0,0,0,0,0,0
349057,Minor injury,2021,June,Thursday,16,Angle,Multi-Vehicle,153.080572,-27.67804145,Browns Plains Rd,Fifth Ave,,Crestmead,Logan City,4132,Crestmead,Logan,South Eastern,SEQ South,South Coast,Marsden,Browns Plains,Logan - Beaudesert,Major Cities,Woodridge,Rankin,Locally-controlled,Intersection - T-Junction,Operating traffic lights,70 km/h,Unsealed - Dry,Clear,Dawn/Dusk,Curved - view open,Level,202,Veh'S Opposite Approach: Thru-Right,Opposing vehicles turning,W,0,0,0,2,2,2,0,0,0,0,0,0
349058,Minor injury,2021,June,Friday,14,Hit pedestrian,Hit pedestrian,153.0385475,-27.66434457,Grand Plaza Dr,,,Browns Plains,Logan City,4118,Browns Plains,Logan,South Eastern,SEQ South,South Coast,Browns Plains,Browns Plains,Logan - Beaudesert,Major Cities,Algester,Rankin,Locally-controlled,No Roadway Feature,No traffic control,0 - 50 km/h,Sealed - Dry,Clear,Daylight,Straight,Level,7,Ped'N: Hit By Vehicle Enter/Leave D'Way,Pedestrian,N,0,0,0,1,1,1,0,0,0,0,1,0
349059,Medical treatment,2021,June,Tuesday,15,Hit pedestrian,Hit pedestrian,153.1131653,-27.713718,School Rd,,,Logan Reserve,Logan City,4133,Crestmead,Logan,South Eastern,SEQ South,South Coast,Chambers Flat - Logan Reserve,Browns Plains,Logan - Beaudesert,Major Cities,Logan,Forde,Locally-controlled,No Roadway Feature,No traffic control,0 - 50 km/h,Sealed - Dry,Clear,Daylight,Straight,Level,0,Ped'N: Hit Other,Other,E,0,0,1,0,1,1,0,0,0,0,1,0
349060,Hospitalisation,2021,June,Friday,23,Hit object,Single Vehicle,152.943651,-27.62879444,Johnson Rd,,,Forest Lake,Brisbane City,4124,Inala,South Brisbane,Brisbane,SEQ South,Metropolitan,Greenbank Military Camp,Browns Plains,Logan - Beaudesert,Major Cities,Jordan,Oxley,Locally-controlled,No Roadway Feature,No traffic control,80 - 90 km/h,Sealed - Dry,Clear,Darkness - Not lighted,Curved - view open,Level,804,Off Path-Curve: Off Cway Lt Bend Hit Obj,Off carriageway on curve hit object,W,0,1,0,0,1,1,0,0,0,0,0,0
349061,Medical treatment,2021,June,Sunday,20,Rear-end,Multi-Vehicle,153.091708,-27.71798245,Chambers Flat Rd,East Beaumont Rd,,Park Ridge,Logan City,4125,Crestmead,Logan,South Eastern,SEQ South,South Coast,Boronia Heights - Park Ridge,Browns Plains,Logan - Beaudesert,Major Cities,Logan,Forde,Locally-controlled,Intersection - T-Junction,No traffic control,70 km/h,Sealed - Dry,Clear,Darkness - Not lighted,Straight,Level,301,Veh'S Same Direction: Rear End,Rear-end,N,0,0,3,0,3,2,0,0,0,0,0,0
349062,Hospitalisation,2021,June,Thursday,6,Hit object,Single Vehicle,153.060017,-27.69128245,Green Rd,Heritage Blvd,,Heritage Park,Logan City,4118,Crestmead,Logan,South Eastern,SEQ South,South Coast,Regents Park - Heritage Park,Browns Plains,Logan - Beaudesert,Major Cities,Woodridge,Rankin,Locally-controlled,Intersection - Roundabout,Give way sign,70 km/h,Sealed - Wet,Fog,Dawn/Dusk,Straight,Level,703,Off Path-Straight: Left Off Cway Hit Obj,Off carriageway on straight hit object,E,0,1,0,0,1,1,0,0,0,0,0,0
349063,Medical treatment,2021,June,Saturday,11,Angle,Multi-Vehicle,153.090256,-27.69892745,Bumstead Rd,Wisdom Wy,,Crestmead,Logan City,4132,Crestmead,Logan,South Eastern,SEQ South,South Coast,Crestmead,Browns Plains,Logan - Beaudesert,Major Cities,Woodridge,Forde,Locally-controlled,Intersection - T-Junction,No traffic control,70 km/h,Sealed - Dry,Clear,Daylight,Straight,Grade,202,Veh'S Opposite Approach: Thru-Right,Opposing vehicles turning,W,0,0,1,2,3,2,0,0,0,0,0,0
349064,Minor injury,2021,June,Saturday,13,Rear-end,Multi-Vehicle,153.1180962,-27.67885489,Chambers Flat Rd,,,Kingston,Logan City,4114,Crestmead,Logan,South Eastern,SEQ South,South Coast,Marsden,Browns Plains,Logan - Beaudesert,Major Cities,Waterford,Rankin,Locally-controlled,No Roadway Feature,No traffic control,60 km/h,Sealed - Dry,Clear,Daylight,Straight,Level,301,Veh'S Same Direction: Rear End,Rear-end,N,0,0,0,1,1,2,0,0,0,0,0,0
349065,Hospitalisation,2021,June,Sunday,16,Angle,Multi-Vehicle,153.104773,-27.68905945,Chambers Flat Rd,Waratah Dr,,Waterford West,Logan City,4133,Crestmead,Logan,South Eastern,SEQ South,South Coast,Waterford West,Loganlea - Carbrook,Logan - Beaudesert,Major Cities,Waterford,Forde,Locally-controlled,Intersection - T-Junction,Operating traffic lights,60 km/h,Sealed - Dry,Clear,Daylight,Straight,Level,207,Veh'S Opposite Approach: U-Turn,U-turn,S,0,3,0,0,3,2,0,0,0,0,0,0
349066,Medical treatment,2021,June,Sunday,15,Angle,Multi-Vehicle,153.12796,-27.69150446,Beutel St,Tygum Rd,,Waterford West,Logan City,4133,Logan Central,Logan,South Eastern,SEQ South,South Coast,Waterford West,Loganlea - Carbrook,Logan - Beaudesert,Major Cities,Waterford,Forde,Locally-controlled,Intersection - T-Junction,No traffic control,0 - 50 km/h,Sealed - Dry,Clear,Daylight,Curved - view open,Level,102,Veh'S Adjacent Approach: Right-Thru,Intersection from adjacent approaches,W,0,0,1,0,1,2,0,0,0,0,0,0
349089,Hospitalisation,2021,January,Sunday,14,Angle,Multi-Vehicle,153.0788411,-26.77835444,Caloundra - Mooloolaba Rd,,Caloundra - Mooloolaba Road,Little Mountain,Sunshine Coast Region,4551,Caloundra,Sunshine Coast,North Coast,SEQ North,North Coast,Caloundra - West,Caloundra,Sunshine Coast,Major Cities,Kawana,Fisher,State-controlled,No Roadway Feature,No traffic control,80 - 90 km/h,Sealed - Dry,Clear,Daylight,Straight,Level,408,Veh'S Manoeuvring: Entering From Footway,Vehicle leaving driveway,N,0,1,0,0,1,1,0,1,0,0,0,0