Crash_Severity,Crash_Year,Crash_Month,Crash_Day_Of_Week,Crash_Hour,Crash_Nature,Crash_Type,Crash_Longitude,Crash_Latitude,Crash_Street,Crash_Street_Intersecting,State_Road_Name,Loc_Suburb,Loc_Local_Government_Area,Loc_Post_Code,Loc_Police_Division,Loc_Police_District,Loc_Police_Region,Loc_Queensland_Transport_Region,Loc_Main_Roads_Region,Loc_ABS_Statistical_Area_2,Loc_ABS_Statistical_Area_3,Loc_ABS_Statistical_Area_4,Loc_ABS_Remoteness,Loc_State_Electorate,Loc_Federal_Electorate,Crash_Controlling_Authority,Crash_Roadway_Feature,Crash_Traffic_Control,Crash_Speed_Limit,Crash_Road_Surface_Condition,Crash_Atmospheric_Condition,Crash_Lighting_Condition,Crash_Road_Horiz_Align,Crash_Road_Vert_Align,Crash_DCA_Code,Crash_DCA_Description,Crash_DCA_Group_Description,DCA_Key_Approach_Dir,Count_Casualty_Fatality,Count_Casualty_Hospitalised,Count_Casualty_MedicallyTreated,Count_Casualty_MinorInjury,Count_Casualty_Total,Count_Unit_Car,Count_Unit_Motorcycle_Moped,Count_Unit_Truck,Count_Unit_Bus,Count_Unit_Bicycle,Count_Unit_Pedestrian,Count_Unit_Other,
349090,Hospitalisation,2021,January,Wednesday,18,Hit object,Single Vehicle,153.0946911,-26.78559845,Caloundra Rd,,Caloundra Road,Little Mountain,Sunshine Coast Region,4551,Caloundra,Sunshine Coast,North Coast,SEQ North,North Coast,Caloundra - West,Caloundra,Sunshine Coast,Major Cities,Kawana,Fisher,State-controlled,No Roadway Feature,No traffic control,70 km/h,Sealed - Dry,Clear,Darkness - Lighted,Straight,Grade,803,Off Path-Curve: Off Cway Rt Bend Hit Obj,Off carriageway on curve hit object,E,0,2,0,0,2,1,0,0,0,0,0,0
349091,Medical treatment,2021,January,Wednesday,16,Angle,Multi-Vehicle,153.1284801,-26.75315745,Nicklin Wy,,Nicklin Way,Wurtulla,Sunshine Coast Region,4575,Kawana Waters,Sunshine Coast,North Coast,SEQ North,North Coast,Wurtulla - Birtinya,Caloundra,Sunshine Coast,Major Cities,Kawana,Fisher,State-controlled,No Roadway Feature,No traffic control,0 - 50 km/h,Sealed - Dry,Clear,Daylight,Straight,Level,400,Veh'S Manoeuvring: Other,Other,W,0,0,1,0,1,1,0,0,0,1,0,0
349092,Hospitalisation,2021,January,Friday,13,Angle,Multi-Vehicle,153.1248511,-26.69763245,Jessica Blvd,Myoora Ct,,Minyama,Sunshine Coast Region,4575,Kawana Waters,Sunshine Coast,North Coast,SEQ North,North Coast,Buddina - Minyama,Caloundra,Sunshine Coast,Major Cities,Kawana,Fisher,Locally-controlled,Intersection - T-Junction,No traffic control,60 km/h,Sealed - Dry,Clear,Daylight,Straight,Level,202,Veh'S Opposite Approach: Thru-Right,Opposing vehicles turning,,0,1,0,0,1,2,0,0,0,0,0,0
349093,Hospitalisation,2021,January,Monday,12,Rear-end,Multi-Vehicle,153.1254351,-26.75911345,Nicklin Wy,,Nicklin Way,Wurtulla,Sunshine Coast Region,4575,Kawana Waters,Sunshine Coast,North Coast,SEQ North,North Coast,Wurtulla - Birtinya,Caloundra,Sunshine Coast,Major Cities,Kawana,Fisher,State-controlled,No Roadway Feature,No traffic control,70 km/h,Sealed - Dry,Clear,Daylight,Straight,Level,301,Veh'S Same Direction: Rear End,Rear-end,S,0,1,0,0,1,3,0,0,0,0,0,0
349094,Minor injury,2021,January,Friday,12,Sideswipe,Multi-Vehicle,153.1160191,-26.69605745,Brisbane Rd,,Nicklin Way,Minyama,Sunshine Coast Region,4575,Kawana Waters,Sunshine Coast,North Coast,SEQ North,North Coast,Buddina - Minyama,Caloundra,Sunshine Coast,Major Cities,Kawana,Fisher,State-controlled,Bridge/Causeway,No traffic control,60 km/h,Sealed - Dry,Clear,Daylight,Straight,Level,307,Veh'S Same Direction: Lane Change Left,Lane changes,E,0,0,0,1,1,1,0,1,0,0,0,0
349095,Medical treatment,2021,January,Saturday,12,Rear-end,Multi-Vehicle,153.1222231,-26.76854145,Nicklin Wy,,Nicklin Way,Currimundi,Sunshine Coast Region,4551,Kawana Waters,Sunshine Coast,North Coast,SEQ North,North Coast,Aroona - Currimundi,Caloundra,Sunshine Coast,Major Cities,Kawana,Fisher,State-controlled,No Roadway Feature,No traffic control,70 km/h,Sealed - Dry,Clear,Daylight,Straight,Level,303,Veh'S Same Direction: Right Rear,Rear-end,S,0,0,1,1,2,3,0,0,0,0,0,0
349096,Medical treatment,2021,February,Wednesday,7,Rear-end,Multi-Vehicle,153.1149201,-26.74771845,Eccles Bvd,,,Birtinya,Sunshine Coast Region,4575,Kawana Waters,Sunshine Coast,North Coast,SEQ North,North Coast,Wurtulla - Birtinya,Caloundra,Sunshine Coast,Major Cities,Kawana,Fisher,Locally-controlled,Intersection - Cross,Operating traffic lights,0 - 50 km/h,Sealed - Dry,Clear,Daylight,Straight,Level,302,Veh'S Same Direction: Left Rear,Rear-end,S,0,0,1,0,1,3,0,0,0,0,0,0
349097,Hospitalisation,2021,February,Thursday,12,Rear-end,Multi-Vehicle,153.1270411,-26.75664245,Nicklin Wy,,Nicklin Way,Wurtulla,Sunshine Coast Region,4575,Kawana Waters,Sunshine Coast,North Coast,SEQ North,North Coast,Wurtulla - Birtinya,Caloundra,Sunshine Coast,Major Cities,Kawana,Fisher,State-controlled,Bridge/Causeway,No traffic control,70 km/h,Sealed - Dry,Clear,Daylight,Straight,Level,301,Veh'S Same Direction: Rear End,Rear-end,N,0,1,0,0,1,2,0,0,0,0,0,0
349098,Medical treatment,2021,February,Friday,11,Rear-end,Multi-Vehicle,153.1242131,-26.77333745,Buderim St,Nicklin Wy,Nicklin Way,Battery Hill,Sunshine Coast Region,4551,Kawana Waters,Sunshine Coast,North Coast,SEQ North,North Coast,Moffat Beach - Battery Hill,Caloundra,Sunshine Coast,Major Cities,Kawana,Fisher,State-controlled,Intersection - T-Junction,Give way sign,60 km/h,Sealed - Dry,Clear,Daylight,Curved - view open,Grade,302,Veh'S Same Direction: Left Rear,Rear-end,S,0,0,1,0,1,2,0,0,0,0,0,0
349099,Minor injury,2021,February,Sunday,16,Rear-end,Multi-Vehicle,153.1235471,-26.70045545,Kensington Dr,Nicklin Wy,Nicklin Way,Minyama,Sunshine Coast Region,4575,Kawana Waters,Sunshine Coast,North Coast,SEQ North,North Coast,Buddina - Minyama,Caloundra,Sunshine Coast,Major Cities,Kawana,Fisher,State-controlled,Intersection - Cross,Operating traffic lights,70 km/h,Sealed - Dry,Clear,Daylight,Straight,Level,303,Veh'S Same Direction: Right Rear,Rear-end,E,0,0,0,1,1,2,0,0,0,0,0,0
349100,Medical treatment,2021,March,Friday,17,Rear-end,Multi-Vehicle,153.0785931,-26.78092444,Caloundra - Mooloolaba Rd,Caloundra Rd,Caloundra Road,Little Mountain,Sunshine Coast Region,4551,Caloundra,Sunshine Coast,North Coast,SEQ North,North Coast,Caloundra - West,Caloundra,Sunshine Coast,Major Cities,Kawana,Fisher,State-controlled,Intersection - Roundabout,Give way sign,60 km/h,Sealed - Dry,Clear,Dawn/Dusk,Straight,Grade,301,Veh'S Same Direction: Rear End,Rear-end,W,0,0,1,0,1,2,0,0,0,0,0,0
349101,Medical treatment,2021,March,Thursday,16,Rear-end,Multi-Vehicle,153.0974992,-26.76604738,Caloundra - Mooloolaba Rd,,Caloundra - Mooloolaba Road,Meridan Plains,Sunshine Coast Region,4551,Caloundra,Sunshine Coast,North Coast,SEQ North,North Coast,Caloundra - West,Caloundra,Sunshine Coast,Major Cities,Kawana,Fisher,State-controlled,No Roadway Feature,No traffic control,100 - 110 km/h,Sealed - Wet,Raining,Darkness - Not lighted,Straight,Level,301,Veh'S Same Direction: Rear End,Rear-end,S,0,0,1,0,1,2,0,0,0,0,0,0
349102,Hospitalisation,2021,March,Wednesday,13,Rear-end,Multi-Vehicle,153.0861411,-26.78285445,Caloundra Rd,Parklands Blvd,Caloundra Road,Little Mountain,Sunshine Coast Region,4551,Caloundra,Sunshine Coast,North Coast,SEQ North,North Coast,Caloundra - West,Caloundra,Sunshine Coast,Major Cities,Kawana,Fisher,State-controlled,Intersection - Cross,Operating traffic lights,70 km/h,Sealed - Wet,Raining,Daylight,Straight,Level,107,Veh'S Adjacent Approach: Thru-Left,Intersection from adjacent approaches,E,0,2,0,0,2,4,0,1,0,0,0,0
349103,Hospitalisation,2021,March,Saturday,15,Rear-end,Multi-Vehicle,153.1297185,-26.70488124,Nicklin Wy,,Nicklin Way,Buddina,Sunshine Coast Region,4575,Kawana Waters,Sunshine Coast,North Coast,SEQ North,North Coast,Buddina - Minyama,Caloundra,Sunshine Coast,Major Cities,Kawana,Fisher,State-controlled,No Roadway Feature,No traffic control,70 km/h,Sealed - Dry,Clear,Daylight,Curved - view open,Level,301,Veh'S Same Direction: Rear End,Rear-end,S,0,1,0,0,1,3,0,0,0,0,0,0
349104,Medical treatment,2021,March,Saturday,9,Rear-end,Multi-Vehicle,153.1276171,-26.72002645,Kawana Island Blvd,,,Warana,Sunshine Coast Region,4575,Kawana Waters,Sunshine Coast,North Coast,SEQ North,North Coast,Parrearra - Warana,Caloundra,Sunshine Coast,Major Cities,Kawana,Fisher,Locally-controlled,Bridge/Causeway,No traffic control,60 km/h,Sealed - Dry,Clear,Daylight,Straight,Level,301,Veh'S Same Direction: Rear End,Rear-end,E,0,0,1,0,1,2,0,0,0,0,0,0
349105,Hospitalisation,2021,April,Wednesday,16,Angle,Multi-Vehicle,153.1205051,-26.71478645,Jamaica Wy,Kawana Wy,Kawana Way,Parrearra,Sunshine Coast Region,4575,Kawana Waters,Sunshine Coast,North Coast,SEQ North,North Coast,Parrearra - Warana,Caloundra,Sunshine Coast,Major Cities,Kawana,Fisher,State-controlled,Intersection - Roundabout,No traffic control,70 km/h,Sealed - Dry,Clear,Daylight,Curved - view open,Level,308,Veh'S Same Direction: Right Turn S/Swipe,Parallel lanes turning,N,0,1,0,0,1,1,1,0,0,0,0,0
349106,Hospitalisation,2021,April,Monday,11,Head-on,Multi-Vehicle,153.1182771,-26.71338345,Kawana Wy,,Kawana Way,Parrearra,Sunshine Coast Region,4575,Kawana Waters,Sunshine Coast,North Coast,SEQ North,North Coast,Parrearra - Warana,Caloundra,Sunshine Coast,Major Cities,Kawana,Fisher,State-controlled,No Roadway Feature,No traffic control,80 - 90 km/h,Sealed - Dry,Clear,Daylight,Curved - view open,Level,201,Veh'S Opposite Approach: Head On,Head-on,W,0,1,0,0,1,2,0,0,0,0,0,0
349107,Medical treatment,2021,April,Thursday,7,Rear-end,Multi-Vehicle,153.1139541,-26.71353045,Kawana Wy,,Kawana Way,Parrearra,Sunshine Coast Region,4575,Kawana Waters,Sunshine Coast,North Coast,SEQ North,North Coast,Parrearra - Warana,Caloundra,Sunshine Coast,Major Cities,Kawana,Fisher,State-controlled,Bridge/Causeway,No traffic control,60 km/h,Sealed - Dry,Clear,Daylight,Straight,Level,301,Veh'S Same Direction: Rear End,Rear-end,E,0,0,1,0,1,3,0,0,0,0,0,0
349108,Hospitalisation,2021,April,Friday,21,Angle,Multi-Vehicle,153.1222301,-26.76898145,Erang St,Nicklin Wy,Nicklin Way,Currimundi,Sunshine Coast Region,4551,Kawana Waters,Sunshine Coast,North Coast,SEQ North,North Coast,Aroona - Currimundi,Caloundra,Sunshine Coast,Major Cities,Kawana,Fisher,State-controlled,Intersection - T-Junction,Operating traffic lights,70 km/h,Sealed - Dry,Clear,Darkness - Lighted,Straight,Level,202,Veh'S Opposite Approach: Thru-Right,Opposing vehicles turning,S,0,1,0,0,1,2,0,0,0,0,0,0
349109,Medical treatment,2021,May,Thursday,7,Rear-end,Multi-Vehicle,153.1169078,-26.74135806,Kawana Wy,,Kawana Way,Birtinya,Sunshine Coast Region,4575,Kawana Waters,Sunshine Coast,North Coast,SEQ North,North Coast,Wurtulla - Birtinya,Caloundra,Sunshine Coast,Major Cities,Kawana,Fisher,State-controlled,No Roadway Feature,No traffic control,70 km/h,Sealed - Dry,Clear,Daylight,Curved - view open,Level,301,Veh'S Same Direction: Rear End,Rear-end,S,0,0,1,1,2,2,0,0,0,0,0,0
349110,Hospitalisation,2021,May,Saturday,11,Rear-end,Multi-Vehicle,153.1165391,-26.69697545,Brisbane Rd,,Nicklin Way,Minyama,Sunshine Coast Region,4575,Kawana Waters,Sunshine Coast,North Coast,SEQ North,North Coast,Buddina - Minyama,Caloundra,Sunshine Coast,Major Cities,Kawana,Fisher,State-controlled,No Roadway Feature,No traffic control,70 km/h,Sealed - Dry,Clear,Daylight,Straight,Level,301,Veh'S Same Direction: Rear End,Rear-end,E,0,1,0,0,1,2,0,0,0,0,0,1
349111,Minor injury,2021,May,Friday,8,Hit pedestrian,Hit pedestrian,153.1120011,-26.77518145,Kalana Rd,Saffron Dr,,Aroona,Sunshine Coast Region,4551,Caloundra,Sunshine Coast,North Coast,SEQ North,North Coast,Aroona - Currimundi,Caloundra,Sunshine Coast,Major Cities,Kawana,Fisher,Locally-controlled,Intersection - Roundabout,Give way sign,60 km/h,Sealed - Dry,Clear,Daylight,Curved - view open,Dip,1,Ped'N: Near Side Vehicle Hit From Right,Pedestrian,S,0,0,0,1,1,1,0,0,0,0,1,0
349112,Hospitalisation,2021,May,Monday,20,Rear-end,Multi-Vehicle,153.1290721,-26.70370007,Nicklin Wy,,Nicklin Way,Buddina,Sunshine Coast Region,4575,Kawana Waters,Sunshine Coast,North Coast,SEQ North,North Coast,Buddina - Minyama,Caloundra,Sunshine Coast,Major Cities,Kawana,Fisher,State-controlled,No Roadway Feature,No traffic control,70 km/h,Sealed - Dry,Clear,Darkness - Lighted,Curved - view open,Level,301,Veh'S Same Direction: Rear End,Rear-end,S,0,1,0,0,1,3,0,0,0,0,0,0
349113,Medical treatment,2021,May,Monday,8,Angle,Multi-Vehicle,153.0785931,-26.78092444,Caloundra - Mooloolaba Rd,Caloundra Rd,Caloundra Road,Little Mountain,Sunshine Coast Region,4551,Caloundra,Sunshine Coast,North Coast,SEQ North,North Coast,Caloundra - West,Caloundra,Sunshine Coast,Major Cities,Kawana,Fisher,State-controlled,Intersection - Roundabout,Give way sign,60 km/h,Sealed - Dry,Clear,Daylight,Straight,Level,202,Veh'S Opposite Approach: Thru-Right,Opposing vehicles turning,W,0,0,1,0,1,1,0,1,0,0,0,0
349114,Medical treatment,2021,June,Tuesday,12,Rear-end,Multi-Vehicle,153.1290022,-26.74065232,Nicklin Wy,,Nicklin Way,Bokarina,Sunshine Coast Region,4575,Kawana Waters,Sunshine Coast,North Coast,SEQ North,North Coast,Parrearra - Warana,Caloundra,Sunshine Coast,Major Cities,Kawana,Fisher,State-controlled,No Roadway Feature,No traffic control,70 km/h,Sealed - Dry,Clear,Daylight,Straight,Crest,301,Veh'S Same Direction: Rear End,Rear-end,S,0,0,1,0,1,3,0,0,0,0,0,0
349115,Medical treatment,2021,June,Friday,9,Rear-end,Multi-Vehicle,153.1250631,-26.73082545,Main Dr,Sportsmans Pde,,Bokarina,Sunshine Coast Region,4575,Kawana Waters,Sunshine Coast,North Coast,SEQ North,North Coast,Wurtulla - Birtinya,Caloundra,Sunshine Coast,Major Cities,Kawana,Fisher,Locally-controlled,Intersection - T-Junction,Operating traffic lights,60 km/h,Sealed - Dry,Clear,Daylight,Straight,Level,301,Veh'S Same Direction: Rear End,Rear-end,E,0,0,2,0,2,2,0,0,0,0,0,0
349116,Medical treatment,2021,June,Friday,20,Rear-end,Multi-Vehicle,153.1163591,-26.74178445,Kawana Wy,Lake Kawana Blvd,Kawana Way,Birtinya,Sunshine Coast Region,4575,Kawana Waters,Sunshine Coast,North Coast,SEQ North,North Coast,Wurtulla - Birtinya,Caloundra,Sunshine Coast,Major Cities,Kawana,Fisher,State-controlled,Intersection - Cross,Operating traffic lights,60 km/h,Sealed - Wet,Raining,Darkness - Lighted,Straight,Level,301,Veh'S Same Direction: Rear End,Rear-end,N,0,0,1,0,1,2,0,0,0,0,0,0
349121,Medical treatment,2021,January,Saturday,12,Angle,Multi-Vehicle,152.3538584,-24.87421236,Burnett St,Targo St,,Bundaberg South,Bundaberg Region,4670,Bundaberg,Wide Bay Burnett,North Coast,Southern,Southern Queensland,Bundaberg,Bundaberg,Wide Bay,Inner Regional,Bundaberg,Hinkler,Locally-controlled,Intersection - Cross,Stop sign,0 - 50 km/h,Sealed - Dry,Clear,Daylight,Straight,Level,101,Veh'S Adjacent Approach: Thru-Thru,Intersection from adjacent approaches,N,0,0,2,0,2,2,0,0,0,0,0,0
349122,Hospitalisation,2021,January,Saturday,20,Angle,Multi-Vehicle,152.3729744,-24.88152236,Churchward St,Elliott Heads Rd,Elliott Heads Road,Kepnock,Bundaberg Region,4670,Bundaberg,Wide Bay Burnett,North Coast,Southern,Southern Queensland,Walkervale - Avenell Heights,Bundaberg,Wide Bay,Inner Regional,Bundaberg,Hinkler,State-controlled,Intersection - Cross,Give way sign,60 km/h,Sealed - Dry,Clear,Darkness - Lighted,Straight,Level,101,Veh'S Adjacent Approach: Thru-Thru,Intersection from adjacent approaches,E,0,1,0,0,1,2,0,0,0,0,0,0
349123,Hospitalisation,2021,January,Thursday,17,Angle,Multi-Vehicle,152.3282164,-24.85092435,Bundaberg - Gin Gin Rd,Rae St,Bundaberg - Gin Gin Road,Bundaberg North,Bundaberg Region,4670,Bundaberg,Wide Bay Burnett,North Coast,Southern,Southern Queensland,Bundaberg North - Gooburrum,Bundaberg,Wide Bay,Inner Regional,Bundaberg,Hinkler,State-controlled,Intersection - T-Junction,Stop sign,60 km/h,Sealed - Dry,Clear,Daylight,Straight,Level,104,Veh'S Adjacent Approach: Thru-Right,Intersection from adjacent approaches,W,0,3,0,0,3,2,0,0,0,0,0,0
349124,Minor injury,2021,January,Friday,9,Rear-end,Multi-Vehicle,152.2854074,-24.85348635,Bundaberg - Gin Gin Rd,Old Gin Gin Rd,Bundaberg - Gin Gin Road,Oakwood,Bundaberg Region,4670,Bundaberg,Wide Bay Burnett,North Coast,Southern,Southern Queensland,Bundaberg North - Gooburrum,Bundaberg,Wide Bay,Inner Regional,Burnett,Flynn,State-controlled,Intersection - T-Junction,No traffic control,100 - 110 km/h,Sealed - Dry,Clear,Daylight,Straight,Level,303,Veh'S Same Direction: Right Rear,Rear-end,W,0,0,0,1,1,2,0,0,0,0,0,0
349125,Hospitalisation,2021,January,Friday,21,Fall from vehicle,Single Vehicle,152.3449224,-24.88933236,Maynard St,Stedman St,,Norville,Bundaberg Region,4670,Bundaberg,Wide Bay Burnett,North Coast,Southern,Southern Queensland,Svensson Heights - Norville,Bundaberg,Wide Bay,Inner Regional,Bundaberg,Hinkler,Locally-controlled,Intersection - T-Junction,Give way sign,0 - 50 km/h,Sealed - Dry,Clear,Darkness - Lighted,Straight,Level,705,Off Path-Straight:Out Of Control On Cway,Out of control on straight,N,0,1,0,0,1,0,1,0,0,0,0,0
349126,Medical treatment,2021,January,Saturday,1,Angle,Multi-Vehicle,152.320603,-24.88737017,Heidke St,,,Avoca,Bundaberg Region,4670,Bundaberg,Wide Bay Burnett,North Coast,Southern,Southern Queensland,Millbank - Avoca,Bundaberg,Wide Bay,Inner Regional,Bundaberg,Hinkler,Locally-controlled,No Roadway Feature,No traffic control,60 km/h,Sealed - Dry,Clear,Daylight,Straight,Level,202,Veh'S Opposite Approach: Thru-Right,Opposing vehicles turning,W,0,0,1,0,1,2,0,0,0,0,0,0
349127,Hospitalisation,2021,January,Tuesday,17,Angle,Multi-Vehicle,152.3471844,-24.88439336,Kensington St,Mimnagh St,,Norville,Bundaberg Region,4670,Bundaberg,Wide Bay Burnett,North Coast,Southern,Southern Queensland,Svensson Heights - Norville,Bundaberg,Wide Bay,Inner Regional,Bundaberg,Hinkler,Locally-controlled,Intersection - Cross,Stop sign,0 - 50 km/h,Sealed - Dry,Clear,Daylight,Straight,Level,101,Veh'S Adjacent Approach: Thru-Thru,Intersection from adjacent approaches,E,0,2,0,0,2,2,0,0,0,0,0,0
349128,Medical treatment,2021,January,Wednesday,12,Head-on,Multi-Vehicle,152.3410894,-24.87196136,Branyan St,Crofton St,,Bundaberg West,Bundaberg Region,4670,Bundaberg,Wide Bay Burnett,North Coast,Southern,Southern Queensland,Bundaberg,Bundaberg,Wide Bay,Inner Regional,Bundaberg,Hinkler,Locally-controlled,Intersection - Cross,No traffic control,60 km/h,Sealed - Dry,Clear,Daylight,Straight,Level,202,Veh'S Opposite Approach: Thru-Right,Opposing vehicles turning,S,0,0,1,0,1,2,0,0,0,0,0,0
349129,Medical treatment,2021,January,Thursday,14,Hit pedestrian,Hit pedestrian,152.3512364,-24.86605636,Targo St,,,Bundaberg Central,Bundaberg Region,4670,Bundaberg,Wide Bay Burnett,North Coast,Southern,Southern Queensland,Bundaberg,Bundaberg,Wide Bay,Inner Regional,Bundaberg,Hinkler,Locally-controlled,No Roadway Feature,No traffic control,0 - 50 km/h,Sealed - Dry,Clear,Daylight,Straight,Level,0,Ped'N: Hit Other,Other,N,0,0,1,0,1,1,0,0,0,0,1,0
349130,Hospitalisation,2021,January,Friday,5,Angle,Multi-Vehicle,152.3625114,-24.91904636,Clayton Rd,Honors Rd,,Alloway,Bundaberg Region,4670,Bundaberg,Wide Bay Burnett,North Coast,Southern,Southern Queensland,Bundaberg Region - South,Bundaberg,Wide Bay,Inner Regional,Bundaberg,Hinkler,Locally-controlled,Intersection - T-Junction,No traffic control,100 - 110 km/h,Sealed - Dry,Clear,Daylight,Straight,Level,500,Veh'S Overtaking: Other,Other,,0,2,1,0,3,1,0,0,1,0,0,0
349131,Medical treatment,2021,January,Friday,1,Angle,Multi-Vehicle,152.3283954,-24.85065835,Mount Perry Rd,,,Bundaberg North,Bundaberg Region,4670,Bundaberg,Wide Bay Burnett,North Coast,Southern,Southern Queensland,Bundaberg North - Gooburrum,Bundaberg,Wide Bay,Inner Regional,Bundaberg,Hinkler,Locally-controlled,No Roadway Feature,No traffic control,0 - 50 km/h,Sealed - Dry,Clear,Daylight,Straight,Level,408,Veh'S Manoeuvring: Entering From Footway,Vehicle leaving driveway,W,0,0,1,0,1,1,0,0,0,1,0,0
349132,Hospitalisation,2021,January,Friday,19,Rear-end,Multi-Vehicle,152.3625214,-24.86223436,Bourbong St,Sussex St,Bundaberg - Bargara Road,Bundaberg East,Bundaberg Region,4670,Bundaberg,Wide Bay Burnett,North Coast,Southern,Southern Queensland,Bundaberg East - Kalkie,Bundaberg,Wide Bay,Inner Regional,Bundaberg,Hinkler,State-controlled,Intersection - T-Junction,No traffic control,0 - 50 km/h,Sealed - Dry,Clear,Darkness - Lighted,Straight,Level,303,Veh'S Same Direction: Right Rear,Rear-end,E,0,2,0,0,2,2,0,0,0,0,0,0
349133,Hospitalisation,2021,January,Tuesday,18,Hit object,Single Vehicle,152.434249,-24.97408419,Coonarr Rd,,,Kinkuna,Bundaberg Region,4670,Bundaberg,Wide Bay Burnett,North Coast,Southern,Southern Queensland,Bundaberg Region - South,Bundaberg,Wide Bay,Inner Regional,Burnett,Hinkler,Locally-controlled,No Roadway Feature,No traffic control,100 - 110 km/h,Sealed - Dry,Clear,Dawn/Dusk,Curved - view open,Level,803,Off Path-Curve: Off Cway Rt Bend Hit Obj,Off carriageway on curve hit object,W,0,1,0,0,1,1,0,0,0,0,0,0
349134,Minor injury,2021,January,Wednesday,15,Angle,Multi-Vehicle,152.3302204,-24.87724936,Takalvan St,Walker St,Isis Highway (Bundaberg - Childers),Bundaberg West,Bundaberg Region,4670,Bundaberg,Wide Bay Burnett,North Coast,Southern,Southern Queensland,Millbank - Avoca,Bundaberg,Wide Bay,Inner Regional,Bundaberg,Hinkler,State-controlled,Intersection - T-Junction,Operating traffic lights,0 - 50 km/h,Sealed - Dry,Clear,Daylight,Curved - view open,Level,408,Veh'S Manoeuvring: Entering From Footway,Vehicle leaving driveway,W,0,0,0,1,1,1,0,0,0,1,0,0
349135,Medical treatment,2021,January,Wednesday,15,Hit pedestrian,Hit pedestrian,152.3484684,-24.87241936,George St,Maryborough St,,Bundaberg Central,Bundaberg Region,4670,Bundaberg,Wide Bay Burnett,North Coast,Southern,Southern Queensland,Bundaberg,Bundaberg,Wide Bay,Inner Regional,Bundaberg,Hinkler,Locally-controlled,Intersection - T-Junction,Operating traffic lights,0 - 50 km/h,Sealed - Dry,Clear,Daylight,Straight,Level,1,Ped'N: Near Side Vehicle Hit From Right,Pedestrian,E,0,0,1,0,1,1,0,0,0,0,1,0
349136,Medical treatment,2021,January,Saturday,13,Hit object,Single Vehicle,152.3467054,-24.86524136,Burnett Bridge,Quay St,Bundaberg - Bargara Road,Bundaberg Central,Bundaberg Region,4670,Bundaberg,Wide Bay Burnett,North Coast,Southern,Southern Queensland,Bundaberg,Bundaberg,Wide Bay,Inner Regional,Bundaberg,Hinkler,State-controlled,Intersection - Roundabout,No traffic control,0 - 50 km/h,Sealed - Wet,Clear,Daylight,Straight,Level,703,Off Path-Straight: Left Off Cway Hit Obj,Off carriageway on straight hit object,W,0,0,1,0,1,1,0,0,0,0,0,0
349137,Medical treatment,2021,February,Monday,17,Angle,Multi-Vehicle,152.3428324,-24.86646083,Quay St,,,Bundaberg West,Bundaberg Region,4670,Bundaberg,Wide Bay Burnett,North Coast,Southern,Southern Queensland,Bundaberg,Bundaberg,Wide Bay,Inner Regional,Bundaberg,Hinkler,Locally-controlled,No Roadway Feature,No traffic control,0 - 50 km/h,Sealed - Dry,Clear,Daylight,Straight,Level,406,Veh'S Manoeuvring: Leaving Driveway,Vehicle leaving driveway,W,0,0,2,0,2,2,0,0,0,0,0,0
349138,Medical treatment,2021,February,Tuesday,11,Rear-end,Multi-Vehicle,152.3594464,-24.87728836,Hunter St,Walker St,Bundaberg - Port Road,Walkervale,Bundaberg Region,4670,Bundaberg,Wide Bay Burnett,North Coast,Southern,Southern Queensland,Walkervale - Avenell Heights,Bundaberg,Wide Bay,Inner Regional,Bundaberg,Hinkler,State-controlled,Intersection - Cross,No traffic control,60 km/h,Sealed - Dry,Clear,Daylight,Straight,Level,303,Veh'S Same Direction: Right Rear,Rear-end,S,0,0,1,0,1,2,0,0,0,0,0,0
349139,Hospitalisation,2021,February,Friday,16,Hit pedestrian,Hit pedestrian,152.3528694,-24.87128836,George St,Targo St,,Bundaberg South,Bundaberg Region,4670,Bundaberg,Wide Bay Burnett,North Coast,Southern,Southern Queensland,Bundaberg,Bundaberg,Wide Bay,Inner Regional,Bundaberg,Hinkler,Locally-controlled,Intersection - Roundabout,Give way sign,60 km/h,Sealed - Dry,Clear,Daylight,Straight,Level,0,Ped'N: Hit Other,Other,W,0,1,0,0,1,1,0,0,0,0,1,0
349140,Fatal,2021,February,Friday,14,Head-on,Multi-Vehicle,152.3634024,-24.87618236,Boundary St,Walker St,Bundaberg - Port Road,Kepnock,Bundaberg Region,4670,Bundaberg,Wide Bay Burnett,North Coast,Southern,Southern Queensland,Ashfield - Kepnock,Bundaberg,Wide Bay,Inner Regional,Bundaberg,Hinkler,State-controlled,Intersection - Cross,Operating traffic lights,60 km/h,Sealed - Dry,Clear,Daylight,Straight,Level,202,Veh'S Opposite Approach: Thru-Right,Opposing vehicles turning,N,1,0,0,0,1,1,1,0,0,0,0,0
349141,Hospitalisation,2021,February,Monday,9,Angle,Multi-Vehicle,152.3299934,-24.87721536,Takalvan St,Walker St,Isis Highway (Bundaberg - Childers),Bundaberg West,Bundaberg Region,4670,Bundaberg,Wide Bay Burnett,North Coast,Southern,Southern Queensland,Millbank - Avoca,Bundaberg,Wide Bay,Inner Regional,Bundaberg,Hinkler,State-controlled,Intersection - Cross,Flashing amber lights,60 km/h,Sealed - Wet,Raining,Daylight,Straight,Level,101,Veh'S Adjacent Approach: Thru-Thru,Intersection from adjacent approaches,N,0,1,0,0,1,2,0,0,0,0,0,0