Crash_Severity,Crash_Year,Crash_Month,Crash_Day_Of_Week,Crash_Hour,Crash_Nature,Crash_Type,Crash_Longitude,Crash_Latitude,Crash_Street,Crash_Street_Intersecting,State_Road_Name,Loc_Suburb,Loc_Local_Government_Area,Loc_Post_Code,Loc_Police_Division,Loc_Police_District,Loc_Police_Region,Loc_Queensland_Transport_Region,Loc_Main_Roads_Region,Loc_ABS_Statistical_Area_2,Loc_ABS_Statistical_Area_3,Loc_ABS_Statistical_Area_4,Loc_ABS_Remoteness,Loc_State_Electorate,Loc_Federal_Electorate,Crash_Controlling_Authority,Crash_Roadway_Feature,Crash_Traffic_Control,Crash_Speed_Limit,Crash_Road_Surface_Condition,Crash_Atmospheric_Condition,Crash_Lighting_Condition,Crash_Road_Horiz_Align,Crash_Road_Vert_Align,Crash_DCA_Code,Crash_DCA_Description,Crash_DCA_Group_Description,DCA_Key_Approach_Dir,Count_Casualty_Fatality,Count_Casualty_Hospitalised,Count_Casualty_MedicallyTreated,Count_Casualty_MinorInjury,Count_Casualty_Total,Count_Unit_Car,Count_Unit_Motorcycle_Moped,Count_Unit_Truck,Count_Unit_Bus,Count_Unit_Bicycle,Count_Unit_Pedestrian,Count_Unit_Other,
349142,Medical treatment,2021,February,Friday,8,Angle,Multi-Vehicle,152.3498564,-24.87644036,Maryborough St,Ruddell St,,Bundaberg South,Bundaberg Region,4670,Bundaberg,Wide Bay Burnett,North Coast,Southern,Southern Queensland,Bundaberg,Bundaberg,Wide Bay,Inner Regional,Bundaberg,Hinkler,Locally-controlled,Intersection - T-Junction,No traffic control,0 - 50 km/h,Sealed - Dry,Clear,Daylight,Straight,Level,202,Veh'S Opposite Approach: Thru-Right,Opposing vehicles turning,N,0,0,1,0,1,2,0,0,0,0,0,0
349143,Medical treatment,2021,February,Saturday,0,Hit pedestrian,Hit pedestrian,152.3466724,-24.87104836,Mclean St,,,Bundaberg Central,Bundaberg Region,4670,Bundaberg,Wide Bay Burnett,North Coast,Southern,Southern Queensland,Bundaberg,Bundaberg,Wide Bay,Inner Regional,Bundaberg,Hinkler,Locally-controlled,No Roadway Feature,No traffic control,60 km/h,Sealed - Dry,Clear,Darkness - Lighted,Straight,Level,5,Ped'N: Hit Walking With Traffic,Pedestrian,S,0,0,1,0,1,1,0,0,0,0,1,0
349144,Hospitalisation,2021,February,Saturday,14,Overturned,Single Vehicle,152.4565134,-24.97778137,Palm Beach Rd,,,Coonarr,Bundaberg Region,4670,Bundaberg,Wide Bay Burnett,North Coast,Southern,Southern Queensland,Bundaberg Region - South,Bundaberg,Wide Bay,Inner Regional,Burnett,Hinkler,Locally-controlled,No Roadway Feature,No traffic control,0 - 50 km/h,Unsealed - Dry,Clear,Daylight,Straight,Level,703,Off Path-Straight: Left Off Cway Hit Obj,Off carriageway on straight hit object,E,0,1,0,0,1,1,0,0,0,0,0,0
349145,Hospitalisation,2021,February,Saturday,15,Hit object,Single Vehicle,152.3311949,-24.9337033,Woodward Rd,,,Kensington,Bundaberg Region,4670,Bundaberg,Wide Bay Burnett,North Coast,Southern,Southern Queensland,Branyan - Kensington,Bundaberg,Wide Bay,Inner Regional,Burnett,Hinkler,Locally-controlled,No Roadway Feature,No traffic control,60 km/h,Unsealed - Dry,Clear,Daylight,Straight,Level,704,Off Path-Straight:Right Off Cway Hit Obj,Off carriageway on straight hit object,W,0,1,0,0,1,1,0,0,0,0,0,0
349146,Medical treatment,2021,February,Tuesday,7,Angle,Multi-Vehicle,152.3669614,-24.87474136,Fe Walker St,,Bundaberg - Port Road,Bundaberg South,Bundaberg Region,4670,Bundaberg,Wide Bay Burnett,North Coast,Southern,Southern Queensland,Ashfield - Kepnock,Bundaberg,Wide Bay,Inner Regional,Bundaberg,Hinkler,State-controlled,No Roadway Feature,No traffic control,60 km/h,Sealed - Dry,Clear,Daylight,Straight,Level,408,Veh'S Manoeuvring: Entering From Footway,Vehicle leaving driveway,S,0,0,1,0,1,1,0,0,0,1,0,0
349147,Hospitalisation,2021,February,Tuesday,13,Rear-end,Multi-Vehicle,152.3684944,-24.87411536,Fe Walker St,Milliken St,Bundaberg - Port Road,Kepnock,Bundaberg Region,4670,Bundaberg,Wide Bay Burnett,North Coast,Southern,Southern Queensland,Ashfield - Kepnock,Bundaberg,Wide Bay,Inner Regional,Bundaberg,Hinkler,State-controlled,Intersection - T-Junction,No traffic control,60 km/h,Sealed - Dry,Clear,Daylight,Straight,Level,303,Veh'S Same Direction: Right Rear,Rear-end,N,0,2,0,0,2,2,0,0,0,0,0,0
349148,Fatal,2021,February,Wednesday,12,Angle,Multi-Vehicle,152.3830774,-24.86099736,Telegraph Rd,,,Bundaberg East,Bundaberg Region,4670,Bundaberg,Wide Bay Burnett,North Coast,Southern,Southern Queensland,Bundaberg East - Kalkie,Bundaberg,Wide Bay,Inner Regional,Bundaberg,Hinkler,Locally-controlled,No Roadway Feature,No traffic control,60 km/h,Sealed - Dry,Clear,Daylight,Straight,Crest,207,Veh'S Opposite Approach: U-Turn,U-turn,,2,1,0,0,3,1,1,0,0,0,0,0
349149,Medical treatment,2021,February,Thursday,12,Sideswipe,Multi-Vehicle,152.3414284,-24.87284436,Branyan St,,,Bundaberg West,Bundaberg Region,4670,Bundaberg,Wide Bay Burnett,North Coast,Southern,Southern Queensland,Bundaberg,Bundaberg,Wide Bay,Inner Regional,Bundaberg,Hinkler,Locally-controlled,No Roadway Feature,No traffic control,60 km/h,Sealed - Dry,Clear,Daylight,Straight,Level,703,Off Path-Straight: Left Off Cway Hit Obj,Off carriageway on straight hit object,E,0,0,2,0,2,4,0,0,0,0,0,0
349150,Hospitalisation,2021,February,Wednesday,17,Angle,Multi-Vehicle,152.3259394,-24.87235235,Bourbong St,O'Connell St,,Millbank,Bundaberg Region,4670,Bundaberg,Wide Bay Burnett,North Coast,Southern,Southern Queensland,Millbank - Avoca,Bundaberg,Wide Bay,Inner Regional,Bundaberg,Hinkler,Locally-controlled,Intersection - Cross,Give way sign,0 - 50 km/h,Sealed - Dry,Clear,Daylight,Straight,Grade,101,Veh'S Adjacent Approach: Thru-Thru,Intersection from adjacent approaches,E,0,1,0,1,2,2,0,0,0,0,0,0
349151,Minor injury,2021,February,Friday,10,Angle,Multi-Vehicle,152.3594214,-24.87043136,George St,Walla St,,Bundaberg South,Bundaberg Region,4670,Bundaberg,Wide Bay Burnett,North Coast,Southern,Southern Queensland,Bundaberg,Bundaberg,Wide Bay,Inner Regional,Bundaberg,Hinkler,Locally-controlled,Intersection - Roundabout,Give way sign,0 - 50 km/h,Sealed - Dry,Clear,Daylight,Straight,Level,101,Veh'S Adjacent Approach: Thru-Thru,Intersection from adjacent approaches,,0,0,0,1,1,1,0,0,0,1,0,0
349152,Medical treatment,2021,February,Friday,21,Angle,Multi-Vehicle,152.3661624,-24.90343236,Bundaberg Ring Rd,Goodwood Rd,Goodwood Road,Thabeban,Bundaberg Region,4670,Bundaberg,Wide Bay Burnett,North Coast,Southern,Southern Queensland,Walkervale - Avenell Heights,Bundaberg,Wide Bay,Inner Regional,Bundaberg,Hinkler,State-controlled,Intersection - Cross,Operating traffic lights,80 - 90 km/h,Sealed - Dry,Clear,Darkness - Lighted,Straight,Level,107,Veh'S Adjacent Approach: Thru-Left,Intersection from adjacent approaches,E,0,0,1,0,1,2,0,0,0,0,0,0
349153,Minor injury,2021,March,Tuesday,15,Fall from vehicle,Single Vehicle,152.3564934,-24.86401836,Bourbong St,Toonburra St,Bundaberg - Bargara Road,Bundaberg Central,Bundaberg Region,4670,Bundaberg,Wide Bay Burnett,North Coast,Southern,Southern Queensland,Bundaberg,Bundaberg,Wide Bay,Inner Regional,Bundaberg,Hinkler,State-controlled,Intersection - Roundabout,Give way sign,0 - 50 km/h,Sealed - Dry,Clear,Daylight,Straight,Crest,707,Off Path-Straight: Right Turn,Off carriageway on straight,N,0,0,0,1,1,1,1,0,0,0,0,0
349154,Medical treatment,2021,March,Wednesday,16,Rear-end,Multi-Vehicle,152.3845364,-24.86762236,Fe Walker St,Link Rd,Bundaberg - Port Road,Kepnock,Bundaberg Region,4670,Bundaberg,Wide Bay Burnett,North Coast,Southern,Southern Queensland,Ashfield - Kepnock,Bundaberg,Wide Bay,Inner Regional,Bundaberg,Hinkler,State-controlled,Intersection - T-Junction,Operating traffic lights,80 - 90 km/h,Sealed - Dry,Clear,Daylight,Straight,Level,301,Veh'S Same Direction: Rear End,Rear-end,W,0,0,1,0,1,1,0,0,1,0,0,0
349155,Minor injury,2021,March,Monday,19,Angle,Multi-Vehicle,152.3561754,-24.88126236,Beatrice St,Targo St,,Walkervale,Bundaberg Region,4670,Bundaberg,Wide Bay Burnett,North Coast,Southern,Southern Queensland,Walkervale - Avenell Heights,Bundaberg,Wide Bay,Inner Regional,Bundaberg,Hinkler,Locally-controlled,Intersection - Cross,Give way sign,0 - 50 km/h,Sealed - Dry,Clear,Darkness - Lighted,Straight,Level,101,Veh'S Adjacent Approach: Thru-Thru,Intersection from adjacent approaches,S,0,0,0,3,3,2,0,0,0,0,0,0
349156,Minor injury,2021,March,Tuesday,9,Rear-end,Multi-Vehicle,152.3725684,-24.87246636,Fe Walker St,,Bundaberg - Port Road,Kepnock,Bundaberg Region,4670,Bundaberg,Wide Bay Burnett,North Coast,Southern,Southern Queensland,Ashfield - Kepnock,Bundaberg,Wide Bay,Inner Regional,Bundaberg,Hinkler,State-controlled,No Roadway Feature,No traffic control,60 km/h,Sealed - Wet,Raining,Daylight,Straight,Level,301,Veh'S Same Direction: Rear End,Rear-end,W,0,0,0,2,2,3,0,0,0,0,0,0
349157,Minor injury,2021,March,Thursday,9,Rear-end,Multi-Vehicle,152.3338314,-24.87026936,Bourbong St,,,Bundaberg West,Bundaberg Region,4670,Bundaberg,Wide Bay Burnett,North Coast,Southern,Southern Queensland,Bundaberg,Bundaberg,Wide Bay,Inner Regional,Bundaberg,Hinkler,Locally-controlled,No Roadway Feature,No traffic control,0 - 50 km/h,Sealed - Dry,Clear,Daylight,Straight,Level,406,Veh'S Manoeuvring: Leaving Driveway,Vehicle leaving driveway,N,0,0,0,2,2,2,0,0,0,0,0,0
349158,Medical treatment,2021,March,Friday,13,Angle,Multi-Vehicle,152.3264354,-24.88156535,Takalvan St,Warrell St,Isis Highway (Bundaberg - Childers),Svensson Heights,Bundaberg Region,4670,Bundaberg,Wide Bay Burnett,North Coast,Southern,Southern Queensland,Svensson Heights - Norville,Bundaberg,Wide Bay,Inner Regional,Bundaberg,Hinkler,State-controlled,Intersection - T-Junction,No traffic control,60 km/h,Sealed - Dry,Clear,Daylight,Straight,Level,202,Veh'S Opposite Approach: Thru-Right,Opposing vehicles turning,S,0,0,1,0,1,2,0,0,0,0,0,0
349159,Fatal,2021,March,Sunday,16,Head-on,Multi-Vehicle,152.3748154,-25.01969536,Goodwood Rd,,Goodwood Road,Goodwood,Bundaberg Region,4670,Bundaberg,Wide Bay Burnett,North Coast,Southern,Southern Queensland,Bundaberg Region - South,Bundaberg,Wide Bay,Inner Regional,Burnett,Hinkler,State-controlled,No Roadway Feature,No traffic control,100 - 110 km/h,Sealed - Dry,Clear,Daylight,Straight,Level,501,Veh'S Overtaking: Head On,Head-on,S,2,3,0,0,5,2,0,0,0,0,0,0
349160,Hospitalisation,2021,March,Tuesday,13,Hit parked vehicle,Single Vehicle,152.3530934,-24.87197136,Targo St,,,Bundaberg South,Bundaberg Region,4670,Bundaberg,Wide Bay Burnett,North Coast,Southern,Southern Queensland,Bundaberg,Bundaberg,Wide Bay,Inner Regional,Bundaberg,Hinkler,Locally-controlled,No Roadway Feature,No traffic control,60 km/h,Sealed - Wet,Raining,Daylight,Straight,Level,601,Veh'S On Path: Parked,Hit parked vehicle,N,0,1,0,0,1,2,0,0,0,0,0,0
349161,Hospitalisation,2021,March,Wednesday,15,Rear-end,Multi-Vehicle,152.3550674,-24.87386336,Burnett St,,,Bundaberg South,Bundaberg Region,4670,Bundaberg,Wide Bay Burnett,North Coast,Southern,Southern Queensland,Bundaberg,Bundaberg,Wide Bay,Inner Regional,Bundaberg,Hinkler,Locally-controlled,No Roadway Feature,No traffic control,60 km/h,Sealed - Dry,Clear,Daylight,Straight,Level,303,Veh'S Same Direction: Right Rear,Rear-end,E,0,1,0,0,1,1,1,0,0,0,0,0
349162,Medical treatment,2021,March,Thursday,6,Rear-end,Multi-Vehicle,152.2102034,-25.01251034,Isis Hwy,Phillips Rd,Isis Highway (Bundaberg - Childers),Elliott,Bundaberg Region,4670,Bundaberg,Wide Bay Burnett,North Coast,Southern,Southern Queensland,Bundaberg Region - South,Bundaberg,Wide Bay,Inner Regional,Burnett,Hinkler,State-controlled,Intersection - T-Junction,No traffic control,100 - 110 km/h,Sealed - Dry,Clear,Daylight,Straight,Level,303,Veh'S Same Direction: Right Rear,Rear-end,S,0,0,3,0,3,2,0,0,0,0,0,0
349163,Hospitalisation,2021,March,Friday,14,Hit pedestrian,Hit pedestrian,152.3487954,-24.87109536,Electra St,,,Bundaberg Central,Bundaberg Region,4670,Bundaberg,Wide Bay Burnett,North Coast,Southern,Southern Queensland,Bundaberg,Bundaberg,Wide Bay,Inner Regional,Bundaberg,Hinkler,Locally-controlled,No Roadway Feature,No traffic control,0 - 50 km/h,Sealed - Dry,Clear,Daylight,Straight,Level,1,Ped'N: Near Side Vehicle Hit From Right,Pedestrian,N,0,1,0,0,1,1,0,0,0,0,1,0
349164,Hospitalisation,2021,March,Friday,15,Angle,Multi-Vehicle,152.4169901,-24.91604301,Three Chain Rd,,,Woongarra,Bundaberg Region,4670,Bundaberg,Wide Bay Burnett,North Coast,Southern,Southern Queensland,Bargara - Burnett Heads,Bundaberg,Wide Bay,Inner Regional,Burnett,Hinkler,Locally-controlled,Intersection - Cross,Stop sign,100 - 110 km/h,Sealed - Dry,Clear,Daylight,Straight,Level,101,Veh'S Adjacent Approach: Thru-Thru,Intersection from adjacent approaches,W,0,2,0,0,2,2,0,0,0,0,0,0
349165,Hospitalisation,2021,March,Sunday,2,Hit pedestrian,Hit pedestrian,152.3532184,-24.86476436,Bourbong St,Tantitha St,,Bundaberg Central,Bundaberg Region,4670,Bundaberg,Wide Bay Burnett,North Coast,Southern,Southern Queensland,Bundaberg,Bundaberg,Wide Bay,Inner Regional,Bundaberg,Hinkler,Locally-controlled,Intersection - Roundabout,Give way sign,0 - 50 km/h,Sealed - Dry,Clear,Darkness - Lighted,Straight,Level,1,Ped'N: Near Side Vehicle Hit From Right,Pedestrian,N,0,1,0,0,1,1,0,0,0,0,1,0
349166,Medical treatment,2021,April,Thursday,21,Rear-end,Multi-Vehicle,152.3286545,-24.87902401,Takalvan St,,Isis Highway (Bundaberg - Childers),Svensson Heights,Bundaberg Region,4670,Bundaberg,Wide Bay Burnett,North Coast,Southern,Southern Queensland,Millbank - Avoca,Bundaberg,Wide Bay,Inner Regional,Bundaberg,Hinkler,State-controlled,No Roadway Feature,No traffic control,60 km/h,Sealed - Dry,Clear,Darkness - Lighted,Straight,Level,301,Veh'S Same Direction: Rear End,Rear-end,S,0,0,1,0,1,2,0,0,0,0,0,0
349167,Minor injury,2021,April,Saturday,15,Angle,Multi-Vehicle,152.3495984,-24.86848036,Barolin St,Woondooma St,,Bundaberg Central,Bundaberg Region,4670,Bundaberg,Wide Bay Burnett,North Coast,Southern,Southern Queensland,Bundaberg,Bundaberg,Wide Bay,Inner Regional,Bundaberg,Hinkler,Locally-controlled,Intersection - Roundabout,Give way sign,0 - 50 km/h,Sealed - Dry,Clear,Daylight,Straight,Level,101,Veh'S Adjacent Approach: Thru-Thru,Intersection from adjacent approaches,,0,0,0,1,1,2,0,0,0,0,0,0
349168,Hospitalisation,2021,April,Sunday,22,Hit object,Single Vehicle,152.3644832,-24.86136124,Scotland St,,Bundaberg - Bargara Road,Bundaberg East,Bundaberg Region,4670,Bundaberg,Wide Bay Burnett,North Coast,Southern,Southern Queensland,Bundaberg East - Kalkie,Bundaberg,Wide Bay,Inner Regional,Bundaberg,Hinkler,State-controlled,No Roadway Feature,No traffic control,60 km/h,Sealed - Wet,Raining,Darkness - Lighted,Straight,Crest,703,Off Path-Straight: Left Off Cway Hit Obj,Off carriageway on straight hit object,E,0,1,0,1,2,1,0,0,0,0,0,0
349169,Medical treatment,2021,April,Wednesday,21,Sideswipe,Multi-Vehicle,152.3043864,-24.82317235,Booloongie Rd,Gooburrum Rd,Moore Park Road,Gooburrum,Bundaberg Region,4670,Bundaberg,Wide Bay Burnett,North Coast,Southern,Southern Queensland,Bundaberg North - Gooburrum,Bundaberg,Wide Bay,Inner Regional,Burnett,Flynn,State-controlled,Intersection - Cross,Stop sign,80 - 90 km/h,Sealed - Dry,Clear,Darkness - Lighted,Straight,Level,101,Veh'S Adjacent Approach: Thru-Thru,Intersection from adjacent approaches,E,0,0,1,0,1,2,0,0,0,0,0,0
349170,Medical treatment,2021,April,Wednesday,21,Overturned,Single Vehicle,152.3779944,-24.94746736,Goodwood Rd,,Goodwood Road,Alloway,Bundaberg Region,4670,Bundaberg,Wide Bay Burnett,North Coast,Southern,Southern Queensland,Bundaberg Region - South,Bundaberg,Wide Bay,Inner Regional,Burnett,Hinkler,State-controlled,No Roadway Feature,No traffic control,100 - 110 km/h,Sealed - Dry,Clear,Darkness - Not lighted,Straight,Level,703,Off Path-Straight: Left Off Cway Hit Obj,Off carriageway on straight hit object,S,0,0,1,0,1,1,0,0,0,0,0,0
349171,Hospitalisation,2021,April,Monday,18,Hit pedestrian,Hit pedestrian,152.3469874,-24.86788436,Maryborough St,Woongarra St,,Bundaberg Central,Bundaberg Region,4670,Bundaberg,Wide Bay Burnett,North Coast,Southern,Southern Queensland,Bundaberg,Bundaberg,Wide Bay,Inner Regional,Bundaberg,Hinkler,Locally-controlled,Intersection - Roundabout,Give way sign,0 - 50 km/h,Sealed - Dry,Clear,Darkness - Lighted,Straight,Level,0,Ped'N: Hit Other,Other,E,0,1,0,0,1,1,0,0,0,0,1,0
349172,Medical treatment,2021,April,Monday,20,Hit object,Single Vehicle,152.4778344,-24.97506237,Carisson Dr,Davenport Dr,,Coonarr,Bundaberg Region,4670,Bundaberg,Wide Bay Burnett,North Coast,Southern,Southern Queensland,Bundaberg Region - South,Bundaberg,Wide Bay,Inner Regional,Burnett,Hinkler,Locally-controlled,Intersection - Roundabout,No traffic control,60 km/h,Sealed - Wet,Clear,Darkness - Not lighted,Straight,Level,808,Off Path-Curve: Mounts Traffic Island,Off carriageway on curve hit object,E,0,0,1,0,1,1,0,0,0,0,0,0
349173,Medical treatment,2021,April,Wednesday,11,Hit pedestrian,Hit pedestrian,152.3390875,-24.86868367,Bourbong St,,Bundaberg - Bargara Road,Bundaberg West,Bundaberg Region,4670,Bundaberg,Wide Bay Burnett,North Coast,Southern,Southern Queensland,Bundaberg,Bundaberg,Wide Bay,Inner Regional,Bundaberg,Hinkler,State-controlled,No Roadway Feature,No traffic control,60 km/h,Sealed - Dry,Clear,Darkness - Lighted,Straight,Level,3,Ped'N: Far Side Vehicle Hit From Left,Pedestrian,S,0,0,1,0,1,1,0,0,0,0,1,0
349174,Medical treatment,2021,April,Friday,6,Angle,Multi-Vehicle,152.1965977,-25.0020827,Pine Creek Rd,,,Pine Creek,Bundaberg Region,4670,South Kolan,Wide Bay Burnett,North Coast,Southern,Southern Queensland,Bundaberg Region - South,Bundaberg,Wide Bay,Inner Regional,Burnett,Hinkler,Locally-controlled,No Roadway Feature,No traffic control,80 - 90 km/h,Sealed - Dry,Clear,Dawn/Dusk,Curved - view obscured,Level,803,Off Path-Curve: Off Cway Rt Bend Hit Obj,Off carriageway on curve hit object,W,0,0,1,0,1,1,0,0,0,0,0,0
349175,Minor injury,2021,April,Monday,8,Rear-end,Multi-Vehicle,152.3671514,-24.87468336,Fe Walker St,,Bundaberg - Port Road,Kepnock,Bundaberg Region,4670,Bundaberg,Wide Bay Burnett,North Coast,Southern,Southern Queensland,Ashfield - Kepnock,Bundaberg,Wide Bay,Inner Regional,Bundaberg,Hinkler,State-controlled,No Roadway Feature,No traffic control,60 km/h,Sealed - Dry,Clear,Daylight,Straight,Level,301,Veh'S Same Direction: Rear End,Rear-end,W,0,0,0,2,2,4,0,0,0,0,0,0
349176,Hospitalisation,2021,April,Tuesday,9,Rear-end,Multi-Vehicle,152.3658052,-24.87520963,Fe Walker St,,Bundaberg - Port Road,Kepnock,Bundaberg Region,4670,Bundaberg,Wide Bay Burnett,North Coast,Southern,Southern Queensland,Ashfield - Kepnock,Bundaberg,Wide Bay,Inner Regional,Bundaberg,Hinkler,State-controlled,No Roadway Feature,No traffic control,60 km/h,Sealed - Dry,Clear,Daylight,Straight,Level,301,Veh'S Same Direction: Rear End,Rear-end,W,0,1,0,2,3,3,0,0,0,0,0,0
349177,Medical treatment,2021,April,Thursday,21,Angle,Multi-Vehicle,152.3302204,-24.87724936,Takalvan St,Walker St,Isis Highway (Bundaberg - Childers),Bundaberg West,Bundaberg Region,4670,Bundaberg,Wide Bay Burnett,North Coast,Southern,Southern Queensland,Millbank - Avoca,Bundaberg,Wide Bay,Inner Regional,Bundaberg,Hinkler,State-controlled,Intersection - Cross,Operating traffic lights,60 km/h,Sealed - Wet,Clear,Darkness - Lighted,Straight,Grade,202,Veh'S Opposite Approach: Thru-Right,Opposing vehicles turning,N,0,0,1,1,2,2,0,0,0,0,0,0
349178,Hospitalisation,2021,April,Thursday,23,Angle,Multi-Vehicle,152.3746134,-24.85760836,Eastgate St,Skyring St,,Bundaberg East,Bundaberg Region,4670,Bundaberg,Wide Bay Burnett,North Coast,Southern,Southern Queensland,Bundaberg East - Kalkie,Bundaberg,Wide Bay,Inner Regional,Bundaberg,Hinkler,Locally-controlled,Intersection - Cross,Give way sign,0 - 50 km/h,Sealed - Wet,Raining,Darkness - Lighted,Straight,Level,101,Veh'S Adjacent Approach: Thru-Thru,Intersection from adjacent approaches,W,0,2,0,0,2,2,0,0,0,0,0,0
349179,Hospitalisation,2021,April,Friday,15,Sideswipe,Multi-Vehicle,152.3502029,-24.87025955,Barolin St,,,Bundaberg Central,Bundaberg Region,4670,Bundaberg,Wide Bay Burnett,North Coast,Southern,Southern Queensland,Bundaberg,Bundaberg,Wide Bay,Inner Regional,Bundaberg,Hinkler,Locally-controlled,No Roadway Feature,No traffic control,0 - 50 km/h,Sealed - Dry,Clear,Daylight,Straight,Level,307,Veh'S Same Direction: Lane Change Left,Lane changes,N,0,1,0,0,1,1,1,0,0,0,0,0
349180,Medical treatment,2021,April,Saturday,17,Angle,Multi-Vehicle,152.3871544,-24.85937036,Bundaberg Ring Rd,Telegraph Rd,Bundaberg Ring Road,Kalkie,Bundaberg Region,4670,Bundaberg,Wide Bay Burnett,North Coast,Southern,Southern Queensland,Bundaberg East - Kalkie,Bundaberg,Wide Bay,Inner Regional,Bundaberg,Hinkler,State-controlled,Intersection - Cross,Give way sign,80 - 90 km/h,Sealed - Dry,Clear,Darkness - Lighted,Straight,Level,101,Veh'S Adjacent Approach: Thru-Thru,Intersection from adjacent approaches,S,0,0,2,0,2,2,0,0,0,0,0,0
349181,Fatal,2021,April,Monday,10,Hit object,Single Vehicle,152.2936854,-24.83111135,Rosedale Rd,,Bundaberg - Miriam Vale Road,Oakwood,Bundaberg Region,4670,Bundaberg,Wide Bay Burnett,North Coast,Southern,Southern Queensland,Bundaberg North - Gooburrum,Bundaberg,Wide Bay,Inner Regional,Burnett,Flynn,State-controlled,No Roadway Feature,No traffic control,100 - 110 km/h,Sealed - Dry,Clear,Daylight,Curved - view open,Level,201,Veh'S Opposite Approach: Head On,Head-on,S,1,0,2,0,3,1,0,0,0,0,0,1
349182,Hospitalisation,2021,April,Friday,7,Angle,Multi-Vehicle,152.3496304,-24.88798936,Lester St,Maynard St,,Norville,Bundaberg Region,4670,Bundaberg,Wide Bay Burnett,North Coast,Southern,Southern Queensland,Svensson Heights - Norville,Bundaberg,Wide Bay,Inner Regional,Bundaberg,Hinkler,Locally-controlled,Intersection - T-Junction,No traffic control,60 km/h,Sealed - Dry,Clear,Daylight,Straight,Level,104,Veh'S Adjacent Approach: Thru-Right,Intersection from adjacent approaches,W,0,1,0,0,1,1,1,0,0,0,0,0
349183,Hospitalisation,2021,May,Sunday,10,Hit parked vehicle,Single Vehicle,152.3499904,-24.89080836,Ritchie St,,,Norville,Bundaberg Region,4670,Bundaberg,Wide Bay Burnett,North Coast,Southern,Southern Queensland,Svensson Heights - Norville,Bundaberg,Wide Bay,Inner Regional,Bundaberg,Hinkler,Locally-controlled,No Roadway Feature,No traffic control,0 - 50 km/h,Sealed - Dry,Clear,Daylight,Straight,Level,200,Veh'S Opposite Approach: Other,Other,W,0,1,0,0,1,3,0,0,0,0,0,0
349184,Hospitalisation,2021,May,Tuesday,15,Rear-end,Multi-Vehicle,152.3791284,-24.86980236,Fe Walker St,,Bundaberg - Port Road,Kepnock,Bundaberg Region,4670,Bundaberg,Wide Bay Burnett,North Coast,Southern,Southern Queensland,Ashfield - Kepnock,Bundaberg,Wide Bay,Inner Regional,Bundaberg,Hinkler,State-controlled,No Roadway Feature,No traffic control,60 km/h,Sealed - Dry,Clear,Daylight,Straight,Level,301,Veh'S Same Direction: Rear End,Rear-end,W,0,1,0,0,1,3,0,0,0,0,0,0
349185,Medical treatment,2021,May,Thursday,2,Hit object,Single Vehicle,152.3923937,-24.84855489,Bargara Rd,,Bundaberg - Bargara Road,Kalkie,Bundaberg Region,4670,Bundaberg,Wide Bay Burnett,North Coast,Southern,Southern Queensland,Bundaberg East - Kalkie,Bundaberg,Wide Bay,Inner Regional,Bundaberg,Hinkler,State-controlled,No Roadway Feature,No traffic control,60 km/h,Sealed - Dry,Clear,Darkness - Lighted,Straight,Level,703,Off Path-Straight: Left Off Cway Hit Obj,Off carriageway on straight hit object,W,0,0,1,0,1,1,0,0,0,0,0,0
349186,Minor injury,2021,May,Thursday,7,Angle,Multi-Vehicle,152.3735584,-24.86904236,Que Hee St,Stevenson St,,Kepnock,Bundaberg Region,4670,Bundaberg,Wide Bay Burnett,North Coast,Southern,Southern Queensland,Ashfield - Kepnock,Bundaberg,Wide Bay,Inner Regional,Bundaberg,Hinkler,Locally-controlled,Intersection - Cross,Give way sign,60 km/h,Sealed - Dry,Clear,Daylight,Straight,Level,101,Veh'S Adjacent Approach: Thru-Thru,Intersection from adjacent approaches,E,0,0,0,1,1,1,0,0,0,1,0,0
349187,Hospitalisation,2021,May,Friday,0,Hit object,Single Vehicle,152.3801004,-24.98771036,Goodwood Rd,,Goodwood Road,Kinkuna,Bundaberg Region,4670,Bundaberg,Wide Bay Burnett,North Coast,Southern,Southern Queensland,Bundaberg Region - South,Bundaberg,Wide Bay,Inner Regional,Burnett,Hinkler,State-controlled,No Roadway Feature,No traffic control,60 km/h,Sealed - Dry,Clear,Darkness - Not lighted,Curved - view obscured,Dip,803,Off Path-Curve: Off Cway Rt Bend Hit Obj,Off carriageway on curve hit object,N,0,1,0,0,1,0,0,1,0,0,0,0
349188,Minor injury,2021,May,Friday,11,Angle,Multi-Vehicle,152.3198474,-24.88886835,Takalvan St,,Isis Highway (Bundaberg - Childers),Avoca,Bundaberg Region,4670,Bundaberg,Wide Bay Burnett,North Coast,Southern,Southern Queensland,Millbank - Avoca,Bundaberg,Wide Bay,Inner Regional,Bundaberg,Hinkler,State-controlled,No Roadway Feature,No traffic control,70 km/h,Sealed - Dry,Clear,Daylight,Straight,Level,202,Veh'S Opposite Approach: Thru-Right,Opposing vehicles turning,S,0,0,0,1,1,2,0,0,0,0,0,0
349189,Medical treatment,2021,May,Saturday,10,Angle,Multi-Vehicle,152.3602114,-24.89235936,Barolin St,,Goodwood Road,Avenell Heights,Bundaberg Region,4670,Bundaberg,Wide Bay Burnett,North Coast,Southern,Southern Queensland,Walkervale - Avenell Heights,Bundaberg,Wide Bay,Inner Regional,Bundaberg,Hinkler,State-controlled,No Roadway Feature,No traffic control,60 km/h,Sealed - Dry,Clear,Daylight,Straight,Crest,408,Veh'S Manoeuvring: Entering From Footway,Vehicle leaving driveway,N,0,0,1,0,1,2,0,0,0,0,0,0