Crash_Severity,Crash_Year,Crash_Month,Crash_Day_Of_Week,Crash_Hour,Crash_Nature,Crash_Type,Crash_Longitude,Crash_Latitude,Crash_Street,Crash_Street_Intersecting,State_Road_Name,Loc_Suburb,Loc_Local_Government_Area,Loc_Post_Code,Loc_Police_Division,Loc_Police_District,Loc_Police_Region,Loc_Queensland_Transport_Region,Loc_Main_Roads_Region,Loc_ABS_Statistical_Area_2,Loc_ABS_Statistical_Area_3,Loc_ABS_Statistical_Area_4,Loc_ABS_Remoteness,Loc_State_Electorate,Loc_Federal_Electorate,Crash_Controlling_Authority,Crash_Roadway_Feature,Crash_Traffic_Control,Crash_Speed_Limit,Crash_Road_Surface_Condition,Crash_Atmospheric_Condition,Crash_Lighting_Condition,Crash_Road_Horiz_Align,Crash_Road_Vert_Align,Crash_DCA_Code,Crash_DCA_Description,Crash_DCA_Group_Description,DCA_Key_Approach_Dir,Count_Casualty_Fatality,Count_Casualty_Hospitalised,Count_Casualty_MedicallyTreated,Count_Casualty_MinorInjury,Count_Casualty_Total,Count_Unit_Car,Count_Unit_Motorcycle_Moped,Count_Unit_Truck,Count_Unit_Bus,Count_Unit_Bicycle,Count_Unit_Pedestrian,Count_Unit_Other,
349190,Hospitalisation,2021,May,Saturday,12,Angle,Multi-Vehicle,152.3467494,-24.88876036,Maynard St,Miller St,,Norville,Bundaberg Region,4670,Bundaberg,Wide Bay Burnett,North Coast,Southern,Southern Queensland,Svensson Heights - Norville,Bundaberg,Wide Bay,Inner Regional,Bundaberg,Hinkler,Locally-controlled,Intersection - T-Junction,Give way sign,60 km/h,Sealed - Dry,Clear,Daylight,Straight,Level,104,Veh'S Adjacent Approach: Thru-Right,Intersection from adjacent approaches,W,0,1,0,0,1,1,1,0,0,0,0,0
349191,Medical treatment,2021,May,Saturday,12,Angle,Multi-Vehicle,152.3540508,-24.86722898,Tantitha St,Woondooma St,,Bundaberg Central,Bundaberg Region,4670,Bundaberg,Wide Bay Burnett,North Coast,Southern,Southern Queensland,Bundaberg,Bundaberg,Wide Bay,Inner Regional,Bundaberg,Hinkler,Locally-controlled,Intersection - Roundabout,Give way sign,0 - 50 km/h,Sealed - Dry,Clear,Daylight,Straight,Level,101,Veh'S Adjacent Approach: Thru-Thru,Intersection from adjacent approaches,N,0,0,1,0,1,2,0,0,0,0,0,0
349192,Hospitalisation,2021,May,Sunday,18,Angle,Multi-Vehicle,152.2986394,-24.91691535,Cummins Rd,Isis Hwy,Isis Highway (Bundaberg - Childers),Kensington,Bundaberg Region,4670,Bundaberg,Wide Bay Burnett,North Coast,Southern,Southern Queensland,Branyan - Kensington,Bundaberg,Wide Bay,Inner Regional,Bundaberg,Hinkler,State-controlled,Intersection - T-Junction,No traffic control,100 - 110 km/h,Sealed - Dry,Clear,Darkness - Lighted,Straight,Grade,202,Veh'S Opposite Approach: Thru-Right,Opposing vehicles turning,S,0,1,0,0,1,1,1,0,0,0,0,0
349193,Medical treatment,2021,May,Monday,8,Angle,Multi-Vehicle,152.3473584,-24.86902736,Maryborough St,Woondooma St,,Bundaberg Central,Bundaberg Region,4670,Bundaberg,Wide Bay Burnett,North Coast,Southern,Southern Queensland,Bundaberg,Bundaberg,Wide Bay,Inner Regional,Bundaberg,Hinkler,Locally-controlled,Intersection - Roundabout,Give way sign,0 - 50 km/h,Sealed - Dry,Clear,Daylight,Straight,Level,408,Veh'S Manoeuvring: Entering From Footway,Vehicle leaving driveway,E,0,0,1,0,1,1,0,0,0,1,0,0
349194,Hospitalisation,2021,May,Monday,17,Hit object,Single Vehicle,152.3100314,-24.88451335,Branyan Dr,,,Avoca,Bundaberg Region,4670,Bundaberg,Wide Bay Burnett,North Coast,Southern,Southern Queensland,Millbank - Avoca,Bundaberg,Wide Bay,Inner Regional,Bundaberg,Hinkler,Locally-controlled,No Roadway Feature,No traffic control,60 km/h,Sealed - Dry,Clear,Dawn/Dusk,Straight,Crest,703,Off Path-Straight: Left Off Cway Hit Obj,Off carriageway on straight hit object,S,0,1,0,0,1,1,0,0,0,0,0,0
349195,Hospitalisation,2021,May,Tuesday,14,Hit pedestrian,Hit pedestrian,152.3209224,-24.88760735,Heidke St,Takalvan St,Isis Highway (Bundaberg - Childers),Avoca,Bundaberg Region,4670,Bundaberg,Wide Bay Burnett,North Coast,Southern,Southern Queensland,Millbank - Avoca,Bundaberg,Wide Bay,Inner Regional,Bundaberg,Hinkler,State-controlled,Intersection - Cross,Operating traffic lights,60 km/h,Sealed - Dry,Clear,Daylight,Straight,Level,3,Ped'N: Far Side Vehicle Hit From Left,Pedestrian,N,0,1,0,0,1,1,0,0,0,0,1,0
349196,Medical treatment,2021,May,Saturday,9,Angle,Multi-Vehicle,152.3735584,-24.86904236,Que Hee St,Stevenson St,,Kepnock,Bundaberg Region,4670,Bundaberg,Wide Bay Burnett,North Coast,Southern,Southern Queensland,Ashfield - Kepnock,Bundaberg,Wide Bay,Inner Regional,Bundaberg,Hinkler,Locally-controlled,Intersection - Cross,Give way sign,0 - 50 km/h,Sealed - Dry,Clear,Daylight,Straight,Level,101,Veh'S Adjacent Approach: Thru-Thru,Intersection from adjacent approaches,N,0,0,1,0,1,2,0,0,0,0,0,0
349197,Hospitalisation,2021,May,Saturday,10,Angle,Multi-Vehicle,152.3302204,-24.87724936,Takalvan St,Walker St,Isis Highway (Bundaberg - Childers),Bundaberg West,Bundaberg Region,4670,Bundaberg,Wide Bay Burnett,North Coast,Southern,Southern Queensland,Millbank - Avoca,Bundaberg,Wide Bay,Inner Regional,Bundaberg,Hinkler,State-controlled,Intersection - Cross,Operating traffic lights,60 km/h,Sealed - Dry,Clear,Daylight,Straight,Grade,202,Veh'S Opposite Approach: Thru-Right,Opposing vehicles turning,E,0,1,0,0,1,1,1,0,0,0,0,0
349198,Hospitalisation,2021,May,Sunday,5,Sideswipe,Multi-Vehicle,152.2899313,-24.85337819,Bundaberg - Gin Gin Rd,,Bundaberg - Gin Gin Road,Oakwood,Bundaberg Region,4670,Bundaberg,Wide Bay Burnett,North Coast,Southern,Southern Queensland,Bundaberg North - Gooburrum,Bundaberg,Wide Bay,Inner Regional,Burnett,Flynn,State-controlled,No Roadway Feature,No traffic control,80 - 90 km/h,Sealed - Dry,Clear,Darkness - Not lighted,Curved - view open,Dip,201,Veh'S Opposite Approach: Head On,Head-on,E,0,1,0,0,1,2,0,0,0,0,0,0
349199,Medical treatment,2021,May,Monday,15,Rear-end,Multi-Vehicle,152.3493446,-24.86765602,Barolin St,,,Bundaberg Central,Bundaberg Region,4670,Bundaberg,Wide Bay Burnett,North Coast,Southern,Southern Queensland,Bundaberg,Bundaberg,Wide Bay,Inner Regional,Bundaberg,Hinkler,Locally-controlled,No Roadway Feature,No traffic control,60 km/h,Sealed - Dry,Clear,Daylight,Straight,Level,301,Veh'S Same Direction: Rear End,Rear-end,S,0,0,1,0,1,2,0,0,0,0,0,0
349200,Minor injury,2021,May,Tuesday,10,Head-on,Multi-Vehicle,152.3721644,-24.90090036,Bundaberg Ring Rd,,Bundaberg Ring Road,Thabeban,Bundaberg Region,4670,Bundaberg,Wide Bay Burnett,North Coast,Southern,Southern Queensland,Walkervale - Avenell Heights,Bundaberg,Wide Bay,Inner Regional,Bundaberg,Hinkler,State-controlled,No Roadway Feature,No traffic control,80 - 90 km/h,Sealed - Dry,Clear,Daylight,Curved - view open,Crest,201,Veh'S Opposite Approach: Head On,Head-on,S,0,0,0,1,1,2,0,0,0,0,0,0
349201,Hospitalisation,2021,May,Wednesday,8,Rear-end,Multi-Vehicle,152.3541735,-24.88680175,Maynard St,,,Avenell Heights,Bundaberg Region,4670,Bundaberg,Wide Bay Burnett,North Coast,Southern,Southern Queensland,Walkervale - Avenell Heights,Bundaberg,Wide Bay,Inner Regional,Bundaberg,Hinkler,Locally-controlled,No Roadway Feature,No traffic control,60 km/h,Sealed - Dry,Fog,Daylight,Straight,Level,301,Veh'S Same Direction: Rear End,Rear-end,W,0,1,0,1,2,2,0,0,0,0,0,0
349202,Hospitalisation,2021,May,Sunday,1,Hit object,Single Vehicle,152.3444274,-24.85998536,Perry St,Queen St,Bundaberg - Gin Gin Road,Bundaberg North,Bundaberg Region,4670,Bundaberg,Wide Bay Burnett,North Coast,Southern,Southern Queensland,Bundaberg North - Gooburrum,Bundaberg,Wide Bay,Inner Regional,Bundaberg,Hinkler,State-controlled,Intersection - Cross,No traffic control,0 - 50 km/h,Sealed - Dry,Clear,Darkness - Lighted,Curved - view open,Level,803,Off Path-Curve: Off Cway Rt Bend Hit Obj,Off carriageway on curve hit object,N,0,1,0,0,1,1,0,0,0,0,0,0
349203,Medical treatment,2021,June,Wednesday,9,Rear-end,Multi-Vehicle,152.3731338,-24.89972083,Bundaberg Ring Rd,,Bundaberg Ring Road,Thabeban,Bundaberg Region,4670,Bundaberg,Wide Bay Burnett,North Coast,Southern,Southern Queensland,Walkervale - Avenell Heights,Bundaberg,Wide Bay,Inner Regional,Bundaberg,Hinkler,State-controlled,No Roadway Feature,No traffic control,80 - 90 km/h,Sealed - Dry,Clear,Daylight,Curved - view open,Level,301,Veh'S Same Direction: Rear End,Rear-end,E,0,0,1,0,1,1,1,0,0,0,0,0
349204,Medical treatment,2021,June,Thursday,16,Hit object,Single Vehicle,152.3271774,-24.89638936,Commercial St,Johanna Blvd,,Kensington,Bundaberg Region,4670,Bundaberg,Wide Bay Burnett,North Coast,Southern,Southern Queensland,Branyan - Kensington,Bundaberg,Wide Bay,Inner Regional,Bundaberg,Hinkler,Locally-controlled,Intersection - Roundabout,Give way sign,60 km/h,Sealed - Dry,Clear,Daylight,Straight,Level,708,Off Path-Straight: Mounts Traffic Island,Off carriageway on straight hit object,N,0,0,1,0,1,0,0,1,0,0,0,0
349205,Hospitalisation,2021,June,Sunday,14,Fall from vehicle,Single Vehicle,152.3744854,-24.85715436,Eastgate St,,,Bundaberg East,Bundaberg Region,4670,Bundaberg,Wide Bay Burnett,North Coast,Southern,Southern Queensland,Bundaberg East - Kalkie,Bundaberg,Wide Bay,Inner Regional,Bundaberg,Hinkler,Locally-controlled,No Roadway Feature,No traffic control,60 km/h,Sealed - Dry,Clear,Daylight,Curved - view open,Level,805,Off Path-Curve: Out Of Control On Cway,Out of control on curve,S,0,1,0,0,1,0,1,0,0,0,0,0
349206,Medical treatment,2021,June,Monday,13,Angle,Multi-Vehicle,152.4354194,-24.86545037,Elliott Heads Rd,Hummock Rd,Elliott Heads Road,Windermere,Bundaberg Region,4670,Bargara,Wide Bay Burnett,North Coast,Southern,Southern Queensland,Bargara - Burnett Heads,Bundaberg,Wide Bay,Inner Regional,Burnett,Hinkler,State-controlled,Intersection - Cross,Stop sign,80 - 90 km/h,Sealed - Dry,Clear,Daylight,Straight,Level,101,Veh'S Adjacent Approach: Thru-Thru,Intersection from adjacent approaches,W,0,0,1,2,3,1,0,0,0,0,0,1
349207,Minor injury,2021,June,Monday,11,Rear-end,Multi-Vehicle,152.3672324,-24.86125936,Princess St,,Bundaberg - Bargara Road,Bundaberg East,Bundaberg Region,4670,Bundaberg,Wide Bay Burnett,North Coast,Southern,Southern Queensland,Bundaberg East - Kalkie,Bundaberg,Wide Bay,Inner Regional,Bundaberg,Hinkler,State-controlled,No Roadway Feature,No traffic control,60 km/h,Sealed - Dry,Clear,Daylight,Straight,Level,301,Veh'S Same Direction: Rear End,Rear-end,S,0,0,0,1,1,1,0,0,0,0,0,1
349208,Medical treatment,2021,June,Tuesday,8,Angle,Multi-Vehicle,152.3552644,-24.87849536,Targo St,Walker St,Bundaberg - Port Road,Walkervale,Bundaberg Region,4670,Bundaberg,Wide Bay Burnett,North Coast,Southern,Southern Queensland,Walkervale - Avenell Heights,Bundaberg,Wide Bay,Inner Regional,Bundaberg,Hinkler,State-controlled,Intersection - Cross,No traffic control,60 km/h,Sealed - Dry,Clear,Daylight,Straight,Level,202,Veh'S Opposite Approach: Thru-Right,Opposing vehicles turning,E,0,0,3,0,3,2,0,0,0,0,0,0
349209,Hospitalisation,2021,June,Tuesday,14,Head-on,Multi-Vehicle,152.3391178,-24.89778001,Eggmolesse St,,,Norville,Bundaberg Region,4670,Bundaberg,Wide Bay Burnett,North Coast,Southern,Southern Queensland,Svensson Heights - Norville,Bundaberg,Wide Bay,Inner Regional,Bundaberg,Hinkler,Locally-controlled,No Roadway Feature,No traffic control,60 km/h,Sealed - Dry,Clear,Daylight,Straight,Level,201,Veh'S Opposite Approach: Head On,Head-on,W,0,3,0,0,3,2,0,0,0,0,0,0
349210,Hospitalisation,2021,June,Wednesday,8,Angle,Multi-Vehicle,152.3857734,-24.86877136,Bundaberg Ring Rd,Link Rd,Bundaberg Ring Road,Ashfield,Bundaberg Region,4670,Bundaberg,Wide Bay Burnett,North Coast,Southern,Southern Queensland,Ashfield - Kepnock,Bundaberg,Wide Bay,Inner Regional,Bundaberg,Hinkler,State-controlled,Intersection - T-Junction,Give way sign,80 - 90 km/h,Sealed - Wet,Raining,Daylight,Curved - view open,Dip,104,Veh'S Adjacent Approach: Thru-Right,Intersection from adjacent approaches,N,0,1,0,0,1,2,0,0,0,0,0,0
349211,Minor injury,2021,June,Wednesday,14,Sideswipe,Multi-Vehicle,152.2363974,-24.95927635,Chadwicks Rd,Isis Hwy,Isis Highway (Bundaberg - Childers),South Bingera,Bundaberg Region,4670,Bundaberg,Wide Bay Burnett,North Coast,Southern,Southern Queensland,Bundaberg Region - South,Bundaberg,Wide Bay,Inner Regional,Burnett,Hinkler,State-controlled,Intersection - T-Junction,No traffic control,100 - 110 km/h,Sealed - Dry,Clear,Daylight,Curved - view open,Level,506,Veh'S Overtaking: Overtake-Right Turn,Overtaking same direction,S,0,0,0,1,1,1,0,1,0,0,0,0
349212,Hospitalisation,2021,June,Wednesday,15,Rear-end,Multi-Vehicle,152.3736417,-24.87201902,Fe Walker St,,Bundaberg - Port Road,Kepnock,Bundaberg Region,4670,Bundaberg,Wide Bay Burnett,North Coast,Southern,Southern Queensland,Ashfield - Kepnock,Bundaberg,Wide Bay,Inner Regional,Bundaberg,Hinkler,State-controlled,No Roadway Feature,No traffic control,60 km/h,Sealed - Dry,Clear,Daylight,Straight,Level,301,Veh'S Same Direction: Rear End,Rear-end,W,0,2,0,0,2,1,0,1,1,0,0,0
349213,Hospitalisation,2021,June,Wednesday,18,Head-on,Multi-Vehicle,152.2676106,-24.93664334,Isis Hwy,,Isis Highway (Bundaberg - Childers),Branyan,Bundaberg Region,4670,Bundaberg,Wide Bay Burnett,North Coast,Southern,Southern Queensland,Branyan - Kensington,Bundaberg,Wide Bay,Inner Regional,Burnett,Hinkler,State-controlled,No Roadway Feature,No traffic control,100 - 110 km/h,Sealed - Dry,Clear,Darkness - Not lighted,Straight,Level,501,Veh'S Overtaking: Head On,Head-on,N,0,2,0,0,2,2,0,0,0,0,0,0
349214,Medical treatment,2021,June,Thursday,15,Hit object,Single Vehicle,152.2632638,-24.91652658,Bonna Rd,,,Branyan,Bundaberg Region,4670,Bundaberg,Wide Bay Burnett,North Coast,Southern,Southern Queensland,Branyan - Kensington,Bundaberg,Wide Bay,Inner Regional,Bundaberg,Hinkler,Locally-controlled,No Roadway Feature,No traffic control,80 - 90 km/h,Sealed - Dry,Clear,Daylight,Straight,Level,704,Off Path-Straight:Right Off Cway Hit Obj,Off carriageway on straight hit object,W,0,0,1,1,2,1,0,0,0,0,0,0
349215,Medical treatment,2021,June,Monday,17,Angle,Multi-Vehicle,152.3746814,-24.91632836,Goodwood Rd,Langbeckers Rd,Goodwood Road,Thabeban,Bundaberg Region,4670,Bundaberg,Wide Bay Burnett,North Coast,Southern,Southern Queensland,Walkervale - Avenell Heights,Bundaberg,Wide Bay,Inner Regional,Bundaberg,Hinkler,State-controlled,Intersection - Cross,Stop sign,80 - 90 km/h,Sealed - Dry,Clear,Darkness - Lighted,Straight,Level,101,Veh'S Adjacent Approach: Thru-Thru,Intersection from adjacent approaches,W,0,0,1,0,1,3,0,0,0,0,0,0
349216,Medical treatment,2021,June,Friday,4,Hit object,Single Vehicle,152.2889574,-24.91989135,Bonna Rd,,,Branyan,Bundaberg Region,4670,Bundaberg,Wide Bay Burnett,North Coast,Southern,Southern Queensland,Branyan - Kensington,Bundaberg,Wide Bay,Inner Regional,Bundaberg,Hinkler,Locally-controlled,No Roadway Feature,No traffic control,80 - 90 km/h,Sealed - Dry,Clear,Darkness - Not lighted,Curved - view open,Level,804,Off Path-Curve: Off Cway Lt Bend Hit Obj,Off carriageway on curve hit object,W,0,0,1,0,1,1,0,0,0,0,0,0
349217,Medical treatment,2021,June,Friday,10,Rear-end,Multi-Vehicle,152.3076204,-24.91099935,Isis Hwy,Norgrove Rd,Isis Highway (Bundaberg - Childers),Branyan,Bundaberg Region,4670,Bundaberg,Wide Bay Burnett,North Coast,Southern,Southern Queensland,Branyan - Kensington,Bundaberg,Wide Bay,Inner Regional,Bundaberg,Hinkler,State-controlled,Intersection - T-Junction,No traffic control,80 - 90 km/h,Sealed - Dry,Clear,Daylight,Straight,Level,303,Veh'S Same Direction: Right Rear,Rear-end,S,0,0,2,0,2,3,0,0,0,0,0,0
349218,Medical treatment,2021,June,Friday,10,Rear-end,Multi-Vehicle,152.3221834,-24.84993247,Bundaberg - Gin Gin Rd,,Bundaberg - Gin Gin Road,Bundaberg North,Bundaberg Region,4670,Bundaberg,Wide Bay Burnett,North Coast,Southern,Southern Queensland,Bundaberg North - Gooburrum,Bundaberg,Wide Bay,Inner Regional,Bundaberg,Hinkler,State-controlled,No Roadway Feature,No traffic control,60 km/h,Sealed - Dry,Clear,Daylight,Straight,Level,301,Veh'S Same Direction: Rear End,Rear-end,N,0,0,1,0,1,2,0,1,0,0,0,0
349219,Medical treatment,2021,June,Thursday,14,Angle,Multi-Vehicle,152.3665404,-24.86205236,Princess St,,,Bundaberg East,Bundaberg Region,4670,Bundaberg,Wide Bay Burnett,North Coast,Southern,Southern Queensland,Bundaberg East - Kalkie,Bundaberg,Wide Bay,Inner Regional,Bundaberg,Hinkler,Locally-controlled,No Roadway Feature,No traffic control,60 km/h,Sealed - Dry,Clear,Daylight,Straight,Level,408,Veh'S Manoeuvring: Entering From Footway,Vehicle leaving driveway,S,0,0,1,0,1,1,1,0,0,0,0,0
349220,Medical treatment,2021,June,Tuesday,14,Rear-end,Multi-Vehicle,152.3467844,-24.86533136,Burnett Bridge,Quay St,Bundaberg - Bargara Road,Bundaberg Central,Bundaberg Region,4670,Bundaberg,Wide Bay Burnett,North Coast,Southern,Southern Queensland,Bundaberg,Bundaberg,Wide Bay,Inner Regional,Bundaberg,Hinkler,State-controlled,Intersection - Roundabout,Give way sign,60 km/h,Sealed - Dry,Clear,Daylight,Straight,Level,105,Veh'S Adjacent Approach: Right-Right,Intersection from adjacent approaches,E,0,0,1,0,1,1,1,0,0,0,0,0
349243,Hospitalisation,2021,March,Thursday,8,Rear-end,Multi-Vehicle,146.0662006,-17.76289576,Murdering Point Rd,,Kurrimine Beach Road,Kurrimine Beach,Cassowary Coast Region,4871,Silkwood,Far North,Far Northern,Northern,North Queensland,Johnstone,Innisfail - Cassowary Coast,Cairns,Outer Regional,Hill,Kennedy,State-controlled,No Roadway Feature,No traffic control,100 - 110 km/h,Sealed - Dry,Clear,Daylight,Straight,Level,301,Veh'S Same Direction: Rear End,Rear-end,W,0,1,0,0,1,1,0,0,1,0,0,0
349244,Hospitalisation,2021,March,Wednesday,5,Hit pedestrian,Hit pedestrian,146.0002566,-17.82191976,Bruce Hwy,,Bruce Highway (Ingham - Innisfail),El Arish,Cassowary Coast Region,4855,El Arish,Far North,Far Northern,Northern,North Queensland,Johnstone,Innisfail - Cassowary Coast,Cairns,Outer Regional,Hill,Kennedy,State-controlled,No Roadway Feature,No traffic control,100 - 110 km/h,Sealed - Dry,Fog,Darkness - Not lighted,Straight,Level,6,Ped'N: Hit Facing Traffic,Pedestrian,S,0,1,1,0,2,1,0,0,0,0,1,0
349245,Hospitalisation,2021,March,Saturday,16,Hit object,Single Vehicle,145.9741886,-17.62241476,Innisfail - Japoon Rd,,Innisfail - Japoon Road,Camp Creek,Cassowary Coast Region,4871,South Johnstone,Far North,Far Northern,Northern,North Queensland,Johnstone,Innisfail - Cassowary Coast,Cairns,Outer Regional,Hill,Kennedy,State-controlled,No Roadway Feature,No traffic control,80 - 90 km/h,Sealed - Dry,Clear,Daylight,Curved - view open,Level,804,Off Path-Curve: Off Cway Lt Bend Hit Obj,Off carriageway on curve hit object,N,0,1,0,0,1,1,0,0,0,0,0,0
349246,Hospitalisation,2021,April,Friday,0,Hit object,Single Vehicle,145.9016749,-17.7149327,Warrakin Rd,,,Japoonvale,Cassowary Coast Region,4856,Silkwood,Far North,Far Northern,Northern,North Queensland,Johnstone,Innisfail - Cassowary Coast,Cairns,Outer Regional,Hill,Kennedy,Locally-controlled,No Roadway Feature,No traffic control,60 km/h,Unsealed - Dry,Raining,Darkness - Lighted,Curved - view open,Dip,804,Off Path-Curve: Off Cway Lt Bend Hit Obj,Off carriageway on curve hit object,W,0,1,0,0,1,1,0,0,0,0,0,0
349247,Hospitalisation,2021,May,Saturday,14,Angle,Multi-Vehicle,146.0277996,-17.74786776,Bruce Hwy,Murdering Point Rd,Bruce Highway (Ingham - Innisfail),Silkwood,Cassowary Coast Region,4856,Silkwood,Far North,Far Northern,Northern,North Queensland,Johnstone,Innisfail - Cassowary Coast,Cairns,Outer Regional,Hill,Kennedy,State-controlled,Intersection - Cross,Stop sign,80 - 90 km/h,Sealed - Dry,Clear,Daylight,Straight,Level,101,Veh'S Adjacent Approach: Thru-Thru,Intersection from adjacent approaches,N,0,1,4,0,5,2,0,0,0,0,0,0
349248,Medical treatment,2021,June,Friday,14,Rear-end,Multi-Vehicle,145.9969426,-17.82820014,Bruce Hwy,,Bruce Highway (Ingham - Innisfail),Maadi,Cassowary Coast Region,4855,El Arish,Far North,Far Northern,Northern,North Queensland,Johnstone,Innisfail - Cassowary Coast,Cairns,Outer Regional,Hill,Kennedy,State-controlled,No Roadway Feature,No traffic control,60 km/h,Sealed - Dry,Clear,Daylight,Straight,Level,301,Veh'S Same Direction: Rear End,Rear-end,S,0,0,1,0,1,2,0,1,0,0,0,0
349319,Hospitalisation,2021,January,Friday,18,Angle,Multi-Vehicle,153.05967,-27.40890845,Centro Toombul Access,Sandgate Rd,Sandgate Sub-Arterial Road,Nundah,Brisbane City,4012,Hendra,North Brisbane,Brisbane,SEQ North,Metropolitan,Nundah,Nundah,Brisbane - North,Major Cities,Nudgee,Lilley,State-controlled,No Roadway Feature,Operating traffic lights,60 km/h,Sealed - Dry,Clear,Daylight,Straight,Level,406,Veh'S Manoeuvring: Leaving Driveway,Vehicle leaving driveway,S,0,1,0,0,1,2,0,0,0,0,0,0
349320,Medical treatment,2021,January,Saturday,20,Hit parked vehicle,Single Vehicle,153.083936,-27.37407745,Red Hill Rd,,,Nudgee,Brisbane City,4014,Hendra,North Brisbane,Brisbane,SEQ North,Metropolitan,Nudgee - Banyo,Nundah,Brisbane - North,Major Cities,Nudgee,Lilley,Locally-controlled,No Roadway Feature,No traffic control,0 - 50 km/h,Sealed - Dry,Clear,Darkness - Lighted,Straight,Grade,601,Veh'S On Path: Parked,Hit parked vehicle,E,0,0,1,0,1,2,0,0,0,0,0,0
349321,Medical treatment,2021,January,Friday,5,Angle,Multi-Vehicle,153.044536,-27.39916445,Castor Rd,Edinburgh Castle Rd,,Wavell Heights,Brisbane City,4012,Hendra,North Brisbane,Brisbane,SEQ North,Metropolitan,Wavell Heights,Chermside,Brisbane - North,Major Cities,Nudgee,Lilley,Locally-controlled,Intersection - Cross,No traffic control,0 - 50 km/h,Sealed - Dry,Clear,Daylight,Straight,Crest,308,Veh'S Same Direction: Right Turn S/Swipe,Parallel lanes turning,E,0,0,1,0,1,1,0,0,0,1,0,0
349322,Medical treatment,2021,January,Friday,5,Hit object,Single Vehicle,153.030154,-27.43412339,Hooker St,,,Windsor,Brisbane City,4030,Stafford,North Brisbane,Brisbane,SEQ North,Metropolitan,Windsor,Brisbane Inner - North,Brisbane Inner City,Major Cities,Clayfield,Brisbane,Locally-controlled,No Roadway Feature,No traffic control,0 - 50 km/h,Sealed - Dry,Clear,Daylight,Curved - view open,Grade,607,Veh'S On Path: Temporary Object On C'Way,Other,S,0,0,1,0,1,0,0,0,0,1,0,0
349323,Hospitalisation,2021,January,Tuesday,5,Angle,Multi-Vehicle,153.088488,-27.41268545,Airport Dr,Lomandra Dr,,Brisbane Airport,Brisbane City,4008,Hendra,North Brisbane,Brisbane,SEQ North,Metropolitan,Brisbane Airport,Nundah,Brisbane - North,Major Cities,Clayfield,Lilley,Locally-controlled,Intersection - T-Junction,Operating traffic lights,70 km/h,Sealed - Dry,Clear,Daylight,Straight,Level,202,Veh'S Opposite Approach: Thru-Right,Opposing vehicles turning,E,0,1,0,0,1,2,0,0,0,0,0,0
349324,Medical treatment,2021,January,Tuesday,8,Rear-end,Multi-Vehicle,153.059161,-27.39783345,Rode Rd,Sandgate Rd,Sandgate Sub-Arterial Road,Nundah,Brisbane City,4012,Hendra,North Brisbane,Brisbane,SEQ North,Metropolitan,Wavell Heights,Chermside,Brisbane - North,Major Cities,Nudgee,Lilley,State-controlled,Intersection - T-Junction,Operating traffic lights,60 km/h,Sealed - Dry,Clear,Daylight,Straight,Dip,303,Veh'S Same Direction: Right Rear,Rear-end,E,0,0,1,0,1,2,0,0,0,0,0,0
349325,Medical treatment,2021,January,Wednesday,19,Head-on,Multi-Vehicle,153.019005,-27.42658844,Days Rd,Kedron Brook Rd,,Grange,Brisbane City,4051,Stafford,North Brisbane,Brisbane,SEQ North,Metropolitan,Grange,Brisbane Inner - North,Brisbane Inner City,Major Cities,Stafford,Brisbane,Locally-controlled,Intersection - T-Junction,Operating traffic lights,60 km/h,Sealed - Dry,Clear,Darkness - Lighted,Straight,Level,202,Veh'S Opposite Approach: Thru-Right,Opposing vehicles turning,E,0,0,2,0,2,2,0,0,0,0,0,0
349326,Hospitalisation,2021,January,Thursday,6,Rear-end,Multi-Vehicle,153.063323,-27.42319145,Chermside St,Kitchener Rd,,Hendra,Brisbane City,4011,Hendra,North Brisbane,Brisbane,SEQ North,Metropolitan,Hendra,Brisbane Inner - North,Brisbane Inner City,Major Cities,Clayfield,Brisbane,Locally-controlled,Intersection - T-Junction,No traffic control,60 km/h,Sealed - Dry,Clear,Daylight,Straight,Level,301,Veh'S Same Direction: Rear End,Rear-end,S,0,1,0,0,1,0,0,0,0,2,0,0
349327,Minor injury,2021,January,Friday,17,Rear-end,Multi-Vehicle,153.040427,-27.43040645,Albion Overpass,,,Albion,Brisbane City,4010,Hendra,North Brisbane,Brisbane,SEQ North,Metropolitan,Albion,Brisbane Inner - North,Brisbane Inner City,Major Cities,Clayfield,Brisbane,Locally-controlled,No Roadway Feature,No traffic control,60 km/h,Sealed - Dry,Clear,Daylight,Straight,Grade,301,Veh'S Same Direction: Rear End,Rear-end,E,0,0,0,1,1,5,0,0,0,0,0,0
349328,Minor injury,2021,January,Saturday,15,Sideswipe,Multi-Vehicle,153.077894,-27.41236345,Airport Dr,,East-West Arterial Road,Hendra,Brisbane City,4011,Hendra,North Brisbane,Brisbane,SEQ North,Metropolitan,Brisbane Airport,Nundah,Brisbane - North,Major Cities,Clayfield,Lilley,State-controlled,No Roadway Feature,No traffic control,60 km/h,Sealed - Wet,Raining,Daylight,Curved - view open,Level,600,Veh'S On Path: Other,Other,W,0,0,0,1,1,1,1,0,0,0,0,0
349329,Medical treatment,2021,January,Saturday,9,Angle,Multi-Vehicle,153.066985,-27.38452345,Harold St,,,Virginia,Brisbane City,4014,Hendra,North Brisbane,Brisbane,SEQ North,Metropolitan,Northgate - Virginia,Nundah,Brisbane - North,Major Cities,Nudgee,Lilley,Locally-controlled,No Roadway Feature,No traffic control,0 - 50 km/h,Sealed - Dry,Clear,Daylight,Straight,Level,303,Veh'S Same Direction: Right Rear,Rear-end,N,0,0,1,0,1,2,0,0,0,0,0,0
349330,Medical treatment,2021,January,Monday,19,Angle,Multi-Vehicle,153.05967,-27.40890845,Centro Toombul Access,Sandgate Rd,Sandgate Sub-Arterial Road,Nundah,Brisbane City,4012,Hendra,North Brisbane,Brisbane,SEQ North,Metropolitan,Nundah,Nundah,Brisbane - North,Major Cities,Nudgee,Lilley,State-controlled,No Roadway Feature,Operating traffic lights,0 - 50 km/h,Sealed - Dry,Clear,Darkness - Lighted,Straight,Level,406,Veh'S Manoeuvring: Leaving Driveway,Vehicle leaving driveway,S,0,0,2,0,2,2,0,0,0,0,0,0