Crash_Severity,Crash_Year,Crash_Month,Crash_Day_Of_Week,Crash_Hour,Crash_Nature,Crash_Type,Crash_Longitude,Crash_Latitude,Crash_Street,Crash_Street_Intersecting,State_Road_Name,Loc_Suburb,Loc_Local_Government_Area,Loc_Post_Code,Loc_Police_Division,Loc_Police_District,Loc_Police_Region,Loc_Queensland_Transport_Region,Loc_Main_Roads_Region,Loc_ABS_Statistical_Area_2,Loc_ABS_Statistical_Area_3,Loc_ABS_Statistical_Area_4,Loc_ABS_Remoteness,Loc_State_Electorate,Loc_Federal_Electorate,Crash_Controlling_Authority,Crash_Roadway_Feature,Crash_Traffic_Control,Crash_Speed_Limit,Crash_Road_Surface_Condition,Crash_Atmospheric_Condition,Crash_Lighting_Condition,Crash_Road_Horiz_Align,Crash_Road_Vert_Align,Crash_DCA_Code,Crash_DCA_Description,Crash_DCA_Group_Description,DCA_Key_Approach_Dir,Count_Casualty_Fatality,Count_Casualty_Hospitalised,Count_Casualty_MedicallyTreated,Count_Casualty_MinorInjury,Count_Casualty_Total,Count_Unit_Car,Count_Unit_Motorcycle_Moped,Count_Unit_Truck,Count_Unit_Bus,Count_Unit_Bicycle,Count_Unit_Pedestrian,Count_Unit_Other,
349331,Medical treatment,2021,January,Monday,21,Sideswipe,Multi-Vehicle,153.09577,-27.37767045,Gateway Arterial Rd,,Gateway Arterial Road (Gateway Motorway - North),Banyo,Brisbane City,4014,Hendra,North Brisbane,Brisbane,SEQ North,Metropolitan,Nudgee - Banyo,Nundah,Brisbane - North,Major Cities,Nudgee,Lilley,State-controlled,No Roadway Feature,No traffic control,100 - 110 km/h,Sealed - Wet,Raining,Darkness - Lighted,Curved - view open,Level,305,Veh'S Same Direction: Lane Side Swipe,Lane changes,N,0,0,1,0,1,2,0,0,0,0,0,0
349332,Medical treatment,2021,January,Tuesday,14,Rear-end,Multi-Vehicle,153.110618,-27.43076045,Kingsford Smith Dr,,,Pinkenba,Brisbane City,4008,Hendra,North Brisbane,Brisbane,SEQ North,Metropolitan,Eagle Farm - Pinkenba,Nundah,Brisbane - North,Major Cities,Clayfield,Lilley,Locally-controlled,No Roadway Feature,No traffic control,60 km/h,Sealed - Dry,Clear,Daylight,Straight,Level,301,Veh'S Same Direction: Rear End,Rear-end,E,0,0,1,0,1,1,0,2,0,0,0,0
349333,Minor injury,2021,January,Tuesday,5,Rear-end,Multi-Vehicle,153.032836,-27.42872545,Albion Rd,Lutwyche Rd,,Windsor,Brisbane City,4030,Stafford,North Brisbane,Brisbane,SEQ North,Metropolitan,Windsor,Brisbane Inner - North,Brisbane Inner City,Major Cities,Clayfield,Brisbane,Locally-controlled,Intersection - T-Junction,Give way sign,60 km/h,Sealed - Dry,Clear,Dawn/Dusk,Straight,Level,302,Veh'S Same Direction: Left Rear,Rear-end,W,0,0,0,2,2,2,0,0,0,0,0,0
349334,Hospitalisation,2021,January,Friday,10,Sideswipe,Multi-Vehicle,153.077127,-27.43488745,Kingsford Smith Dr,,,Hamilton,Brisbane City,4007,Hendra,North Brisbane,Brisbane,SEQ North,Metropolitan,Hamilton (qld),Brisbane Inner - North,Brisbane Inner City,Major Cities,Clayfield,Brisbane,Locally-controlled,No Roadway Feature,No traffic control,60 km/h,Sealed - Dry,Clear,Daylight,Straight,Level,307,Veh'S Same Direction: Lane Change Left,Lane changes,N,0,1,0,0,1,0,1,1,0,0,0,0
349335,Hospitalisation,2021,January,Saturday,6,Angle,Multi-Vehicle,153.071704,-27.43148345,Jackson St,Nudgee Rd,,Ascot,Brisbane City,4007,Hendra,North Brisbane,Brisbane,SEQ North,Metropolitan,Ascot,Brisbane Inner - North,Brisbane Inner City,Major Cities,Clayfield,Brisbane,Locally-controlled,Intersection - T-Junction,No traffic control,60 km/h,Sealed - Dry,Clear,Dawn/Dusk,Straight,Level,107,Veh'S Adjacent Approach: Thru-Left,Intersection from adjacent approaches,N,0,1,0,0,1,1,0,0,0,1,0,0
349336,Minor injury,2021,January,Saturday,22,Hit pedestrian,Hit pedestrian,153.021906,-27.43678044,Granville St,Newmarket Rd,,Wilston,Brisbane City,4051,Stafford,North Brisbane,Brisbane,SEQ North,Metropolitan,Wilston,Brisbane Inner - North,Brisbane Inner City,Major Cities,Stafford,Brisbane,Locally-controlled,Intersection - T-Junction,No traffic control,60 km/h,Sealed - Dry,Clear,Darkness - Not lighted,Straight,Level,3,Ped'N: Far Side Vehicle Hit From Left,Pedestrian,W,0,0,0,1,1,1,0,0,0,0,1,0
349337,Medical treatment,2021,January,Wednesday,17,Fall from vehicle,Single Vehicle,153.027082,-27.43751344,Cox Rd,Green Tce,,Windsor,Brisbane City,4030,Stafford,North Brisbane,Brisbane,SEQ North,Metropolitan,Windsor,Brisbane Inner - North,Brisbane Inner City,Major Cities,Clayfield,Brisbane,Locally-controlled,Intersection - Cross,Operating traffic lights,60 km/h,Sealed - Dry,Clear,Daylight,Straight,Level,705,Off Path-Straight:Out Of Control On Cway,Out of control on straight,W,0,0,1,0,1,1,1,0,0,0,0,0
349338,Medical treatment,2021,January,Wednesday,10,Rear-end,Multi-Vehicle,153.0408662,-27.43181089,Hudson Rd,,,Albion,Brisbane City,4010,Hendra,North Brisbane,Brisbane,SEQ North,Metropolitan,Albion,Brisbane Inner - North,Brisbane Inner City,Major Cities,Clayfield,Brisbane,Locally-controlled,No Roadway Feature,No traffic control,0 - 50 km/h,Sealed - Dry,Clear,Daylight,Straight,Grade,301,Veh'S Same Direction: Rear End,Rear-end,S,0,0,1,0,1,2,0,0,0,0,0,0
349339,Medical treatment,2021,January,Thursday,12,Rear-end,Multi-Vehicle,153.062144,-27.38375245,Sandgate Rd,,Sandgate Sub-Arterial Road,Virginia,Brisbane City,4014,Hendra,North Brisbane,Brisbane,SEQ North,Metropolitan,Northgate - Virginia,Nundah,Brisbane - North,Major Cities,Nudgee,Lilley,State-controlled,No Roadway Feature,No traffic control,60 km/h,Sealed - Dry,Clear,Daylight,Straight,Level,301,Veh'S Same Direction: Rear End,Rear-end,S,0,0,1,0,1,3,0,0,0,0,0,0
349340,Medical treatment,2021,January,Saturday,11,Angle,Multi-Vehicle,153.056705,-27.41751245,Railway Pde,Sandgate Rd,,Clayfield,Brisbane City,4011,Hendra,North Brisbane,Brisbane,SEQ North,Metropolitan,Clayfield,Brisbane Inner - North,Brisbane Inner City,Major Cities,Clayfield,Brisbane,Locally-controlled,Intersection - Cross,Stop sign,70 km/h,Sealed - Dry,Clear,Daylight,Straight,Grade,101,Veh'S Adjacent Approach: Thru-Thru,Intersection from adjacent approaches,E,0,0,1,1,2,3,0,0,0,0,0,0
349341,Hospitalisation,2021,January,Sunday,13,Sideswipe,Multi-Vehicle,153.0936436,-27.40141702,Gateway Arterial Rd,,Gateway Motorway (Eight Mile Plains - Nudgee),Brisbane Airport,Brisbane City,4008,Hendra,North Brisbane,Brisbane,SEQ North,Metropolitan,Brisbane Airport,Nundah,Brisbane - North,Major Cities,Clayfield,Lilley,State-controlled,No Roadway Feature,No traffic control,100 - 110 km/h,Sealed - Dry,Clear,Daylight,Curved - view open,Level,307,Veh'S Same Direction: Lane Change Left,Lane changes,N,0,1,0,0,1,1,0,1,0,0,0,0
349342,Hospitalisation,2021,February,Monday,11,Angle,Multi-Vehicle,153.048022,-27.40180645,Buckland Rd,Power St,,Wavell Heights,Brisbane City,4012,Hendra,North Brisbane,Brisbane,SEQ North,Metropolitan,Wavell Heights,Chermside,Brisbane - North,Major Cities,Nudgee,Lilley,Locally-controlled,Intersection - Cross,Operating traffic lights,60 km/h,Sealed - Dry,Clear,Daylight,Straight,Grade,101,Veh'S Adjacent Approach: Thru-Thru,Intersection from adjacent approaches,S,0,2,0,0,2,0,1,0,1,0,0,0
349343,Minor injury,2021,February,Wednesday,7,Rear-end,Multi-Vehicle,153.100783,-27.36946945,Nudgee Rd,,,Nudgee Beach,Brisbane City,4014,Hendra,North Brisbane,Brisbane,SEQ North,Metropolitan,Nudgee - Banyo,Nundah,Brisbane - North,Major Cities,Clayfield,Lilley,Locally-controlled,No Roadway Feature,No traffic control,60 km/h,Sealed - Dry,Clear,Daylight,Straight,Level,301,Veh'S Same Direction: Rear End,Rear-end,S,0,0,0,1,1,1,0,0,0,1,0,0
349344,Hospitalisation,2021,February,Wednesday,9,Angle,Multi-Vehicle,153.088012,-27.43452445,Cullen Ave E,Links Ave North,,Eagle Farm,Brisbane City,4009,Hendra,North Brisbane,Brisbane,SEQ North,Metropolitan,Eagle Farm - Pinkenba,Nundah,Brisbane - North,Major Cities,Clayfield,Lilley,Locally-controlled,Intersection - Cross,Give way sign,60 km/h,Sealed - Dry,Clear,Daylight,Straight,Level,101,Veh'S Adjacent Approach: Thru-Thru,Intersection from adjacent approaches,N,0,1,0,0,1,1,0,1,0,0,0,0
349345,Hospitalisation,2021,February,Wednesday,14,Sideswipe,Multi-Vehicle,153.034571,-27.41322645,Gympie Rd,,East-West Arterial Road,Gordon Park,Brisbane City,4031,Hendra,North Brisbane,Brisbane,SEQ North,Metropolitan,Kedron - Gordon Park,Chermside,Brisbane - North,Major Cities,Stafford,Lilley,State-controlled,No Roadway Feature,No traffic control,60 km/h,Sealed - Dry,Clear,Daylight,Straight,Level,305,Veh'S Same Direction: Lane Side Swipe,Lane changes,N,0,1,0,1,2,3,0,0,0,0,0,0
349346,Medical treatment,2021,February,Friday,16,Rear-end,Multi-Vehicle,153.032836,-27.42872545,Albion Rd,Lutwyche Rd,,Windsor,Brisbane City,4030,Stafford,North Brisbane,Brisbane,SEQ North,Metropolitan,Windsor,Brisbane Inner - North,Brisbane Inner City,Major Cities,Clayfield,Brisbane,Locally-controlled,Intersection - T-Junction,Give way sign,60 km/h,Sealed - Dry,Clear,Daylight,Curved - view open,Level,302,Veh'S Same Direction: Left Rear,Rear-end,W,0,0,1,0,1,2,0,0,0,0,0,0
349347,Hospitalisation,2021,February,Sunday,19,Angle,Multi-Vehicle,153.0411547,-27.43056836,Albion Overpass,,,Albion,Brisbane City,4010,Hendra,North Brisbane,Brisbane,SEQ North,Metropolitan,Albion,Brisbane Inner - North,Brisbane Inner City,Major Cities,Clayfield,Brisbane,Locally-controlled,Intersection - Cross,Operating traffic lights,60 km/h,Sealed - Dry,Clear,Darkness - Lighted,Straight,Level,202,Veh'S Opposite Approach: Thru-Right,Opposing vehicles turning,S,0,1,0,0,1,2,0,0,0,0,0,0
349348,Medical treatment,2021,February,Monday,8,Rear-end,Multi-Vehicle,153.035753,-27.41416745,Lutwyche Rd,,East-West Arterial Road,Kedron,Brisbane City,4031,Hendra,North Brisbane,Brisbane,SEQ North,Metropolitan,Wooloowin - Lutwyche,Brisbane Inner - North,Brisbane Inner City,Major Cities,Clayfield,Brisbane,State-controlled,No Roadway Feature,No traffic control,60 km/h,Sealed - Dry,Clear,Daylight,Straight,Level,301,Veh'S Same Direction: Rear End,Rear-end,E,0,0,1,0,1,2,0,0,0,0,0,0
349349,Medical treatment,2021,February,Thursday,18,Rear-end,Multi-Vehicle,153.033556,-27.41242145,Gympie Rd,Stafford Rd,Gympie Arterial Road,Kedron,Brisbane City,4031,Stafford,North Brisbane,Brisbane,SEQ North,Metropolitan,Kedron - Gordon Park,Chermside,Brisbane - North,Major Cities,Stafford,Lilley,State-controlled,Intersection - Cross,Operating traffic lights,60 km/h,Sealed - Dry,Clear,Dawn/Dusk,Curved - view open,Level,302,Veh'S Same Direction: Left Rear,Rear-end,N,0,0,1,0,1,1,1,0,0,0,0,0
349350,Medical treatment,2021,February,Friday,22,Hit object,Single Vehicle,153.057789,-27.41695445,Sandgate Rd,,,Clayfield,Brisbane City,4011,Hendra,North Brisbane,Brisbane,SEQ North,Metropolitan,Clayfield,Brisbane Inner - North,Brisbane Inner City,Major Cities,Clayfield,Brisbane,Locally-controlled,No Roadway Feature,No traffic control,60 km/h,Sealed - Dry,Clear,Darkness - Lighted,Curved - view open,Level,803,Off Path-Curve: Off Cway Rt Bend Hit Obj,Off carriageway on curve hit object,S,0,0,1,0,1,1,0,0,0,0,0,0
349351,Medical treatment,2021,February,Friday,9,Angle,Multi-Vehicle,153.049804,-27.41882945,Bayview Tce,Queens Rd,,Clayfield,Brisbane City,4011,Hendra,North Brisbane,Brisbane,SEQ North,Metropolitan,Clayfield,Brisbane Inner - North,Brisbane Inner City,Major Cities,Clayfield,Brisbane,Locally-controlled,Intersection - T-Junction,No traffic control,0 - 50 km/h,Sealed - Dry,Clear,Daylight,Straight,Level,408,Veh'S Manoeuvring: Entering From Footway,Vehicle leaving driveway,E,0,0,1,0,1,2,0,0,0,0,0,0
349352,Medical treatment,2021,February,Saturday,15,Rear-end,Multi-Vehicle,153.049277,-27.44005345,Cooksley St,Kingsford Smith Dr,,Hamilton,Brisbane City,4007,Hendra,North Brisbane,Brisbane,SEQ North,Metropolitan,Hamilton (qld),Brisbane Inner - North,Brisbane Inner City,Major Cities,Clayfield,Brisbane,Locally-controlled,Intersection - T-Junction,Operating traffic lights,60 km/h,Sealed - Dry,Clear,Daylight,Curved - view open,Level,301,Veh'S Same Direction: Rear End,Rear-end,S,0,0,1,0,1,2,0,0,0,0,0,0
349353,Medical treatment,2021,February,Tuesday,16,Rear-end,Multi-Vehicle,153.018549,-27.42948944,Kedron Brook Rd,,,Wilston,Brisbane City,4051,Stafford,North Brisbane,Brisbane,SEQ North,Metropolitan,Wilston,Brisbane Inner - North,Brisbane Inner City,Major Cities,Stafford,Brisbane,Locally-controlled,No Roadway Feature,No traffic control,0 - 50 km/h,Sealed - Wet,Raining,Daylight,Curved - view open,Grade,301,Veh'S Same Direction: Rear End,Rear-end,N,0,0,1,0,1,2,0,0,0,0,0,0
349354,Hospitalisation,2021,February,Wednesday,4,Angle,Multi-Vehicle,153.059286,-27.39206845,Hamilton Rd,Sandgate Rd,Sandgate Sub-Arterial Road,Nundah,Brisbane City,4012,Hendra,North Brisbane,Brisbane,SEQ North,Metropolitan,Wavell Heights,Chermside,Brisbane - North,Major Cities,Nudgee,Lilley,State-controlled,Intersection - T-Junction,Operating traffic lights,60 km/h,Sealed - Dry,Clear,Darkness - Lighted,Straight,Grade,202,Veh'S Opposite Approach: Thru-Right,Opposing vehicles turning,S,0,1,0,0,1,2,0,0,0,0,0,0
349355,Hospitalisation,2021,February,Wednesday,5,Hit parked vehicle,Single Vehicle,153.0588328,-27.43025502,Lancaster Rd,,,Ascot,Brisbane City,4007,Hendra,North Brisbane,Brisbane,SEQ North,Metropolitan,Ascot,Brisbane Inner - North,Brisbane Inner City,Major Cities,Clayfield,Brisbane,Locally-controlled,No Roadway Feature,No traffic control,0 - 50 km/h,Sealed - Dry,Clear,Dawn/Dusk,Straight,Grade,604,Veh'S On Path: Car Door,Hit parked vehicle,E,0,1,0,0,1,1,0,0,0,1,0,0
349356,Hospitalisation,2021,February,Sunday,2,Hit object,Single Vehicle,153.111098,-27.43581545,Macarthur Ave,Parker Ct,,Pinkenba,Brisbane City,4008,Hendra,North Brisbane,Brisbane,SEQ North,Metropolitan,Eagle Farm - Pinkenba,Nundah,Brisbane - North,Major Cities,Clayfield,Lilley,Locally-controlled,Intersection - T-Junction,No traffic control,0 - 50 km/h,Sealed - Dry,Clear,Darkness - Lighted,Curved - view open,Level,804,Off Path-Curve: Off Cway Lt Bend Hit Obj,Off carriageway on curve hit object,E,0,1,0,0,1,2,0,0,0,0,0,0
349357,Hospitalisation,2021,February,Monday,17,Rear-end,Multi-Vehicle,153.069919,-27.43769445,Kingsford Smith Dr,Nudgee Rd,,Hamilton,Brisbane City,4007,Hendra,North Brisbane,Brisbane,SEQ North,Metropolitan,Hamilton (qld),Brisbane Inner - North,Brisbane Inner City,Major Cities,Clayfield,Brisbane,Locally-controlled,No Roadway Feature,No traffic control,60 km/h,Sealed - Dry,Clear,Daylight,Straight,Level,408,Veh'S Manoeuvring: Entering From Footway,Vehicle leaving driveway,N,0,1,0,0,1,1,1,0,0,0,0,0
349358,Medical treatment,2021,February,Monday,20,Rear-end,Multi-Vehicle,153.04787,-27.40270845,Huet St,Shaw Rd,,Wavell Heights,Brisbane City,4012,Hendra,North Brisbane,Brisbane,SEQ North,Metropolitan,Wavell Heights,Chermside,Brisbane - North,Major Cities,Nudgee,Lilley,Locally-controlled,Intersection - Cross,No traffic control,60 km/h,Sealed - Dry,Clear,Darkness - Lighted,Straight,Level,301,Veh'S Same Direction: Rear End,Rear-end,N,0,0,1,0,1,1,1,0,0,0,0,0
349359,Medical treatment,2021,March,Tuesday,6,Angle,Multi-Vehicle,153.067366,-27.38196345,Nixon St,St Vincents Rd,,Virginia,Brisbane City,4014,Hendra,North Brisbane,Brisbane,SEQ North,Metropolitan,Northgate - Virginia,Nundah,Brisbane - North,Major Cities,Nudgee,Lilley,Locally-controlled,Intersection - T-Junction,Give way sign,60 km/h,Sealed - Dry,Clear,Daylight,Straight,Level,101,Veh'S Adjacent Approach: Thru-Thru,Intersection from adjacent approaches,N,0,0,2,0,2,2,0,0,0,0,0,0
349360,Hospitalisation,2021,March,Wednesday,22,Hit pedestrian,Hit pedestrian,153.111098,-27.43581545,Macarthur Ave,Parker Ct,,Pinkenba,Brisbane City,4008,Hendra,North Brisbane,Brisbane,SEQ North,Metropolitan,Eagle Farm - Pinkenba,Nundah,Brisbane - North,Major Cities,Clayfield,Lilley,Locally-controlled,No Roadway Feature,No traffic control,0 - 50 km/h,Sealed - Dry,Clear,Darkness - Lighted,Curved - view open,Level,4,Ped'N: Play; Work; Stand; Lie On C'Way,Pedestrian,U,0,1,0,0,1,1,0,0,0,0,1,0
349361,Minor injury,2021,March,Wednesday,2,Rear-end,Multi-Vehicle,153.032836,-27.42872545,Albion Rd,Lutwyche Rd,,Windsor,Brisbane City,4030,Stafford,North Brisbane,Brisbane,SEQ North,Metropolitan,Windsor,Brisbane Inner - North,Brisbane Inner City,Major Cities,Clayfield,Brisbane,Locally-controlled,Intersection - T-Junction,Operating traffic lights,60 km/h,Sealed - Dry,Clear,Daylight,Curved - view open,Grade,302,Veh'S Same Direction: Left Rear,Rear-end,W,0,0,0,1,1,2,0,0,0,0,0,0
349362,Medical treatment,2021,March,Friday,10,Fall from vehicle,Single Vehicle,153.070769,-27.43745045,Kingsford Smith Dr,Nudgee Rd,,Hamilton,Brisbane City,4007,Hendra,North Brisbane,Brisbane,SEQ North,Metropolitan,Hamilton (qld),Brisbane Inner - North,Brisbane Inner City,Major Cities,Clayfield,Brisbane,Locally-controlled,Intersection - Cross,Operating traffic lights,60 km/h,Sealed - Dry,Clear,Daylight,Straight,Level,707,Off Path-Straight: Right Turn,Off carriageway on straight,S,0,0,1,0,1,0,1,0,0,0,0,0
349363,Medical treatment,2021,March,Friday,7,Rear-end,Multi-Vehicle,153.063118,-27.38179945,Sandgate Rd,Sandgate Sub-Arterial Rd,Sandgate Sub-Arterial Road,Virginia,Brisbane City,4014,Boondall,North Brisbane,Brisbane,SEQ North,Metropolitan,Northgate - Virginia,Nundah,Brisbane - North,Major Cities,Nudgee,Lilley,State-controlled,Intersection - Interchange,Give way sign,60 km/h,Sealed - Dry,Clear,Daylight,Straight,Level,302,Veh'S Same Direction: Left Rear,Rear-end,S,0,0,1,0,1,1,0,1,0,0,0,0
349364,Minor injury,2021,March,Friday,19,Angle,Multi-Vehicle,153.0945044,-27.43346493,Gateway Arterial Rd,,Gateway Motorway (Eight Mile Plains - Nudgee),Eagle Farm,Brisbane City,4009,Hendra,North Brisbane,Brisbane,SEQ North,Metropolitan,Eagle Farm - Pinkenba,Nundah,Brisbane - North,Major Cities,Clayfield,Lilley,State-controlled,No Roadway Feature,No traffic control,80 - 90 km/h,Sealed - Dry,Clear,Darkness - Lighted,Straight,Grade,307,Veh'S Same Direction: Lane Change Left,Lane changes,N,0,0,0,1,1,1,0,1,0,0,0,0
349365,Hospitalisation,2021,March,Saturday,19,Angle,Multi-Vehicle,153.063015,-27.42522745,Kitchener Rd,Palm Ave,,Ascot,Brisbane City,4007,Hendra,North Brisbane,Brisbane,SEQ North,Metropolitan,Ascot,Brisbane Inner - North,Brisbane Inner City,Major Cities,Clayfield,Brisbane,Locally-controlled,Intersection - T-Junction,No traffic control,0 - 50 km/h,Sealed - Dry,Clear,Darkness - Lighted,Straight,Level,202,Veh'S Opposite Approach: Thru-Right,Opposing vehicles turning,,0,1,0,0,1,1,1,0,0,0,0,0
349366,Medical treatment,2021,March,Sunday,9,Rear-end,Multi-Vehicle,153.071736,-27.43157545,Jackson St,Nudgee Rd,,Ascot,Brisbane City,4007,Hendra,North Brisbane,Brisbane,SEQ North,Metropolitan,Ascot,Brisbane Inner - North,Brisbane Inner City,Major Cities,Clayfield,Brisbane,Locally-controlled,Intersection - T-Junction,No traffic control,60 km/h,Sealed - Dry,Clear,Daylight,Straight,Level,302,Veh'S Same Direction: Left Rear,Rear-end,E,0,0,1,0,1,1,0,0,0,1,0,0
349367,Hospitalisation,2021,March,Monday,16,Sideswipe,Multi-Vehicle,153.03197,-27.43146445,Airport Link,,Airport Link Tunnel,Windsor,Brisbane City,4030,Stafford,North Brisbane,Brisbane,SEQ North,Metropolitan,Windsor,Brisbane Inner - North,Brisbane Inner City,Major Cities,Clayfield,Brisbane,State-controlled,No Roadway Feature,No traffic control,80 - 90 km/h,Sealed - Dry,Clear,Darkness - Lighted,Straight,Level,307,Veh'S Same Direction: Lane Change Left,Lane changes,N,0,1,0,0,1,1,0,0,0,0,0,1
349368,Hospitalisation,2021,March,Tuesday,16,Angle,Multi-Vehicle,153.04778,-27.41119245,Dawson St,Lydia St,Airport Link Tunnel,Kalinga,Brisbane City,4030,Hendra,North Brisbane,Brisbane,SEQ North,Metropolitan,Wooloowin - Lutwyche,Brisbane Inner - North,Brisbane Inner City,Major Cities,Clayfield,Brisbane,State-controlled,Intersection - Cross,Stop sign,0 - 50 km/h,Sealed - Wet,Clear,Daylight,Straight,Grade,101,Veh'S Adjacent Approach: Thru-Thru,Intersection from adjacent approaches,W,0,1,0,0,1,2,0,0,0,0,0,0
349369,Minor injury,2021,March,Wednesday,22,Rear-end,Multi-Vehicle,153.045234,-27.42800245,Ford St,Sandgate Rd,,Clayfield,Brisbane City,4011,Hendra,North Brisbane,Brisbane,SEQ North,Metropolitan,Albion,Brisbane Inner - North,Brisbane Inner City,Major Cities,Clayfield,Brisbane,Locally-controlled,Intersection - Cross,No traffic control,60 km/h,Sealed - Wet,Raining,Darkness - Lighted,Curved - view open,Grade,301,Veh'S Same Direction: Rear End,Rear-end,N,0,0,0,1,1,4,0,0,0,0,0,0
349370,Hospitalisation,2021,March,Thursday,23,Angle,Multi-Vehicle,153.073377,-27.42129745,Flemington St,Nudgee Rd,,Hendra,Brisbane City,4011,Hendra,North Brisbane,Brisbane,SEQ North,Metropolitan,Hendra,Brisbane Inner - North,Brisbane Inner City,Major Cities,Clayfield,Brisbane,Locally-controlled,Intersection - T-Junction,Give way sign,60 km/h,Sealed - Wet,Clear,Darkness - Lighted,Straight,Level,104,Veh'S Adjacent Approach: Thru-Right,Intersection from adjacent approaches,N,0,1,1,0,2,1,2,0,0,0,0,0
349542,Hospitalisation,2021,January,Wednesday,6,Angle,Multi-Vehicle,151.9067991,-27.56299334,Glenvale Rd,Mcdougall St,,Glenvale,Toowoomba Region,4350,Toowoomba,Darling Downs,Southern,Southern,Southern Queensland,Toowoomba - West,Toowoomba,Toowoomba,Inner Regional,Toowoomba South,Groom,Locally-controlled,Intersection - Roundabout,Give way sign,60 km/h,Sealed - Wet,Raining,Darkness - Not lighted,Straight,Grade,101,Veh'S Adjacent Approach: Thru-Thru,Intersection from adjacent approaches,S,0,1,0,0,1,2,0,0,0,0,0,0
349543,Hospitalisation,2021,January,Saturday,15,Angle,Multi-Vehicle,151.9753501,-27.56790934,Cohoe St,Herries St,Toowoomba Connection Road,East Toowoomba,Toowoomba Region,4350,Toowoomba,Darling Downs,Southern,Southern,Southern Queensland,Toowoomba - East,Toowoomba,Toowoomba,Inner Regional,Toowoomba North,Groom,State-controlled,Intersection - Cross,Operating traffic lights,60 km/h,Sealed - Dry,Clear,Daylight,Straight,Level,202,Veh'S Opposite Approach: Thru-Right,Opposing vehicles turning,W,0,1,0,0,1,2,0,0,0,0,0,0
349544,Hospitalisation,2021,January,Monday,6,Hit object,Single Vehicle,151.9190601,-27.52778234,Reserve Rd,Sanctuary Dr,,Cranley,Toowoomba Region,4350,Toowoomba,Darling Downs,Southern,Southern,Southern Queensland,Wilsonton,Toowoomba,Toowoomba,Inner Regional,Toowoomba North,Groom,Locally-controlled,Intersection - Roundabout,Give way sign,0 - 50 km/h,Sealed - Dry,Clear,Dawn/Dusk,Straight,Level,708,Off Path-Straight: Mounts Traffic Island,Off carriageway on straight hit object,E,0,1,0,0,1,1,0,0,0,0,0,0
349545,Hospitalisation,2021,January,Monday,9,Rear-end,Multi-Vehicle,151.8633982,-27.52477633,Gore Hwy,Toowoomba Connection Rd,Toowoomba Connection Road,Charlton,Toowoomba Region,4350,Toowoomba,Darling Downs,Southern,Southern,Southern Queensland,Toowoomba - West,Toowoomba,Toowoomba,Inner Regional,Condamine,Groom,State-controlled,Intersection - Interchange,Operating traffic lights,80 - 90 km/h,Sealed - Dry,Clear,Daylight,Curved - view open,Level,301,Veh'S Same Direction: Rear End,Rear-end,W,0,1,0,0,1,2,0,0,0,0,0,0
349546,Medical treatment,2021,January,Tuesday,7,Angle,Multi-Vehicle,151.9579721,-27.56541234,Herries St,,,East Toowoomba,Toowoomba Region,4350,Toowoomba,Darling Downs,Southern,Southern,Southern Queensland,Toowoomba - East,Toowoomba,Toowoomba,Inner Regional,Toowoomba North,Groom,Locally-controlled,No Roadway Feature,No traffic control,60 km/h,Sealed - Dry,Clear,Daylight,Straight,Level,400,Veh'S Manoeuvring: Other,Other,S,0,0,1,0,1,1,0,0,0,1,0,0
349547,Hospitalisation,2021,January,Saturday,16,Angle,Multi-Vehicle,151.9543822,-27.44561334,O'Brien Rd,Reis Rd,,Highfields,Toowoomba Region,4352,Highfields,Darling Downs,Southern,Southern,Southern Queensland,Highfields,Toowoomba,Toowoomba,Inner Regional,Toowoomba North,Groom,Locally-controlled,Intersection - Cross,Give way sign,0 - 50 km/h,Sealed - Dry,Clear,Daylight,Curved - view open,Grade,101,Veh'S Adjacent Approach: Thru-Thru,Intersection from adjacent approaches,S,0,1,1,1,3,1,1,0,0,0,0,0
349548,Medical treatment,2021,January,Saturday,19,Angle,Multi-Vehicle,151.9717641,-27.57527134,Curzon St,Perth St,,Rangeville,Toowoomba Region,4350,Toowoomba,Darling Downs,Southern,Southern,Southern Queensland,Rangeville,Toowoomba,Toowoomba,Inner Regional,Toowoomba South,Groom,Locally-controlled,Intersection - Cross,Give way sign,60 km/h,Sealed - Dry,Clear,Dawn/Dusk,Straight,Level,101,Veh'S Adjacent Approach: Thru-Thru,Intersection from adjacent approaches,N,0,0,1,0,1,2,0,0,0,0,0,0
349549,Hospitalisation,2021,January,Monday,14,Rear-end,Multi-Vehicle,151.9285371,-27.55739234,Tor St,,Toowoomba Connection Road,Newtown,Toowoomba Region,4350,Toowoomba,Darling Downs,Southern,Southern,Southern Queensland,Newtown (qld),Toowoomba,Toowoomba,Inner Regional,Toowoomba North,Groom,State-controlled,No Roadway Feature,No traffic control,0 - 50 km/h,Sealed - Dry,Clear,Daylight,Straight,Dip,301,Veh'S Same Direction: Rear End,Rear-end,N,0,1,1,0,2,2,0,0,0,0,0,0
349550,Hospitalisation,2021,January,Tuesday,8,Angle,Multi-Vehicle,151.9643741,-27.57030634,James St,Kitchener St,Toowoomba Connection Road,East Toowoomba,Toowoomba Region,4350,Toowoomba,Darling Downs,Southern,Southern,Southern Queensland,Toowoomba - East,Toowoomba,Toowoomba,Inner Regional,Toowoomba North,Groom,State-controlled,Intersection - Cross,Operating traffic lights,60 km/h,Sealed - Dry,Clear,Daylight,Straight,Level,202,Veh'S Opposite Approach: Thru-Right,Opposing vehicles turning,W,0,1,0,0,1,2,0,0,0,0,0,0