Crash_Severity,Crash_Year,Crash_Month,Crash_Day_Of_Week,Crash_Hour,Crash_Nature,Crash_Type,Crash_Longitude,Crash_Latitude,Crash_Street,Crash_Street_Intersecting,State_Road_Name,Loc_Suburb,Loc_Local_Government_Area,Loc_Post_Code,Loc_Police_Division,Loc_Police_District,Loc_Police_Region,Loc_Queensland_Transport_Region,Loc_Main_Roads_Region,Loc_ABS_Statistical_Area_2,Loc_ABS_Statistical_Area_3,Loc_ABS_Statistical_Area_4,Loc_ABS_Remoteness,Loc_State_Electorate,Loc_Federal_Electorate,Crash_Controlling_Authority,Crash_Roadway_Feature,Crash_Traffic_Control,Crash_Speed_Limit,Crash_Road_Surface_Condition,Crash_Atmospheric_Condition,Crash_Lighting_Condition,Crash_Road_Horiz_Align,Crash_Road_Vert_Align,Crash_DCA_Code,Crash_DCA_Description,Crash_DCA_Group_Description,DCA_Key_Approach_Dir,Count_Casualty_Fatality,Count_Casualty_Hospitalised,Count_Casualty_MedicallyTreated,Count_Casualty_MinorInjury,Count_Casualty_Total,Count_Unit_Car,Count_Unit_Motorcycle_Moped,Count_Unit_Truck,Count_Unit_Bus,Count_Unit_Bicycle,Count_Unit_Pedestrian,Count_Unit_Other,
349551,Hospitalisation,2021,January,Wednesday,10,Rear-end,Multi-Vehicle,151.9534341,-27.56026934,Ruthven St,,,Toowoomba City,Toowoomba Region,4350,Toowoomba,Darling Downs,Southern,Southern,Southern Queensland,Toowoomba - Central,Toowoomba,Toowoomba,Inner Regional,Toowoomba North,Groom,Locally-controlled,No Roadway Feature,No traffic control,0 - 50 km/h,Sealed - Dry,Clear,Daylight,Straight,Level,301,Veh'S Same Direction: Rear End,Rear-end,N,0,1,1,0,2,3,0,0,0,0,0,0
349552,Hospitalisation,2021,January,Saturday,22,Rear-end,Multi-Vehicle,151.9392011,-27.58340934,Alderley St,West St,,Harristown,Toowoomba Region,4350,Toowoomba,Darling Downs,Southern,Southern,Southern Queensland,Drayton - Harristown,Toowoomba,Toowoomba,Inner Regional,Toowoomba South,Groom,Locally-controlled,Intersection - Cross,Operating traffic lights,60 km/h,Sealed - Dry,Clear,Darkness - Lighted,Straight,Grade,303,Veh'S Same Direction: Right Rear,Rear-end,E,0,1,0,0,1,2,0,0,0,0,0,0
349553,Hospitalisation,2021,January,Sunday,11,Rear-end,Multi-Vehicle,151.9533131,-27.58726134,Cousins St,Hume St,,Kearneys Spring,Toowoomba Region,4350,Toowoomba,Darling Downs,Southern,Southern,Southern Queensland,Toowoomba - Central,Toowoomba,Toowoomba,Inner Regional,Toowoomba South,Groom,Locally-controlled,Intersection - T-Junction,No traffic control,60 km/h,Sealed - Dry,Clear,Daylight,Straight,Level,303,Veh'S Same Direction: Right Rear,Rear-end,S,0,1,0,0,1,2,0,0,0,0,0,0
349554,Hospitalisation,2021,January,Sunday,14,Angle,Multi-Vehicle,151.9753501,-27.56790934,Cohoe St,Herries St,Toowoomba Connection Road,East Toowoomba,Toowoomba Region,4350,Toowoomba,Darling Downs,Southern,Southern,Southern Queensland,Toowoomba - East,Toowoomba,Toowoomba,Inner Regional,Toowoomba North,Groom,State-controlled,Intersection - Cross,Operating traffic lights,60 km/h,Sealed - Dry,Clear,Daylight,Straight,Grade,202,Veh'S Opposite Approach: Thru-Right,Opposing vehicles turning,W,0,1,0,0,1,2,0,0,0,0,0,0
349555,Hospitalisation,2021,January,Wednesday,7,Angle,Multi-Vehicle,151.9412232,-27.47444334,Cawdor Rd,New England Hwy,New England Highway (Yarraman - Toowoomba),Highfields,Toowoomba Region,4352,Highfields,Darling Downs,Southern,Southern,Southern Queensland,Highfields,Toowoomba,Toowoomba,Inner Regional,Toowoomba North,Groom,State-controlled,Intersection - Cross,Operating traffic lights,70 km/h,Sealed - Dry,Clear,Daylight,Straight,Level,202,Veh'S Opposite Approach: Thru-Right,Opposing vehicles turning,E,0,2,0,0,2,2,0,0,0,0,0,0
349556,Hospitalisation,2021,January,Wednesday,5,Hit pedestrian,Hit pedestrian,151.9323782,-27.47090134,Granada Dr,,,Highfields,Toowoomba Region,4352,Highfields,Darling Downs,Southern,Southern,Southern Queensland,Highfields,Toowoomba,Toowoomba,Inner Regional,Toowoomba North,Groom,Locally-controlled,No Roadway Feature,No traffic control,60 km/h,Sealed - Dry,Clear,Dawn/Dusk,Curved - view open,Grade,5,Ped'N: Hit Walking With Traffic,Pedestrian,E,0,1,0,0,1,1,0,0,0,0,1,0
349557,Hospitalisation,2021,January,Wednesday,17,Angle,Multi-Vehicle,151.9681991,-27.55024934,Alford St,Mary St,,Mount Lofty,Toowoomba Region,4350,Toowoomba,Darling Downs,Southern,Southern,Southern Queensland,Toowoomba - East,Toowoomba,Toowoomba,Inner Regional,Toowoomba North,Groom,Locally-controlled,Intersection - Cross,Give way sign,60 km/h,Sealed - Dry,Clear,Daylight,Straight,Crest,101,Veh'S Adjacent Approach: Thru-Thru,Intersection from adjacent approaches,S,0,2,0,0,2,2,0,0,0,0,0,0
349558,Medical treatment,2021,January,Thursday,7,Head-on,Multi-Vehicle,151.9461192,-27.43667934,Sportsman Dr,Webcke Cr,,Kleinton,Toowoomba Region,4352,Highfields,Darling Downs,Southern,Southern,Southern Queensland,Highfields,Toowoomba,Toowoomba,Inner Regional,Toowoomba North,Groom,Locally-controlled,Intersection - T-Junction,No traffic control,0 - 50 km/h,Sealed - Wet,Raining,Daylight,Curved - view open,Level,201,Veh'S Opposite Approach: Head On,Head-on,S,0,0,1,0,1,2,0,0,0,0,0,0
349559,Hospitalisation,2021,January,Thursday,16,Angle,Multi-Vehicle,151.9543822,-27.44561334,O'Brien Rd,Reis Rd,,Highfields,Toowoomba Region,4352,Highfields,Darling Downs,Southern,Southern,Southern Queensland,Highfields,Toowoomba,Toowoomba,Inner Regional,Toowoomba North,Groom,Locally-controlled,Intersection - Cross,Give way sign,60 km/h,Sealed - Dry,Clear,Daylight,Curved - view obscured,Grade,202,Veh'S Opposite Approach: Thru-Right,Opposing vehicles turning,E,0,1,0,0,1,2,0,0,0,0,0,0
349560,Minor injury,2021,January,Friday,8,Sideswipe,Multi-Vehicle,151.9327331,-27.58456034,Cortess St,Drayton Rd,,Harristown,Toowoomba Region,4350,Toowoomba,Darling Downs,Southern,Southern,Southern Queensland,Drayton - Harristown,Toowoomba,Toowoomba,Inner Regional,Toowoomba South,Groom,Locally-controlled,Intersection - T-Junction,Give way sign,60 km/h,Sealed - Dry,Clear,Daylight,Straight,Level,205,Veh'S Opposite Approach: Thru-Left,Opposing vehicles turning,N,0,0,0,1,1,2,0,0,0,0,0,0
349561,Minor injury,2021,January,Saturday,10,Angle,Multi-Vehicle,151.9199651,-27.58071734,Alderley St,Anzac Ave,Toowoomba - Athol Road,Harristown,Toowoomba Region,4350,Toowoomba,Darling Downs,Southern,Southern,Southern Queensland,Drayton - Harristown,Toowoomba,Toowoomba,Inner Regional,Toowoomba South,Groom,State-controlled,Intersection - Cross,Operating traffic lights,60 km/h,Sealed - Dry,Clear,Daylight,Straight,Grade,202,Veh'S Opposite Approach: Thru-Right,Opposing vehicles turning,W,0,0,0,1,1,2,0,0,0,0,0,0
349562,Medical treatment,2021,February,Monday,17,Rear-end,Multi-Vehicle,151.9493451,-27.56831934,James St,,Toowoomba Connection Road,Toowoomba City,Toowoomba Region,4350,Toowoomba,Darling Downs,Southern,Southern,Southern Queensland,Toowoomba - Central,Toowoomba,Toowoomba,Inner Regional,Toowoomba North,Groom,State-controlled,No Roadway Feature,No traffic control,60 km/h,Sealed - Dry,Clear,Daylight,Straight,Level,301,Veh'S Same Direction: Rear End,Rear-end,E,0,0,1,0,1,2,0,0,0,0,0,0
349563,Hospitalisation,2021,February,Tuesday,12,Hit object,Single Vehicle,151.9706401,-27.58119234,South St,,,Centenary Heights,Toowoomba Region,4350,Toowoomba,Darling Downs,Southern,Southern,Southern Queensland,Toowoomba - Central,Toowoomba,Toowoomba,Inner Regional,Toowoomba South,Groom,Locally-controlled,Bridge/Causeway,No traffic control,60 km/h,Sealed - Wet,Clear,Daylight,Straight,Dip,703,Off Path-Straight: Left Off Cway Hit Obj,Off carriageway on straight hit object,W,0,1,0,0,1,1,0,0,0,0,0,0
349564,Hospitalisation,2021,February,Wednesday,5,Hit object,Single Vehicle,151.9364754,-27.54917534,Bridge St,,,Newtown,Toowoomba Region,4350,Toowoomba,Darling Downs,Southern,Southern,Southern Queensland,Newtown (qld),Toowoomba,Toowoomba,Inner Regional,Toowoomba North,Groom,Locally-controlled,No Roadway Feature,No traffic control,60 km/h,Sealed - Dry,Clear,Dawn/Dusk,Straight,Level,703,Off Path-Straight: Left Off Cway Hit Obj,Off carriageway on straight hit object,W,0,1,0,0,1,1,0,0,0,0,0,0
349565,Hospitalisation,2021,February,Wednesday,15,Angle,Multi-Vehicle,151.9428041,-27.56313834,Herries St,West St,,Newtown,Toowoomba Region,4350,Toowoomba,Darling Downs,Southern,Southern,Southern Queensland,Newtown (qld),Toowoomba,Toowoomba,Inner Regional,Toowoomba North,Groom,Locally-controlled,Intersection - Cross,Operating traffic lights,60 km/h,Sealed - Dry,Clear,Daylight,Straight,Level,202,Veh'S Opposite Approach: Thru-Right,Opposing vehicles turning,S,0,1,0,0,1,2,0,0,0,0,0,0
349566,Hospitalisation,2021,February,Wednesday,17,Angle,Multi-Vehicle,151.936713,-27.57054654,Dunne St,,,Harristown,Toowoomba Region,4350,Toowoomba,Darling Downs,Southern,Southern,Southern Queensland,Drayton - Harristown,Toowoomba,Toowoomba,Inner Regional,Toowoomba South,Groom,Locally-controlled,Intersection - Cross,Give way sign,0 - 50 km/h,Sealed - Dry,Clear,Daylight,Straight,Level,101,Veh'S Adjacent Approach: Thru-Thru,Intersection from adjacent approaches,S,0,2,0,0,2,2,0,0,0,0,0,0
349567,Minor injury,2021,February,Thursday,8,Angle,Multi-Vehicle,151.9321371,-27.56613934,James St,,Toowoomba Connection Road,Harristown,Toowoomba Region,4350,Toowoomba,Darling Downs,Southern,Southern,Southern Queensland,Drayton - Harristown,Toowoomba,Toowoomba,Inner Regional,Toowoomba South,Groom,State-controlled,No Roadway Feature,No traffic control,60 km/h,Sealed - Dry,Clear,Daylight,Straight,Level,400,Veh'S Manoeuvring: Other,Other,N,0,0,0,1,1,1,0,0,0,1,0,0
349568,Hospitalisation,2021,February,Saturday,9,Hit parked vehicle,Single Vehicle,151.9664601,-27.56921534,John St,,,East Toowoomba,Toowoomba Region,4350,Toowoomba,Darling Downs,Southern,Southern,Southern Queensland,Toowoomba - East,Toowoomba,Toowoomba,Inner Regional,Toowoomba North,Groom,Locally-controlled,No Roadway Feature,No traffic control,0 - 50 km/h,Sealed - Dry,Clear,Daylight,Straight,Level,601,Veh'S On Path: Parked,Hit parked vehicle,S,0,1,0,0,1,2,0,0,0,0,0,0
349569,Hospitalisation,2021,February,Saturday,13,Hit object,Single Vehicle,151.9593311,-27.52611434,New England Hwy,,New England Highway (Yarraman - Toowoomba),Harlaxton,Toowoomba Region,4350,Toowoomba,Darling Downs,Southern,Southern,Southern Queensland,North Toowoomba - Harlaxton,Toowoomba,Toowoomba,Inner Regional,Toowoomba North,Groom,State-controlled,No Roadway Feature,No traffic control,80 - 90 km/h,Sealed - Dry,Clear,Daylight,Curved - view open,Grade,808,Off Path-Curve: Mounts Traffic Island,Off carriageway on curve hit object,S,0,1,0,0,1,0,1,0,0,0,0,0
349570,Hospitalisation,2021,February,Monday,8,Hit pedestrian,Hit pedestrian,151.9321551,-27.58652234,Drayton Rd,Eiser St,,Harristown,Toowoomba Region,4350,Toowoomba,Darling Downs,Southern,Southern,Southern Queensland,Drayton - Harristown,Toowoomba,Toowoomba,Inner Regional,Toowoomba South,Groom,Locally-controlled,Intersection - T-Junction,No traffic control,60 km/h,Sealed - Dry,Clear,Daylight,Straight,Level,1,Ped'N: Near Side Vehicle Hit From Right,Pedestrian,S,0,1,0,0,1,1,0,0,0,0,1,0
349571,Minor injury,2021,February,Monday,9,Angle,Multi-Vehicle,151.9365051,-27.59907834,Spring St,West St,,Darling Heights,Toowoomba Region,4350,Toowoomba,Darling Downs,Southern,Southern,Southern Queensland,Darling Heights,Toowoomba,Toowoomba,Inner Regional,Toowoomba South,Groom,Locally-controlled,Intersection - T-Junction,Operating traffic lights,60 km/h,Sealed - Dry,Clear,Daylight,Straight,Level,303,Veh'S Same Direction: Right Rear,Rear-end,N,0,0,0,1,1,2,0,0,0,0,0,0
349572,Hospitalisation,2021,February,Tuesday,16,Fall from vehicle,Single Vehicle,151.8937471,-27.56121133,Glen Ct,Glenvale Rd,,Glenvale,Toowoomba Region,4350,Toowoomba,Darling Downs,Southern,Southern,Southern Queensland,Toowoomba - West,Toowoomba,Toowoomba,Inner Regional,Condamine,Groom,Locally-controlled,Intersection - T-Junction,Give way sign,60 km/h,Sealed - Dry,Clear,Daylight,Straight,Level,400,Veh'S Manoeuvring: Other,Other,N,0,1,0,0,1,0,1,0,0,0,0,0
349573,Hospitalisation,2021,February,Friday,8,Angle,Multi-Vehicle,151.9523981,-27.56676134,Joseph St,Ruthven St,,Toowoomba City,Toowoomba Region,4350,Toowoomba,Darling Downs,Southern,Southern,Southern Queensland,Toowoomba - Central,Toowoomba,Toowoomba,Inner Regional,Toowoomba North,Groom,Locally-controlled,Intersection - T-Junction,Give way sign,60 km/h,Sealed - Dry,Clear,Daylight,Straight,Level,408,Veh'S Manoeuvring: Entering From Footway,Vehicle leaving driveway,N,0,1,0,0,1,1,0,0,0,1,0,0
349574,Medical treatment,2021,February,Friday,5,Angle,Multi-Vehicle,151.9556561,-27.54600334,Jellicoe St,Ruthven St,New England Highway (Yarraman - Toowoomba),North Toowoomba,Toowoomba Region,4350,Toowoomba,Darling Downs,Southern,Southern,Southern Queensland,North Toowoomba - Harlaxton,Toowoomba,Toowoomba,Inner Regional,Toowoomba North,Groom,State-controlled,Intersection - Cross,Operating traffic lights,60 km/h,Sealed - Dry,Clear,Dawn/Dusk,Straight,Level,408,Veh'S Manoeuvring: Entering From Footway,Vehicle leaving driveway,W,0,0,1,0,1,1,0,0,0,1,0,0
349575,Hospitalisation,2021,February,Saturday,11,Angle,Multi-Vehicle,151.9412511,-27.57223834,Stephen St,West St,,Harristown,Toowoomba Region,4350,Toowoomba,Darling Downs,Southern,Southern,Southern Queensland,Drayton - Harristown,Toowoomba,Toowoomba,Inner Regional,Toowoomba South,Groom,Locally-controlled,Intersection - Cross,Operating traffic lights,60 km/h,Sealed - Dry,Clear,Daylight,Straight,Level,202,Veh'S Opposite Approach: Thru-Right,Opposing vehicles turning,S,0,3,0,0,3,2,0,0,0,0,0,0
349576,Minor injury,2021,February,Saturday,16,Angle,Multi-Vehicle,151.9608571,-27.59490734,Ramsay St,Stenner St,,Middle Ridge,Toowoomba Region,4350,Toowoomba,Darling Downs,Southern,Southern,Southern Queensland,Middle Ridge,Toowoomba,Toowoomba,Inner Regional,Toowoomba South,Groom,Locally-controlled,Intersection - Roundabout,Give way sign,60 km/h,Sealed - Dry,Clear,Daylight,Straight,Level,101,Veh'S Adjacent Approach: Thru-Thru,Intersection from adjacent approaches,E,0,0,0,1,1,2,0,0,0,0,0,0
349577,Medical treatment,2021,February,Saturday,2,Overturned,Single Vehicle,151.8959691,-27.60552334,Anzac Ave,,Toowoomba - Athol Road,Drayton,Toowoomba Region,4350,Drayton,Darling Downs,Southern,Southern,Southern Queensland,Drayton - Harristown,Toowoomba,Toowoomba,Inner Regional,Condamine,Groom,State-controlled,No Roadway Feature,No traffic control,80 - 90 km/h,Sealed - Dry,Clear,Darkness - Not lighted,Curved - view open,Grade,805,Off Path-Curve: Out Of Control On Cway,Out of control on curve,S,0,0,1,0,1,1,0,0,0,0,0,0
349578,Hospitalisation,2021,February,Sunday,15,Angle,Multi-Vehicle,151.9402802,-27.47413134,Cawdor Rd,,,Highfields,Toowoomba Region,4352,Highfields,Darling Downs,Southern,Southern,Southern Queensland,Highfields,Toowoomba,Toowoomba,Inner Regional,Toowoomba North,Groom,Locally-controlled,No Roadway Feature,No traffic control,60 km/h,Sealed - Dry,Clear,Daylight,Straight,Level,202,Veh'S Opposite Approach: Thru-Right,Opposing vehicles turning,S,0,1,0,0,1,2,0,0,0,0,0,0
349579,Hospitalisation,2021,February,Sunday,16,Angle,Multi-Vehicle,151.9196221,-27.59349834,Ball St,Gipps St,,Drayton,Toowoomba Region,4350,Drayton,Darling Downs,Southern,Southern,Southern Queensland,Drayton - Harristown,Toowoomba,Toowoomba,Inner Regional,Condamine,Groom,Locally-controlled,Intersection - Roundabout,Give way sign,60 km/h,Sealed - Dry,Clear,Daylight,Straight,Grade,101,Veh'S Adjacent Approach: Thru-Thru,Intersection from adjacent approaches,,0,1,0,0,1,1,1,0,0,0,0,0
349580,Medical treatment,2021,February,Monday,8,Angle,Multi-Vehicle,151.9634211,-27.55281834,Bridge St,Stuart St,,East Toowoomba,Toowoomba Region,4350,Toowoomba,Darling Downs,Southern,Southern,Southern Queensland,Toowoomba - East,Toowoomba,Toowoomba,Inner Regional,Toowoomba North,Groom,Locally-controlled,Intersection - T-Junction,No traffic control,60 km/h,Sealed - Dry,Clear,Daylight,Straight,Level,102,Veh'S Adjacent Approach: Right-Thru,Intersection from adjacent approaches,S,0,0,1,0,1,2,0,0,0,0,0,0
349581,Hospitalisation,2021,February,Monday,14,Fall from vehicle,Single Vehicle,151.9443222,-27.44821434,Mather St,,,Highfields,Toowoomba Region,4352,Highfields,Darling Downs,Southern,Southern,Southern Queensland,Highfields,Toowoomba,Toowoomba,Inner Regional,Toowoomba North,Groom,Locally-controlled,No Roadway Feature,No traffic control,0 - 50 km/h,Sealed - Dry,Clear,Daylight,Straight,Level,705,Off Path-Straight:Out Of Control On Cway,Out of control on straight,W,0,1,0,0,1,0,1,0,0,0,0,0
349582,Medical treatment,2021,February,Wednesday,15,Angle,Multi-Vehicle,151.9303941,-27.54686234,Bridge St,Tor St,Toowoomba Connection Road,Newtown,Toowoomba Region,4350,Toowoomba,Darling Downs,Southern,Southern,Southern Queensland,Newtown (qld),Toowoomba,Toowoomba,Inner Regional,Toowoomba North,Groom,State-controlled,Intersection - Cross,Operating traffic lights,60 km/h,Sealed - Dry,Clear,Daylight,Straight,Level,101,Veh'S Adjacent Approach: Thru-Thru,Intersection from adjacent approaches,E,0,0,1,0,1,1,0,0,0,1,0,0
349583,Hospitalisation,2021,February,Friday,0,Angle,Multi-Vehicle,151.9305821,-27.59553334,Platz St,Wuth St,,Darling Heights,Toowoomba Region,4350,Drayton,Darling Downs,Southern,Southern,Southern Queensland,Darling Heights,Toowoomba,Toowoomba,Inner Regional,Toowoomba South,Groom,Locally-controlled,Intersection - Cross,Stop sign,60 km/h,Sealed - Dry,Clear,Darkness - Lighted,Straight,Level,101,Veh'S Adjacent Approach: Thru-Thru,Intersection from adjacent approaches,E,0,1,0,1,2,2,0,0,0,0,0,0
349584,Medical treatment,2021,February,Sunday,13,Hit object,Single Vehicle,151.8452175,-27.49392445,Leesons Rd,,,Charlton,Toowoomba Region,4350,Oakey,Darling Downs,Southern,Southern,Southern Queensland,Toowoomba - West,Toowoomba,Toowoomba,Inner Regional,Condamine,Groom,Locally-controlled,No Roadway Feature,No traffic control,70 km/h,Unsealed - Dry,Clear,Daylight,Curved - view open,Grade,805,Off Path-Curve: Out Of Control On Cway,Out of control on curve,S,0,0,1,1,2,1,0,0,0,0,0,0
349585,Hospitalisation,2021,February,Tuesday,12,Hit object,Single Vehicle,151.9718451,-27.45580234,New England Hwy,,New England Highway (Yarraman - Toowoomba),Highfields,Toowoomba Region,4352,Highfields,Darling Downs,Southern,Southern,Southern Queensland,Highfields,Toowoomba,Toowoomba,Inner Regional,Toowoomba North,Groom,State-controlled,No Roadway Feature,No traffic control,100 - 110 km/h,Sealed - Dry,Clear,Daylight,Straight,Level,703,Off Path-Straight: Left Off Cway Hit Obj,Off carriageway on straight hit object,W,0,1,0,0,1,1,0,0,0,0,0,0
349586,Hospitalisation,2021,February,Thursday,8,Angle,Multi-Vehicle,151.9644261,-27.57433134,Perth St,Ramsay St,,South Toowoomba,Toowoomba Region,4350,Toowoomba,Darling Downs,Southern,Southern,Southern Queensland,Toowoomba - Central,Toowoomba,Toowoomba,Inner Regional,Toowoomba South,Groom,Locally-controlled,Intersection - Roundabout,Give way sign,60 km/h,Sealed - Dry,Clear,Daylight,Straight,Level,101,Veh'S Adjacent Approach: Thru-Thru,Intersection from adjacent approaches,,0,1,0,0,1,1,0,0,0,1,0,0
349587,Hospitalisation,2021,February,Friday,12,Fall from vehicle,Single Vehicle,151.9933711,-27.55721834,Prince Henry Dr,,,Redwood,Toowoomba Region,4350,Toowoomba,Darling Downs,Southern,Southern,Southern Queensland,Toowoomba - East,Toowoomba,Toowoomba,Inner Regional,Toowoomba North,Groom,Locally-controlled,No Roadway Feature,No traffic control,0 - 50 km/h,Sealed - Dry,Clear,Daylight,Straight,Grade,705,Off Path-Straight:Out Of Control On Cway,Out of control on straight,,0,1,0,0,1,0,1,0,0,0,0,0
349588,Hospitalisation,2021,March,Tuesday,8,Angle,Multi-Vehicle,151.9298461,-27.56574734,Anzac Ave,James St,Toowoomba Connection Road,Newtown,Toowoomba Region,4350,Toowoomba,Darling Downs,Southern,Southern,Southern Queensland,Newtown (qld),Toowoomba,Toowoomba,Inner Regional,Toowoomba North,Groom,State-controlled,Intersection - Cross,Operating traffic lights,60 km/h,Sealed - Dry,Clear,Daylight,Straight,Level,202,Veh'S Opposite Approach: Thru-Right,Opposing vehicles turning,E,0,1,0,0,1,3,0,0,0,0,0,0
349589,Medical treatment,2021,March,Friday,8,Rear-end,Multi-Vehicle,151.9726761,-27.59363334,Aberdeen St,Kingfisher St,,Rangeville,Toowoomba Region,4350,Toowoomba,Darling Downs,Southern,Southern,Southern Queensland,Rangeville,Toowoomba,Toowoomba,Inner Regional,Toowoomba South,Groom,Locally-controlled,Intersection - T-Junction,No traffic control,0 - 50 km/h,Sealed - Dry,Clear,Daylight,Straight,Level,303,Veh'S Same Direction: Right Rear,Rear-end,N,0,0,1,0,1,1,0,0,0,1,0,0
349590,Hospitalisation,2021,March,Monday,16,Angle,Multi-Vehicle,151.9090221,-27.55094034,Mcdougall St,Taylor St,Toowoomba - Cecil Plains Road,Wilsonton,Toowoomba Region,4350,Toowoomba,Darling Downs,Southern,Southern,Southern Queensland,Wilsonton,Toowoomba,Toowoomba,Inner Regional,Toowoomba North,Groom,State-controlled,Intersection - Cross,Operating traffic lights,60 km/h,Sealed - Dry,Clear,Daylight,Straight,Level,101,Veh'S Adjacent Approach: Thru-Thru,Intersection from adjacent approaches,N,0,1,0,1,2,1,1,0,0,0,0,0
349591,Hospitalisation,2021,March,Monday,16,Angle,Multi-Vehicle,151.9383911,-27.54933934,Bridge St,Gaydon St,,Newtown,Toowoomba Region,4350,Toowoomba,Darling Downs,Southern,Southern,Southern Queensland,Newtown (qld),Toowoomba,Toowoomba,Inner Regional,Toowoomba North,Groom,Locally-controlled,Intersection - Cross,No traffic control,60 km/h,Sealed - Dry,Clear,Daylight,Straight,Level,202,Veh'S Opposite Approach: Thru-Right,Opposing vehicles turning,W,0,1,0,0,1,2,0,0,0,0,0,0
349592,Hospitalisation,2021,March,Tuesday,10,Angle,Multi-Vehicle,151.9291131,-27.55384934,Taylor St,Tor St,Toowoomba - Cecil Plains Road,Newtown,Toowoomba Region,4350,Toowoomba,Darling Downs,Southern,Southern,Southern Queensland,Newtown (qld),Toowoomba,Toowoomba,Inner Regional,Toowoomba North,Groom,State-controlled,Intersection - Cross,Operating traffic lights,60 km/h,Sealed - Dry,Clear,Daylight,Straight,Level,202,Veh'S Opposite Approach: Thru-Right,Opposing vehicles turning,W,0,1,0,0,1,2,0,0,0,0,0,0
349593,Hospitalisation,2021,March,Tuesday,14,Hit object,Single Vehicle,151.9319925,-27.58683484,Drayton Rd,,,Harristown,Toowoomba Region,4350,Toowoomba,Darling Downs,Southern,Southern,Southern Queensland,Drayton - Harristown,Toowoomba,Toowoomba,Inner Regional,Toowoomba South,Groom,Locally-controlled,No Roadway Feature,No traffic control,60 km/h,Sealed - Dry,Clear,Daylight,Curved - view open,Level,804,Off Path-Curve: Off Cway Lt Bend Hit Obj,Off carriageway on curve hit object,N,0,1,0,0,1,1,0,0,0,0,0,0
349594,Medical treatment,2021,March,Tuesday,8,Rear-end,Multi-Vehicle,151.9297741,-27.55390034,Taylor St,Tor St,Toowoomba Connection Road,Newtown,Toowoomba Region,4350,Toowoomba,Darling Downs,Southern,Southern,Southern Queensland,Newtown (qld),Toowoomba,Toowoomba,Inner Regional,Toowoomba North,Groom,State-controlled,Intersection - Cross,Operating traffic lights,60 km/h,Sealed - Dry,Clear,Daylight,Straight,Level,301,Veh'S Same Direction: Rear End,Rear-end,E,0,0,1,0,1,2,0,0,0,0,0,0
349595,Hospitalisation,2021,March,Thursday,14,Angle,Multi-Vehicle,151.9173881,-27.58599434,Anzac Ave,Carrel Dr,Toowoomba - Athol Road,Harristown,Toowoomba Region,4350,Drayton,Darling Downs,Southern,Southern,Southern Queensland,Drayton - Harristown,Toowoomba,Toowoomba,Inner Regional,Toowoomba South,Groom,State-controlled,Intersection - T-Junction,Operating traffic lights,60 km/h,Sealed - Dry,Clear,Daylight,Straight,Level,202,Veh'S Opposite Approach: Thru-Right,Opposing vehicles turning,W,0,1,0,1,2,2,0,0,0,0,0,0
349596,Hospitalisation,2021,March,Saturday,17,Hit object,Single Vehicle,151.9475135,-27.57663141,Healy St,,,South Toowoomba,Toowoomba Region,4350,Toowoomba,Darling Downs,Southern,Southern,Southern Queensland,Toowoomba - Central,Toowoomba,Toowoomba,Inner Regional,Toowoomba South,Groom,Locally-controlled,No Roadway Feature,No traffic control,60 km/h,Sealed - Dry,Clear,Daylight,Straight,Level,703,Off Path-Straight: Left Off Cway Hit Obj,Off carriageway on straight hit object,E,0,1,0,0,1,2,0,0,0,0,0,0
349597,Medical treatment,2021,March,Sunday,1,Hit parked vehicle,Single Vehicle,151.9563021,-27.55189234,Bridge St,,,Toowoomba City,Toowoomba Region,4350,Toowoomba,Darling Downs,Southern,Southern,Southern Queensland,Toowoomba - Central,Toowoomba,Toowoomba,Inner Regional,Toowoomba North,Groom,Locally-controlled,No Roadway Feature,No traffic control,60 km/h,Sealed - Dry,Clear,Darkness - Lighted,Straight,Level,703,Off Path-Straight: Left Off Cway Hit Obj,Off carriageway on straight hit object,W,0,0,1,0,1,2,0,0,0,0,0,0
349598,Hospitalisation,2021,March,Sunday,20,Hit object,Single Vehicle,151.9321571,-27.60674334,Baker St,,,Darling Heights,Toowoomba Region,4350,Drayton,Darling Downs,Southern,Southern,Southern Queensland,Darling Heights,Toowoomba,Toowoomba,Inner Regional,Toowoomba South,Groom,Locally-controlled,No Roadway Feature,No traffic control,60 km/h,Sealed - Wet,Raining,Darkness - Lighted,Straight,Level,703,Off Path-Straight: Left Off Cway Hit Obj,Off carriageway on straight hit object,E,0,1,0,0,1,1,0,0,0,0,0,0