Crash_Severity,Crash_Year,Crash_Month,Crash_Day_Of_Week,Crash_Hour,Crash_Nature,Crash_Type,Crash_Longitude,Crash_Latitude,Crash_Street,Crash_Street_Intersecting,State_Road_Name,Loc_Suburb,Loc_Local_Government_Area,Loc_Post_Code,Loc_Police_Division,Loc_Police_District,Loc_Police_Region,Loc_Queensland_Transport_Region,Loc_Main_Roads_Region,Loc_ABS_Statistical_Area_2,Loc_ABS_Statistical_Area_3,Loc_ABS_Statistical_Area_4,Loc_ABS_Remoteness,Loc_State_Electorate,Loc_Federal_Electorate,Crash_Controlling_Authority,Crash_Roadway_Feature,Crash_Traffic_Control,Crash_Speed_Limit,Crash_Road_Surface_Condition,Crash_Atmospheric_Condition,Crash_Lighting_Condition,Crash_Road_Horiz_Align,Crash_Road_Vert_Align,Crash_DCA_Code,Crash_DCA_Description,Crash_DCA_Group_Description,DCA_Key_Approach_Dir,Count_Casualty_Fatality,Count_Casualty_Hospitalised,Count_Casualty_MedicallyTreated,Count_Casualty_MinorInjury,Count_Casualty_Total,Count_Unit_Car,Count_Unit_Motorcycle_Moped,Count_Unit_Truck,Count_Unit_Bus,Count_Unit_Bicycle,Count_Unit_Pedestrian,Count_Unit_Other,
350269,Medical treatment,2021,May,Wednesday,17,Rear-end,Multi-Vehicle,153.056603,-27.32676645,Board St,Braun St,Sandgate Sub-Arterial Road,Deagon,Brisbane City,4017,Sandgate,North Brisbane,Brisbane,SEQ North,Metropolitan,Deagon,Sandgate,Brisbane - North,Major Cities,Sandgate,Lilley,State-controlled,Intersection - Cross,Operating traffic lights,60 km/h,Sealed - Dry,Clear,Daylight,Straight,Level,107,Veh'S Adjacent Approach: Thru-Left,Intersection from adjacent approaches,S,0,0,1,0,1,2,0,0,0,0,0,0
350270,Minor injury,2021,May,Sunday,13,Rear-end,Multi-Vehicle,153.0426318,-27.3125364,Bracken Ridge Rd,,,Bracken Ridge,Brisbane City,4017,Sandgate,North Brisbane,Brisbane,SEQ North,Metropolitan,Bracken Ridge,Sandgate,Brisbane - North,Major Cities,Sandgate,Petrie,Locally-controlled,No Roadway Feature,No traffic control,60 km/h,Sealed - Dry,Clear,Daylight,Straight,Level,301,Veh'S Same Direction: Rear End,Rear-end,E,0,0,0,1,1,2,0,0,0,0,0,0
350271,Medical treatment,2021,May,Wednesday,5,Rear-end,Multi-Vehicle,153.0193743,-27.29137635,Bruce Hwy,,,Griffin,Moreton Bay Region,4036,Mango Hill North Lakes,Moreton,North Coast,SEQ North,North Coast,Bald Hills,Bald Hills - Everton Park,Brisbane - North,Major Cities,Murrumba,Petrie,Not coded,Bridge/Causeway,No traffic control,100 - 110 km/h,Sealed - Dry,Clear,Dawn/Dusk,Straight,Level,301,Veh'S Same Direction: Rear End,Rear-end,,0,0,1,0,1,2,0,0,0,0,0,0
350272,Minor injury,2021,May,Wednesday,7,Rear-end,Multi-Vehicle,153.0505042,-27.29301932,Deagon Deviation,,Redcliffe Sub-Arterial Road,Brighton,Brisbane City,4017,Sandgate,North Brisbane,Brisbane,SEQ North,Metropolitan,Brighton (qld),Sandgate,Brisbane - North,Major Cities,Sandgate,Lilley,State-controlled,No Roadway Feature,No traffic control,80 - 90 km/h,Sealed - Dry,Clear,Daylight,Straight,Level,301,Veh'S Same Direction: Rear End,Rear-end,S,0,0,0,1,1,2,0,0,0,0,0,0
350273,Hospitalisation,2021,May,Thursday,7,Hit parked vehicle,Single Vehicle,153.0672531,-27.27982545,Houghton Hwy,,Brighton - Redcliffe Road,Griffin,Moreton Bay Region,4503,Sandgate,North Brisbane,Brisbane,SEQ North,North Coast,Murrumba Downs - Griffin,North Lakes,Moreton Bay - South,Major Cities,Murrumba,Lilley,State-controlled,Bridge/Causeway,No traffic control,80 - 90 km/h,Sealed - Dry,Clear,Daylight,Straight,Level,601,Veh'S On Path: Parked,Hit parked vehicle,S,0,2,0,0,2,2,0,0,0,0,0,0
350274,Hospitalisation,2021,May,Sunday,11,Head-on,Multi-Vehicle,153.072922,-27.32075045,Eagle Tce,,,Sandgate,Brisbane City,4017,Sandgate,North Brisbane,Brisbane,SEQ North,Metropolitan,Sandgate - Shorncliffe,Sandgate,Brisbane - North,Major Cities,Sandgate,Lilley,Locally-controlled,No Roadway Feature,No traffic control,0 - 50 km/h,Sealed - Dry,Clear,Daylight,Straight,Grade,201,Veh'S Opposite Approach: Head On,Head-on,E,0,1,2,0,3,2,0,0,0,0,0,0
350275,Minor injury,2021,May,Monday,8,Rear-end,Multi-Vehicle,153.0083961,-27.33157544,Gympie Rd,,,Bald Hills,Brisbane City,4036,Carseldine,North Brisbane,Brisbane,SEQ North,Metropolitan,Bald Hills,Bald Hills - Everton Park,Brisbane - North,Major Cities,Aspley,Petrie,Locally-controlled,No Roadway Feature,No traffic control,100 - 110 km/h,Sealed - Dry,Clear,Daylight,Curved - view open,Level,301,Veh'S Same Direction: Rear End,Rear-end,S,0,0,0,1,1,2,0,0,0,0,0,0
350276,Medical treatment,2021,June,Saturday,17,Rear-end,Multi-Vehicle,153.0090071,-27.33119444,Linkfield Rd,,Linkfield Connection Road,Bald Hills,Brisbane City,4036,Carseldine,North Brisbane,Brisbane,SEQ North,Metropolitan,Bald Hills,Bald Hills - Everton Park,Brisbane - North,Major Cities,Aspley,Petrie,State-controlled,Merge Lane,No traffic control,70 km/h,Sealed - Dry,Clear,Darkness - Lighted,Straight,Level,301,Veh'S Same Direction: Rear End,Rear-end,W,0,0,1,0,1,3,0,0,0,0,0,0
350277,Medical treatment,2021,June,Tuesday,5,Rear-end,Multi-Vehicle,153.049196,-27.31701712,Deagon Deviation,,Gateway Arterial Road (Gateway Motorway - North),Sandgate,Brisbane City,4017,Sandgate,North Brisbane,Brisbane,SEQ North,Metropolitan,Sandgate - Shorncliffe,Sandgate,Brisbane - North,Major Cities,Sandgate,Lilley,State-controlled,No Roadway Feature,No traffic control,80 - 90 km/h,Sealed - Dry,Clear,Dawn/Dusk,Straight,Level,301,Veh'S Same Direction: Rear End,Rear-end,S,0,0,1,1,2,4,0,1,0,0,0,0
350278,Hospitalisation,2021,June,Tuesday,21,Angle,Multi-Vehicle,153.056494,-27.32669645,Board St,Braun St,Sandgate Sub-Arterial Road,Deagon,Brisbane City,4017,Sandgate,North Brisbane,Brisbane,SEQ North,Metropolitan,Deagon,Sandgate,Brisbane - North,Major Cities,Sandgate,Lilley,State-controlled,Intersection - Cross,Operating traffic lights,60 km/h,Sealed - Dry,Clear,Darkness - Lighted,Straight,Level,202,Veh'S Opposite Approach: Thru-Right,Opposing vehicles turning,W,0,1,0,0,1,2,0,0,0,0,0,0
350279,Hospitalisation,2021,June,Thursday,7,Angle,Multi-Vehicle,153.056365,-27.32678545,Braun St,Deagon Deviation,Sandgate Sub-Arterial Road,Deagon,Brisbane City,4017,Sandgate,North Brisbane,Brisbane,SEQ North,Metropolitan,Deagon,Sandgate,Brisbane - North,Major Cities,Sandgate,Lilley,State-controlled,Intersection - Cross,Operating traffic lights,60 km/h,Sealed - Dry,Clear,Daylight,Straight,Level,102,Veh'S Adjacent Approach: Right-Thru,Intersection from adjacent approaches,W,0,1,0,0,1,2,0,0,0,0,0,0
350280,Medical treatment,2021,June,Wednesday,14,Rear-end,Multi-Vehicle,153.0426111,-27.31302945,Gateway Arterial Rd,,Gateway Arterial Road (Gateway Motorway - North),Bracken Ridge,Brisbane City,4017,Sandgate,North Brisbane,Brisbane,SEQ North,Metropolitan,Bracken Ridge,Sandgate,Brisbane - North,Major Cities,Sandgate,Petrie,State-controlled,No Roadway Feature,No traffic control,100 - 110 km/h,Sealed - Dry,Clear,Daylight,Straight,Level,301,Veh'S Same Direction: Rear End,Rear-end,N,0,0,1,1,2,3,0,0,0,0,0,0
350281,Medical treatment,2021,June,Thursday,19,Rear-end,Multi-Vehicle,153.0104611,-27.31744844,Strathpine Rd,,Strathpine Sub-Arterial Road,Bald Hills,Brisbane City,4036,Carseldine,North Brisbane,Brisbane,SEQ North,Metropolitan,Bald Hills,Bald Hills - Everton Park,Brisbane - North,Major Cities,Aspley,Petrie,State-controlled,No Roadway Feature,No traffic control,60 km/h,Sealed - Dry,Clear,Darkness - Lighted,Straight,Level,301,Veh'S Same Direction: Rear End,Rear-end,E,0,0,1,0,1,2,0,0,0,0,0,0
350282,Medical treatment,2021,June,Monday,15,Angle,Multi-Vehicle,153.0081501,-27.31714844,Attley St,Strathpine Rd,Strathpine Sub-Arterial Road,Bald Hills,Brisbane City,4036,Carseldine,North Brisbane,Brisbane,SEQ North,Metropolitan,Bald Hills,Bald Hills - Everton Park,Brisbane - North,Major Cities,Aspley,Petrie,State-controlled,Intersection - T-Junction,Give way sign,70 km/h,Sealed - Dry,Clear,Daylight,Straight,Grade,104,Veh'S Adjacent Approach: Thru-Right,Intersection from adjacent approaches,E,0,0,1,0,1,2,0,0,0,0,0,0
350398,Minor injury,2021,March,Tuesday,11,Angle,Multi-Vehicle,145.7586947,-16.92954174,Mulgrave Rd,,Mulgrave Road,Bungalow,Cairns Region,4870,Cairns,Far North,Far Northern,Northern,North Queensland,Westcourt - Bungalow,Cairns - South,Cairns,Outer Regional,Cairns,Leichhardt,State-controlled,No Roadway Feature,No traffic control,60 km/h,Sealed - Dry,Clear,Daylight,Straight,Dip,700,Off Path-Straight: Other,Other,S,0,0,0,1,1,1,0,0,0,1,0,0
350399,Medical treatment,2021,April,Saturday,11,Rear-end,Multi-Vehicle,145.7431167,-16.95050173,Mulgrave Rd,,Mulgrave Road,Earlville,Cairns Region,4870,Cairns,Far North,Far Northern,Northern,North Queensland,Earlville - Bayview Heights,Cairns - South,Cairns,Outer Regional,Cairns,Leichhardt,State-controlled,No Roadway Feature,No traffic control,60 km/h,Sealed - Dry,Clear,Daylight,Straight,Level,301,Veh'S Same Direction: Rear End,Rear-end,E,0,0,1,0,1,4,0,0,0,0,0,0
350400,Hospitalisation,2021,April,Monday,13,Angle,Multi-Vehicle,145.7679022,-16.92362936,Martyn St,,Port Connection Road,Parramatta Park,Cairns Region,4870,Cairns,Far North,Far Northern,Northern,North Queensland,Cairns City,Cairns - South,Cairns,Outer Regional,Cairns,Leichhardt,State-controlled,Intersection - T-Junction,No traffic control,60 km/h,Sealed - Dry,Clear,Daylight,Straight,Level,309,Veh'S Same Direction: Left Turn S/Swipe,Parallel lanes turning,E,0,1,0,0,1,1,1,0,0,0,0,0
350401,Hospitalisation,2021,April,Monday,13,Angle,Multi-Vehicle,145.7401397,-16.92269073,Alfred St,Hoare St,Cairns Western Arterial Road,Manoora,Cairns Region,4870,Cairns,Far North,Far Northern,Northern,North Queensland,Manoora,Cairns - South,Cairns,Outer Regional,Cairns,Leichhardt,State-controlled,Intersection - Cross,Operating traffic lights,0 - 50 km/h,Sealed - Dry,Clear,Daylight,Straight,Level,202,Veh'S Opposite Approach: Thru-Right,Opposing vehicles turning,N,0,1,0,0,1,1,0,0,0,0,0,1
350402,Medical treatment,2021,April,Wednesday,15,Rear-end,Multi-Vehicle,145.7407497,-16.92500173,Alfred St,Sydney St,Cairns Western Arterial Road,Manunda,Cairns Region,4870,Cairns,Far North,Far Northern,Northern,North Queensland,Manunda,Cairns - South,Cairns,Outer Regional,Cairns,Leichhardt,State-controlled,Intersection - T-Junction,Operating traffic lights,60 km/h,Sealed - Wet,Raining,Daylight,Straight,Level,301,Veh'S Same Direction: Rear End,Rear-end,W,0,0,1,0,1,2,0,0,0,0,0,0
350403,Hospitalisation,2021,April,Friday,15,Hit pedestrian,Hit pedestrian,145.7419517,-16.92681073,Alfred St,Birch St,Cairns Western Arterial Road,Manunda,Cairns Region,4870,Cairns,Far North,Far Northern,Northern,North Queensland,Manunda,Cairns - South,Cairns,Outer Regional,Cairns,Leichhardt,State-controlled,No Roadway Feature,No traffic control,60 km/h,Sealed - Dry,Clear,Daylight,Straight,Level,2,Ped'N: Hit Emerging Behind Vehicle,Pedestrian,N,0,1,0,0,1,1,0,0,0,0,1,0
350404,Minor injury,2021,April,Sunday,20,Sideswipe,Multi-Vehicle,145.7442957,-16.92310773,Hoare St,Mccormack St,,Manunda,Cairns Region,4870,Cairns,Far North,Far Northern,Northern,North Queensland,Manunda,Cairns - South,Cairns,Outer Regional,Cairns,Leichhardt,Locally-controlled,Intersection - Cross,Give way sign,60 km/h,Sealed - Wet,Raining,Darkness - Lighted,Straight,Level,101,Veh'S Adjacent Approach: Thru-Thru,Intersection from adjacent approaches,W,0,0,0,1,1,2,0,0,0,0,0,0
350405,Hospitalisation,2021,April,Thursday,9,Hit object,Single Vehicle,145.7502047,-16.91143473,Macnamara St,,,Manunda,Cairns Region,4870,Cairns,Far North,Far Northern,Northern,North Queensland,Manunda,Cairns - South,Cairns,Outer Regional,Cairns,Leichhardt,Locally-controlled,No Roadway Feature,No traffic control,60 km/h,Sealed - Wet,Clear,Daylight,Straight,Level,703,Off Path-Straight: Left Off Cway Hit Obj,Off carriageway on straight hit object,N,0,1,0,0,1,2,0,0,0,0,0,0
350406,Medical treatment,2021,April,Friday,11,Angle,Multi-Vehicle,145.7702867,-16.93531974,Fearnley St,Kenny St,,Portsmith,Cairns Region,4870,Cairns,Far North,Far Northern,Northern,North Queensland,Westcourt - Bungalow,Cairns - South,Cairns,Outer Regional,Cairns,Leichhardt,Locally-controlled,Intersection - Cross,Stop sign,60 km/h,Sealed - Dry,Clear,Daylight,Straight,Level,102,Veh'S Adjacent Approach: Right-Thru,Intersection from adjacent approaches,W,0,0,1,1,2,2,0,0,0,0,0,0
350407,Medical treatment,2021,May,Tuesday,9,Angle,Multi-Vehicle,145.7677897,-16.93729474,Buchan St,Kenny St,,Portsmith,Cairns Region,4870,Cairns,Far North,Far Northern,Northern,North Queensland,Westcourt - Bungalow,Cairns - South,Cairns,Outer Regional,Cairns,Leichhardt,Locally-controlled,Intersection - T-Junction,Give way sign,60 km/h,Sealed - Dry,Clear,Daylight,Straight,Level,104,Veh'S Adjacent Approach: Thru-Right,Intersection from adjacent approaches,E,0,0,1,0,1,2,0,0,0,0,0,0
350408,Minor injury,2021,May,Tuesday,11,Rear-end,Multi-Vehicle,145.7528407,-16.93583473,Lyons St,Mulgrave Rd,Mulgrave Road,Bungalow,Cairns Region,4870,Cairns,Far North,Far Northern,Northern,North Queensland,Westcourt - Bungalow,Cairns - South,Cairns,Outer Regional,Cairns,Leichhardt,State-controlled,Intersection - T-Junction,Give way sign,60 km/h,Sealed - Dry,Clear,Daylight,Straight,Level,302,Veh'S Same Direction: Left Rear,Rear-end,N,0,0,0,1,1,2,0,0,0,0,0,0
350409,Medical treatment,2021,May,Tuesday,16,Rear-end,Multi-Vehicle,145.7656107,-16.91307974,Grove St,,Captain Cook Highway (Cairns - Mossman),Cairns North,Cairns Region,4870,Cairns,Far North,Far Northern,Northern,North Queensland,Cairns City,Cairns - South,Cairns,Outer Regional,Cairns,Leichhardt,State-controlled,No Roadway Feature,No traffic control,0 - 50 km/h,Sealed - Dry,Clear,Daylight,Straight,Level,402,Veh'S Manoeuvring: Parking,Hit parked vehicle,N,0,0,1,0,1,2,0,0,0,0,0,0
350410,Minor injury,2021,May,Wednesday,8,Rear-end,Multi-Vehicle,145.7212097,-16.91363873,Ramsey Dr,Reservoir Rd,Cairns Western Arterial Road,Kanimbla,Cairns Region,4870,Cairns,Far North,Far Northern,Northern,North Queensland,Kanimbla - Mooroobool,Cairns - South,Cairns,Outer Regional,Cairns,Leichhardt,State-controlled,Intersection - T-Junction,No traffic control,0 - 50 km/h,Sealed - Dry,Clear,Daylight,Straight,Level,302,Veh'S Same Direction: Left Rear,Rear-end,N,0,0,0,1,1,2,0,0,0,0,0,0
350411,Hospitalisation,2021,May,Thursday,8,Angle,Multi-Vehicle,145.7277817,-16.91415073,Cairns Western Arterial Rd,Mcmanus St,Cairns Western Arterial Road,Whitfield,Cairns Region,4870,Cairns,Far North,Far Northern,Northern,North Queensland,Whitfield - Edge Hill,Cairns - South,Cairns,Outer Regional,Cairns,Leichhardt,State-controlled,Intersection - Interchange,Stop sign,60 km/h,Sealed - Dry,Clear,Daylight,Straight,Level,104,Veh'S Adjacent Approach: Thru-Right,Intersection from adjacent approaches,N,0,2,0,0,2,2,0,0,0,0,0,0
350412,Minor injury,2021,May,Friday,15,Rear-end,Multi-Vehicle,145.7460674,-16.9380208,Mccoombe St,Mulgrave Rd,Mulgrave Road,Mooroobool,Cairns Region,4870,Cairns,Far North,Far Northern,Northern,North Queensland,Kanimbla - Mooroobool,Cairns - South,Cairns,Outer Regional,Cairns,Leichhardt,State-controlled,Intersection - T-Junction,No traffic control,60 km/h,Sealed - Dry,Clear,Daylight,Straight,Level,302,Veh'S Same Direction: Left Rear,Rear-end,E,0,0,0,1,1,1,1,0,0,0,0,0
350413,Hospitalisation,2021,May,Friday,16,Hit object,Single Vehicle,145.7720621,-16.92720215,Bunda St,,Port Connection Road,Parramatta Park,Cairns Region,4870,Cairns,Far North,Far Northern,Northern,North Queensland,Cairns City,Cairns - South,Cairns,Outer Regional,Cairns,Leichhardt,State-controlled,No Roadway Feature,No traffic control,60 km/h,Sealed - Dry,Clear,Daylight,Straight,Level,201,Veh'S Opposite Approach: Head On,Head-on,N,0,1,0,1,2,2,0,0,0,0,0,0
350414,Hospitalisation,2021,May,Friday,23,Angle,Multi-Vehicle,145.7657987,-16.91065474,Charles St,Lake St,,Cairns North,Cairns Region,4870,Cairns,Far North,Far Northern,Northern,North Queensland,Cairns City,Cairns - South,Cairns,Outer Regional,Cairns,Leichhardt,Locally-controlled,Intersection - Cross,Stop sign,0 - 50 km/h,Sealed - Dry,Clear,Darkness - Lighted,Straight,Level,101,Veh'S Adjacent Approach: Thru-Thru,Intersection from adjacent approaches,N,0,1,0,0,1,2,0,0,0,0,0,0
350415,Medical treatment,2021,May,Sunday,11,Sideswipe,Multi-Vehicle,145.7180237,-16.91883273,Lake Morris Rd,,,Kanimbla,Cairns Region,4870,Cairns,Far North,Far Northern,Northern,North Queensland,Kanimbla - Mooroobool,Cairns - South,Cairns,Outer Regional,Cairns,Leichhardt,Locally-controlled,No Roadway Feature,No traffic control,60 km/h,Sealed - Dry,Clear,Daylight,Curved - view obscured,Grade,201,Veh'S Opposite Approach: Head On,Head-on,W,0,0,1,0,1,1,0,0,0,1,0,0
350416,Medical treatment,2021,May,Sunday,17,Hit pedestrian,Hit pedestrian,145.7747437,-16.91693074,Esplanade,,,Cairns City,Cairns Region,4870,Cairns,Far North,Far Northern,Northern,North Queensland,Cairns City,Cairns - South,Cairns,Outer Regional,Cairns,Leichhardt,Locally-controlled,No Roadway Feature,No traffic control,0 - 50 km/h,Sealed - Dry,Clear,Daylight,Straight,Level,3,Ped'N: Far Side Vehicle Hit From Left,Pedestrian,W,0,0,1,0,1,1,0,0,0,0,1,0
350417,Medical treatment,2021,May,Thursday,6,Rear-end,Multi-Vehicle,145.7420967,-16.94052673,Ishmael Rd,Mulgrave Rd,Mulgrave Road,Earlville,Cairns Region,4870,Cairns,Far North,Far Northern,Northern,North Queensland,Earlville - Bayview Heights,Cairns - South,Cairns,Outer Regional,Cairns,Leichhardt,State-controlled,Intersection - T-Junction,Operating traffic lights,60 km/h,Sealed - Dry,Clear,Dawn/Dusk,Straight,Level,303,Veh'S Same Direction: Right Rear,Rear-end,S,0,0,1,0,1,0,0,0,1,0,0,1
350418,Medical treatment,2021,May,Thursday,9,Rear-end,Multi-Vehicle,145.7422957,-16.92772873,Alfred St,Cochrane St,Cairns Western Arterial Road,Manunda,Cairns Region,4870,Cairns,Far North,Far Northern,Northern,North Queensland,Manunda,Cairns - South,Cairns,Outer Regional,Cairns,Leichhardt,State-controlled,Intersection - T-Junction,No traffic control,0 - 50 km/h,Sealed - Dry,Clear,Daylight,Straight,Level,302,Veh'S Same Direction: Left Rear,Rear-end,W,0,0,1,0,1,2,0,0,0,0,0,0
350419,Hospitalisation,2021,May,Friday,7,Rear-end,Multi-Vehicle,145.7649137,-16.94335474,Ray Jones Rd,,Bruce Highway (Innisfail - Cairns),Portsmith,Cairns Region,4870,Cairns,Far North,Far Northern,Northern,North Queensland,Westcourt - Bungalow,Cairns - South,Cairns,Outer Regional,Cairns,Leichhardt,State-controlled,No Roadway Feature,No traffic control,60 km/h,Sealed - Dry,Clear,Daylight,Straight,Level,301,Veh'S Same Direction: Rear End,Rear-end,N,0,1,0,1,2,5,0,0,0,0,0,0
350420,Hospitalisation,2021,May,Monday,1,Fall from vehicle,Single Vehicle,145.7688467,-16.93031374,Little Spence St,Severin St,,Parramatta Park,Cairns Region,4870,Cairns,Far North,Far Northern,Northern,North Queensland,Westcourt - Bungalow,Cairns - South,Cairns,Outer Regional,Cairns,Leichhardt,Locally-controlled,Intersection - Roundabout,No traffic control,60 km/h,Sealed - Dry,Clear,Darkness - Lighted,Straight,Level,705,Off Path-Straight:Out Of Control On Cway,Out of control on straight,S,0,1,0,0,1,0,1,0,0,0,0,0
350421,Minor injury,2021,May,Monday,17,Hit pedestrian,Hit pedestrian,145.7747567,-16.92086574,Lake St,,,Cairns City,Cairns Region,4870,Cairns,Far North,Far Northern,Northern,North Queensland,Cairns City,Cairns - South,Cairns,Outer Regional,Cairns,Leichhardt,Locally-controlled,No Roadway Feature,No traffic control,0 - 50 km/h,Sealed - Dry,Clear,Daylight,Straight,Level,3,Ped'N: Far Side Vehicle Hit From Left,Pedestrian,N,0,0,0,1,1,1,0,0,0,0,1,0
350422,Hospitalisation,2021,May,Wednesday,17,Angle,Multi-Vehicle,145.7594827,-16.90385374,Digger St,Lily St,,Cairns North,Cairns Region,4870,Cairns,Far North,Far Northern,Northern,North Queensland,Cairns City,Cairns - South,Cairns,Outer Regional,Cairns,Leichhardt,Locally-controlled,Intersection - T-Junction,No traffic control,0 - 50 km/h,Sealed - Dry,Clear,Daylight,Straight,Level,408,Veh'S Manoeuvring: Entering From Footway,Vehicle leaving driveway,E,0,1,0,0,1,1,1,0,0,0,0,0
350423,Minor injury,2021,May,Saturday,5,Sideswipe,Multi-Vehicle,145.7665417,-16.94620974,Redden St,,,Portsmith,Cairns Region,4870,Cairns,Far North,Far Northern,Northern,North Queensland,Westcourt - Bungalow,Cairns - South,Cairns,Outer Regional,Cairns,Leichhardt,Locally-controlled,No Roadway Feature,No traffic control,0 - 50 km/h,Sealed - Wet,Clear,Dawn/Dusk,Curved - view open,Level,506,Veh'S Overtaking: Overtake-Right Turn,Overtaking same direction,S,0,0,0,1,1,1,0,0,0,0,0,1
350424,Hospitalisation,2021,May,Sunday,16,Angle,Multi-Vehicle,145.7213917,-16.91321773,Ramsey Dr,Reservoir Rd,Cairns Western Arterial Road,Brinsmead,Cairns Region,4870,Cairns,Far North,Far Northern,Northern,North Queensland,Kanimbla - Mooroobool,Cairns - South,Cairns,Outer Regional,Cairns,Leichhardt,State-controlled,Intersection - Cross,Give way sign,0 - 50 km/h,Sealed - Dry,Clear,Daylight,Straight,Level,408,Veh'S Manoeuvring: Entering From Footway,Vehicle leaving driveway,N,0,1,0,0,1,1,0,0,0,1,0,0
350425,Medical treatment,2021,May,Wednesday,14,Sideswipe,Multi-Vehicle,145.7569537,-16.91395873,Martyn St,Thomas St,,Manunda,Cairns Region,4870,Cairns,Far North,Far Northern,Northern,North Queensland,Manunda,Cairns - South,Cairns,Outer Regional,Cairns,Leichhardt,Locally-controlled,Intersection - T-Junction,No traffic control,60 km/h,Sealed - Dry,Clear,Daylight,Straight,Level,408,Veh'S Manoeuvring: Entering From Footway,Vehicle leaving driveway,W,0,0,1,0,1,1,0,0,0,1,0,0
350426,Hospitalisation,2021,May,Sunday,10,Angle,Multi-Vehicle,145.7619947,-16.91881774,Draper St,Gatton St,,Parramatta Park,Cairns Region,4870,Cairns,Far North,Far Northern,Northern,North Queensland,Cairns City,Cairns - South,Cairns,Outer Regional,Cairns,Leichhardt,Locally-controlled,Intersection - Cross,Stop sign,60 km/h,Sealed - Dry,Clear,Daylight,Straight,Level,101,Veh'S Adjacent Approach: Thru-Thru,Intersection from adjacent approaches,E,0,1,0,1,2,2,0,0,0,0,0,0
350427,Medical treatment,2021,June,Tuesday,11,Rear-end,Multi-Vehicle,145.7424339,-16.94146486,Ishmael Rd,,,Earlville,Cairns Region,4870,Cairns,Far North,Far Northern,Northern,North Queensland,Earlville - Bayview Heights,Cairns - South,Cairns,Outer Regional,Cairns,Leichhardt,Locally-controlled,No Roadway Feature,No traffic control,0 - 50 km/h,Sealed - Dry,Clear,Daylight,Straight,Level,207,Veh'S Opposite Approach: U-Turn,U-turn,N,0,0,1,0,1,2,0,0,0,0,0,0
350428,Medical treatment,2021,June,Tuesday,15,Hit object,Single Vehicle,145.7650177,-16.91361574,Grove St,Sheridan St,Captain Cook Highway (Cairns - Mossman),Cairns North,Cairns Region,4870,Cairns,Far North,Far Northern,Northern,North Queensland,Cairns City,Cairns - South,Cairns,Outer Regional,Cairns,Leichhardt,State-controlled,Intersection - Cross,Operating traffic lights,60 km/h,Sealed - Wet,Raining,Daylight,Straight,Level,708,Off Path-Straight: Mounts Traffic Island,Off carriageway on straight hit object,W,0,0,1,0,1,1,0,0,0,0,0,0
350429,Hospitalisation,2021,June,Saturday,14,Rear-end,Multi-Vehicle,145.7402507,-16.87268973,Captain Cook Hwy,,Captain Cook Highway (Cairns - Mossman),Aeroglen,Cairns Region,4870,Cairns,Far North,Far Northern,Northern,North Queensland,Freshwater - Stratford,Cairns - North,Cairns,Outer Regional,Cairns,Leichhardt,State-controlled,No Roadway Feature,No traffic control,80 - 90 km/h,Sealed - Dry,Clear,Daylight,Straight,Level,301,Veh'S Same Direction: Rear End,Rear-end,E,0,2,0,0,2,3,0,0,0,0,0,0
350430,Medical treatment,2021,June,Monday,15,Angle,Multi-Vehicle,145.7499467,-16.93702273,Mulgrave Rd,Newell St,Mulgrave Road,Bungalow,Cairns Region,4870,Cairns,Far North,Far Northern,Northern,North Queensland,Westcourt - Bungalow,Cairns - South,Cairns,Outer Regional,Cairns,Leichhardt,State-controlled,Intersection - Cross,No traffic control,60 km/h,Sealed - Dry,Clear,Daylight,Straight,Level,202,Veh'S Opposite Approach: Thru-Right,Opposing vehicles turning,N,0,0,2,0,2,2,0,0,0,0,0,0
350431,Hospitalisation,2021,June,Wednesday,8,Angle,Multi-Vehicle,145.7614527,-16.92695074,Mulgrave Rd,,Mulgrave Road,Westcourt,Cairns Region,4870,Cairns,Far North,Far Northern,Northern,North Queensland,Westcourt - Bungalow,Cairns - South,Cairns,Outer Regional,Cairns,Leichhardt,State-controlled,No Roadway Feature,No traffic control,0 - 50 km/h,Sealed - Dry,Clear,Daylight,Straight,Dip,400,Veh'S Manoeuvring: Other,Other,E,0,1,0,0,1,1,0,0,0,1,0,0
350432,Hospitalisation,2021,June,Wednesday,17,Hit pedestrian,Hit pedestrian,145.7704674,-16.92331738,Aplin St,,,Cairns City,Cairns Region,4870,Cairns,Far North,Far Northern,Northern,North Queensland,Cairns City,Cairns - South,Cairns,Outer Regional,Cairns,Leichhardt,Locally-controlled,No Roadway Feature,No traffic control,0 - 50 km/h,Sealed - Dry,Clear,Dawn/Dusk,Straight,Level,4,Ped'N: Play; Work; Stand; Lie On C'Way,Pedestrian,N,0,1,0,0,1,1,0,0,0,0,1,0
350433,Hospitalisation,2021,June,Thursday,18,Angle,Multi-Vehicle,145.7403377,-16.92084373,Murray St,Pease St,Cairns Western Arterial Road,Manoora,Cairns Region,4870,Cairns,Far North,Far Northern,Northern,North Queensland,Manoora,Cairns - South,Cairns,Outer Regional,Cairns,Leichhardt,State-controlled,Intersection - T-Junction,No traffic control,60 km/h,Sealed - Dry,Clear,Dawn/Dusk,Straight,Level,202,Veh'S Opposite Approach: Thru-Right,Opposing vehicles turning,S,0,2,1,2,5,2,0,0,0,0,0,0