Crash_Severity,Crash_Year,Crash_Month,Crash_Day_Of_Week,Crash_Hour,Crash_Nature,Crash_Type,Crash_Longitude,Crash_Latitude,Crash_Street,Crash_Street_Intersecting,State_Road_Name,Loc_Suburb,Loc_Local_Government_Area,Loc_Post_Code,Loc_Police_Division,Loc_Police_District,Loc_Police_Region,Loc_Queensland_Transport_Region,Loc_Main_Roads_Region,Loc_ABS_Statistical_Area_2,Loc_ABS_Statistical_Area_3,Loc_ABS_Statistical_Area_4,Loc_ABS_Remoteness,Loc_State_Electorate,Loc_Federal_Electorate,Crash_Controlling_Authority,Crash_Roadway_Feature,Crash_Traffic_Control,Crash_Speed_Limit,Crash_Road_Surface_Condition,Crash_Atmospheric_Condition,Crash_Lighting_Condition,Crash_Road_Horiz_Align,Crash_Road_Vert_Align,Crash_DCA_Code,Crash_DCA_Description,Crash_DCA_Group_Description,DCA_Key_Approach_Dir,Count_Casualty_Fatality,Count_Casualty_Hospitalised,Count_Casualty_MedicallyTreated,Count_Casualty_MinorInjury,Count_Casualty_Total,Count_Unit_Car,Count_Unit_Motorcycle_Moped,Count_Unit_Truck,Count_Unit_Bus,Count_Unit_Bicycle,Count_Unit_Pedestrian,Count_Unit_Other,
350434,Hospitalisation,2021,June,Friday,15,Angle,Multi-Vehicle,145.7645657,-16.92512874,Mulgrave Rd,Severin St,Mulgrave Road,Parramatta Park,Cairns Region,4870,Cairns,Far North,Far Northern,Northern,North Queensland,Cairns City,Cairns - South,Cairns,Outer Regional,Cairns,Leichhardt,State-controlled,Intersection - Cross,Operating traffic lights,60 km/h,Sealed - Dry,Clear,Daylight,Straight,Level,408,Veh'S Manoeuvring: Entering From Footway,Vehicle leaving driveway,N,0,1,0,0,1,1,0,0,0,1,0,0
350435,Hospitalisation,2021,June,Sunday,14,Hit pedestrian,Hit pedestrian,145.7757917,-16.92207374,Lake St,Shields St,,Cairns City,Cairns Region,4870,Cairns,Far North,Far Northern,Northern,North Queensland,Cairns City,Cairns - South,Cairns,Outer Regional,Cairns,Leichhardt,Locally-controlled,No Roadway Feature,No traffic control,0 - 50 km/h,Sealed - Dry,Clear,Daylight,Straight,Level,1,Ped'N: Near Side Vehicle Hit From Right,Pedestrian,E,0,1,0,0,1,1,0,0,0,0,1,0
350436,Minor injury,2021,June,Tuesday,10,Rear-end,Multi-Vehicle,145.7740603,-16.93308777,Draper St,,Port Connection Road,Portsmith,Cairns Region,4870,Cairns,Far North,Far Northern,Northern,North Queensland,Westcourt - Bungalow,Cairns - South,Cairns,Outer Regional,Cairns,Leichhardt,State-controlled,No Roadway Feature,No traffic control,60 km/h,Sealed - Dry,Clear,Daylight,Straight,Level,301,Veh'S Same Direction: Rear End,Rear-end,N,0,0,0,1,1,2,0,0,0,0,0,0
350437,Medical treatment,2021,June,Tuesday,9,Rear-end,Multi-Vehicle,145.7213047,-16.91371773,Ramsey Dr,Reservoir Rd,Cairns Western Arterial Road,Kanimbla,Cairns Region,4870,Cairns,Far North,Far Northern,Northern,North Queensland,Kanimbla - Mooroobool,Cairns - South,Cairns,Outer Regional,Cairns,Leichhardt,State-controlled,Intersection - T-Junction,Give way sign,0 - 50 km/h,Sealed - Dry,Clear,Daylight,Straight,Crest,302,Veh'S Same Direction: Left Rear,Rear-end,N,0,0,1,0,1,2,0,0,0,0,0,0
350438,Hospitalisation,2021,June,Thursday,10,Sideswipe,Multi-Vehicle,145.7425867,-16.91958473,Mayers St,,,Manoora,Cairns Region,4870,Cairns,Far North,Far Northern,Northern,North Queensland,Manoora,Cairns - South,Cairns,Outer Regional,Cairns,Leichhardt,Locally-controlled,No Roadway Feature,No traffic control,0 - 50 km/h,Sealed - Dry,Clear,Daylight,Straight,Level,308,Veh'S Same Direction: Right Turn S/Swipe,Parallel lanes turning,N,0,1,0,0,1,1,1,0,0,0,0,0
350439,Hospitalisation,2021,June,Sunday,15,Angle,Multi-Vehicle,145.7668697,-16.92357674,Florence St,Mulgrave Rd,Mulgrave Road,Parramatta Park,Cairns Region,4870,Cairns,Far North,Far Northern,Northern,North Queensland,Cairns City,Cairns - South,Cairns,Outer Regional,Cairns,Leichhardt,State-controlled,Intersection - Cross,Operating traffic lights,60 km/h,Sealed - Dry,Clear,Daylight,Straight,Level,101,Veh'S Adjacent Approach: Thru-Thru,Intersection from adjacent approaches,E,0,1,0,1,2,2,0,0,0,0,0,0
350440,Minor injury,2021,June,Sunday,3,Rear-end,Multi-Vehicle,145.7343117,-16.92702673,Mcgregor St,Swallow St,,Mooroobool,Cairns Region,4870,Cairns,Far North,Far Northern,Northern,North Queensland,Manoora,Cairns - South,Cairns,Outer Regional,Cairns,Leichhardt,Locally-controlled,Intersection - T-Junction,Stop sign,60 km/h,Sealed - Dry,Clear,Darkness - Not lighted,Straight,Level,302,Veh'S Same Direction: Left Rear,Rear-end,N,0,0,0,1,1,2,0,0,0,0,0,0
350441,Medical treatment,2021,June,Monday,7,Rear-end,Multi-Vehicle,145.7546787,-16.91281373,Anderson St,Severin St,Anderson Street,Manunda,Cairns Region,4870,Cairns,Far North,Far Northern,Northern,North Queensland,Manunda,Cairns - South,Cairns,Outer Regional,Cairns,Leichhardt,State-controlled,Intersection - Roundabout,Give way sign,0 - 50 km/h,Sealed - Dry,Clear,Daylight,Straight,Level,302,Veh'S Same Direction: Left Rear,Rear-end,N,0,0,1,0,1,2,0,0,0,0,0,0
350442,Hospitalisation,2021,June,Monday,15,Hit pedestrian,Hit pedestrian,145.7362967,-16.91717973,Mahogany St,Reservoir Rd,Cairns Western Arterial Road,Manoora,Cairns Region,4870,Cairns,Far North,Far Northern,Northern,North Queensland,Manoora,Cairns - South,Cairns,Outer Regional,Cairns,Leichhardt,State-controlled,Intersection - Cross,No traffic control,60 km/h,Sealed - Dry,Clear,Daylight,Curved - view open,Level,1,Ped'N: Near Side Vehicle Hit From Right,Pedestrian,W,0,1,0,0,1,1,0,0,0,0,1,0
350443,Medical treatment,2021,June,Thursday,9,Angle,Multi-Vehicle,145.7397987,-16.92277773,Hoare St,Moody St,,Manoora,Cairns Region,4870,Cairns,Far North,Far Northern,Northern,North Queensland,Manoora,Cairns - South,Cairns,Outer Regional,Cairns,Leichhardt,Locally-controlled,Intersection - Cross,Operating traffic lights,60 km/h,Sealed - Dry,Clear,Daylight,Straight,Level,309,Veh'S Same Direction: Left Turn S/Swipe,Parallel lanes turning,N,0,0,1,0,1,2,0,0,0,0,0,0
350444,Hospitalisation,2021,June,Friday,16,Rear-end,Multi-Vehicle,145.7524997,-16.89235173,Captain Cook Hwy,Stratford Connection Rd,Captain Cook Highway (Cairns - Mossman),Aeroglen,Cairns Region,4870,Cairns,Far North,Far Northern,Northern,North Queensland,Freshwater - Stratford,Cairns - North,Cairns,Outer Regional,Cairns,Leichhardt,State-controlled,Intersection - T-Junction,Railway - lights only,60 km/h,Sealed - Dry,Clear,Daylight,Curved - view open,Level,302,Veh'S Same Direction: Left Rear,Rear-end,N,0,1,1,0,2,2,0,0,0,0,0,0
350445,Hospitalisation,2021,June,Saturday,9,Rear-end,Multi-Vehicle,145.7681887,-16.92383374,Martyn St,Mulgrave Rd,Port Connection Road,Parramatta Park,Cairns Region,4870,Cairns,Far North,Far Northern,Northern,North Queensland,Cairns City,Cairns - South,Cairns,Outer Regional,Cairns,Leichhardt,State-controlled,Intersection - T-Junction,Give way sign,0 - 50 km/h,Sealed - Dry,Clear,Daylight,Straight,Level,302,Veh'S Same Direction: Left Rear,Rear-end,S,0,1,0,0,1,2,0,0,0,0,0,0
350446,Hospitalisation,2021,June,Saturday,19,Rear-end,Multi-Vehicle,145.7479177,-16.91933073,Wilkinson St,,,Manunda,Cairns Region,4870,Cairns,Far North,Far Northern,Northern,North Queensland,Manunda,Cairns - South,Cairns,Outer Regional,Cairns,Leichhardt,Locally-controlled,No Roadway Feature,No traffic control,60 km/h,Sealed - Dry,Clear,Darkness - Lighted,Straight,Level,303,Veh'S Same Direction: Right Rear,Rear-end,W,0,1,0,0,1,2,0,0,0,0,0,0
350447,Hospitalisation,2021,June,Monday,22,Angle,Multi-Vehicle,145.7693097,-16.91871174,Minnie St,Sheridan St,Captain Cook Highway (Cairns - Mossman),Cairns City,Cairns Region,4870,Cairns,Far North,Far Northern,Northern,North Queensland,Cairns City,Cairns - South,Cairns,Outer Regional,Cairns,Leichhardt,State-controlled,Intersection - Cross,Give way sign,60 km/h,Sealed - Dry,Clear,Darkness - Lighted,Straight,Level,101,Veh'S Adjacent Approach: Thru-Thru,Intersection from adjacent approaches,W,0,1,0,0,1,2,0,0,0,0,0,0
350448,Hospitalisation,2021,June,Tuesday,17,Angle,Multi-Vehicle,145.7420967,-16.94052673,Ishmael Rd,Mulgrave Rd,Mulgrave Road,Earlville,Cairns Region,4870,Cairns,Far North,Far Northern,Northern,North Queensland,Earlville - Bayview Heights,Cairns - South,Cairns,Outer Regional,Cairns,Leichhardt,State-controlled,Intersection - T-Junction,Operating traffic lights,60 km/h,Sealed - Wet,Raining,Dawn/Dusk,Straight,Level,202,Veh'S Opposite Approach: Thru-Right,Opposing vehicles turning,N,0,1,0,0,1,1,1,0,0,0,0,0
350449,Minor injury,2021,June,Wednesday,17,Angle,Multi-Vehicle,145.7401897,-16.92082473,Murray St,Pease St,Cairns Western Arterial Road,Manoora,Cairns Region,4870,Cairns,Far North,Far Northern,Northern,North Queensland,Manoora,Cairns - South,Cairns,Outer Regional,Cairns,Leichhardt,State-controlled,Intersection - T-Junction,Give way sign,60 km/h,Sealed - Wet,Raining,Darkness - Lighted,Straight,Level,202,Veh'S Opposite Approach: Thru-Right,Opposing vehicles turning,S,0,0,0,1,1,2,0,0,0,0,0,0
350603,Minor injury,2021,January,Monday,7,Rear-end,Multi-Vehicle,146.6838985,-19.24929682,Bruce Hwy,,North Townsville Road,Deeragun,Townsville City,4818,Deeragun,Townsville,Northern,Northern,North Queensland,Deeragun,Townsville,Townsville,Outer Regional,Hinchinbrook,Herbert,State-controlled,No Roadway Feature,No traffic control,80 - 90 km/h,Sealed - Dry,Clear,Darkness - Lighted,Straight,Level,301,Veh'S Same Direction: Rear End,Rear-end,W,0,0,0,1,1,2,0,0,0,0,0,0
350604,Hospitalisation,2021,January,Friday,15,Rear-end,Multi-Vehicle,146.6877835,-19.25201582,Bruce Hwy,Wagner St,North Townsville Road,Deeragun,Townsville City,4818,Deeragun,Townsville,Northern,Northern,North Queensland,Deeragun,Townsville,Townsville,Outer Regional,Hinchinbrook,Herbert,State-controlled,Intersection - T-Junction,Operating traffic lights,80 - 90 km/h,Sealed - Dry,Clear,Daylight,Straight,Level,301,Veh'S Same Direction: Rear End,Rear-end,N,0,1,0,0,1,2,0,0,0,0,0,0
350605,Hospitalisation,2021,January,Tuesday,9,Angle,Multi-Vehicle,146.7040185,-19.24457482,North Shore Blvd,Waterway Dr,,Burdell,Townsville City,4818,Deeragun,Townsville,Northern,Northern,North Queensland,Deeragun,Townsville,Townsville,Outer Regional,Hinchinbrook,Herbert,Locally-controlled,Intersection - Cross,Operating traffic lights,70 km/h,Sealed - Dry,Clear,Daylight,Straight,Level,202,Veh'S Opposite Approach: Thru-Right,Opposing vehicles turning,S,0,1,0,0,1,1,0,1,0,0,0,0
350606,Hospitalisation,2021,February,Sunday,7,Angle,Multi-Vehicle,146.6738345,-19.20077182,Lionel Turner Dr,Mt Low Pkwy,,Bushland Beach,Townsville City,4818,Deeragun,Townsville,Northern,Northern,North Queensland,Deeragun,Townsville,Townsville,Outer Regional,Hinchinbrook,Herbert,Locally-controlled,Intersection - Roundabout,Give way sign,60 km/h,Sealed - Dry,Clear,Daylight,Straight,Level,104,Veh'S Adjacent Approach: Thru-Right,Intersection from adjacent approaches,N,0,1,0,0,1,1,0,0,0,1,0,0
350607,Hospitalisation,2021,February,Monday,13,Angle,Multi-Vehicle,146.6699695,-19.22580482,Mt Low Pkwy,Shoalmarra Dr,,Mount Low,Townsville City,4818,Deeragun,Townsville,Northern,Northern,North Queensland,Deeragun,Townsville,Townsville,Outer Regional,Hinchinbrook,Herbert,Locally-controlled,Intersection - Roundabout,Give way sign,70 km/h,Sealed - Dry,Clear,Daylight,Straight,Level,104,Veh'S Adjacent Approach: Thru-Right,Intersection from adjacent approaches,N,0,1,1,0,2,2,0,0,0,0,0,0
350608,Hospitalisation,2021,February,Tuesday,11,Angle,Multi-Vehicle,146.6978094,-19.31668582,Bruce Hwy,Hervey Range Rd,Hervey Range Developmental Road (Townsville - Battery),Bohle Plains,Townsville City,4817,Kirwan,Townsville,Northern,Northern,North Queensland,Bohle Plains,Townsville,Townsville,Outer Regional,Thuringowa,Herbert,State-controlled,Intersection - Interchange,Operating traffic lights,60 km/h,Sealed - Dry,Clear,Daylight,Straight,Level,202,Veh'S Opposite Approach: Thru-Right,Opposing vehicles turning,W,0,1,0,0,1,2,0,0,0,0,0,0
350609,Medical treatment,2021,February,Friday,15,Angle,Multi-Vehicle,146.6785455,-19.24951382,Geaney La,Jebbo Wy,,Deeragun,Townsville City,4818,Deeragun,Townsville,Northern,Northern,North Queensland,Deeragun,Townsville,Townsville,Outer Regional,Hinchinbrook,Herbert,Locally-controlled,Intersection - T-Junction,No traffic control,60 km/h,Sealed - Wet,Raining,Daylight,Straight,Level,408,Veh'S Manoeuvring: Entering From Footway,Vehicle leaving driveway,E,0,0,1,0,1,2,0,0,0,0,0,0
350610,Hospitalisation,2021,February,Sunday,10,Angle,Multi-Vehicle,146.6978094,-19.31668582,Bruce Hwy,Hervey Range Rd,Hervey Range Developmental Road (Townsville - Battery),Bohle Plains,Townsville City,4817,Kirwan,Townsville,Northern,Northern,North Queensland,Bohle Plains,Townsville,Townsville,Outer Regional,Thuringowa,Herbert,State-controlled,Intersection - Interchange,Operating traffic lights,70 km/h,Sealed - Dry,Clear,Daylight,Straight,Level,202,Veh'S Opposite Approach: Thru-Right,Opposing vehicles turning,W,0,1,0,0,1,3,0,0,0,0,0,0
350611,Medical treatment,2021,February,Tuesday,11,Head-on,Multi-Vehicle,146.6931955,-19.25543482,Bruce Hwy,,North Townsville Road,Shaw,Townsville City,4818,Deeragun,Townsville,Northern,Northern,North Queensland,Bohle Plains,Townsville,Townsville,Outer Regional,Hinchinbrook,Herbert,State-controlled,No Roadway Feature,No traffic control,80 - 90 km/h,Sealed - Dry,Clear,Daylight,Straight,Level,201,Veh'S Opposite Approach: Head On,Head-on,E,0,0,1,0,1,3,0,0,0,0,0,0
350612,Hospitalisation,2021,February,Tuesday,11,Head-on,Multi-Vehicle,146.6210505,-19.22482082,Black River Rd,Bruce Hwy,Bruce Highway (Townsville - Ingham),Black River,Townsville City,4818,Deeragun,Townsville,Northern,Northern,North Queensland,Northern Beaches,Townsville,Townsville,Outer Regional,Hinchinbrook,Herbert,State-controlled,No Roadway Feature,No traffic control,100 - 110 km/h,Sealed - Dry,Clear,Daylight,Straight,Level,201,Veh'S Opposite Approach: Head On,Head-on,W,0,1,0,0,1,2,0,0,0,0,0,0
350613,Minor injury,2021,February,Sunday,19,Hit object,Single Vehicle,146.6638445,-19.24197182,Bruce Hwy,,Bruce Highway (Townsville - Ingham),Deeragun,Townsville City,4818,Deeragun,Townsville,Northern,Northern,North Queensland,Deeragun,Townsville,Townsville,Outer Regional,Hinchinbrook,Herbert,State-controlled,Intersection - Interchange,No traffic control,60 km/h,Sealed - Wet,Raining,Darkness - Lighted,Curved - view open,Level,804,Off Path-Curve: Off Cway Lt Bend Hit Obj,Off carriageway on curve hit object,N,0,0,0,1,1,1,0,0,0,0,0,0
350614,Hospitalisation,2021,March,Sunday,4,Rear-end,Multi-Vehicle,146.6775805,-19.24605182,Bruce Hwy,,North Townsville Road,Deeragun,Townsville City,4818,Deeragun,Townsville,Northern,Northern,North Queensland,Deeragun,Townsville,Townsville,Outer Regional,Hinchinbrook,Herbert,State-controlled,No Roadway Feature,No traffic control,80 - 90 km/h,Sealed - Dry,Clear,Darkness - Lighted,Straight,Level,306,Veh'S Same Direction: Lane Change Right,Lane changes,W,0,1,0,0,1,1,1,0,0,0,0,0
350615,Hospitalisation,2021,March,Friday,16,Angle,Multi-Vehicle,146.6030795,-19.21672482,Bruce Hwy,Greenvale St,Bruce Highway (Townsville - Ingham),Yabulu,Townsville City,4818,Deeragun,Townsville,Northern,Northern,North Queensland,Northern Beaches,Townsville,Townsville,Outer Regional,Hinchinbrook,Herbert,State-controlled,Intersection - T-Junction,Give way sign,100 - 110 km/h,Sealed - Wet,Clear,Daylight,Straight,Level,104,Veh'S Adjacent Approach: Thru-Right,Intersection from adjacent approaches,E,0,1,0,0,1,2,0,0,0,0,0,0
350616,Hospitalisation,2021,March,Monday,13,Rear-end,Multi-Vehicle,146.6703789,-19.21230221,Mt Low Pkwy,,,Mount Low,Townsville City,4818,Deeragun,Townsville,Northern,Northern,North Queensland,Deeragun,Townsville,Townsville,Outer Regional,Hinchinbrook,Herbert,Locally-controlled,No Roadway Feature,No traffic control,60 km/h,Sealed - Dry,Clear,Daylight,Straight,Level,303,Veh'S Same Direction: Right Rear,Rear-end,N,0,1,0,0,1,1,0,0,1,0,0,0
350617,Hospitalisation,2021,April,Thursday,9,Angle,Multi-Vehicle,146.6030795,-19.21672482,Invalid Street From Police,,Bruce Highway (Townsville - Ingham),Yabulu,Townsville City,4818,Deeragun,Townsville,Northern,Northern,North Queensland,Northern Beaches,Townsville,Townsville,Outer Regional,Hinchinbrook,Herbert,State-controlled,Intersection - T-Junction,No traffic control,100 - 110 km/h,Sealed - Dry,Clear,Daylight,Straight,Level,202,Veh'S Opposite Approach: Thru-Right,Opposing vehicles turning,W,0,3,1,1,5,2,0,0,0,0,0,0
350618,Medical treatment,2021,April,Friday,21,Hit object,Single Vehicle,146.6693495,-19.31724282,Hervey Range Rd,,Hervey Range Developmental Road (Townsville - Battery),Bohle Plains,Townsville City,4817,Kirwan,Townsville,Northern,Northern,North Queensland,Bohle Plains,Townsville,Townsville,Outer Regional,Hinchinbrook,Kennedy,State-controlled,No Roadway Feature,No traffic control,100 - 110 km/h,Sealed - Dry,Clear,Darkness - Not lighted,Straight,Level,607,Veh'S On Path: Temporary Object On C'Way,Other,E,0,0,1,0,1,2,0,0,0,0,0,0
350619,Hospitalisation,2021,April,Sunday,15,Head-on,Multi-Vehicle,146.6768365,-19.24700882,Palm Dr,,,Deeragun,Townsville City,4818,Deeragun,Townsville,Northern,Northern,North Queensland,Deeragun,Townsville,Townsville,Outer Regional,Hinchinbrook,Herbert,Locally-controlled,No Roadway Feature,No traffic control,0 - 50 km/h,Sealed - Dry,Clear,Daylight,Curved - view open,Level,201,Veh'S Opposite Approach: Head On,Head-on,N,0,1,0,0,1,2,0,0,0,0,0,0
350620,Minor injury,2021,April,Friday,17,Rear-end,Multi-Vehicle,146.7033665,-19.25471582,Main St,North Shore Blvd,,Burdell,Townsville City,4818,Deeragun,Townsville,Northern,Northern,North Queensland,Deeragun,Townsville,Townsville,Outer Regional,Hinchinbrook,Herbert,Locally-controlled,Intersection - Cross,Operating traffic lights,60 km/h,Sealed - Dry,Clear,Dawn/Dusk,Straight,Level,301,Veh'S Same Direction: Rear End,Rear-end,N,0,0,0,1,1,2,0,0,0,0,0,0
350621,Hospitalisation,2021,May,Sunday,7,Hit object,Single Vehicle,146.6951315,-19.25689082,Bruce Hwy,,North Townsville Road,Shaw,Townsville City,4818,Deeragun,Townsville,Northern,Northern,North Queensland,Bohle Plains,Townsville,Townsville,Outer Regional,Hinchinbrook,Herbert,State-controlled,No Roadway Feature,No traffic control,80 - 90 km/h,Sealed - Dry,Clear,Daylight,Straight,Level,703,Off Path-Straight: Left Off Cway Hit Obj,Off carriageway on straight hit object,W,0,1,0,0,1,1,0,0,0,0,0,0
350622,Hospitalisation,2021,May,Wednesday,19,Angle,Multi-Vehicle,146.6642685,-19.23967582,Bruce Hwy,Mt Low Pkwy,Bruce Highway (Townsville - Ingham),Deeragun,Townsville City,4818,Deeragun,Townsville,Northern,Northern,North Queensland,Deeragun,Townsville,Townsville,Outer Regional,Hinchinbrook,Herbert,State-controlled,Intersection - Interchange,Operating traffic lights,60 km/h,Sealed - Dry,Clear,Darkness - Lighted,Straight,Level,202,Veh'S Opposite Approach: Thru-Right,Opposing vehicles turning,S,0,2,0,0,2,2,0,0,0,0,0,0
350623,Hospitalisation,2021,May,Tuesday,7,Hit object,Single Vehicle,146.6971027,-19.25795723,Bruce Hwy,,North Townsville Road,Shaw,Townsville City,4818,Deeragun,Townsville,Northern,Northern,North Queensland,Bohle Plains,Townsville,Townsville,Outer Regional,Hinchinbrook,Herbert,State-controlled,No Roadway Feature,No traffic control,80 - 90 km/h,Sealed - Dry,Clear,Daylight,Straight,Level,704,Off Path-Straight:Right Off Cway Hit Obj,Off carriageway on straight hit object,E,0,1,0,0,1,1,0,0,0,0,0,0
350624,Hospitalisation,2021,May,Wednesday,5,Hit object,Single Vehicle,146.6995666,-19.3170622,Hervey Range Rd,,Hervey Range Developmental Road (Townsville - Battery),Bohle Plains,Townsville City,4817,Kirwan,Townsville,Northern,Northern,North Queensland,Bohle Plains,Townsville,Townsville,Outer Regional,Thuringowa,Herbert,State-controlled,No Roadway Feature,No traffic control,70 km/h,Sealed - Dry,Clear,Darkness - Lighted,Curved - view open,Level,804,Off Path-Curve: Off Cway Lt Bend Hit Obj,Off carriageway on curve hit object,W,0,1,0,0,1,1,0,0,0,0,0,0
350625,Hospitalisation,2021,June,Saturday,20,Overturned,Single Vehicle,146.6981735,-19.25881982,Bruce Hwy,,North Townsville Road,Shaw,Townsville City,4818,Deeragun,Townsville,Northern,Northern,North Queensland,Bohle Plains,Townsville,Townsville,Outer Regional,Hinchinbrook,Herbert,State-controlled,No Roadway Feature,No traffic control,80 - 90 km/h,Sealed - Dry,Clear,Darkness - Not lighted,Straight,Level,702,Off Path-Straight: Right Off Cway,Off carriageway on straight,E,0,1,0,0,1,1,0,0,0,0,0,0
350626,Medical treatment,2021,June,Sunday,18,Angle,Multi-Vehicle,146.7011925,-19.26070782,Bruce Hwy,North Shore Blvd,North Townsville Road,Shaw,Townsville City,4818,Deeragun,Townsville,Northern,Northern,North Queensland,Bohle Plains,Townsville,Townsville,Outer Regional,Hinchinbrook,Herbert,State-controlled,Intersection - T-Junction,Operating traffic lights,80 - 90 km/h,Sealed - Wet,Raining,Darkness - Lighted,Curved - view open,Level,202,Veh'S Opposite Approach: Thru-Right,Opposing vehicles turning,W,0,0,3,0,3,3,0,0,0,0,0,0
350627,Hospitalisation,2021,June,Wednesday,7,Angle,Multi-Vehicle,146.7027565,-19.26169182,Shaw Rd,Woolcock St,North Townsville Road,Shaw,Townsville City,4818,Deeragun,Townsville,Northern,Northern,North Queensland,Bohle Plains,Townsville,Townsville,Outer Regional,Hinchinbrook,Herbert,State-controlled,Intersection - T-Junction,Operating traffic lights,60 km/h,Sealed - Dry,Clear,Daylight,Straight,Level,202,Veh'S Opposite Approach: Thru-Right,Opposing vehicles turning,E,0,3,0,0,3,3,0,0,0,0,0,0
350628,Hospitalisation,2021,June,Friday,22,Hit object,Single Vehicle,146.7001865,-19.22853182,North Shore Blvd,,,Burdell,Townsville City,4818,Deeragun,Townsville,Northern,Northern,North Queensland,Deeragun,Townsville,Townsville,Outer Regional,Hinchinbrook,Herbert,Locally-controlled,No Roadway Feature,No traffic control,80 - 90 km/h,Sealed - Wet,Clear,Darkness - Not lighted,Curved - view open,Level,804,Off Path-Curve: Off Cway Lt Bend Hit Obj,Off carriageway on curve hit object,N,0,1,0,0,1,1,0,0,0,0,0,0
350713,Hospitalisation,2021,January,Thursday,8,Fall from vehicle,Single Vehicle,151.8333067,-27.54663098,Gore Hwy,,Toowoomba Second Range Crossing (Gore Highway),Wellcamp,Toowoomba Region,4350,Oakey,Darling Downs,Southern,Southern,Southern Queensland,Toowoomba - West,Toowoomba,Toowoomba,Inner Regional,Condamine,Groom,State-controlled,Intersection - Interchange,No traffic control,80 - 90 km/h,Sealed - Dry,Clear,Daylight,Curved - view open,Level,805,Off Path-Curve: Out Of Control On Cway,Out of control on curve,N,0,1,0,0,1,0,1,0,0,0,0,0
350714,Hospitalisation,2021,January,Tuesday,17,Angle,Multi-Vehicle,151.8506651,-27.61505433,Gore Hwy,Muller Rd,Toowoomba - Athol Road,Westbrook,Toowoomba Region,4350,Drayton,Darling Downs,Southern,Southern,Southern Queensland,Toowoomba - West,Toowoomba,Toowoomba,Inner Regional,Condamine,Groom,State-controlled,Intersection - T-Junction,Give way sign,100 - 110 km/h,Sealed - Dry,Clear,Dawn/Dusk,Curved - view open,Level,104,Veh'S Adjacent Approach: Thru-Right,Intersection from adjacent approaches,W,0,1,0,0,1,2,0,0,0,0,0,0
350715,Hospitalisation,2021,February,Monday,21,Hit object,Single Vehicle,151.8745312,-27.45211833,Gowrie-Lilyvale Rd,,,Glencoe,Toowoomba Region,4352,Goombungee,Darling Downs,Southern,Southern,Southern Queensland,Gowrie (qld),Toowoomba,Toowoomba,Inner Regional,Condamine,Groom,Locally-controlled,No Roadway Feature,No traffic control,100 - 110 km/h,Sealed - Dry,Clear,Darkness - Not lighted,Straight,Level,703,Off Path-Straight: Left Off Cway Hit Obj,Off carriageway on straight hit object,N,0,1,0,0,1,1,0,0,0,0,0,0
350716,Hospitalisation,2021,February,Friday,21,Hit object,Single Vehicle,151.8576362,-27.41768733,Bowtells Rd,,,Gowrie Little Plain,Toowoomba Region,4352,Goombungee,Darling Downs,Southern,Southern,Southern Queensland,Gowrie (qld),Toowoomba,Toowoomba,Inner Regional,Condamine,Groom,Locally-controlled,No Roadway Feature,No traffic control,0 - 50 km/h,Unsealed - Dry,Clear,Darkness - Not lighted,Straight,Crest,607,Veh'S On Path: Temporary Object On C'Way,Other,S,0,1,1,0,2,1,0,0,0,0,0,0
350717,Hospitalisation,2021,February,Tuesday,7,Rear-end,Multi-Vehicle,151.8261402,-27.50757633,Warrego Hwy,,Warrego Highway (Toowoomba - Dalby),Gowrie Mountain,Toowoomba Region,4350,Oakey,Darling Downs,Southern,Southern,Southern Queensland,Jondaryan,Darling Downs - East,Darling Downs - Maranoa,Inner Regional,Condamine,Groom,State-controlled,No Roadway Feature,No traffic control,100 - 110 km/h,Sealed - Dry,Clear,Daylight,Straight,Level,301,Veh'S Same Direction: Rear End,Rear-end,W,0,1,0,0,1,0,0,1,0,0,0,1
350718,Hospitalisation,2021,March,Sunday,15,Overturned,Single Vehicle,151.8772024,-27.46452985,Gowrie-Lilyvale Rd,,,Glencoe,Toowoomba Region,4352,Goombungee,Darling Downs,Southern,Southern,Southern Queensland,Gowrie (qld),Toowoomba,Toowoomba,Inner Regional,Condamine,Groom,Locally-controlled,No Roadway Feature,No traffic control,100 - 110 km/h,Sealed - Wet,Raining,Daylight,Curved - view obscured,Level,801,Off Path-Curve: Off Cway Right Bend,Off carriageway on curve,N,0,1,1,0,2,1,0,0,0,0,0,0
350719,Medical treatment,2021,March,Tuesday,3,Hit object,Single Vehicle,151.8080106,-27.49512955,Kingsthorpe - Haden Rd,,,Kingsthorpe,Toowoomba Region,4400,Oakey,Darling Downs,Southern,Southern,Southern Queensland,Jondaryan,Darling Downs - East,Darling Downs - Maranoa,Inner Regional,Condamine,Groom,Locally-controlled,No Roadway Feature,No traffic control,80 - 90 km/h,Sealed - Wet,Raining,Darkness - Not lighted,Straight,Level,607,Veh'S On Path: Temporary Object On C'Way,Other,N,0,0,1,0,1,1,0,0,0,0,0,0