Crash_Severity,Crash_Year,Crash_Month,Crash_Day_Of_Week,Crash_Hour,Crash_Nature,Crash_Type,Crash_Longitude,Crash_Latitude,Crash_Street,Crash_Street_Intersecting,State_Road_Name,Loc_Suburb,Loc_Local_Government_Area,Loc_Post_Code,Loc_Police_Division,Loc_Police_District,Loc_Police_Region,Loc_Queensland_Transport_Region,Loc_Main_Roads_Region,Loc_ABS_Statistical_Area_2,Loc_ABS_Statistical_Area_3,Loc_ABS_Statistical_Area_4,Loc_ABS_Remoteness,Loc_State_Electorate,Loc_Federal_Electorate,Crash_Controlling_Authority,Crash_Roadway_Feature,Crash_Traffic_Control,Crash_Speed_Limit,Crash_Road_Surface_Condition,Crash_Atmospheric_Condition,Crash_Lighting_Condition,Crash_Road_Horiz_Align,Crash_Road_Vert_Align,Crash_DCA_Code,Crash_DCA_Description,Crash_DCA_Group_Description,DCA_Key_Approach_Dir,Count_Casualty_Fatality,Count_Casualty_Hospitalised,Count_Casualty_MedicallyTreated,Count_Casualty_MinorInjury,Count_Casualty_Total,Count_Unit_Car,Count_Unit_Motorcycle_Moped,Count_Unit_Truck,Count_Unit_Bus,Count_Unit_Bicycle,Count_Unit_Pedestrian,Count_Unit_Other,
350720,Hospitalisation,2021,March,Tuesday,13,Angle,Multi-Vehicle,151.5915262,-27.3704173,Earl St,Station St,,Jondaryan,Toowoomba Region,4403,Jondaryan,Darling Downs,Southern,Southern,Southern Queensland,Jondaryan,Darling Downs - East,Darling Downs - Maranoa,Inner Regional,Condamine,Groom,Locally-controlled,Intersection - Cross,Give way sign,0 - 50 km/h,Sealed - Wet,Raining,Daylight,Straight,Level,101,Veh'S Adjacent Approach: Thru-Thru,Intersection from adjacent approaches,S,0,1,0,0,1,0,1,1,0,0,0,0
350721,Medical treatment,2021,March,Tuesday,14,Hit object,Single Vehicle,151.8084002,-27.49402333,Kingsthorpe - Haden Rd,,,Kingsthorpe,Toowoomba Region,4400,Oakey,Darling Downs,Southern,Southern,Southern Queensland,Jondaryan,Darling Downs - East,Darling Downs - Maranoa,Inner Regional,Condamine,Groom,Locally-controlled,No Roadway Feature,No traffic control,100 - 110 km/h,Sealed - Wet,Raining,Daylight,Straight,Level,703,Off Path-Straight: Left Off Cway Hit Obj,Off carriageway on straight hit object,N,0,0,1,0,1,1,0,0,0,0,0,0
350722,Hospitalisation,2021,April,Saturday,16,Hit object,Single Vehicle,151.4863742,-27.30757629,Bowenville - Norwin Rd,Warrego Hwy,Warrego Highway (Toowoomba - Dalby),Bowenville,Toowoomba Region,4404,Dalby,South West,Southern,Southern,Southern Queensland,Jondaryan,Darling Downs - East,Darling Downs - Maranoa,Inner Regional,Condamine,Groom,State-controlled,Intersection - T-Junction,No traffic control,100 - 110 km/h,Sealed - Dry,Clear,Daylight,Straight,Level,706,Off Path-Straight: Left Turn,Off carriageway on straight,W,0,1,1,0,2,1,0,0,0,0,0,0
350723,Medical treatment,2021,April,Saturday,18,Hit object,Single Vehicle,151.6733344,-27.3629033,Devon Park North Rd,,,Devon Park,Toowoomba Region,4401,Oakey,Darling Downs,Southern,Southern,Southern Queensland,Jondaryan,Darling Downs - East,Darling Downs - Maranoa,Inner Regional,Condamine,Groom,Locally-controlled,No Roadway Feature,No traffic control,100 - 110 km/h,Unsealed - Dry,Clear,Dawn/Dusk,Straight,Level,607,Veh'S On Path: Temporary Object On C'Way,Other,S,0,0,1,0,1,0,1,0,0,0,0,0
350724,Hospitalisation,2021,April,Friday,18,Overturned,Single Vehicle,151.7730362,-27.54820732,Toowoomba - Cecil Plains Rd,,Toowoomba - Cecil Plains Road,Biddeston,Toowoomba Region,4401,Oakey,Darling Downs,Southern,Southern,Southern Queensland,Jondaryan,Darling Downs - East,Darling Downs - Maranoa,Inner Regional,Condamine,Groom,State-controlled,No Roadway Feature,No traffic control,100 - 110 km/h,Sealed - Dry,Clear,Darkness - Not lighted,Straight,Level,702,Off Path-Straight: Right Off Cway,Off carriageway on straight,E,0,2,0,0,2,1,0,0,0,0,0,0
350725,Hospitalisation,2021,April,Tuesday,6,Rear-end,Multi-Vehicle,151.8086031,-27.61157369,Gore Hwy,,Toowoomba - Athol Road,Westbrook,Toowoomba Region,4350,Drayton,Darling Downs,Southern,Southern,Southern Queensland,Toowoomba - West,Toowoomba,Toowoomba,Inner Regional,Condamine,Groom,State-controlled,No Roadway Feature,No traffic control,100 - 110 km/h,Sealed - Dry,Clear,Dawn/Dusk,Straight,Level,301,Veh'S Same Direction: Rear End,Rear-end,E,0,2,0,0,2,3,0,0,0,0,0,0
350726,Minor injury,2021,April,Thursday,9,Sideswipe,Multi-Vehicle,151.8079272,-27.49942833,Warrego Hwy,,Warrego Highway (Toowoomba - Dalby),Kingsthorpe,Toowoomba Region,4400,Oakey,Darling Downs,Southern,Southern,Southern Queensland,Jondaryan,Darling Downs - East,Darling Downs - Maranoa,Inner Regional,Condamine,Groom,State-controlled,Merge Lane,No traffic control,100 - 110 km/h,Sealed - Dry,Clear,Daylight,Straight,Level,306,Veh'S Same Direction: Lane Change Right,Lane changes,E,0,0,0,1,1,1,0,1,0,0,0,0
350727,Hospitalisation,2021,May,Wednesday,13,Sideswipe,Multi-Vehicle,151.8915186,-27.49122883,Old Homebush Rd,,,Gowrie Junction,Toowoomba Region,4352,Highfields,Darling Downs,Southern,Southern,Southern Queensland,Gowrie (qld),Toowoomba,Toowoomba,Inner Regional,Condamine,Groom,Locally-controlled,No Roadway Feature,No traffic control,60 km/h,Sealed - Wet,Raining,Daylight,Straight,Level,506,Veh'S Overtaking: Overtake-Right Turn,Overtaking same direction,N,0,1,0,0,1,2,0,0,0,0,0,0
350728,Medical treatment,2021,June,Monday,3,Hit pedestrian,Hit pedestrian,151.8249952,-27.46859933,Sunshine Wy,,,Kingsthorpe,Toowoomba Region,4400,Goombungee,Darling Downs,Southern,Southern,Southern Queensland,Gowrie (qld),Toowoomba,Toowoomba,Inner Regional,Condamine,Groom,Locally-controlled,No Roadway Feature,No traffic control,60 km/h,Sealed - Dry,Clear,Darkness - Lighted,Straight,Level,1,Ped'N: Near Side Vehicle Hit From Right,Pedestrian,N,0,0,1,0,1,1,0,0,0,0,1,0
350729,Medical treatment,2021,June,Monday,14,Angle,Multi-Vehicle,151.7270502,-27.64771632,Gore Hwy,Southbrook Rd,Gore Highway (Toowoomba - Millmerran),Southbrook,Toowoomba Region,4363,Drayton,Darling Downs,Southern,Southern,Southern Queensland,Pittsworth,Darling Downs - East,Darling Downs - Maranoa,Inner Regional,Condamine,Groom,State-controlled,Intersection - T-Junction,Stop sign,100 - 110 km/h,Sealed - Dry,Clear,Daylight,Straight,Dip,104,Veh'S Adjacent Approach: Thru-Right,Intersection from adjacent approaches,S,0,0,1,0,1,2,0,0,0,0,0,0
350730,Medical treatment,2021,June,Tuesday,5,Sideswipe,Multi-Vehicle,151.2657562,-27.41357227,Dalby - Cecil Plains Rd,,Dalby - Cecil Plains Road,Tipton,Toowoomba Region,4405,Cecil Plains,Darling Downs,Southern,Southern,Southern Queensland,Jondaryan,Darling Downs - East,Darling Downs - Maranoa,Inner Regional,Condamine,Groom,State-controlled,No Roadway Feature,No traffic control,100 - 110 km/h,Sealed - Wet,Raining,Darkness - Not lighted,Straight,Level,506,Veh'S Overtaking: Overtake-Right Turn,Overtaking same direction,W,0,0,1,0,1,1,0,1,0,0,0,0
350731,Medical treatment,2021,June,Tuesday,16,Hit object,Single Vehicle,151.8422462,-27.51711733,Warrego Hwy,,Warrego Highway (Toowoomba - Dalby),Charlton,Toowoomba Region,4350,Oakey,Darling Downs,Southern,Southern,Southern Queensland,Toowoomba - West,Toowoomba,Toowoomba,Inner Regional,Condamine,Groom,State-controlled,No Roadway Feature,No traffic control,80 - 90 km/h,Sealed - Dry,Clear,Daylight,Curved - view open,Grade,808,Off Path-Curve: Mounts Traffic Island,Off carriageway on curve hit object,E,0,0,1,0,1,1,0,0,0,0,0,0
350732,Fatal,2021,June,Friday,8,Head-on,Multi-Vehicle,151.3495692,-27.24522528,Warrego Hwy,,Warrego Highway (Toowoomba - Dalby),Bowenville,Toowoomba Region,4404,Dalby,South West,Southern,Southern,Southern Queensland,Jondaryan,Darling Downs - East,Darling Downs - Maranoa,Inner Regional,Condamine,Groom,State-controlled,No Roadway Feature,No traffic control,100 - 110 km/h,Sealed - Dry,Clear,Daylight,Straight,Level,201,Veh'S Opposite Approach: Head On,Head-on,W,1,1,0,0,2,1,0,1,0,0,0,0
350733,Medical treatment,2021,June,Saturday,1,Overturned,Single Vehicle,151.7280331,-27.70051832,Hazelwood Rd,,,Southbrook,Toowoomba Region,4363,Pittsworth,Darling Downs,Southern,Southern,Southern Queensland,Pittsworth,Darling Downs - East,Darling Downs - Maranoa,Inner Regional,Condamine,Groom,Locally-controlled,No Roadway Feature,No traffic control,100 - 110 km/h,Sealed - Dry,Clear,Darkness - Not lighted,Curved - view open,Grade,805,Off Path-Curve: Out Of Control On Cway,Out of control on curve,E,0,0,1,0,1,1,0,0,0,0,0,0
350761,Hospitalisation,2021,June,Sunday,1,Overturned,Single Vehicle,145.1122534,-17.15287758,Hambling St,,,Dimbulah,Mareeba Shire,4872,Dimbulah,Far North,Far Northern,Northern,North Queensland,Tablelands,Far North,Queensland - Outback,Outer Regional,Hill,Kennedy,Locally-controlled,No Roadway Feature,No traffic control,60 km/h,Sealed - Dry,Clear,Darkness - Not lighted,Straight,Grade,703,Off Path-Straight: Left Off Cway Hit Obj,Off carriageway on straight hit object,N,0,1,0,0,1,1,0,0,0,0,0,0
350889,Medical treatment,2021,January,Monday,17,Overturned,Single Vehicle,150.6523763,-28.16047145,Gore Hwy,,Gore Highway (Millmerran - Goondiwindi),Wyaga,Goondiwindi Region,4390,Goondiwindi,Darling Downs,Southern,Southern,Southern Queensland,Inglewood - Waggamba,Darling Downs (west) - Maranoa,Darling Downs - Maranoa,Outer Regional,Southern Downs,Maranoa,State-controlled,No Roadway Feature,No traffic control,100 - 110 km/h,Sealed - Wet,Clear,Daylight,Curved - view open,Level,805,Off Path-Curve: Out Of Control On Cway,Out of control on curve,W,0,0,1,0,1,0,0,1,0,0,0,0
350890,Hospitalisation,2021,January,Thursday,23,Overturned,Single Vehicle,149.7909449,-28.43156765,Barwon Hwy,,Barwon Highway (Goondiwindi - Talwood),Toobeah,Goondiwindi Region,4498,Talwood,Darling Downs,Southern,Southern,Southern Queensland,Inglewood - Waggamba,Darling Downs (west) - Maranoa,Darling Downs - Maranoa,Outer Regional,Southern Downs,Maranoa,State-controlled,No Roadway Feature,No traffic control,100 - 110 km/h,Sealed - Dry,Clear,Darkness - Not lighted,Straight,Level,702,Off Path-Straight: Right Off Cway,Off carriageway on straight,W,0,1,0,0,1,1,0,0,0,0,0,0
350891,Hospitalisation,2021,February,Friday,0,Hit object,Single Vehicle,150.1678792,-28.50849918,Barwon Hwy,,Barwon Highway (Goondiwindi - Talwood),Goodar,Goondiwindi Region,4390,Goondiwindi,Darling Downs,Southern,Southern,Southern Queensland,Inglewood - Waggamba,Darling Downs (west) - Maranoa,Darling Downs - Maranoa,Outer Regional,Southern Downs,Maranoa,State-controlled,No Roadway Feature,No traffic control,100 - 110 km/h,Sealed - Dry,Clear,Darkness - Not lighted,Straight,Level,704,Off Path-Straight:Right Off Cway Hit Obj,Off carriageway on straight hit object,E,0,1,0,0,1,1,0,0,0,0,0,0
350892,Hospitalisation,2021,April,Wednesday,13,Overturned,Single Vehicle,150.3573053,-27.85225325,Leichhardt Hwy,,Leichhardt Highway (Miles - Goondiwindi),Moonie,Goondiwindi Region,4406,Goondiwindi,Darling Downs,Southern,Southern,Southern Queensland,Tara,Darling Downs (west) - Maranoa,Darling Downs - Maranoa,Outer Regional,Southern Downs,Maranoa,State-controlled,No Roadway Feature,No traffic control,100 - 110 km/h,Sealed - Dry,Clear,Daylight,Straight,Level,702,Off Path-Straight: Right Off Cway,Off carriageway on straight,N,0,1,0,0,1,1,0,0,0,0,0,0
350893,Fatal,2021,June,Wednesday,8,Overturned,Single Vehicle,150.3067883,-27.75873219,Moonie Hwy,,Moonie Highway (Dalby - St George),Moonie,Western Downs Region,4406,Tara,South West,Southern,Southern,Southern Queensland,Tara,Darling Downs (west) - Maranoa,Darling Downs - Maranoa,Outer Regional,Warrego,Maranoa,State-controlled,No Roadway Feature,No traffic control,100 - 110 km/h,Sealed - Dry,Clear,Daylight,Curved - view open,Level,803,Off Path-Curve: Off Cway Rt Bend Hit Obj,Off carriageway on curve hit object,E,1,1,0,2,4,1,0,0,0,0,0,0
351049,Hospitalisation,2021,January,Tuesday,17,Angle,Multi-Vehicle,153.072938,-27.47085345,Richmond Rd,Wickham St,,Morningside,Brisbane City,4170,Morningside,South Brisbane,Brisbane,SEQ South,Metropolitan,Morningside - Seven Hills,Brisbane Inner - East,Brisbane Inner City,Major Cities,Bulimba,Griffith,Locally-controlled,Intersection - T-Junction,Give way sign,60 km/h,Sealed - Wet,Raining,Dawn/Dusk,Straight,Grade,107,Veh'S Adjacent Approach: Thru-Left,Intersection from adjacent approaches,W,0,1,0,0,1,2,0,0,0,0,0,0
351050,Hospitalisation,2021,January,Tuesday,20,Angle,Multi-Vehicle,153.070887,-27.47055045,Richmond Rd,,,Morningside,Brisbane City,4170,Morningside,South Brisbane,Brisbane,SEQ South,Metropolitan,Morningside - Seven Hills,Brisbane Inner - East,Brisbane Inner City,Major Cities,Bulimba,Griffith,Locally-controlled,No Roadway Feature,No traffic control,60 km/h,Sealed - Dry,Clear,Darkness - Lighted,Straight,Grade,406,Veh'S Manoeuvring: Leaving Driveway,Vehicle leaving driveway,W,0,2,0,0,2,2,0,0,0,0,0,0
351051,Medical treatment,2021,January,Thursday,11,Sideswipe,Multi-Vehicle,153.101407,-27.44613245,Gateway Arterial Rd,,Gateway Motorway (Eight Mile Plains - Nudgee),Murarrie,Brisbane City,4172,Morningside,South Brisbane,Brisbane,SEQ South,Metropolitan,Murarrie,Wynnum - Manly,Brisbane - East,Major Cities,Bulimba,Bonner,State-controlled,Bridge/Causeway,No traffic control,80 - 90 km/h,Sealed - Dry,Clear,Daylight,Straight,Grade,305,Veh'S Same Direction: Lane Side Swipe,Lane changes,N,0,0,2,0,2,1,0,1,0,0,0,0
351052,Minor injury,2021,January,Wednesday,16,Fall from vehicle,Single Vehicle,153.06011,-27.47655545,Dickens St,,,Norman Park,Brisbane City,4170,Morningside,South Brisbane,Brisbane,SEQ South,Metropolitan,Norman Park,Brisbane Inner - East,Brisbane Inner City,Major Cities,Bulimba,Griffith,Locally-controlled,No Roadway Feature,No traffic control,0 - 50 km/h,Sealed - Dry,Clear,Daylight,Straight,Grade,906,Pass & Misc: Parked Car Ran Away,Other,,0,0,0,1,1,1,0,0,0,0,0,0
351053,Hospitalisation,2021,January,Saturday,15,Angle,Multi-Vehicle,153.059359,-27.47255345,Hawthorne Rd,Wynnum Rd,,Norman Park,Brisbane City,4170,Morningside,South Brisbane,Brisbane,SEQ South,Metropolitan,Norman Park,Brisbane Inner - East,Brisbane Inner City,Major Cities,Bulimba,Griffith,Locally-controlled,Intersection - Cross,Operating traffic lights,60 km/h,Sealed - Wet,Clear,Daylight,Straight,Grade,101,Veh'S Adjacent Approach: Thru-Thru,Intersection from adjacent approaches,,0,1,0,0,1,2,0,0,0,0,0,0
351054,Medical treatment,2021,January,Saturday,9,Rear-end,Multi-Vehicle,153.098307,-27.45699445,Lytton Rd,Metroplex Ave,,Murarrie,Brisbane City,4172,Morningside,South Brisbane,Brisbane,SEQ South,Metropolitan,Murarrie,Wynnum - Manly,Brisbane - East,Major Cities,Bulimba,Griffith,Locally-controlled,Intersection - T-Junction,No traffic control,60 km/h,Sealed - Dry,Clear,Daylight,Straight,Grade,302,Veh'S Same Direction: Left Rear,Rear-end,N,0,0,1,0,1,2,0,0,0,0,0,0
351055,Medical treatment,2021,January,Saturday,15,Angle,Multi-Vehicle,153.098488,-27.46998845,Cannon Hill Shopping Plza Accs,Wynnum Rd,,Cannon Hill,Brisbane City,4170,Morningside,South Brisbane,Brisbane,SEQ South,Metropolitan,Cannon Hill,Carindale,Brisbane - South,Major Cities,Bulimba,Bonner,Locally-controlled,No Roadway Feature,No traffic control,70 km/h,Sealed - Wet,Raining,Daylight,Straight,Level,202,Veh'S Opposite Approach: Thru-Right,Opposing vehicles turning,E,0,0,1,0,1,2,0,0,0,0,0,0
351056,Minor injury,2021,January,Sunday,21,Angle,Multi-Vehicle,153.056265,-27.44780845,Brisbane St,Bulimba St,,Bulimba,Brisbane City,4171,Morningside,South Brisbane,Brisbane,SEQ South,Metropolitan,Bulimba,Brisbane Inner - East,Brisbane Inner City,Major Cities,Bulimba,Griffith,Locally-controlled,Intersection - Cross,Stop sign,0 - 50 km/h,Sealed - Dry,Clear,Darkness - Lighted,Straight,Level,101,Veh'S Adjacent Approach: Thru-Thru,Intersection from adjacent approaches,E,0,0,0,1,1,2,0,0,0,0,0,0
351057,Medical treatment,2021,January,Sunday,23,Hit parked vehicle,Single Vehicle,153.0587486,-27.44754913,Princess St,,,Bulimba,Brisbane City,4171,Morningside,South Brisbane,Brisbane,SEQ South,Metropolitan,Bulimba,Brisbane Inner - East,Brisbane Inner City,Major Cities,Bulimba,Griffith,Locally-controlled,No Roadway Feature,No traffic control,60 km/h,Sealed - Dry,Clear,Darkness - Lighted,Straight,Level,601,Veh'S On Path: Parked,Hit parked vehicle,N,0,0,1,2,3,2,0,0,0,0,0,0
351058,Medical treatment,2021,January,Monday,6,Hit parked vehicle,Single Vehicle,153.073502,-27.48470245,Macrossan Ave,,,Norman Park,Brisbane City,4170,Morningside,South Brisbane,Brisbane,SEQ South,Metropolitan,Norman Park,Brisbane Inner - East,Brisbane Inner City,Major Cities,Bulimba,Griffith,Locally-controlled,No Roadway Feature,No traffic control,0 - 50 km/h,Sealed - Dry,Raining,Daylight,Straight,Level,703,Off Path-Straight: Left Off Cway Hit Obj,Off carriageway on straight hit object,W,0,0,1,0,1,2,0,0,0,0,0,0
351059,Medical treatment,2021,January,Thursday,7,Sideswipe,Multi-Vehicle,153.111777,-27.46290945,Gateway Arterial Rd,,Gateway Motorway (Eight Mile Plains - Nudgee),Murarrie,Brisbane City,4172,Wynnum,South Brisbane,Brisbane,SEQ South,Metropolitan,Murarrie,Wynnum - Manly,Brisbane - East,Major Cities,Bulimba,Bonner,State-controlled,Intersection - Interchange,No traffic control,80 - 90 km/h,Sealed - Wet,Raining,Daylight,Straight,Level,307,Veh'S Same Direction: Lane Change Left,Lane changes,W,0,0,1,0,1,1,0,1,0,0,0,0
351060,Medical treatment,2021,February,Monday,14,Sideswipe,Multi-Vehicle,153.079456,-27.45616845,Beverley St,Lytton Rd,,Morningside,Brisbane City,4170,Morningside,South Brisbane,Brisbane,SEQ South,Metropolitan,Morningside - Seven Hills,Brisbane Inner - East,Brisbane Inner City,Major Cities,Bulimba,Griffith,Locally-controlled,Intersection - T-Junction,No traffic control,0 - 50 km/h,Sealed - Dry,Clear,Daylight,Straight,Level,408,Veh'S Manoeuvring: Entering From Footway,Vehicle leaving driveway,E,0,0,1,0,1,0,0,2,0,0,0,0
351061,Medical treatment,2021,February,Wednesday,5,Angle,Multi-Vehicle,153.074429,-27.48219145,Nestor Lane,Oateson Skyline Dr,,Seven Hills,Brisbane City,4170,Morningside,South Brisbane,Brisbane,SEQ South,Metropolitan,Morningside - Seven Hills,Brisbane Inner - East,Brisbane Inner City,Major Cities,Bulimba,Griffith,Locally-controlled,Intersection - Cross,Give way sign,60 km/h,Sealed - Dry,Clear,Dawn/Dusk,Straight,Level,102,Veh'S Adjacent Approach: Right-Thru,Intersection from adjacent approaches,S,0,0,1,0,1,2,0,0,0,0,0,0
351062,Medical treatment,2021,February,Thursday,23,Angle,Multi-Vehicle,153.088787,-27.46829645,Barrack Rd,Muir St,,Cannon Hill,Brisbane City,4170,Morningside,South Brisbane,Brisbane,SEQ South,Metropolitan,Cannon Hill,Carindale,Brisbane - South,Major Cities,Bulimba,Griffith,Locally-controlled,Intersection - Cross,Operating traffic lights,60 km/h,Sealed - Dry,Clear,Darkness - Lighted,Straight,Level,202,Veh'S Opposite Approach: Thru-Right,Opposing vehicles turning,W,0,0,1,2,3,2,0,0,0,0,0,0
351063,Hospitalisation,2021,February,Monday,10,Sideswipe,Multi-Vehicle,153.108257,-27.45794545,Gateway Arterial Rd,,Gateway Motorway (Eight Mile Plains - Nudgee),Murarrie,Brisbane City,4172,Morningside,South Brisbane,Brisbane,SEQ South,Metropolitan,Murarrie,Wynnum - Manly,Brisbane - East,Major Cities,Bulimba,Bonner,State-controlled,No Roadway Feature,No traffic control,80 - 90 km/h,Sealed - Dry,Clear,Daylight,Straight,Level,306,Veh'S Same Direction: Lane Change Right,Lane changes,N,0,1,0,0,1,1,0,1,0,0,0,0
351064,Hospitalisation,2021,February,Wednesday,11,Rear-end,Multi-Vehicle,153.070379,-27.46931945,Wynnum Rd,,,Morningside,Brisbane City,4170,Morningside,South Brisbane,Brisbane,SEQ South,Metropolitan,Morningside - Seven Hills,Brisbane Inner - East,Brisbane Inner City,Major Cities,Bulimba,Griffith,Locally-controlled,No Roadway Feature,No traffic control,60 km/h,Sealed - Dry,Clear,Daylight,Straight,Level,301,Veh'S Same Direction: Rear End,Rear-end,E,0,1,0,0,1,3,0,0,0,0,0,0
351065,Hospitalisation,2021,February,Monday,18,Hit pedestrian,Hit pedestrian,153.072404,-27.45704145,Thynne Rd,Walkers Dr,,Balmoral,Brisbane City,4171,Morningside,South Brisbane,Brisbane,SEQ South,Metropolitan,Balmoral,Brisbane Inner - East,Brisbane Inner City,Major Cities,Bulimba,Griffith,Locally-controlled,No Roadway Feature,Pedestrian operated lights,60 km/h,Sealed - Dry,Clear,Darkness - Lighted,Straight,Grade,1,Ped'N: Near Side Vehicle Hit From Right,Pedestrian,S,0,1,0,0,1,1,0,0,0,0,1,0
351066,Minor injury,2021,February,Thursday,21,Hit pedestrian,Hit pedestrian,153.078545,-27.48017445,D'Arcy Rd,Salaria Dr,,Seven Hills,Brisbane City,4170,Morningside,South Brisbane,Brisbane,SEQ South,Metropolitan,Morningside - Seven Hills,Brisbane Inner - East,Brisbane Inner City,Major Cities,Bulimba,Griffith,Locally-controlled,Intersection - T-Junction,No traffic control,0 - 50 km/h,Sealed - Dry,Clear,Darkness - Lighted,Curved - view open,Grade,4,Ped'N: Play; Work; Stand; Lie On C'Way,Pedestrian,U,0,0,0,1,1,1,0,0,0,0,1,0
351067,Medical treatment,2021,March,Monday,8,Rear-end,Multi-Vehicle,153.077724,-27.45590145,Lytton Rd,,,Morningside,Brisbane City,4170,Morningside,South Brisbane,Brisbane,SEQ South,Metropolitan,Morningside - Seven Hills,Brisbane Inner - East,Brisbane Inner City,Major Cities,Bulimba,Griffith,Locally-controlled,No Roadway Feature,No traffic control,60 km/h,Sealed - Dry,Clear,Daylight,Straight,Level,301,Veh'S Same Direction: Rear End,Rear-end,E,0,0,1,0,1,2,0,0,0,0,0,0
351068,Hospitalisation,2021,March,Tuesday,8,Angle,Multi-Vehicle,153.064207,-27.47260045,Bennetts Rd,Cottell St,,Norman Park,Brisbane City,4170,Morningside,South Brisbane,Brisbane,SEQ South,Metropolitan,Morningside - Seven Hills,Brisbane Inner - East,Brisbane Inner City,Major Cities,Bulimba,Griffith,Locally-controlled,Intersection - T-Junction,No traffic control,0 - 50 km/h,Sealed - Dry,Clear,Daylight,Straight,Level,202,Veh'S Opposite Approach: Thru-Right,Opposing vehicles turning,S,0,3,0,1,4,2,0,0,0,0,0,0
351069,Fatal,2021,March,Wednesday,10,Angle,Multi-Vehicle,153.098654,-27.45687945,Creek Rd,Lytton Rd,,Murarrie,Brisbane City,4172,Morningside,South Brisbane,Brisbane,SEQ South,Metropolitan,Murarrie,Wynnum - Manly,Brisbane - East,Major Cities,Bulimba,Bonner,Locally-controlled,Intersection - Cross,Operating traffic lights,70 km/h,Sealed - Wet,Raining,Daylight,Straight,Grade,104,Veh'S Adjacent Approach: Thru-Right,Intersection from adjacent approaches,,1,1,0,0,2,3,0,1,0,0,0,0
351070,Medical treatment,2021,March,Friday,6,Hit object,Single Vehicle,153.070487,-27.46939245,Wynnum Rd,,,Morningside,Brisbane City,4170,Morningside,South Brisbane,Brisbane,SEQ South,Metropolitan,Morningside - Seven Hills,Brisbane Inner - East,Brisbane Inner City,Major Cities,Bulimba,Griffith,Locally-controlled,No Roadway Feature,No traffic control,60 km/h,Sealed - Dry,Clear,Daylight,Straight,Level,703,Off Path-Straight: Left Off Cway Hit Obj,Off carriageway on straight hit object,S,0,0,1,0,1,1,0,0,0,0,0,0
351071,Hospitalisation,2021,March,Sunday,16,Angle,Multi-Vehicle,153.06447,-27.48320045,Bennetts Rd,Crown St,,Norman Park,Brisbane City,4170,Morningside,South Brisbane,Brisbane,SEQ South,Metropolitan,Norman Park,Brisbane Inner - East,Brisbane Inner City,Major Cities,Bulimba,Griffith,Locally-controlled,Intersection - Cross,Operating traffic lights,60 km/h,Sealed - Dry,Clear,Daylight,Curved - view open,Level,104,Veh'S Adjacent Approach: Thru-Right,Intersection from adjacent approaches,E,0,1,0,0,1,2,0,0,0,0,0,0
351072,Hospitalisation,2021,March,Wednesday,21,Angle,Multi-Vehicle,153.078484,-27.46674145,Junction Rd,Wynnum Rd,,Morningside,Brisbane City,4170,Morningside,South Brisbane,Brisbane,SEQ South,Metropolitan,Morningside - Seven Hills,Brisbane Inner - East,Brisbane Inner City,Major Cities,Bulimba,Griffith,Locally-controlled,Intersection - T-Junction,Operating traffic lights,70 km/h,Sealed - Dry,Clear,Darkness - Lighted,Curved - view open,Level,202,Veh'S Opposite Approach: Thru-Right,Opposing vehicles turning,W,0,1,0,0,1,2,0,0,0,0,0,0
351073,Minor injury,2021,March,Friday,18,Angle,Multi-Vehicle,153.071648,-27.46516945,Burrai St,Kates St,,Morningside,Brisbane City,4170,Morningside,South Brisbane,Brisbane,SEQ South,Metropolitan,Morningside - Seven Hills,Brisbane Inner - East,Brisbane Inner City,Major Cities,Bulimba,Griffith,Locally-controlled,Intersection - T-Junction,Give way sign,0 - 50 km/h,Sealed - Dry,Clear,Dawn/Dusk,Straight,Grade,104,Veh'S Adjacent Approach: Thru-Right,Intersection from adjacent approaches,E,0,0,0,1,1,1,0,0,0,1,0,0
351074,Hospitalisation,2021,March,Monday,16,Hit object,Single Vehicle,153.113539,-27.45106945,Port Of Brisbane Mwy,,Port Of Brisbane Motorway,Murarrie,Brisbane City,4172,Wynnum,South Brisbane,Brisbane,SEQ South,Metropolitan,Murarrie,Wynnum - Manly,Brisbane - East,Major Cities,Bulimba,Bonner,State-controlled,Intersection - Interchange,No traffic control,60 km/h,Sealed - Wet,Raining,Daylight,Curved - view obscured,Grade,804,Off Path-Curve: Off Cway Lt Bend Hit Obj,Off carriageway on curve hit object,N,0,1,0,0,1,1,0,0,0,0,0,0
351075,Hospitalisation,2021,March,Wednesday,16,Angle,Multi-Vehicle,153.064263,-27.46534845,Dutton St,Riding Rd,,Hawthorne,Brisbane City,4171,Morningside,South Brisbane,Brisbane,SEQ South,Metropolitan,Hawthorne,Brisbane Inner - East,Brisbane Inner City,Major Cities,Bulimba,Griffith,Locally-controlled,Intersection - T-Junction,No traffic control,0 - 50 km/h,Sealed - Wet,Raining,Daylight,Straight,Level,104,Veh'S Adjacent Approach: Thru-Right,Intersection from adjacent approaches,N,0,1,1,0,2,3,0,0,0,0,0,0