Crash_Severity,Crash_Year,Crash_Month,Crash_Day_Of_Week,Crash_Hour,Crash_Nature,Crash_Type,Crash_Longitude,Crash_Latitude,Crash_Street,Crash_Street_Intersecting,State_Road_Name,Loc_Suburb,Loc_Local_Government_Area,Loc_Post_Code,Loc_Police_Division,Loc_Police_District,Loc_Police_Region,Loc_Queensland_Transport_Region,Loc_Main_Roads_Region,Loc_ABS_Statistical_Area_2,Loc_ABS_Statistical_Area_3,Loc_ABS_Statistical_Area_4,Loc_ABS_Remoteness,Loc_State_Electorate,Loc_Federal_Electorate,Crash_Controlling_Authority,Crash_Roadway_Feature,Crash_Traffic_Control,Crash_Speed_Limit,Crash_Road_Surface_Condition,Crash_Atmospheric_Condition,Crash_Lighting_Condition,Crash_Road_Horiz_Align,Crash_Road_Vert_Align,Crash_DCA_Code,Crash_DCA_Description,Crash_DCA_Group_Description,DCA_Key_Approach_Dir,Count_Casualty_Fatality,Count_Casualty_Hospitalised,Count_Casualty_MedicallyTreated,Count_Casualty_MinorInjury,Count_Casualty_Total,Count_Unit_Car,Count_Unit_Motorcycle_Moped,Count_Unit_Truck,Count_Unit_Bus,Count_Unit_Bicycle,Count_Unit_Pedestrian,Count_Unit_Other,
351076,Medical treatment,2021,March,Sunday,17,Angle,Multi-Vehicle,153.068632,-27.47061445,Jack Flynn Memorial Dr,Wynnum Rd,,Morningside,Brisbane City,4170,Morningside,South Brisbane,Brisbane,SEQ South,Metropolitan,Morningside - Seven Hills,Brisbane Inner - East,Brisbane Inner City,Major Cities,Bulimba,Griffith,Locally-controlled,Intersection - T-Junction,Operating traffic lights,60 km/h,Sealed - Dry,Clear,Dawn/Dusk,Curved - view open,Level,406,Veh'S Manoeuvring: Leaving Driveway,Vehicle leaving driveway,S,0,0,1,0,1,2,0,0,0,0,0,0
351077,Medical treatment,2021,March,Monday,16,Angle,Multi-Vehicle,153.09443,-27.47483145,Ludwick St,Richmond Rd,,Cannon Hill,Brisbane City,4170,Morningside,South Brisbane,Brisbane,SEQ South,Metropolitan,Carina,Carindale,Brisbane - South,Major Cities,Bulimba,Griffith,Locally-controlled,Intersection - T-Junction,No traffic control,60 km/h,Sealed - Wet,Raining,Daylight,Straight,Level,202,Veh'S Opposite Approach: Thru-Right,Opposing vehicles turning,W,0,0,1,0,1,2,0,0,0,0,0,0
351078,Hospitalisation,2021,March,Tuesday,14,Hit object,Single Vehicle,153.0642171,-27.47942008,Bennetts Rd,,,Norman Park,Brisbane City,4170,Morningside,South Brisbane,Brisbane,SEQ South,Metropolitan,Norman Park,Brisbane Inner - East,Brisbane Inner City,Major Cities,Bulimba,Griffith,Locally-controlled,No Roadway Feature,No traffic control,0 - 50 km/h,Sealed - Wet,Raining,Dawn/Dusk,Curved - view open,Level,805,Off Path-Curve: Out Of Control On Cway,Out of control on curve,N,0,1,0,0,1,1,0,0,0,0,0,0
351079,Medical treatment,2021,March,Tuesday,15,Fall from vehicle,Single Vehicle,153.064284,-27.47906525,Bennetts Rd,,,Norman Park,Brisbane City,4170,Morningside,South Brisbane,Brisbane,SEQ South,Metropolitan,Norman Park,Brisbane Inner - East,Brisbane Inner City,Major Cities,Bulimba,Griffith,Locally-controlled,No Roadway Feature,No traffic control,60 km/h,Sealed - Wet,Raining,Daylight,Curved - view open,Level,805,Off Path-Curve: Out Of Control On Cway,Out of control on curve,N,0,0,1,0,1,0,1,0,0,0,0,0
351080,Minor injury,2021,March,Thursday,7,Angle,Multi-Vehicle,153.068745,-27.47305445,Jack Flynn Memorial Dr,Waminda St,,Morningside,Brisbane City,4170,Morningside,South Brisbane,Brisbane,SEQ South,Metropolitan,Morningside - Seven Hills,Brisbane Inner - East,Brisbane Inner City,Major Cities,Bulimba,Griffith,Locally-controlled,Intersection - T-Junction,Give way sign,60 km/h,Sealed - Dry,Clear,Daylight,Curved - view open,Dip,104,Veh'S Adjacent Approach: Thru-Right,Intersection from adjacent approaches,N,0,0,0,1,1,2,0,0,0,0,0,0
351081,Hospitalisation,2021,March,Thursday,18,Angle,Multi-Vehicle,153.09269,-27.47454445,Dorothea St,Richmond Rd,,Cannon Hill,Brisbane City,4170,Morningside,South Brisbane,Brisbane,SEQ South,Metropolitan,Cannon Hill,Carindale,Brisbane - South,Major Cities,Bulimba,Griffith,Locally-controlled,Intersection - T-Junction,No traffic control,60 km/h,Sealed - Dry,Clear,Dawn/Dusk,Straight,Grade,408,Veh'S Manoeuvring: Entering From Footway,Vehicle leaving driveway,W,0,1,0,0,1,1,1,0,0,0,0,0
351082,Hospitalisation,2021,March,Tuesday,6,Angle,Multi-Vehicle,153.088963,-27.45291445,Colmslie Rd,,,Morningside,Brisbane City,4170,Morningside,South Brisbane,Brisbane,SEQ South,Metropolitan,Morningside - Seven Hills,Brisbane Inner - East,Brisbane Inner City,Major Cities,Bulimba,Griffith,Locally-controlled,No Roadway Feature,Give way sign,0 - 50 km/h,Sealed - Dry,Clear,Dawn/Dusk,Curved - view open,Level,700,Off Path-Straight: Other,Other,,0,1,0,0,1,1,1,0,0,0,0,0
351083,Hospitalisation,2021,March,Wednesday,17,Hit parked vehicle,Single Vehicle,153.0693047,-27.48399057,Macrossan Ave,,,Norman Park,Brisbane City,4170,Morningside,South Brisbane,Brisbane,SEQ South,Metropolitan,Norman Park,Brisbane Inner - East,Brisbane Inner City,Major Cities,Bulimba,Griffith,Locally-controlled,No Roadway Feature,No traffic control,60 km/h,Sealed - Dry,Clear,Daylight,Straight,Level,705,Off Path-Straight:Out Of Control On Cway,Out of control on straight,E,0,1,0,0,1,3,0,0,0,0,0,0
351084,Hospitalisation,2021,April,Friday,23,Hit parked vehicle,Single Vehicle,153.0557792,-27.46041668,Malcolm St,,,Hawthorne,Brisbane City,4171,Morningside,South Brisbane,Brisbane,SEQ South,Metropolitan,Hawthorne,Brisbane Inner - East,Brisbane Inner City,Major Cities,Bulimba,Griffith,Locally-controlled,No Roadway Feature,No traffic control,0 - 50 km/h,Sealed - Dry,Clear,Darkness - Lighted,Straight,Level,200,Veh'S Opposite Approach: Other,Other,E,0,1,0,0,1,2,0,0,0,0,0,0
351085,Medical treatment,2021,April,Sunday,13,Hit object,Single Vehicle,153.0642906,-27.47903871,Bennetts Rd,,,Norman Park,Brisbane City,4170,Morningside,South Brisbane,Brisbane,SEQ South,Metropolitan,Norman Park,Brisbane Inner - East,Brisbane Inner City,Major Cities,Bulimba,Griffith,Locally-controlled,No Roadway Feature,No traffic control,60 km/h,Sealed - Dry,Clear,Daylight,Curved - view open,Dip,201,Veh'S Opposite Approach: Head On,Head-on,N,0,0,1,0,1,2,0,0,0,0,0,0
351086,Medical treatment,2021,April,Thursday,14,Rear-end,Multi-Vehicle,153.09599,-27.47116045,Creek Rd,Pickwick St,,Cannon Hill,Brisbane City,4170,Morningside,South Brisbane,Brisbane,SEQ South,Metropolitan,Cannon Hill,Carindale,Brisbane - South,Major Cities,Bulimba,Griffith,Locally-controlled,Intersection - Cross,Operating traffic lights,60 km/h,Sealed - Dry,Clear,Daylight,Straight,Level,404,Veh'S Manoeuvring: Reversing,Hit parked vehicle,N,0,0,1,1,2,2,0,0,0,0,0,0
351087,Hospitalisation,2021,April,Thursday,14,Rear-end,Multi-Vehicle,153.09956,-27.47005345,Wynnum Rd,,,Cannon Hill,Brisbane City,4170,Morningside,South Brisbane,Brisbane,SEQ South,Metropolitan,Murarrie,Wynnum - Manly,Brisbane - East,Major Cities,Bulimba,Bonner,Locally-controlled,No Roadway Feature,No traffic control,70 km/h,Sealed - Dry,Clear,Daylight,Straight,Level,301,Veh'S Same Direction: Rear End,Rear-end,W,0,1,0,0,1,2,0,0,0,0,0,0
351088,Hospitalisation,2021,April,Thursday,16,Angle,Multi-Vehicle,153.077518,-27.46688945,Beverley St,Wynnum Rd,,Morningside,Brisbane City,4170,Morningside,South Brisbane,Brisbane,SEQ South,Metropolitan,Morningside - Seven Hills,Brisbane Inner - East,Brisbane Inner City,Major Cities,Bulimba,Griffith,Locally-controlled,Intersection - Cross,No traffic control,0 - 50 km/h,Sealed - Dry,Clear,Daylight,Curved - view obscured,Level,408,Veh'S Manoeuvring: Entering From Footway,Vehicle leaving driveway,E,0,1,0,0,1,1,0,0,0,1,0,0
351089,Medical treatment,2021,April,Tuesday,11,Hit parked vehicle,Single Vehicle,153.10122,-27.44450345,Gateway Arterial Rd,,Gateway Motorway (Eight Mile Plains - Nudgee),Murarrie,Brisbane City,4009,Wynnum,South Brisbane,Brisbane,SEQ South,Metropolitan,Eagle Farm - Pinkenba,Nundah,Brisbane - North,Major Cities,Clayfield,Lilley,State-controlled,Bridge/Causeway,No traffic control,80 - 90 km/h,Sealed - Dry,Clear,Daylight,Straight,Level,608,Veh'S On Path: Accident Or Broken Down,Hit parked vehicle,S,0,0,1,1,2,2,0,0,0,0,0,0
351090,Hospitalisation,2021,April,Tuesday,19,Angle,Multi-Vehicle,153.060903,-27.45931245,Barton Rd,Hawthorne Rd,,Hawthorne,Brisbane City,4171,Morningside,South Brisbane,Brisbane,SEQ South,Metropolitan,Balmoral,Brisbane Inner - East,Brisbane Inner City,Major Cities,Bulimba,Griffith,Locally-controlled,Intersection - Cross,Stop sign,60 km/h,Sealed - Dry,Clear,Darkness - Lighted,Straight,Level,101,Veh'S Adjacent Approach: Thru-Thru,Intersection from adjacent approaches,W,0,1,0,0,1,1,0,0,0,1,0,0
351091,Medical treatment,2021,April,Sunday,23,Rear-end,Multi-Vehicle,153.079613,-27.46688645,Wynnum Rd,,,Morningside,Brisbane City,4170,Morningside,South Brisbane,Brisbane,SEQ South,Metropolitan,Cannon Hill,Carindale,Brisbane - South,Major Cities,Bulimba,Griffith,Locally-controlled,No Roadway Feature,No traffic control,60 km/h,Sealed - Dry,Clear,Darkness - Lighted,Straight,Grade,305,Veh'S Same Direction: Lane Side Swipe,Lane changes,E,0,0,1,0,1,2,0,0,0,0,0,0
351092,Hospitalisation,2021,April,Monday,19,Angle,Multi-Vehicle,153.078363,-27.46691445,Junction Rd,Wynnum Rd,,Morningside,Brisbane City,4170,Morningside,South Brisbane,Brisbane,SEQ South,Metropolitan,Morningside - Seven Hills,Brisbane Inner - East,Brisbane Inner City,Major Cities,Bulimba,Griffith,Locally-controlled,Intersection - T-Junction,Operating traffic lights,60 km/h,Sealed - Dry,Clear,Darkness - Lighted,Straight,Level,104,Veh'S Adjacent Approach: Thru-Right,Intersection from adjacent approaches,E,0,1,0,1,2,2,0,0,0,0,0,0
351093,Minor injury,2021,April,Thursday,11,Rear-end,Multi-Vehicle,153.080336,-27.46711745,Lang St,Wynnum Rd,,Cannon Hill,Brisbane City,4170,Morningside,South Brisbane,Brisbane,SEQ South,Metropolitan,Morningside - Seven Hills,Brisbane Inner - East,Brisbane Inner City,Major Cities,Bulimba,Griffith,Locally-controlled,Intersection - T-Junction,Give way sign,0 - 50 km/h,Sealed - Dry,Clear,Daylight,Straight,Level,302,Veh'S Same Direction: Left Rear,Rear-end,,0,0,0,1,1,2,0,0,0,0,0,0
351094,Medical treatment,2021,May,Tuesday,6,Rear-end,Multi-Vehicle,153.098654,-27.45687945,Creek Rd,Lytton Rd,,Murarrie,Brisbane City,4172,Morningside,South Brisbane,Brisbane,SEQ South,Metropolitan,Murarrie,Wynnum - Manly,Brisbane - East,Major Cities,Bulimba,Bonner,Locally-controlled,Intersection - Cross,No traffic control,60 km/h,Sealed - Dry,Clear,Daylight,Straight,Level,302,Veh'S Same Direction: Left Rear,Rear-end,N,0,0,1,0,1,2,0,0,0,0,0,0
351095,Hospitalisation,2021,May,Friday,15,Angle,Multi-Vehicle,153.064515,-27.48311745,Bennetts Rd,Crown St,,Norman Park,Brisbane City,4170,Morningside,South Brisbane,Brisbane,SEQ South,Metropolitan,Norman Park,Brisbane Inner - East,Brisbane Inner City,Major Cities,Bulimba,Griffith,Locally-controlled,Intersection - Cross,Operating traffic lights,60 km/h,Sealed - Dry,Clear,Daylight,Straight,Grade,202,Veh'S Opposite Approach: Thru-Right,Opposing vehicles turning,W,0,1,0,0,1,3,0,0,0,0,0,0
351096,Medical treatment,2021,May,Friday,13,Rear-end,Multi-Vehicle,153.054027,-27.47503345,Wynnum Rd,,,Norman Park,Brisbane City,4170,Morningside,South Brisbane,Brisbane,SEQ South,Metropolitan,Norman Park,Brisbane Inner - East,Brisbane Inner City,Major Cities,Bulimba,Griffith,Locally-controlled,No Roadway Feature,No traffic control,60 km/h,Sealed - Dry,Clear,Daylight,Curved - view open,Level,301,Veh'S Same Direction: Rear End,Rear-end,N,0,0,1,1,2,2,0,0,0,0,0,0
351097,Minor injury,2021,May,Sunday,13,Angle,Multi-Vehicle,153.071039,-27.46475445,Pashen St,Thynne Rd,,Morningside,Brisbane City,4170,Morningside,South Brisbane,Brisbane,SEQ South,Metropolitan,Morningside - Seven Hills,Brisbane Inner - East,Brisbane Inner City,Major Cities,Bulimba,Griffith,Locally-controlled,Intersection - Roundabout,Give way sign,60 km/h,Sealed - Dry,Clear,Daylight,Straight,Level,102,Veh'S Adjacent Approach: Right-Thru,Intersection from adjacent approaches,S,0,0,0,1,1,1,1,0,0,0,0,0
351098,Hospitalisation,2021,May,Sunday,21,Hit parked vehicle,Single Vehicle,153.072328,-27.48447545,Macrossan Ave,,,Norman Park,Brisbane City,4170,Morningside,South Brisbane,Brisbane,SEQ South,Metropolitan,Norman Park,Brisbane Inner - East,Brisbane Inner City,Major Cities,Bulimba,Griffith,Locally-controlled,No Roadway Feature,No traffic control,0 - 50 km/h,Sealed - Dry,Clear,Darkness - Lighted,Straight,Level,703,Off Path-Straight: Left Off Cway Hit Obj,Off carriageway on straight hit object,E,0,1,0,0,1,2,0,0,0,0,0,0
351099,Hospitalisation,2021,May,Thursday,5,Sideswipe,Multi-Vehicle,153.1210838,-27.44910299,Port Of Brisbane Mwy,,Port Of Brisbane Motorway,Murarrie,Brisbane City,4172,Wynnum,South Brisbane,Brisbane,SEQ South,Metropolitan,Murarrie,Wynnum - Manly,Brisbane - East,Major Cities,Bulimba,Bonner,State-controlled,No Roadway Feature,No traffic control,70 km/h,Sealed - Dry,Clear,Dawn/Dusk,Straight,Level,307,Veh'S Same Direction: Lane Change Left,Lane changes,E,0,1,0,0,1,1,0,1,0,0,0,0
351100,Medical treatment,2021,May,Monday,13,Rear-end,Multi-Vehicle,153.0702037,-27.47053865,Richmond Rd,,,Morningside,Brisbane City,4170,Morningside,South Brisbane,Brisbane,SEQ South,Metropolitan,Morningside - Seven Hills,Brisbane Inner - East,Brisbane Inner City,Major Cities,Bulimba,Griffith,Locally-controlled,No Roadway Feature,No traffic control,0 - 50 km/h,Sealed - Dry,Clear,Daylight,Curved - view obscured,Crest,301,Veh'S Same Direction: Rear End,Rear-end,W,0,0,1,0,1,4,0,0,0,0,0,0
351101,Medical treatment,2021,May,Monday,14,Rear-end,Multi-Vehicle,153.0997041,-27.46995468,Wynnum Rd,,,Murarrie,Brisbane City,4172,Morningside,South Brisbane,Brisbane,SEQ South,Metropolitan,Murarrie,Wynnum - Manly,Brisbane - East,Major Cities,Bulimba,Bonner,Locally-controlled,No Roadway Feature,No traffic control,60 km/h,Sealed - Dry,Clear,Daylight,Straight,Level,301,Veh'S Same Direction: Rear End,Rear-end,E,0,0,1,0,1,2,0,0,0,0,0,0
351102,Hospitalisation,2021,May,Wednesday,7,Hit pedestrian,Hit pedestrian,153.08403,-27.46770145,Molloy Rd,Wynnum Rd,,Cannon Hill,Brisbane City,4170,Morningside,South Brisbane,Brisbane,SEQ South,Metropolitan,Cannon Hill,Carindale,Brisbane - South,Major Cities,Bulimba,Griffith,Locally-controlled,Intersection - Cross,Operating traffic lights,60 km/h,Sealed - Dry,Clear,Daylight,Straight,Level,3,Ped'N: Far Side Vehicle Hit From Left,Pedestrian,N,0,1,0,0,1,1,0,0,0,0,1,0
351103,Hospitalisation,2021,May,Friday,17,Angle,Multi-Vehicle,153.0600929,-27.46368265,Hawthorne Rd,,,Hawthorne,Brisbane City,4171,Morningside,South Brisbane,Brisbane,SEQ South,Metropolitan,Hawthorne,Brisbane Inner - East,Brisbane Inner City,Major Cities,Bulimba,Griffith,Locally-controlled,No Roadway Feature,No traffic control,60 km/h,Sealed - Dry,Clear,Darkness - Lighted,Straight,Level,408,Veh'S Manoeuvring: Entering From Footway,Vehicle leaving driveway,N,0,1,0,0,1,1,0,0,0,1,0,0
351104,Minor injury,2021,June,Tuesday,10,Hit parked vehicle,Single Vehicle,153.075793,-27.47164045,Pockley St,Richmond Rd,,Morningside,Brisbane City,4170,Morningside,South Brisbane,Brisbane,SEQ South,Metropolitan,Morningside - Seven Hills,Brisbane Inner - East,Brisbane Inner City,Major Cities,Bulimba,Griffith,Locally-controlled,Intersection - T-Junction,No traffic control,60 km/h,Sealed - Dry,Clear,Daylight,Straight,Grade,601,Veh'S On Path: Parked,Hit parked vehicle,E,0,0,0,1,1,2,0,0,0,0,0,0
351105,Minor injury,2021,June,Wednesday,15,Rear-end,Multi-Vehicle,153.0686411,-27.47305643,Jack Flynn Memorial Dr,Waminda St,,Morningside,Brisbane City,4170,Morningside,South Brisbane,Brisbane,SEQ South,Metropolitan,Morningside - Seven Hills,Brisbane Inner - East,Brisbane Inner City,Major Cities,Bulimba,Griffith,Locally-controlled,Intersection - T-Junction,No traffic control,0 - 50 km/h,Sealed - Dry,Clear,Daylight,Straight,Level,303,Veh'S Same Direction: Right Rear,Rear-end,S,0,0,0,1,1,2,0,0,0,0,0,0
351106,Hospitalisation,2021,June,Saturday,13,Hit pedestrian,Hit pedestrian,153.058043,-27.45114445,Oxford St,Princess St,,Bulimba,Brisbane City,4171,Morningside,South Brisbane,Brisbane,SEQ South,Metropolitan,Bulimba,Brisbane Inner - East,Brisbane Inner City,Major Cities,Bulimba,Griffith,Locally-controlled,Intersection - T-Junction,No traffic control,0 - 50 km/h,Sealed - Dry,Clear,Daylight,Straight,Level,1,Ped'N: Near Side Vehicle Hit From Right,Pedestrian,W,0,1,0,0,1,1,0,0,0,0,1,0
351107,Medical treatment,2021,June,Monday,12,Angle,Multi-Vehicle,153.100766,-27.46675145,Northcliffe St,Rawlinson St,,Murarrie,Brisbane City,4172,Morningside,South Brisbane,Brisbane,SEQ South,Metropolitan,Murarrie,Wynnum - Manly,Brisbane - East,Major Cities,Bulimba,Bonner,Locally-controlled,Intersection - Cross,No traffic control,0 - 50 km/h,Sealed - Dry,Clear,Daylight,Straight,Level,202,Veh'S Opposite Approach: Thru-Right,Opposing vehicles turning,W,0,0,1,0,1,2,0,0,0,0,0,0
351108,Medical treatment,2021,June,Wednesday,17,Rear-end,Multi-Vehicle,153.106784,-27.45547445,Gateway Arterial Rd,,Gateway Motorway (Eight Mile Plains - Nudgee),Murarrie,Brisbane City,4172,Wynnum,South Brisbane,Brisbane,SEQ South,Metropolitan,Murarrie,Wynnum - Manly,Brisbane - East,Major Cities,Bulimba,Bonner,State-controlled,No Roadway Feature,No traffic control,80 - 90 km/h,Sealed - Dry,Clear,Daylight,Straight,Level,301,Veh'S Same Direction: Rear End,Rear-end,S,0,0,2,0,2,2,0,0,0,0,0,0
351109,Hospitalisation,2021,June,Thursday,8,Sideswipe,Multi-Vehicle,153.075365,-27.47158645,Richmond Rd,,,Morningside,Brisbane City,4170,Morningside,South Brisbane,Brisbane,SEQ South,Metropolitan,Morningside - Seven Hills,Brisbane Inner - East,Brisbane Inner City,Major Cities,Bulimba,Griffith,Locally-controlled,No Roadway Feature,No traffic control,60 km/h,Sealed - Dry,Clear,Daylight,Straight,Grade,305,Veh'S Same Direction: Lane Side Swipe,Lane changes,W,0,1,0,0,1,2,1,0,0,0,0,0
351110,Hospitalisation,2021,June,Friday,9,Sideswipe,Multi-Vehicle,153.111925,-27.46265945,Gateway Arterial Rd,,Gateway Motorway (Eight Mile Plains - Nudgee),Murarrie,Brisbane City,4172,Wynnum,South Brisbane,Brisbane,SEQ South,Metropolitan,Murarrie,Wynnum - Manly,Brisbane - East,Major Cities,Bulimba,Bonner,State-controlled,Intersection - Interchange,No traffic control,100 - 110 km/h,Sealed - Dry,Clear,Daylight,Straight,Level,300,Veh'S Same Direction: Other,Other,S,0,1,0,0,1,1,0,1,0,0,0,0
351111,Medical treatment,2021,June,Friday,14,Angle,Multi-Vehicle,153.058504,-27.45632045,Carr St,Smallman St,,Bulimba,Brisbane City,4171,Morningside,South Brisbane,Brisbane,SEQ South,Metropolitan,Bulimba,Brisbane Inner - East,Brisbane Inner City,Major Cities,Bulimba,Griffith,Locally-controlled,Intersection - Cross,Give way sign,60 km/h,Sealed - Dry,Clear,Daylight,Straight,Level,101,Veh'S Adjacent Approach: Thru-Thru,Intersection from adjacent approaches,N,0,0,1,0,1,2,0,0,0,0,0,0
351112,Medical treatment,2021,June,Saturday,12,Angle,Multi-Vehicle,153.068745,-27.47305445,Jack Flynn Memorial Dr,Waminda St,,Morningside,Brisbane City,4170,Morningside,South Brisbane,Brisbane,SEQ South,Metropolitan,Morningside - Seven Hills,Brisbane Inner - East,Brisbane Inner City,Major Cities,Bulimba,Griffith,Locally-controlled,Intersection - T-Junction,Give way sign,60 km/h,Sealed - Dry,Clear,Daylight,Curved - view open,Level,104,Veh'S Adjacent Approach: Thru-Right,Intersection from adjacent approaches,N,0,0,1,0,1,1,1,0,0,0,0,0
351113,Hospitalisation,2021,June,Wednesday,9,Hit parked vehicle,Single Vehicle,153.0651,-27.48123145,Bennetts Rd,,,Norman Park,Brisbane City,4170,Morningside,South Brisbane,Brisbane,SEQ South,Metropolitan,Norman Park,Brisbane Inner - East,Brisbane Inner City,Major Cities,Bulimba,Griffith,Locally-controlled,No Roadway Feature,No traffic control,60 km/h,Sealed - Dry,Clear,Daylight,Curved - view open,Level,803,Off Path-Curve: Off Cway Rt Bend Hit Obj,Off carriageway on curve hit object,S,0,1,1,0,2,3,0,0,0,0,0,0
351114,Medical treatment,2021,June,Thursday,16,Head-on,Multi-Vehicle,153.072136,-27.47981145,Oateson Skyline Dr,,,Seven Hills,Brisbane City,4170,Morningside,South Brisbane,Brisbane,SEQ South,Metropolitan,Morningside - Seven Hills,Brisbane Inner - East,Brisbane Inner City,Major Cities,Bulimba,Griffith,Locally-controlled,No Roadway Feature,No traffic control,60 km/h,Sealed - Dry,Clear,Dawn/Dusk,Curved - view open,Crest,201,Veh'S Opposite Approach: Head On,Head-on,N,0,0,1,0,1,2,0,0,0,0,0,0
351115,Minor injury,2021,June,Friday,10,Hit object,Single Vehicle,153.0592009,-27.46841912,Hawthorne Rd,,,Hawthorne,Brisbane City,4171,Morningside,South Brisbane,Brisbane,SEQ South,Metropolitan,Hawthorne,Brisbane Inner - East,Brisbane Inner City,Major Cities,Bulimba,Griffith,Locally-controlled,No Roadway Feature,No traffic control,60 km/h,Sealed - Wet,Raining,Daylight,Straight,Grade,703,Off Path-Straight: Left Off Cway Hit Obj,Off carriageway on straight hit object,N,0,0,0,2,2,1,0,0,0,0,0,0
351145,Hospitalisation,2021,January,Tuesday,9,Hit pedestrian,Hit pedestrian,152.8388083,-25.28426141,Main St,Old Maryborough Rd,,Pialba,Fraser Coast Region,4655,Hervey Bay,Wide Bay Burnett,North Coast,Southern,Southern Queensland,Pialba - Eli Waters,Hervey Bay,Wide Bay,Inner Regional,Hervey Bay,Hinkler,Locally-controlled,Intersection - Cross,Operating traffic lights,0 - 50 km/h,Sealed - Dry,Clear,Daylight,Straight,Level,3,Ped'N: Far Side Vehicle Hit From Left,Pedestrian,S,0,1,0,0,1,1,0,0,0,0,1,0
351146,Hospitalisation,2021,January,Tuesday,16,Hit pedestrian,Hit pedestrian,152.8688446,-25.28528725,Freshwater St,,,Torquay,Fraser Coast Region,4655,Hervey Bay,Wide Bay Burnett,North Coast,Southern,Southern Queensland,Torquay - Scarness - Kawungan,Hervey Bay,Wide Bay,Inner Regional,Hervey Bay,Hinkler,Locally-controlled,No Roadway Feature,No traffic control,0 - 50 km/h,Sealed - Dry,Clear,Daylight,Straight,Level,3,Ped'N: Far Side Vehicle Hit From Left,Pedestrian,E,0,1,0,0,1,1,0,0,0,0,1,0
351147,Medical treatment,2021,January,Friday,9,Angle,Multi-Vehicle,152.8525792,-25.28630005,Torquay Rd,,,Scarness,Fraser Coast Region,4655,Hervey Bay,Wide Bay Burnett,North Coast,Southern,Southern Queensland,Torquay - Scarness - Kawungan,Hervey Bay,Wide Bay,Inner Regional,Hervey Bay,Hinkler,Locally-controlled,No Roadway Feature,No traffic control,60 km/h,Sealed - Wet,Raining,Daylight,Straight,Level,308,Veh'S Same Direction: Right Turn S/Swipe,Parallel lanes turning,W,0,0,2,0,2,2,0,0,0,0,0,0
351148,Medical treatment,2021,January,Saturday,14,Hit pedestrian,Hit pedestrian,152.8069623,-25.27992141,Lady Penrhyn Dr,,,Eli Waters,Fraser Coast Region,4655,Hervey Bay,Wide Bay Burnett,North Coast,Southern,Southern Queensland,Pialba - Eli Waters,Hervey Bay,Wide Bay,Inner Regional,Hervey Bay,Hinkler,Locally-controlled,No Roadway Feature,No traffic control,0 - 50 km/h,Sealed - Dry,Clear,Daylight,Straight,Level,0,Ped'N: Hit Other,Other,E,0,0,1,0,1,1,0,0,0,0,1,0
351149,Minor injury,2021,January,Tuesday,16,Hit object,Single Vehicle,152.8396563,-25.27918641,Charlton Esp,,,Pialba,Fraser Coast Region,4655,Hervey Bay,Wide Bay Burnett,North Coast,Southern,Southern Queensland,Pialba - Eli Waters,Hervey Bay,Wide Bay,Inner Regional,Hervey Bay,Hinkler,Locally-controlled,Intersection - Roundabout,Give way sign,0 - 50 km/h,Sealed - Wet,Clear,Daylight,Curved - view open,Grade,700,Off Path-Straight: Other,Other,,0,0,0,1,1,0,0,0,1,0,0,0
351150,Minor injury,2021,January,Tuesday,13,Rear-end,Multi-Vehicle,152.8365883,-25.28806741,Boat Harbour Dr,,Maryborough - Hervey Bay Road,Urraween,Fraser Coast Region,4655,Hervey Bay,Wide Bay Burnett,North Coast,Southern,Southern Queensland,Pialba - Eli Waters,Hervey Bay,Wide Bay,Inner Regional,Hervey Bay,Hinkler,State-controlled,No Roadway Feature,Give way sign,60 km/h,Sealed - Dry,Clear,Daylight,Straight,Level,400,Veh'S Manoeuvring: Other,Other,N,0,0,0,2,2,2,0,0,0,0,0,0
351151,Minor injury,2021,January,Sunday,9,Angle,Multi-Vehicle,152.8542422,-25.286508,Torquay Rd,,,Scarness,Fraser Coast Region,4655,Hervey Bay,Wide Bay Burnett,North Coast,Southern,Southern Queensland,Torquay - Scarness - Kawungan,Hervey Bay,Wide Bay,Inner Regional,Hervey Bay,Hinkler,Locally-controlled,No Roadway Feature,No traffic control,60 km/h,Sealed - Dry,Clear,Daylight,Straight,Grade,400,Veh'S Manoeuvring: Other,Other,,0,0,0,1,1,1,0,0,0,1,0,0
351152,Hospitalisation,2021,January,Sunday,9,Angle,Multi-Vehicle,152.8369468,-25.28802039,Boat Harbour Dr,,Maryborough - Hervey Bay Road,Urraween,Fraser Coast Region,4655,Hervey Bay,Wide Bay Burnett,North Coast,Southern,Southern Queensland,Pialba - Eli Waters,Hervey Bay,Wide Bay,Inner Regional,Hervey Bay,Hinkler,State-controlled,No Roadway Feature,Pedestrian crossing sign,60 km/h,Sealed - Dry,Clear,Daylight,Straight,Level,408,Veh'S Manoeuvring: Entering From Footway,Vehicle leaving driveway,W,0,2,0,0,2,1,0,0,0,1,1,0
351153,Hospitalisation,2021,January,Sunday,12,Hit pedestrian,Hit pedestrian,152.8571901,-25.29735973,Poinciana Cres,,,Kawungan,Fraser Coast Region,4655,Hervey Bay,Wide Bay Burnett,North Coast,Southern,Southern Queensland,Torquay - Scarness - Kawungan,Hervey Bay,Wide Bay,Inner Regional,Hervey Bay,Hinkler,Locally-controlled,No Roadway Feature,No traffic control,60 km/h,Sealed - Dry,Clear,Daylight,Straight,Level,906,Pass & Misc: Parked Car Ran Away,Other,,0,1,0,0,1,1,0,0,0,0,1,0