Crash_Severity,Crash_Year,Crash_Month,Crash_Day_Of_Week,Crash_Hour,Crash_Nature,Crash_Type,Crash_Longitude,Crash_Latitude,Crash_Street,Crash_Street_Intersecting,State_Road_Name,Loc_Suburb,Loc_Local_Government_Area,Loc_Post_Code,Loc_Police_Division,Loc_Police_District,Loc_Police_Region,Loc_Queensland_Transport_Region,Loc_Main_Roads_Region,Loc_ABS_Statistical_Area_2,Loc_ABS_Statistical_Area_3,Loc_ABS_Statistical_Area_4,Loc_ABS_Remoteness,Loc_State_Electorate,Loc_Federal_Electorate,Crash_Controlling_Authority,Crash_Roadway_Feature,Crash_Traffic_Control,Crash_Speed_Limit,Crash_Road_Surface_Condition,Crash_Atmospheric_Condition,Crash_Lighting_Condition,Crash_Road_Horiz_Align,Crash_Road_Vert_Align,Crash_DCA_Code,Crash_DCA_Description,Crash_DCA_Group_Description,DCA_Key_Approach_Dir,Count_Casualty_Fatality,Count_Casualty_Hospitalised,Count_Casualty_MedicallyTreated,Count_Casualty_MinorInjury,Count_Casualty_Total,Count_Unit_Car,Count_Unit_Motorcycle_Moped,Count_Unit_Truck,Count_Unit_Bus,Count_Unit_Bicycle,Count_Unit_Pedestrian,Count_Unit_Other,
351154,Hospitalisation,2021,January,Sunday,11,Hit parked vehicle,Single Vehicle,152.8595543,-25.29586541,Denmans Camp Rd,,,Torquay,Fraser Coast Region,4655,Hervey Bay,Wide Bay Burnett,North Coast,Southern,Southern Queensland,Torquay - Scarness - Kawungan,Hervey Bay,Wide Bay,Inner Regional,Hervey Bay,Hinkler,Locally-controlled,No Roadway Feature,No traffic control,60 km/h,Sealed - Dry,Clear,Daylight,Straight,Level,601,Veh'S On Path: Parked,Hit parked vehicle,N,0,1,0,0,1,2,0,1,0,0,0,0
351155,Medical treatment,2021,January,Friday,11,Angle,Multi-Vehicle,152.9000621,-25.29897951,Pulgul St,,,Urangan,Fraser Coast Region,4655,Hervey Bay,Wide Bay Burnett,North Coast,Southern,Southern Queensland,Urangan - Wondunna,Hervey Bay,Wide Bay,Inner Regional,Hervey Bay,Hinkler,Locally-controlled,Intersection - Cross,Give way sign,60 km/h,Sealed - Dry,Clear,Daylight,Straight,Level,101,Veh'S Adjacent Approach: Thru-Thru,Intersection from adjacent approaches,N,0,0,1,0,1,2,0,0,0,0,0,0
351156,Medical treatment,2021,January,Sunday,19,Hit object,Single Vehicle,152.8531193,-25.30667441,Doolong Rd,Doolong South Rd,,Wondunna,Fraser Coast Region,4655,Hervey Bay,Wide Bay Burnett,North Coast,Southern,Southern Queensland,Urangan - Wondunna,Hervey Bay,Wide Bay,Inner Regional,Hervey Bay,Hinkler,Locally-controlled,Intersection - Roundabout,Give way sign,60 km/h,Sealed - Dry,Clear,Darkness - Lighted,Straight,Level,708,Off Path-Straight: Mounts Traffic Island,Off carriageway on straight hit object,W,0,0,2,0,2,1,0,0,0,0,0,0
351157,Hospitalisation,2021,January,Monday,5,Hit object,Single Vehicle,152.8522383,-25.28299441,Charlton Esp,,,Scarness,Fraser Coast Region,4655,Hervey Bay,Wide Bay Burnett,North Coast,Southern,Southern Queensland,Torquay - Scarness - Kawungan,Hervey Bay,Wide Bay,Inner Regional,Hervey Bay,Hinkler,Locally-controlled,No Roadway Feature,No traffic control,0 - 50 km/h,Sealed - Dry,Clear,Dawn/Dusk,Straight,Level,704,Off Path-Straight:Right Off Cway Hit Obj,Off carriageway on straight hit object,W,0,1,0,0,1,1,0,0,0,0,0,0
351158,Hospitalisation,2021,February,Monday,17,Angle,Multi-Vehicle,152.8478483,-25.29447641,Areca Dr,Oleander Ave,,Kawungan,Fraser Coast Region,4655,Hervey Bay,Wide Bay Burnett,North Coast,Southern,Southern Queensland,Torquay - Scarness - Kawungan,Hervey Bay,Wide Bay,Inner Regional,Hervey Bay,Hinkler,Locally-controlled,Intersection - T-Junction,Give way sign,60 km/h,Sealed - Dry,Clear,Daylight,Straight,Crest,103,Veh'S Adjacent Approach: Left-Thru,Intersection from adjacent approaches,N,0,1,0,0,1,2,0,0,0,0,0,0
351159,Minor injury,2021,February,Wednesday,10,Angle,Multi-Vehicle,152.8163581,-25.28616749,Ibis Blvd,,,Eli Waters,Fraser Coast Region,4655,Hervey Bay,Wide Bay Burnett,North Coast,Southern,Southern Queensland,Pialba - Eli Waters,Hervey Bay,Wide Bay,Inner Regional,Hervey Bay,Hinkler,Locally-controlled,No Roadway Feature,No traffic control,0 - 50 km/h,Sealed - Dry,Clear,Daylight,Straight,Level,406,Veh'S Manoeuvring: Leaving Driveway,Vehicle leaving driveway,N,0,0,0,1,1,1,1,0,0,0,0,0
351160,Hospitalisation,2021,February,Tuesday,11,Hit pedestrian,Hit pedestrian,152.8359683,-25.28790141,Boat Harbour Dr,Wilson Av,Maryborough - Hervey Bay Road,Urraween,Fraser Coast Region,4655,Hervey Bay,Wide Bay Burnett,North Coast,Southern,Southern Queensland,Pialba - Eli Waters,Hervey Bay,Wide Bay,Inner Regional,Hervey Bay,Hinkler,State-controlled,No Roadway Feature,Give way sign,60 km/h,Sealed - Dry,Clear,Daylight,Straight,Level,7,Ped'N: Hit By Vehicle Enter/Leave D'Way,Pedestrian,N,0,1,0,0,1,1,0,0,0,0,1,0
351161,Hospitalisation,2021,February,Thursday,12,Angle,Multi-Vehicle,152.8822023,-25.28326341,Ann St,Cypress St,,Torquay,Fraser Coast Region,4655,Hervey Bay,Wide Bay Burnett,North Coast,Southern,Southern Queensland,Torquay - Scarness - Kawungan,Hervey Bay,Wide Bay,Inner Regional,Hervey Bay,Hinkler,Locally-controlled,Intersection - Cross,Stop sign,0 - 50 km/h,Sealed - Dry,Clear,Daylight,Straight,Level,101,Veh'S Adjacent Approach: Thru-Thru,Intersection from adjacent approaches,W,0,2,0,0,2,2,0,0,0,0,0,0
351162,Hospitalisation,2021,February,Thursday,14,Rear-end,Multi-Vehicle,152.8587166,-25.29078874,Boat Harbour Dr,,Maryborough - Hervey Bay Road,Scarness,Fraser Coast Region,4655,Hervey Bay,Wide Bay Burnett,North Coast,Southern,Southern Queensland,Torquay - Scarness - Kawungan,Hervey Bay,Wide Bay,Inner Regional,Hervey Bay,Hinkler,State-controlled,No Roadway Feature,No traffic control,70 km/h,Sealed - Dry,Clear,Daylight,Straight,Grade,301,Veh'S Same Direction: Rear End,Rear-end,E,0,1,0,0,1,2,0,0,0,0,0,0
351163,Hospitalisation,2021,February,Saturday,10,Hit object,Single Vehicle,152.8469873,-25.28926741,Boat Harbour Dr,Stephenson St,Maryborough - Hervey Bay Road,Pialba,Fraser Coast Region,4655,Hervey Bay,Wide Bay Burnett,North Coast,Southern,Southern Queensland,Pialba - Eli Waters,Hervey Bay,Wide Bay,Inner Regional,Hervey Bay,Hinkler,State-controlled,Intersection - T-Junction,No traffic control,0 - 50 km/h,Sealed - Wet,Clear,Daylight,Straight,Level,703,Off Path-Straight: Left Off Cway Hit Obj,Off carriageway on straight hit object,W,0,1,0,0,1,0,0,0,1,0,0,0
351164,Minor injury,2021,February,Monday,7,Overturned,Single Vehicle,152.8164913,-25.34070141,Booral Rd,,Booral Road,Bunya Creek,Fraser Coast Region,4655,Hervey Bay,Wide Bay Burnett,North Coast,Southern,Southern Queensland,Booral - River Heads,Hervey Bay,Wide Bay,Inner Regional,Maryborough,Hinkler,State-controlled,No Roadway Feature,No traffic control,100 - 110 km/h,Sealed - Dry,Clear,Daylight,Curved - view open,Level,801,Off Path-Curve: Off Cway Right Bend,Off carriageway on curve,E,0,0,0,1,1,1,0,0,0,0,0,0
351165,Hospitalisation,2021,February,Friday,9,Angle,Multi-Vehicle,152.8169103,-25.28681341,Fairway Dr,Ibis Blvd,Maryborough - Hervey Bay Road,Eli Waters,Fraser Coast Region,4655,Hervey Bay,Wide Bay Burnett,North Coast,Southern,Southern Queensland,Pialba - Eli Waters,Hervey Bay,Wide Bay,Inner Regional,Hervey Bay,Hinkler,State-controlled,Intersection - Cross,Operating traffic lights,60 km/h,Sealed - Dry,Clear,Daylight,Straight,Level,202,Veh'S Opposite Approach: Thru-Right,Opposing vehicles turning,S,0,2,0,1,3,2,0,0,0,0,0,0
351166,Medical treatment,2021,March,Thursday,15,Sideswipe,Multi-Vehicle,152.7430993,-25.3515364,Torbanlea - Pialba Rd,,Torbanlea - Pialba Road,Burgowan,Fraser Coast Region,4659,Hervey Bay,Wide Bay Burnett,North Coast,Southern,Southern Queensland,Burrum - Fraser,Maryborough,Wide Bay,Inner Regional,Maryborough,Hinkler,State-controlled,No Roadway Feature,No traffic control,100 - 110 km/h,Sealed - Dry,Clear,Daylight,Curved - view open,Dip,504,Veh'S Overtaking: Cutting In,Lane changes,W,0,0,4,0,4,2,0,0,0,0,0,0
351167,Hospitalisation,2021,March,Wednesday,10,Angle,Multi-Vehicle,152.8881733,-25.30455841,Booral Rd,Boundary Rd,Booral Road,Urangan,Fraser Coast Region,4655,Hervey Bay,Wide Bay Burnett,North Coast,Southern,Southern Queensland,Urangan - Wondunna,Hervey Bay,Wide Bay,Inner Regional,Hervey Bay,Hinkler,State-controlled,Intersection - T-Junction,Give way sign,60 km/h,Sealed - Dry,Clear,Daylight,Straight,Level,202,Veh'S Opposite Approach: Thru-Right,Opposing vehicles turning,S,0,1,0,1,2,3,0,0,0,0,0,0
351168,Medical treatment,2021,March,Thursday,21,Hit animal,Other,152.7842294,-25.28670429,Pialba - Burrum Heads Rd,,Pialba - Burrum Heads Road,Dundowran Beach,Fraser Coast Region,4655,Hervey Bay,Wide Bay Burnett,North Coast,Southern,Southern Queensland,Craignish - Dundowran Beach,Hervey Bay,Wide Bay,Inner Regional,Maryborough,Hinkler,State-controlled,No Roadway Feature,No traffic control,100 - 110 km/h,Sealed - Wet,Clear,Darkness - Not lighted,Straight,Level,609,Pass & Misc: Hit Animal,Hit animal,W,0,0,1,2,3,1,0,0,0,0,0,0
351169,Hospitalisation,2021,March,Friday,2,Hit object,Single Vehicle,152.8957013,-25.29291841,Boat Harbour Dr,,,Urangan,Fraser Coast Region,4655,Hervey Bay,Wide Bay Burnett,North Coast,Southern,Southern Queensland,Urangan - Wondunna,Hervey Bay,Wide Bay,Inner Regional,Hervey Bay,Hinkler,Locally-controlled,No Roadway Feature,No traffic control,60 km/h,Sealed - Dry,Clear,Darkness - Lighted,Curved - view open,Level,803,Off Path-Curve: Off Cway Rt Bend Hit Obj,Off carriageway on curve hit object,E,0,1,0,0,1,1,0,0,0,0,0,0
351170,Minor injury,2021,March,Friday,15,Angle,Multi-Vehicle,152.8570133,-25.30713841,Doolong Rd,Gilston Rd,,Kawungan,Fraser Coast Region,4655,Hervey Bay,Wide Bay Burnett,North Coast,Southern,Southern Queensland,Torquay - Scarness - Kawungan,Hervey Bay,Wide Bay,Inner Regional,Hervey Bay,Hinkler,Locally-controlled,Intersection - T-Junction,Give way sign,0 - 50 km/h,Sealed - Dry,Clear,Daylight,Straight,Level,408,Veh'S Manoeuvring: Entering From Footway,Vehicle leaving driveway,E,0,0,0,1,1,1,0,0,0,1,0,0
351171,Minor injury,2021,March,Thursday,14,Rear-end,Multi-Vehicle,152.8906823,-25.29870441,Elizabeth St,Layde Ct,Booral Road,Urangan,Fraser Coast Region,4655,Hervey Bay,Wide Bay Burnett,North Coast,Southern,Southern Queensland,Urangan - Wondunna,Hervey Bay,Wide Bay,Inner Regional,Hervey Bay,Hinkler,State-controlled,Intersection - T-Junction,Give way sign,60 km/h,Sealed - Dry,Clear,Daylight,Straight,Level,303,Veh'S Same Direction: Right Rear,Rear-end,N,0,0,0,1,1,2,0,0,0,0,0,0
351172,Medical treatment,2021,March,Thursday,8,Angle,Multi-Vehicle,152.8369326,-25.28802037,Boat Harbour Dr,,Maryborough - Hervey Bay Road,Urraween,Fraser Coast Region,4655,Hervey Bay,Wide Bay Burnett,North Coast,Southern,Southern Queensland,Pialba - Eli Waters,Hervey Bay,Wide Bay,Inner Regional,Hervey Bay,Hinkler,State-controlled,No Roadway Feature,Pedestrian operated lights,60 km/h,Unsealed - Dry,Clear,Daylight,Straight,Level,408,Veh'S Manoeuvring: Entering From Footway,Vehicle leaving driveway,W,0,0,1,0,1,1,0,0,0,1,0,0
351173,Medical treatment,2021,March,Friday,16,Angle,Multi-Vehicle,152.8934063,-25.28469041,Richard St,Truro St,,Urangan,Fraser Coast Region,4655,Hervey Bay,Wide Bay Burnett,North Coast,Southern,Southern Queensland,Urangan - Wondunna,Hervey Bay,Wide Bay,Inner Regional,Hervey Bay,Hinkler,Locally-controlled,Intersection - Cross,Give way sign,0 - 50 km/h,Sealed - Dry,Clear,Dawn/Dusk,Straight,Level,101,Veh'S Adjacent Approach: Thru-Thru,Intersection from adjacent approaches,W,0,0,1,0,1,2,0,0,0,0,0,0
351174,Hospitalisation,2021,March,Saturday,5,Hit object,Single Vehicle,152.9030093,-25.28374842,Pilot St,,,Urangan,Fraser Coast Region,4655,Hervey Bay,Wide Bay Burnett,North Coast,Southern,Southern Queensland,Urangan - Wondunna,Hervey Bay,Wide Bay,Inner Regional,Hervey Bay,Hinkler,Locally-controlled,No Roadway Feature,No traffic control,0 - 50 km/h,Sealed - Dry,Clear,Daylight,Straight,Level,400,Veh'S Manoeuvring: Other,Other,W,0,1,0,0,1,1,0,0,0,0,0,0
351175,Hospitalisation,2021,March,Saturday,16,Hit object,Single Vehicle,152.7022453,-25.3151744,Torbanlea - Pialba Rd,,Torbanlea - Pialba Road,Takura,Fraser Coast Region,4655,Hervey Bay,Wide Bay Burnett,North Coast,Southern,Southern Queensland,Burrum - Fraser,Maryborough,Wide Bay,Inner Regional,Maryborough,Hinkler,State-controlled,No Roadway Feature,No traffic control,100 - 110 km/h,Sealed - Dry,Clear,Daylight,Curved - view open,Level,803,Off Path-Curve: Off Cway Rt Bend Hit Obj,Off carriageway on curve hit object,E,0,1,0,0,1,1,0,0,0,0,0,0
351176,Hospitalisation,2021,April,Monday,12,Angle,Multi-Vehicle,152.8635973,-25.29749041,Colyton St,Tavistock St,,Torquay,Fraser Coast Region,4655,Hervey Bay,Wide Bay Burnett,North Coast,Southern,Southern Queensland,Torquay - Scarness - Kawungan,Hervey Bay,Wide Bay,Inner Regional,Hervey Bay,Hinkler,Locally-controlled,Intersection - Cross,Give way sign,60 km/h,Sealed - Wet,Raining,Daylight,Straight,Level,101,Veh'S Adjacent Approach: Thru-Thru,Intersection from adjacent approaches,E,0,1,0,0,1,2,0,0,0,0,0,0
351177,Hospitalisation,2021,April,Monday,5,Hit object,Single Vehicle,152.7865643,-25.2869884,Pialba - Burrum Heads Rd,,Pialba - Burrum Heads Road,Dundowran Beach,Fraser Coast Region,4655,Hervey Bay,Wide Bay Burnett,North Coast,Southern,Southern Queensland,Craignish - Dundowran Beach,Hervey Bay,Wide Bay,Inner Regional,Maryborough,Hinkler,State-controlled,No Roadway Feature,No traffic control,100 - 110 km/h,Sealed - Dry,Clear,Dawn/Dusk,Straight,Level,703,Off Path-Straight: Left Off Cway Hit Obj,Off carriageway on straight hit object,E,0,1,0,0,1,1,0,0,0,0,0,0
351178,Medical treatment,2021,April,Monday,8,Angle,Multi-Vehicle,152.8275933,-25.28483541,Islander Rd,Nissen St,,Pialba,Fraser Coast Region,4655,Hervey Bay,Wide Bay Burnett,North Coast,Southern,Southern Queensland,Pialba - Eli Waters,Hervey Bay,Wide Bay,Inner Regional,Hervey Bay,Hinkler,Locally-controlled,Intersection - Cross,Give way sign,60 km/h,Sealed - Dry,Clear,Daylight,Straight,Level,104,Veh'S Adjacent Approach: Thru-Right,Intersection from adjacent approaches,N,0,0,1,0,1,2,0,0,0,0,0,0
351179,Hospitalisation,2021,April,Monday,8,Angle,Multi-Vehicle,152.8694363,-25.28809441,Bideford St,Torquay Tce,,Torquay,Fraser Coast Region,4655,Hervey Bay,Wide Bay Burnett,North Coast,Southern,Southern Queensland,Torquay - Scarness - Kawungan,Hervey Bay,Wide Bay,Inner Regional,Hervey Bay,Hinkler,Locally-controlled,Intersection - Roundabout,Give way sign,60 km/h,Sealed - Dry,Clear,Daylight,Straight,Level,408,Veh'S Manoeuvring: Entering From Footway,Vehicle leaving driveway,S,0,1,0,0,1,1,0,0,0,1,0,0
351180,Medical treatment,2021,April,Wednesday,8,Angle,Multi-Vehicle,152.8571716,-25.28673641,Torquay Rd,,,Scarness,Fraser Coast Region,4655,Hervey Bay,Wide Bay Burnett,North Coast,Southern,Southern Queensland,Torquay - Scarness - Kawungan,Hervey Bay,Wide Bay,Inner Regional,Hervey Bay,Hinkler,Locally-controlled,No Roadway Feature,No traffic control,60 km/h,Sealed - Dry,Clear,Daylight,Straight,Crest,406,Veh'S Manoeuvring: Leaving Driveway,Vehicle leaving driveway,W,0,0,1,1,2,3,0,0,0,0,0,0
351181,Hospitalisation,2021,April,Monday,8,Angle,Multi-Vehicle,152.8263023,-25.24815741,Charlton Esp,,,Point Vernon,Fraser Coast Region,4655,Hervey Bay,Wide Bay Burnett,North Coast,Southern,Southern Queensland,Point Vernon,Hervey Bay,Wide Bay,Inner Regional,Hervey Bay,Hinkler,Locally-controlled,No Roadway Feature,No traffic control,0 - 50 km/h,Sealed - Dry,Clear,Daylight,Curved - view obscured,Level,406,Veh'S Manoeuvring: Leaving Driveway,Vehicle leaving driveway,W,0,2,1,0,3,2,0,0,0,0,0,0
351182,Hospitalisation,2021,April,Tuesday,10,Rear-end,Multi-Vehicle,152.8892123,-25.30896841,Booral Rd,Driftwood Ct,Booral Road,Urangan,Fraser Coast Region,4655,Hervey Bay,Wide Bay Burnett,North Coast,Southern,Southern Queensland,Urangan - Wondunna,Hervey Bay,Wide Bay,Inner Regional,Hervey Bay,Hinkler,State-controlled,Intersection - T-Junction,No traffic control,80 - 90 km/h,Sealed - Dry,Clear,Daylight,Straight,Level,303,Veh'S Same Direction: Right Rear,Rear-end,N,0,1,0,0,1,2,0,0,0,0,0,0
351183,Medical treatment,2021,April,Tuesday,16,Angle,Multi-Vehicle,152.8629673,-25.30132841,Boundary Rd,Tavistock St,,Torquay,Fraser Coast Region,4655,Hervey Bay,Wide Bay Burnett,North Coast,Southern,Southern Queensland,Urangan - Wondunna,Hervey Bay,Wide Bay,Inner Regional,Hervey Bay,Hinkler,Locally-controlled,Intersection - T-Junction,No traffic control,60 km/h,Sealed - Dry,Clear,Daylight,Straight,Level,408,Veh'S Manoeuvring: Entering From Footway,Vehicle leaving driveway,E,0,0,1,0,1,1,0,0,0,1,0,0
351184,Hospitalisation,2021,April,Tuesday,20,Hit object,Single Vehicle,152.8027893,-25.31809241,Aalborg Rd S,Chapel Rd,,Nikenbah,Fraser Coast Region,4655,Hervey Bay,Wide Bay Burnett,North Coast,Southern,Southern Queensland,Booral - River Heads,Hervey Bay,Wide Bay,Inner Regional,Maryborough,Hinkler,Locally-controlled,Intersection - Cross,No traffic control,60 km/h,Sealed - Dry,Clear,Darkness - Lighted,Curved - view open,Level,803,Off Path-Curve: Off Cway Rt Bend Hit Obj,Off carriageway on curve hit object,W,0,2,0,0,2,1,0,0,0,0,0,0
351185,Hospitalisation,2021,April,Thursday,18,Rear-end,Multi-Vehicle,152.8360486,-25.30252546,Main St,,,Kawungan,Fraser Coast Region,4655,Hervey Bay,Wide Bay Burnett,North Coast,Southern,Southern Queensland,Torquay - Scarness - Kawungan,Hervey Bay,Wide Bay,Inner Regional,Hervey Bay,Hinkler,Locally-controlled,No Roadway Feature,No traffic control,60 km/h,Sealed - Dry,Clear,Darkness - Lighted,Straight,Level,301,Veh'S Same Direction: Rear End,Rear-end,N,0,1,0,0,1,2,0,0,0,0,0,0
351186,Hospitalisation,2021,April,Friday,22,Hit object,Single Vehicle,152.8145213,-25.28880241,Maryborough - Hervey Bay Rd,Pialba - Burrum Heads Rd,Maryborough - Hervey Bay Road,Eli Waters,Fraser Coast Region,4655,Hervey Bay,Wide Bay Burnett,North Coast,Southern,Southern Queensland,Pialba - Eli Waters,Hervey Bay,Wide Bay,Inner Regional,Hervey Bay,Hinkler,State-controlled,Intersection - T-Junction,No traffic control,60 km/h,Sealed - Wet,Raining,Darkness - Lighted,Straight,Level,103,Veh'S Adjacent Approach: Left-Thru,Intersection from adjacent approaches,E,0,2,0,0,2,2,0,0,0,0,0,0
351187,Hospitalisation,2021,April,Friday,21,Hit parked vehicle,Single Vehicle,152.8444603,-25.28391041,Torquay Rd,,,Pialba,Fraser Coast Region,4655,Hervey Bay,Wide Bay Burnett,North Coast,Southern,Southern Queensland,Pialba - Eli Waters,Hervey Bay,Wide Bay,Inner Regional,Hervey Bay,Hinkler,Locally-controlled,No Roadway Feature,No traffic control,0 - 50 km/h,Sealed - Wet,Clear,Darkness - Lighted,Straight,Level,704,Off Path-Straight:Right Off Cway Hit Obj,Off carriageway on straight hit object,W,0,1,0,0,1,3,0,0,0,0,0,0
351188,Hospitalisation,2021,May,Saturday,9,Angle,Multi-Vehicle,152.8191413,-25.25741241,Murphy St,Wattle St,,Point Vernon,Fraser Coast Region,4655,Hervey Bay,Wide Bay Burnett,North Coast,Southern,Southern Queensland,Point Vernon,Hervey Bay,Wide Bay,Inner Regional,Hervey Bay,Hinkler,Locally-controlled,Intersection - Cross,Give way sign,0 - 50 km/h,Sealed - Wet,Raining,Daylight,Straight,Level,101,Veh'S Adjacent Approach: Thru-Thru,Intersection from adjacent approaches,E,0,1,0,0,1,2,0,0,0,0,0,0
351189,Hospitalisation,2021,May,Wednesday,15,Rear-end,Multi-Vehicle,152.8463973,-25.28493886,Torquay Rd,,,Pialba,Fraser Coast Region,4655,Hervey Bay,Wide Bay Burnett,North Coast,Southern,Southern Queensland,Pialba - Eli Waters,Hervey Bay,Wide Bay,Inner Regional,Hervey Bay,Hinkler,Locally-controlled,No Roadway Feature,No traffic control,0 - 50 km/h,Sealed - Wet,Fog,Dawn/Dusk,Straight,Grade,302,Veh'S Same Direction: Left Rear,Rear-end,E,0,1,0,0,1,2,0,0,0,0,0,0
351190,Minor injury,2021,May,Thursday,13,Angle,Multi-Vehicle,152.8318323,-25.28734641,Boat Harbour Dr,,,Urraween,Fraser Coast Region,4655,Hervey Bay,Wide Bay Burnett,North Coast,Southern,Southern Queensland,Pialba - Eli Waters,Hervey Bay,Wide Bay,Inner Regional,Hervey Bay,Hinkler,Locally-controlled,No Roadway Feature,No traffic control,60 km/h,Sealed - Dry,Clear,Daylight,Straight,Level,400,Veh'S Manoeuvring: Other,Other,,0,0,0,1,1,1,0,0,0,1,0,0
351191,Hospitalisation,2021,May,Friday,14,Angle,Multi-Vehicle,152.8886253,-25.34151341,Amos Rd,Booral Rd,Booral Road,Booral,Fraser Coast Region,4655,Hervey Bay,Wide Bay Burnett,North Coast,Southern,Southern Queensland,Booral - River Heads,Hervey Bay,Wide Bay,Inner Regional,Hervey Bay,Hinkler,State-controlled,Intersection - T-Junction,Give way sign,80 - 90 km/h,Sealed - Dry,Clear,Daylight,Curved - view open,Level,104,Veh'S Adjacent Approach: Thru-Right,Intersection from adjacent approaches,S,0,2,0,0,2,2,0,0,0,0,0,0
351192,Medical treatment,2021,May,Friday,16,Rear-end,Multi-Vehicle,152.8303663,-25.34375241,Booral Rd,Main St,Booral Road,Bunya Creek,Fraser Coast Region,4655,Hervey Bay,Wide Bay Burnett,North Coast,Southern,Southern Queensland,Booral - River Heads,Hervey Bay,Wide Bay,Inner Regional,Maryborough,Hinkler,State-controlled,Intersection - T-Junction,Stop sign,60 km/h,Sealed - Dry,Clear,Daylight,Straight,Level,302,Veh'S Same Direction: Left Rear,Rear-end,S,0,0,1,0,1,2,0,0,0,0,0,0
351193,Hospitalisation,2021,May,Monday,10,Angle,Multi-Vehicle,152.8891193,-25.29274041,Boat Harbour Dr,Cartwright Ct,Maryborough - Hervey Bay Road,Urangan,Fraser Coast Region,4655,Hervey Bay,Wide Bay Burnett,North Coast,Southern,Southern Queensland,Urangan - Wondunna,Hervey Bay,Wide Bay,Inner Regional,Hervey Bay,Hinkler,State-controlled,No Roadway Feature,Operating traffic lights,60 km/h,Sealed - Dry,Clear,Daylight,Straight,Level,202,Veh'S Opposite Approach: Thru-Right,Opposing vehicles turning,W,0,1,0,0,1,1,1,0,0,0,0,0
351194,Hospitalisation,2021,May,Tuesday,9,Rear-end,Multi-Vehicle,152.8011714,-25.34298681,Booral Rd,,Booral Road,Sunshine Acres,Fraser Coast Region,4655,Hervey Bay,Wide Bay Burnett,North Coast,Southern,Southern Queensland,Booral - River Heads,Hervey Bay,Wide Bay,Inner Regional,Maryborough,Hinkler,State-controlled,No Roadway Feature,Road/Rail worker,0 - 50 km/h,Sealed - Dry,Fog,Daylight,Straight,Level,301,Veh'S Same Direction: Rear End,Rear-end,E,0,1,0,0,1,0,0,2,0,0,1,0
351195,Medical treatment,2021,May,Tuesday,13,Angle,Multi-Vehicle,152.8275933,-25.28483541,Islander Rd,Nissen St,,Pialba,Fraser Coast Region,4655,Hervey Bay,Wide Bay Burnett,North Coast,Southern,Southern Queensland,Pialba - Eli Waters,Hervey Bay,Wide Bay,Inner Regional,Hervey Bay,Hinkler,Locally-controlled,Intersection - Cross,Give way sign,0 - 50 km/h,Sealed - Dry,Clear,Daylight,Straight,Grade,101,Veh'S Adjacent Approach: Thru-Thru,Intersection from adjacent approaches,W,0,0,2,0,2,2,0,0,0,0,0,0
351196,Hospitalisation,2021,May,Wednesday,15,Angle,Multi-Vehicle,152.8381783,-25.28817441,Boat Harbour Dr,Main St,Maryborough - Hervey Bay Road,Pialba,Fraser Coast Region,4655,Hervey Bay,Wide Bay Burnett,North Coast,Southern,Southern Queensland,Pialba - Eli Waters,Hervey Bay,Wide Bay,Inner Regional,Hervey Bay,Hinkler,State-controlled,Intersection - Roundabout,Give way sign,60 km/h,Sealed - Dry,Clear,Daylight,Straight,Level,202,Veh'S Opposite Approach: Thru-Right,Opposing vehicles turning,N,0,1,0,0,1,2,0,0,0,0,0,0
351197,Medical treatment,2021,May,Thursday,0,Hit object,Single Vehicle,152.9067219,-25.29353623,Miller St,,,Urangan,Fraser Coast Region,4655,Hervey Bay,Wide Bay Burnett,North Coast,Southern,Southern Queensland,Urangan - Wondunna,Hervey Bay,Wide Bay,Inner Regional,Hervey Bay,Hinkler,Locally-controlled,No Roadway Feature,No traffic control,0 - 50 km/h,Sealed - Wet,Clear,Darkness - Lighted,Straight,Level,703,Off Path-Straight: Left Off Cway Hit Obj,Off carriageway on straight hit object,W,0,0,1,0,1,1,0,0,0,0,0,0
351198,Hospitalisation,2021,May,Sunday,17,Angle,Multi-Vehicle,152.8642123,-25.29362941,Exeter St,Tavistock St,,Torquay,Fraser Coast Region,4655,Hervey Bay,Wide Bay Burnett,North Coast,Southern,Southern Queensland,Torquay - Scarness - Kawungan,Hervey Bay,Wide Bay,Inner Regional,Hervey Bay,Hinkler,Locally-controlled,Intersection - Cross,Give way sign,60 km/h,Sealed - Dry,Clear,Dawn/Dusk,Straight,Grade,101,Veh'S Adjacent Approach: Thru-Thru,Intersection from adjacent approaches,W,0,1,2,0,3,2,0,0,0,0,0,0
351199,Hospitalisation,2021,May,Sunday,21,Hit object,Single Vehicle,152.8402493,-25.28862541,Boat Harbour Dr,Hunter St,Maryborough - Hervey Bay Road,Pialba,Fraser Coast Region,4655,Hervey Bay,Wide Bay Burnett,North Coast,Southern,Southern Queensland,Pialba - Eli Waters,Hervey Bay,Wide Bay,Inner Regional,Hervey Bay,Hinkler,State-controlled,Intersection - T-Junction,Operating traffic lights,60 km/h,Sealed - Dry,Clear,Darkness - Lighted,Curved - view open,Level,808,Off Path-Curve: Mounts Traffic Island,Off carriageway on curve hit object,W,0,1,0,0,1,1,0,0,0,0,0,0
351200,Hospitalisation,2021,May,Monday,14,Hit object,Single Vehicle,152.8381783,-25.28817441,Boat Harbour Dr,Main St,Maryborough - Hervey Bay Road,Pialba,Fraser Coast Region,4655,Hervey Bay,Wide Bay Burnett,North Coast,Southern,Southern Queensland,Pialba - Eli Waters,Hervey Bay,Wide Bay,Inner Regional,Hervey Bay,Hinkler,State-controlled,Intersection - Roundabout,No traffic control,60 km/h,Sealed - Dry,Clear,Daylight,Straight,Level,700,Off Path-Straight: Other,Other,S,0,1,0,1,2,1,0,0,0,0,0,0