Crash_Severity,Crash_Year,Crash_Month,Crash_Day_Of_Week,Crash_Hour,Crash_Nature,Crash_Type,Crash_Longitude,Crash_Latitude,Crash_Street,Crash_Street_Intersecting,State_Road_Name,Loc_Suburb,Loc_Local_Government_Area,Loc_Post_Code,Loc_Police_Division,Loc_Police_District,Loc_Police_Region,Loc_Queensland_Transport_Region,Loc_Main_Roads_Region,Loc_ABS_Statistical_Area_2,Loc_ABS_Statistical_Area_3,Loc_ABS_Statistical_Area_4,Loc_ABS_Remoteness,Loc_State_Electorate,Loc_Federal_Electorate,Crash_Controlling_Authority,Crash_Roadway_Feature,Crash_Traffic_Control,Crash_Speed_Limit,Crash_Road_Surface_Condition,Crash_Atmospheric_Condition,Crash_Lighting_Condition,Crash_Road_Horiz_Align,Crash_Road_Vert_Align,Crash_DCA_Code,Crash_DCA_Description,Crash_DCA_Group_Description,DCA_Key_Approach_Dir,Count_Casualty_Fatality,Count_Casualty_Hospitalised,Count_Casualty_MedicallyTreated,Count_Casualty_MinorInjury,Count_Casualty_Total,Count_Unit_Car,Count_Unit_Motorcycle_Moped,Count_Unit_Truck,Count_Unit_Bus,Count_Unit_Bicycle,Count_Unit_Pedestrian,Count_Unit_Other,
351201,Medical treatment,2021,May,Thursday,15,Rear-end,Multi-Vehicle,152.8001333,-25.2845834,Drury La,Pialba - Burrum Heads Rd,Pialba - Burrum Heads Road,Dundowran,Fraser Coast Region,4655,Hervey Bay,Wide Bay Burnett,North Coast,Southern,Southern Queensland,Craignish - Dundowran Beach,Hervey Bay,Wide Bay,Inner Regional,Maryborough,Hinkler,State-controlled,Intersection - Cross,Operating traffic lights,60 km/h,Sealed - Dry,Clear,Daylight,Straight,Level,301,Veh'S Same Direction: Rear End,Rear-end,E,0,0,2,0,2,2,0,0,0,0,0,0
351202,Medical treatment,2021,June,Thursday,8,Angle,Multi-Vehicle,152.8887245,-25.28863838,Dayman St,,,Urangan,Fraser Coast Region,4655,Hervey Bay,Wide Bay Burnett,North Coast,Southern,Southern Queensland,Urangan - Wondunna,Hervey Bay,Wide Bay,Inner Regional,Hervey Bay,Hinkler,Locally-controlled,No Roadway Feature,No traffic control,60 km/h,Sealed - Dry,Clear,Daylight,Straight,Level,207,Veh'S Opposite Approach: U-Turn,U-turn,W,0,0,1,0,1,2,0,0,0,0,0,0
351203,Hospitalisation,2021,June,Friday,15,Hit pedestrian,Hit pedestrian,152.8490274,-25.29932623,Grevillea St,,,Kawungan,Fraser Coast Region,4655,Hervey Bay,Wide Bay Burnett,North Coast,Southern,Southern Queensland,Torquay - Scarness - Kawungan,Hervey Bay,Wide Bay,Inner Regional,Hervey Bay,Hinkler,Locally-controlled,No Roadway Feature,No traffic control,0 - 50 km/h,Sealed - Dry,Clear,Daylight,Curved - view open,Level,3,Ped'N: Far Side Vehicle Hit From Left,Pedestrian,N,0,1,0,0,1,1,0,0,0,0,1,0
351204,Medical treatment,2021,June,Friday,14,Angle,Multi-Vehicle,152.8881143,-25.30460441,Booral Rd,Elizabeth St,Booral Road,Urangan,Fraser Coast Region,4655,Hervey Bay,Wide Bay Burnett,North Coast,Southern,Southern Queensland,Urangan - Wondunna,Hervey Bay,Wide Bay,Inner Regional,Hervey Bay,Hinkler,State-controlled,Intersection - T-Junction,Give way sign,60 km/h,Sealed - Dry,Clear,Daylight,Straight,Level,104,Veh'S Adjacent Approach: Thru-Right,Intersection from adjacent approaches,N,0,0,1,0,1,2,0,0,0,0,0,0
351205,Minor injury,2021,June,Wednesday,8,Angle,Multi-Vehicle,152.8275933,-25.28483541,Islander Rd,Nissen St,,Pialba,Fraser Coast Region,4655,Hervey Bay,Wide Bay Burnett,North Coast,Southern,Southern Queensland,Pialba - Eli Waters,Hervey Bay,Wide Bay,Inner Regional,Hervey Bay,Hinkler,Locally-controlled,Intersection - Cross,Give way sign,0 - 50 km/h,Sealed - Wet,Raining,Daylight,Straight,Level,101,Veh'S Adjacent Approach: Thru-Thru,Intersection from adjacent approaches,W,0,0,0,1,1,3,0,0,0,0,0,0
351206,Hospitalisation,2021,June,Wednesday,8,Hit pedestrian,Hit pedestrian,152.8474803,-25.28152865,Charlton Esp,,,Pialba,Fraser Coast Region,4655,Hervey Bay,Wide Bay Burnett,North Coast,Southern,Southern Queensland,Pialba - Eli Waters,Hervey Bay,Wide Bay,Inner Regional,Hervey Bay,Hinkler,Locally-controlled,No Roadway Feature,No traffic control,0 - 50 km/h,Sealed - Dry,Clear,Daylight,Straight,Level,3,Ped'N: Far Side Vehicle Hit From Left,Pedestrian,E,0,1,1,0,2,1,0,0,0,0,1,0
351207,Medical treatment,2021,June,Thursday,16,Angle,Multi-Vehicle,152.8978553,-25.28407141,Elizabeth St,Shell St,,Urangan,Fraser Coast Region,4655,Hervey Bay,Wide Bay Burnett,North Coast,Southern,Southern Queensland,Urangan - Wondunna,Hervey Bay,Wide Bay,Inner Regional,Hervey Bay,Hinkler,Locally-controlled,Intersection - Cross,Give way sign,0 - 50 km/h,Sealed - Dry,Clear,Daylight,Straight,Level,101,Veh'S Adjacent Approach: Thru-Thru,Intersection from adjacent approaches,N,0,0,1,0,1,2,0,0,0,0,0,0
351208,Minor injury,2021,June,Sunday,1,Rear-end,Multi-Vehicle,152.8256554,-25.26113306,Charlton Esp,,,Point Vernon,Fraser Coast Region,4655,Hervey Bay,Wide Bay Burnett,North Coast,Southern,Southern Queensland,Point Vernon,Hervey Bay,Wide Bay,Inner Regional,Hervey Bay,Hinkler,Locally-controlled,No Roadway Feature,No traffic control,0 - 50 km/h,Sealed - Dry,Clear,Darkness - Lighted,Straight,Level,601,Veh'S On Path: Parked,Hit parked vehicle,W,0,0,0,1,1,2,0,0,0,0,0,0
351209,Minor injury,2021,June,Wednesday,15,Rear-end,Multi-Vehicle,152.8580027,-25.30555563,Denmans Camp Rd,,,Wondunna,Fraser Coast Region,4655,Hervey Bay,Wide Bay Burnett,North Coast,Southern,Southern Queensland,Urangan - Wondunna,Hervey Bay,Wide Bay,Inner Regional,Hervey Bay,Hinkler,Locally-controlled,Intersection - T-Junction,Give way sign,60 km/h,Sealed - Dry,Clear,Daylight,Straight,Level,301,Veh'S Same Direction: Rear End,Rear-end,S,0,0,0,2,2,3,0,0,0,0,0,0
351210,Hospitalisation,2021,June,Friday,16,Rear-end,Multi-Vehicle,152.8594293,-25.29083841,Boat Harbour Dr,,Maryborough - Hervey Bay Road,Scarness,Fraser Coast Region,4655,Hervey Bay,Wide Bay Burnett,North Coast,Southern,Southern Queensland,Torquay - Scarness - Kawungan,Hervey Bay,Wide Bay,Inner Regional,Hervey Bay,Hinkler,State-controlled,No Roadway Feature,No traffic control,60 km/h,Sealed - Dry,Clear,Daylight,Straight,Crest,301,Veh'S Same Direction: Rear End,Rear-end,E,0,2,0,0,2,3,0,0,0,0,0,0
351211,Medical treatment,2021,June,Friday,8,Angle,Multi-Vehicle,152.8150683,-25.29952141,Pantlins Lane,Urraween Rd,,Urraween,Fraser Coast Region,4655,Hervey Bay,Wide Bay Burnett,North Coast,Southern,Southern Queensland,Pialba - Eli Waters,Hervey Bay,Wide Bay,Inner Regional,Hervey Bay,Hinkler,Locally-controlled,Intersection - Roundabout,Give way sign,60 km/h,Sealed - Dry,Clear,Daylight,Straight,Level,101,Veh'S Adjacent Approach: Thru-Thru,Intersection from adjacent approaches,N,0,0,2,0,2,2,0,0,0,0,0,0
351212,Hospitalisation,2021,June,Saturday,11,Angle,Multi-Vehicle,152.8667593,-25.29402441,Exeter St,,,Torquay,Fraser Coast Region,4655,Hervey Bay,Wide Bay Burnett,North Coast,Southern,Southern Queensland,Torquay - Scarness - Kawungan,Hervey Bay,Wide Bay,Inner Regional,Hervey Bay,Hinkler,Locally-controlled,No Roadway Feature,No traffic control,60 km/h,Sealed - Dry,Clear,Daylight,Straight,Level,400,Veh'S Manoeuvring: Other,Other,,0,1,0,0,1,1,1,0,0,0,0,0
351213,Hospitalisation,2021,June,Saturday,16,Angle,Multi-Vehicle,152.8192163,-25.30599341,Christensen St,Madsens Rd,,Urraween,Fraser Coast Region,4655,Hervey Bay,Wide Bay Burnett,North Coast,Southern,Southern Queensland,Pialba - Eli Waters,Hervey Bay,Wide Bay,Inner Regional,Hervey Bay,Hinkler,Locally-controlled,Intersection - Cross,Give way sign,60 km/h,Sealed - Dry,Clear,Daylight,Straight,Crest,101,Veh'S Adjacent Approach: Thru-Thru,Intersection from adjacent approaches,W,0,2,0,0,2,2,0,0,0,0,0,0
351214,Minor injury,2021,June,Tuesday,13,Rear-end,Multi-Vehicle,152.8405653,-25.28849441,Boat Harbour Dr,Hunter St,Maryborough - Hervey Bay Road,Pialba,Fraser Coast Region,4655,Hervey Bay,Wide Bay Burnett,North Coast,Southern,Southern Queensland,Pialba - Eli Waters,Hervey Bay,Wide Bay,Inner Regional,Hervey Bay,Hinkler,State-controlled,Intersection - T-Junction,Give way sign,60 km/h,Sealed - Wet,Raining,Daylight,Curved - view open,Crest,302,Veh'S Same Direction: Left Rear,Rear-end,S,0,0,0,2,2,2,0,0,0,0,0,0
351215,Hospitalisation,2021,June,Monday,7,Angle,Multi-Vehicle,152.8264923,-25.26615241,Kehlet St,Long St,,Point Vernon,Fraser Coast Region,4655,Hervey Bay,Wide Bay Burnett,North Coast,Southern,Southern Queensland,Point Vernon,Hervey Bay,Wide Bay,Inner Regional,Hervey Bay,Hinkler,Locally-controlled,Intersection - Cross,Give way sign,60 km/h,Sealed - Dry,Clear,Daylight,Straight,Level,101,Veh'S Adjacent Approach: Thru-Thru,Intersection from adjacent approaches,W,0,1,0,0,1,2,0,0,0,0,0,0
351216,Hospitalisation,2021,June,Wednesday,10,Head-on,Multi-Vehicle,152.7823963,-25.3433314,Maryborough - Hervey Bay Rd,,Maryborough - Hervey Bay Road,Sunshine Acres,Fraser Coast Region,4655,Hervey Bay,Wide Bay Burnett,North Coast,Southern,Southern Queensland,Booral - River Heads,Hervey Bay,Wide Bay,Inner Regional,Maryborough,Hinkler,State-controlled,No Roadway Feature,No traffic control,100 - 110 km/h,Sealed - Wet,Raining,Daylight,Straight,Level,201,Veh'S Opposite Approach: Head On,Head-on,N,0,2,0,0,2,3,0,1,0,0,0,0
351311,Medical treatment,2021,January,Monday,7,Rear-end,Multi-Vehicle,146.8444824,-19.33030683,Bruce Hwy,Flinders Hwy,Bruce Highway (Ayr - Townsville),Stuart,Townsville City,4811,Stuart,Townsville,Northern,Northern,North Queensland,Wulguru - Roseneath,Townsville,Townsville,Outer Regional,Mundingburra,Dawson,State-controlled,Intersection - Cross,Operating traffic lights,80 - 90 km/h,Sealed - Wet,Raining,Daylight,Straight,Level,303,Veh'S Same Direction: Right Rear,Rear-end,N,0,0,1,0,1,2,0,0,0,0,0,0
351312,Hospitalisation,2021,February,Tuesday,8,Rear-end,Multi-Vehicle,146.7612044,-19.30779183,Charles N Barton Bridge,,Douglas - Garbutt Road,Douglas,Townsville City,4814,Mundingburra,Townsville,Northern,Northern,North Queensland,Annandale,Townsville,Townsville,Outer Regional,Mundingburra,Dawson,State-controlled,No Roadway Feature,No traffic control,0 - 50 km/h,Sealed - Dry,Clear,Daylight,Straight,Level,301,Veh'S Same Direction: Rear End,Rear-end,N,0,1,2,0,3,4,0,0,0,0,0,0
351313,Hospitalisation,2021,February,Wednesday,10,Hit object,Single Vehicle,146.7583428,-19.31868611,Angus Smith Dr,Bruce Hwy,Bruce Highway (Townsville - Ingham),Douglas,Townsville City,4814,Stuart,Townsville,Northern,Northern,North Queensland,Douglas,Townsville,Townsville,Outer Regional,Mundingburra,Herbert,State-controlled,Intersection - Interchange,Operating traffic lights,60 km/h,Sealed - Dry,Clear,Daylight,Curved - view open,Grade,808,Off Path-Curve: Mounts Traffic Island,Off carriageway on curve hit object,E,0,1,0,0,1,1,0,0,0,0,0,0
351314,Medical treatment,2021,February,Thursday,8,Angle,Multi-Vehicle,146.7630904,-19.31320983,Angus Smith Dr,University Rd,Douglas - Garbutt Road,Douglas,Townsville City,4814,Stuart,Townsville,Northern,Northern,North Queensland,Annandale,Townsville,Townsville,Outer Regional,Mundingburra,Dawson,State-controlled,Intersection - Roundabout,No traffic control,60 km/h,Sealed - Dry,Clear,Daylight,Curved - view open,Level,202,Veh'S Opposite Approach: Thru-Right,Opposing vehicles turning,W,0,0,1,0,1,2,0,0,0,0,0,0
351315,Hospitalisation,2021,February,Monday,15,Rear-end,Multi-Vehicle,146.8104674,-19.31728083,University Rd,,Bruce Highway (Townsville - Ingham),Annandale,Townsville City,4814,Stuart,Townsville,Northern,Northern,North Queensland,Annandale,Townsville,Townsville,Outer Regional,Mundingburra,Dawson,State-controlled,No Roadway Feature,No traffic control,80 - 90 km/h,Sealed - Dry,Clear,Daylight,Straight,Level,301,Veh'S Same Direction: Rear End,Rear-end,E,0,1,2,0,3,4,0,0,0,0,0,0
351316,Fatal,2021,February,Sunday,1,Hit object,Single Vehicle,146.7483184,-19.32072383,Creekwood Wy,Riverside Blvd,,Douglas,Townsville City,4814,Stuart,Townsville,Northern,Northern,North Queensland,Douglas,Townsville,Townsville,Outer Regional,Mundingburra,Herbert,Locally-controlled,Intersection - Roundabout,Give way sign,60 km/h,Sealed - Dry,Clear,Darkness - Lighted,Curved - view open,Level,808,Off Path-Curve: Mounts Traffic Island,Off carriageway on curve hit object,E,1,1,0,0,2,0,1,0,0,0,0,0
351317,Hospitalisation,2021,February,Thursday,8,Sideswipe,Multi-Vehicle,146.7918474,-19.31763883,University Rd,,Bruce Highway (Townsville - Ingham),Annandale,Townsville City,4814,Stuart,Townsville,Northern,Northern,North Queensland,Annandale,Townsville,Townsville,Outer Regional,Mundingburra,Dawson,State-controlled,No Roadway Feature,No traffic control,80 - 90 km/h,Sealed - Dry,Clear,Daylight,Straight,Level,305,Veh'S Same Direction: Lane Side Swipe,Lane changes,W,0,1,0,0,1,2,0,0,0,0,0,0
351318,Hospitalisation,2021,March,Sunday,7,Angle,Multi-Vehicle,146.8981362,-19.3715394,Bruce Hwy,,Bruce Highway (Ayr - Townsville),Julago,Townsville City,4816,Stuart,Townsville,Northern,Northern,North Queensland,Townsville - South,Townsville,Townsville,Outer Regional,Burdekin,Kennedy,State-controlled,Intersection - T-Junction,Operating traffic lights,80 - 90 km/h,Sealed - Dry,Clear,Daylight,Straight,Level,708,Off Path-Straight: Mounts Traffic Island,Off carriageway on straight hit object,E,0,1,0,0,1,1,0,0,0,0,0,0
351319,Hospitalisation,2021,March,Tuesday,17,Hit object,Single Vehicle,146.8051489,-19.35864832,Mt Stuart Rd,,,Roseneath,Townsville City,4811,Stuart,Townsville,Northern,Northern,North Queensland,Wulguru - Roseneath,Townsville,Townsville,Outer Regional,Mundingburra,Kennedy,Locally-controlled,No Roadway Feature,No traffic control,0 - 50 km/h,Sealed - Dry,Clear,Daylight,Curved - view open,Grade,803,Off Path-Curve: Off Cway Rt Bend Hit Obj,Off carriageway on curve hit object,S,0,1,0,0,1,1,0,0,0,0,0,0
351320,Medical treatment,2021,March,Wednesday,7,Rear-end,Multi-Vehicle,146.7469814,-19.32116583,The Ring Rd,,Bruce Highway (Townsville - Ingham),Douglas,Townsville City,4814,Stuart,Townsville,Northern,Northern,North Queensland,Douglas,Townsville,Townsville,Outer Regional,Mundingburra,Herbert,State-controlled,No Roadway Feature,No traffic control,100 - 110 km/h,Sealed - Dry,Clear,Daylight,Straight,Level,301,Veh'S Same Direction: Rear End,Rear-end,W,0,0,1,1,2,5,0,0,0,0,0,0
351321,Hospitalisation,2021,April,Friday,21,Hit object,Single Vehicle,146.7843894,-19.31396783,Weddel Dr,,,Annandale,Townsville City,4814,Stuart,Townsville,Northern,Northern,North Queensland,Annandale,Townsville,Townsville,Outer Regional,Mundingburra,Dawson,Locally-controlled,No Roadway Feature,No traffic control,0 - 50 km/h,Sealed - Dry,Clear,Darkness - Not lighted,Curved - view open,Level,804,Off Path-Curve: Off Cway Lt Bend Hit Obj,Off carriageway on curve hit object,E,0,2,0,0,2,3,0,0,0,0,0,0
351322,Hospitalisation,2021,April,Saturday,22,Fall from vehicle,Single Vehicle,146.8179733,-19.35532355,Mt Stuart Rd,,,Roseneath,Townsville City,4811,Stuart,Townsville,Northern,Northern,North Queensland,Wulguru - Roseneath,Townsville,Townsville,Outer Regional,Mundingburra,Kennedy,Locally-controlled,No Roadway Feature,No traffic control,0 - 50 km/h,Sealed - Dry,Clear,Darkness - Not lighted,Curved - view open,Crest,805,Off Path-Curve: Out Of Control On Cway,Out of control on curve,W,0,2,0,0,2,0,1,0,0,0,0,0
351323,Hospitalisation,2021,April,Tuesday,11,Fall from vehicle,Single Vehicle,146.8307054,-19.31774883,Edith St,Tomkins St,,Cluden,Townsville City,4811,Stuart,Townsville,Northern,Northern,North Queensland,Oonoonba,Townsville,Townsville,Outer Regional,Mundingburra,Dawson,Locally-controlled,Intersection - T-Junction,No traffic control,0 - 50 km/h,Sealed - Dry,Clear,Daylight,Straight,Level,705,Off Path-Straight:Out Of Control On Cway,Out of control on straight,S,0,1,1,0,2,0,1,0,0,0,0,0
351324,Hospitalisation,2021,April,Wednesday,7,Angle,Multi-Vehicle,146.8241344,-19.31713083,Abbott St,Bruce Hwy,Bruce Highway (Townsville - Ingham),Cluden,Townsville City,4811,Stuart,Townsville,Northern,Northern,North Queensland,Oonoonba,Townsville,Townsville,Outer Regional,Mundingburra,Dawson,State-controlled,Intersection - Interchange,Give way sign,60 km/h,Sealed - Dry,Clear,Daylight,Straight,Level,104,Veh'S Adjacent Approach: Thru-Right,Intersection from adjacent approaches,N,0,1,1,0,2,2,0,0,0,0,0,0
351325,Medical treatment,2021,April,Thursday,18,Hit parked vehicle,Single Vehicle,146.9515294,-19.38691484,Bruce Hwy,,Bruce Highway (Ayr - Townsville),Alligator Creek,Townsville City,4816,Stuart,Townsville,Northern,Northern,North Queensland,Townsville - South,Townsville,Townsville,Outer Regional,Burdekin,Dawson,State-controlled,No Roadway Feature,No traffic control,100 - 110 km/h,Sealed - Dry,Clear,Darkness - Not lighted,Straight,Level,703,Off Path-Straight: Left Off Cway Hit Obj,Off carriageway on straight hit object,N,0,0,1,0,1,1,0,1,0,0,0,0
351326,Hospitalisation,2021,April,Monday,6,Angle,Multi-Vehicle,146.8355414,-19.34875783,Southwood Rd,Stuart Dr,Flinders Highway (Townsville - Charters Towers),Roseneath,Townsville City,4811,Stuart,Townsville,Northern,Northern,North Queensland,Wulguru - Roseneath,Townsville,Townsville,Outer Regional,Mundingburra,Kennedy,State-controlled,Intersection - T-Junction,Stop sign,80 - 90 km/h,Sealed - Dry,Clear,Daylight,Curved - view open,Level,104,Veh'S Adjacent Approach: Thru-Right,Intersection from adjacent approaches,W,0,1,0,0,1,1,1,0,0,0,0,0
351327,Hospitalisation,2021,April,Wednesday,12,Hit object,Single Vehicle,146.7980984,-19.31771783,Bruce Hwy,,Bruce Highway (Townsville - Ingham),Annandale,Townsville City,4814,Stuart,Townsville,Northern,Northern,North Queensland,Annandale,Townsville,Townsville,Outer Regional,Mundingburra,Dawson,State-controlled,No Roadway Feature,No traffic control,80 - 90 km/h,Sealed - Dry,Clear,Daylight,Straight,Level,703,Off Path-Straight: Left Off Cway Hit Obj,Off carriageway on straight hit object,E,0,1,0,0,1,1,0,0,0,0,0,0
351328,Minor injury,2021,April,Thursday,6,Rear-end,Multi-Vehicle,146.8163034,-19.32103777,Stuart Dr,,Townsville Connection Road,Cluden,Townsville City,4811,Stuart,Townsville,Northern,Northern,North Queensland,Oonoonba,Townsville,Townsville,Outer Regional,Mundingburra,Dawson,State-controlled,Intersection - Roundabout,Give way sign,70 km/h,Sealed - Wet,Clear,Dawn/Dusk,Straight,Level,301,Veh'S Same Direction: Rear End,Rear-end,S,0,0,0,1,1,2,0,0,0,0,0,0
351329,Hospitalisation,2021,April,Monday,14,Angle,Multi-Vehicle,146.8161314,-19.29663083,Lakeside Dr,River Bvd,Abbott Street Connection Road,Idalia,Townsville City,4811,Stuart,Townsville,Northern,Northern,North Queensland,Oonoonba,Townsville,Townsville,Outer Regional,Mundingburra,Dawson,State-controlled,Intersection - T-Junction,No traffic control,60 km/h,Sealed - Dry,Clear,Daylight,Straight,Level,408,Veh'S Manoeuvring: Entering From Footway,Vehicle leaving driveway,N,0,1,0,0,1,1,0,0,0,1,0,0
351330,Hospitalisation,2021,April,Thursday,8,Rear-end,Multi-Vehicle,146.9541424,-19.38783184,Bruce Hwy,,Bruce Highway (Ayr - Townsville),Alligator Creek,Townsville City,4816,Stuart,Townsville,Northern,Northern,North Queensland,Townsville - South,Townsville,Townsville,Outer Regional,Burdekin,Dawson,State-controlled,No Roadway Feature,Stop sign,60 km/h,Sealed - Dry,Clear,Daylight,Straight,Level,301,Veh'S Same Direction: Rear End,Rear-end,W,0,2,0,0,2,2,0,0,0,0,0,0
351331,Medical treatment,2021,May,Saturday,21,Overturned,Single Vehicle,146.8358094,-19.42050883,Old Flinders Hwy,Thunderbolt Dr,,Oak Valley,Townsville City,4811,Stuart,Townsville,Northern,Northern,North Queensland,Townsville - South,Townsville,Townsville,Outer Regional,Burdekin,Kennedy,Locally-controlled,Intersection - T-Junction,No traffic control,80 - 90 km/h,Sealed - Dry,Clear,Darkness - Not lighted,Straight,Dip,702,Off Path-Straight: Right Off Cway,Off carriageway on straight,E,0,0,3,0,3,1,0,0,0,0,0,0
351332,Hospitalisation,2021,May,Wednesday,6,Hit object,Single Vehicle,146.8342359,-19.40463168,Flinders Hwy,,Flinders Highway (Townsville - Charters Towers),Brookhill,Townsville City,4816,Stuart,Townsville,Northern,Northern,North Queensland,Townsville - South,Townsville,Townsville,Outer Regional,Burdekin,Kennedy,State-controlled,No Roadway Feature,No traffic control,100 - 110 km/h,Sealed - Dry,Fog,Dawn/Dusk,Straight,Level,704,Off Path-Straight:Right Off Cway Hit Obj,Off carriageway on straight hit object,N,0,1,0,0,1,1,0,0,0,0,0,0
351333,Medical treatment,2021,May,Wednesday,14,Angle,Multi-Vehicle,146.8166134,-19.29405683,Abbott St,Shannon St,South Townsville Road,Oonoonba,Townsville City,4811,Stuart,Townsville,Northern,Northern,North Queensland,Oonoonba,Townsville,Townsville,Outer Regional,Mundingburra,Dawson,State-controlled,Intersection - T-Junction,Stop sign,60 km/h,Sealed - Dry,Clear,Daylight,Straight,Level,104,Veh'S Adjacent Approach: Thru-Right,Intersection from adjacent approaches,S,0,0,1,0,1,2,0,0,0,0,0,0
351334,Hospitalisation,2021,May,Wednesday,12,Hit object,Single Vehicle,146.754315,-19.31506813,Regatta Cres,,,Douglas,Townsville City,4814,Stuart,Townsville,Northern,Northern,North Queensland,Douglas,Townsville,Townsville,Outer Regional,Mundingburra,Herbert,Locally-controlled,No Roadway Feature,No traffic control,0 - 50 km/h,Sealed - Dry,Clear,Daylight,Curved - view open,Level,803,Off Path-Curve: Off Cway Rt Bend Hit Obj,Off carriageway on curve hit object,N,0,1,0,0,1,1,0,0,0,0,0,0
351335,Hospitalisation,2021,May,Thursday,6,Hit object,Single Vehicle,146.7922734,-19.31532483,Macarthur Dr,,,Annandale,Townsville City,4814,Stuart,Townsville,Northern,Northern,North Queensland,Annandale,Townsville,Townsville,Outer Regional,Mundingburra,Dawson,Locally-controlled,No Roadway Feature,No traffic control,60 km/h,Sealed - Dry,Clear,Dawn/Dusk,Curved - view open,Level,808,Off Path-Curve: Mounts Traffic Island,Off carriageway on curve hit object,W,0,1,0,0,1,1,0,0,0,0,0,0
351336,Hospitalisation,2021,June,Friday,8,Rear-end,Multi-Vehicle,146.8077996,-19.31164051,Stuart Dr,,Townsville Connection Road,Annandale,Townsville City,4814,Stuart,Townsville,Northern,Northern,North Queensland,Annandale,Townsville,Townsville,Outer Regional,Mundingburra,Dawson,State-controlled,No Roadway Feature,No traffic control,60 km/h,Sealed - Dry,Clear,Daylight,Straight,Level,301,Veh'S Same Direction: Rear End,Rear-end,W,0,2,0,0,2,4,0,0,0,0,0,0
351337,Hospitalisation,2021,June,Friday,23,Sideswipe,Multi-Vehicle,146.7761894,-19.31786883,University Rd,,Bruce Highway (Townsville - Ingham),Murray,Townsville City,4813,Stuart,Townsville,Northern,Northern,North Queensland,Annandale,Townsville,Townsville,Outer Regional,Mundingburra,Herbert,State-controlled,No Roadway Feature,No traffic control,80 - 90 km/h,Sealed - Dry,Clear,Darkness - Lighted,Straight,Level,307,Veh'S Same Direction: Lane Change Left,Lane changes,W,0,1,0,0,1,2,0,0,0,0,0,0
351338,Medical treatment,2021,June,Sunday,15,Rear-end,Multi-Vehicle,146.8122474,-19.31668883,Stuart Dr,University Rd,Townsville Connection Road,Annandale,Townsville City,4814,Stuart,Townsville,Northern,Northern,North Queensland,Annandale,Townsville,Townsville,Outer Regional,Mundingburra,Dawson,State-controlled,Intersection - Cross,Operating traffic lights,80 - 90 km/h,Sealed - Wet,Raining,Daylight,Straight,Level,303,Veh'S Same Direction: Right Rear,Rear-end,E,0,0,2,1,3,2,0,0,0,0,0,0
351339,Medical treatment,2021,June,Tuesday,8,Rear-end,Multi-Vehicle,146.8061404,-19.30977683,Fairfield Waters Dr,Mervyn Crossman Dr,Townsville Connection Road,Annandale,Townsville City,4814,Stuart,Townsville,Northern,Northern,North Queensland,Oonoonba,Townsville,Townsville,Outer Regional,Mundingburra,Dawson,State-controlled,Intersection - Roundabout,Give way sign,60 km/h,Sealed - Dry,Clear,Daylight,Straight,Level,302,Veh'S Same Direction: Left Rear,Rear-end,W,0,0,1,0,1,1,0,1,0,0,0,0
351340,Medical treatment,2021,June,Wednesday,16,Rear-end,Multi-Vehicle,146.8041064,-19.30744383,Kokoda St,Stuart Dr,Townsville Connection Road,Idalia,Townsville City,4811,Stuart,Townsville,Northern,Northern,North Queensland,Oonoonba,Townsville,Townsville,Outer Regional,Mundingburra,Dawson,State-controlled,Intersection - T-Junction,No traffic control,60 km/h,Sealed - Dry,Clear,Daylight,Straight,Level,301,Veh'S Same Direction: Rear End,Rear-end,S,0,0,1,0,1,3,0,0,0,0,0,0
351341,Hospitalisation,2021,June,Saturday,6,Hit object,Single Vehicle,146.7387584,-19.31931183,Riverside Blvd,,,Douglas,Townsville City,4814,Stuart,Townsville,Northern,Northern,North Queensland,Douglas,Townsville,Townsville,Outer Regional,Mundingburra,Herbert,Locally-controlled,No Roadway Feature,No traffic control,0 - 50 km/h,Sealed - Dry,Clear,Daylight,Straight,Level,704,Off Path-Straight:Right Off Cway Hit Obj,Off carriageway on straight hit object,W,0,1,0,0,1,1,0,0,0,0,0,0
351342,Hospitalisation,2021,June,Monday,9,Rear-end,Multi-Vehicle,146.8528544,-19.33668184,Bruce Hwy,Hunter St,Bruce Highway (Ayr - Townsville),Stuart,Townsville City,4811,Stuart,Townsville,Northern,Northern,North Queensland,Wulguru - Roseneath,Townsville,Townsville,Outer Regional,Mundingburra,Dawson,State-controlled,Intersection - T-Junction,Operating traffic lights,80 - 90 km/h,Sealed - Dry,Clear,Daylight,Straight,Level,301,Veh'S Same Direction: Rear End,Rear-end,W,0,1,0,0,1,2,0,0,0,0,0,0
351343,Hospitalisation,2021,June,Saturday,3,Hit object,Single Vehicle,146.8689538,-19.35209596,Bruce Hwy,,Bruce Highway (Ayr - Townsville),Stuart,Townsville City,4811,Stuart,Townsville,Northern,Northern,North Queensland,Townsville - South,Townsville,Townsville,Outer Regional,Mundingburra,Dawson,State-controlled,No Roadway Feature,No traffic control,100 - 110 km/h,Sealed - Dry,Clear,Darkness - Not lighted,Curved - view open,Crest,803,Off Path-Curve: Off Cway Rt Bend Hit Obj,Off carriageway on curve hit object,N,0,1,0,0,1,1,0,0,0,0,0,0