Crash_Severity,Crash_Year,Crash_Month,Crash_Day_Of_Week,Crash_Hour,Crash_Nature,Crash_Type,Crash_Longitude,Crash_Latitude,Crash_Street,Crash_Street_Intersecting,State_Road_Name,Loc_Suburb,Loc_Local_Government_Area,Loc_Post_Code,Loc_Police_Division,Loc_Police_District,Loc_Police_Region,Loc_Queensland_Transport_Region,Loc_Main_Roads_Region,Loc_ABS_Statistical_Area_2,Loc_ABS_Statistical_Area_3,Loc_ABS_Statistical_Area_4,Loc_ABS_Remoteness,Loc_State_Electorate,Loc_Federal_Electorate,Crash_Controlling_Authority,Crash_Roadway_Feature,Crash_Traffic_Control,Crash_Speed_Limit,Crash_Road_Surface_Condition,Crash_Atmospheric_Condition,Crash_Lighting_Condition,Crash_Road_Horiz_Align,Crash_Road_Vert_Align,Crash_DCA_Code,Crash_DCA_Description,Crash_DCA_Group_Description,DCA_Key_Approach_Dir,Count_Casualty_Fatality,Count_Casualty_Hospitalised,Count_Casualty_MedicallyTreated,Count_Casualty_MinorInjury,Count_Casualty_Total,Count_Unit_Car,Count_Unit_Motorcycle_Moped,Count_Unit_Truck,Count_Unit_Bus,Count_Unit_Bicycle,Count_Unit_Pedestrian,Count_Unit_Other,
351344,Hospitalisation,2021,June,Saturday,18,Rear-end,Multi-Vehicle,146.7652964,-19.31691783,University Rd,Yolanda Dr,Discovery Drive Connection Road,Douglas,Townsville City,4814,Stuart,Townsville,Northern,Northern,North Queensland,Douglas,Townsville,Townsville,Outer Regional,Mundingburra,Herbert,State-controlled,Intersection - Roundabout,Give way sign,60 km/h,Sealed - Dry,Clear,Dawn/Dusk,Curved - view open,Level,301,Veh'S Same Direction: Rear End,Rear-end,N,0,1,0,1,2,2,0,0,0,0,0,0
351382,Hospitalisation,2021,January,Thursday,16,Hit object,Single Vehicle,153.01407,-27.77485145,Mt Lindesay Hwy,,Mount Lindesay Highway (Brisbane - Beaudesert),North Maclean,Logan City,4280,Jimboomba,Logan,South Eastern,SEQ South,South Coast,Greenbank,Jimboomba,Logan - Beaudesert,Major Cities,Logan,Forde,State-controlled,No Roadway Feature,No traffic control,80 - 90 km/h,Sealed - Dry,Clear,Daylight,Curved - view open,Level,805,Off Path-Curve: Out Of Control On Cway,Out of control on curve,S,0,1,0,0,1,1,0,0,0,0,0,0
351383,Hospitalisation,2021,January,Saturday,1,Hit object,Single Vehicle,153.021428,-27.84747345,Millstream Rd,,,Jimboomba,Logan City,4280,Jimboomba,Logan,South Eastern,SEQ South,South Coast,Jimboomba,Jimboomba,Logan - Beaudesert,Inner Regional,Logan,Wright,Locally-controlled,No Roadway Feature,No traffic control,80 - 90 km/h,Sealed - Dry,Raining,Darkness - Not lighted,Straight,Dip,703,Off Path-Straight: Left Off Cway Hit Obj,Off carriageway on straight hit object,N,0,1,0,0,1,1,0,0,0,0,0,0
351384,Hospitalisation,2021,January,Saturday,1,Hit object,Single Vehicle,153.023822,-27.84125545,Mt Lindesay Hwy,,Mount Lindesay Highway (Brisbane - Beaudesert),Jimboomba,Logan City,4280,Jimboomba,Logan,South Eastern,SEQ South,South Coast,Jimboomba,Jimboomba,Logan - Beaudesert,Inner Regional,Logan,Wright,State-controlled,No Roadway Feature,No traffic control,80 - 90 km/h,Sealed - Wet,Raining,Darkness - Not lighted,Straight,Crest,608,Veh'S On Path: Accident Or Broken Down,Hit parked vehicle,N,0,1,0,0,1,2,0,0,0,0,0,0
351385,Hospitalisation,2021,January,Monday,17,Overturned,Single Vehicle,153.025839,-27.74929245,Mt Lindesay Hwy,,Mount Lindesay Highway (Brisbane - Beaudesert),Munruben,Logan City,4125,Jimboomba,Logan,South Eastern,SEQ South,South Coast,Munruben - Park Ridge South,Browns Plains,Logan - Beaudesert,Major Cities,Logan,Forde,State-controlled,No Roadway Feature,No traffic control,80 - 90 km/h,Sealed - Wet,Raining,Daylight,Straight,Level,703,Off Path-Straight: Left Off Cway Hit Obj,Off carriageway on straight hit object,S,0,1,0,0,1,0,0,1,0,0,0,0
351386,Hospitalisation,2021,January,Tuesday,20,Hit parked vehicle,Single Vehicle,152.9529739,-27.79826865,Ridgecrest Dr,,,Flagstone,Logan City,4280,Jimboomba,Logan,South Eastern,SEQ South,South Coast,Jimboomba,Jimboomba,Logan - Beaudesert,Major Cities,Jordan,Wright,Locally-controlled,No Roadway Feature,No traffic control,0 - 50 km/h,Sealed - Dry,Clear,Darkness - Lighted,Curved - view open,Grade,601,Veh'S On Path: Parked,Hit parked vehicle,N,0,1,0,0,1,2,0,0,0,0,0,0
351387,Medical treatment,2021,January,Sunday,11,Sideswipe,Multi-Vehicle,153.029637,-27.82140745,Brisbane St,Tamborine St,Mount Lindesay Highway (Brisbane - Beaudesert),Jimboomba,Logan City,4280,Jimboomba,Logan,South Eastern,SEQ South,South Coast,Jimboomba,Jimboomba,Logan - Beaudesert,Inner Regional,Logan,Wright,State-controlled,Intersection - Cross,Operating traffic lights,60 km/h,Sealed - Dry,Clear,Daylight,Straight,Level,307,Veh'S Same Direction: Lane Change Left,Lane changes,S,0,0,1,0,1,2,0,0,0,0,0,0
351388,Hospitalisation,2021,January,Sunday,9,Hit object,Single Vehicle,153.0595513,-27.80619639,Camp Cable Rd,,Camp Cable Road,Jimboomba,Logan City,4280,Jimboomba,Logan,South Eastern,SEQ South,South Coast,Jimboomba,Jimboomba,Logan - Beaudesert,Inner Regional,Logan,Wright,State-controlled,No Roadway Feature,No traffic control,80 - 90 km/h,Sealed - Wet,Raining,Daylight,Curved - view open,Grade,502,Veh'S Overtaking: Out Of Control,Off carriageway on straight,W,0,3,1,0,4,1,0,0,0,0,0,0
351389,Hospitalisation,2021,January,Sunday,13,Hit object,Single Vehicle,152.951272,-27.80678944,Wild Mint Dr,,,Flagstone,Logan City,4280,Jimboomba,Logan,South Eastern,SEQ South,South Coast,Jimboomba,Jimboomba,Logan - Beaudesert,Major Cities,Jordan,Wright,Locally-controlled,No Roadway Feature,No traffic control,60 km/h,Sealed - Wet,Clear,Daylight,Curved - view open,Level,804,Off Path-Curve: Off Cway Lt Bend Hit Obj,Off carriageway on curve hit object,N,0,1,0,0,1,1,0,0,0,0,0,0
351390,Medical treatment,2021,February,Tuesday,7,Hit object,Single Vehicle,153.025995,-27.74682845,Mt Lindesay Hwy,,Mount Lindesay Highway (Brisbane - Beaudesert),Munruben,Logan City,4125,Jimboomba,Logan,South Eastern,SEQ South,South Coast,Munruben - Park Ridge South,Browns Plains,Logan - Beaudesert,Major Cities,Logan,Forde,State-controlled,No Roadway Feature,No traffic control,80 - 90 km/h,Sealed - Wet,Raining,Daylight,Straight,Crest,704,Off Path-Straight:Right Off Cway Hit Obj,Off carriageway on straight hit object,N,0,0,1,0,1,0,0,1,0,0,0,0
351391,Medical treatment,2021,February,Wednesday,16,Rear-end,Multi-Vehicle,153.090156,-27.72372445,Chambers Flat Rd,Derby Rd,,Logan Reserve,Logan City,4133,Crestmead,Logan,South Eastern,SEQ South,South Coast,Chambers Flat - Logan Reserve,Browns Plains,Logan - Beaudesert,Major Cities,Logan,Forde,Locally-controlled,Intersection - T-Junction,No traffic control,80 - 90 km/h,Sealed - Dry,Clear,Daylight,Straight,Level,301,Veh'S Same Direction: Rear End,Rear-end,S,0,0,2,0,2,2,0,0,0,0,0,0
351392,Medical treatment,2021,February,Thursday,16,Angle,Multi-Vehicle,153.013118,-27.75619245,Crowson La,Greenhill Rd,,North Maclean,Logan City,4280,Jimboomba,Logan,South Eastern,SEQ South,South Coast,Munruben - Park Ridge South,Browns Plains,Logan - Beaudesert,Major Cities,Logan,Wright,Locally-controlled,Intersection - T-Junction,Give way sign,60 km/h,Sealed - Dry,Clear,Daylight,Straight,Level,105,Veh'S Adjacent Approach: Right-Right,Intersection from adjacent approaches,S,0,0,1,0,1,2,0,0,0,0,0,0
351393,Hospitalisation,2021,February,Sunday,13,Hit object,Single Vehicle,153.1043781,-27.82663039,Waterford - Tamborine Rd,,Waterford - Tamborine Road,Yarrabilba,Logan City,4270,Logan Village Yarrabilba,Logan,South Eastern,SEQ South,South Coast,Jimboomba,Jimboomba,Logan - Beaudesert,Inner Regional,Logan,Wright,State-controlled,No Roadway Feature,No traffic control,80 - 90 km/h,Sealed - Dry,Clear,Daylight,Curved - view open,Crest,803,Off Path-Curve: Off Cway Rt Bend Hit Obj,Off carriageway on curve hit object,S,0,1,0,0,1,1,0,0,0,0,0,0
351394,Minor injury,2021,February,Sunday,12,Rear-end,Multi-Vehicle,153.028891,-27.81303745,Camp Cable Rd,Mt Lindesay Hwy,Mount Lindesay Highway (Brisbane - Beaudesert),Jimboomba,Logan City,4280,Jimboomba,Logan,South Eastern,SEQ South,South Coast,Jimboomba,Jimboomba,Logan - Beaudesert,Inner Regional,Logan,Wright,Locally-controlled,Intersection - T-Junction,Operating traffic lights,70 km/h,Sealed - Dry,Clear,Daylight,Straight,Level,301,Veh'S Same Direction: Rear End,Rear-end,S,0,0,0,1,1,2,0,0,0,0,0,0
351395,Hospitalisation,2021,February,Sunday,15,Rear-end,Multi-Vehicle,153.027296,-27.83463045,Brisbane St,South St,Mount Lindesay Highway (Brisbane - Beaudesert),Jimboomba,Logan City,4280,Jimboomba,Logan,South Eastern,SEQ South,South Coast,Jimboomba,Jimboomba,Logan - Beaudesert,Inner Regional,Logan,Wright,State-controlled,Intersection - Cross,Operating traffic lights,70 km/h,Sealed - Dry,Clear,Daylight,Straight,Level,302,Veh'S Same Direction: Left Rear,Rear-end,N,0,1,0,1,2,2,0,0,0,0,0,0
351396,Hospitalisation,2021,February,Sunday,20,Hit object,Single Vehicle,153.1660219,-27.83923703,Plunkett Rd,,,Cedar Creek,Logan City,4207,Logan Village Yarrabilba,Logan,South Eastern,SEQ South,South Coast,Jimboomba,Jimboomba,Logan - Beaudesert,Major Cities,Logan,Wright,Locally-controlled,No Roadway Feature,No traffic control,80 - 90 km/h,Sealed - Dry,Clear,Darkness - Not lighted,Straight,Dip,700,Off Path-Straight: Other,Other,S,0,1,0,0,1,1,0,0,0,0,0,0
351397,Medical treatment,2021,February,Monday,7,Angle,Multi-Vehicle,153.040606,-27.83126745,Swan Rd,Tamborine St,,Jimboomba,Logan City,4280,Jimboomba,Logan,South Eastern,SEQ South,South Coast,Jimboomba,Jimboomba,Logan - Beaudesert,Inner Regional,Logan,Wright,Locally-controlled,Intersection - T-Junction,Give way sign,80 - 90 km/h,Sealed - Dry,Clear,Daylight,Straight,Level,104,Veh'S Adjacent Approach: Thru-Right,Intersection from adjacent approaches,E,0,0,5,0,5,2,0,0,0,0,0,0
351398,Medical treatment,2021,February,Monday,12,Rear-end,Multi-Vehicle,152.977472,-27.71276844,Goodna Rd,New Beith Rd,,Greenbank,Logan City,4124,Jimboomba,Logan,South Eastern,SEQ South,South Coast,Greenbank,Jimboomba,Logan - Beaudesert,Major Cities,Jordan,Wright,Locally-controlled,Intersection - T-Junction,Give way sign,70 km/h,Sealed - Dry,Clear,Daylight,Curved - view open,Level,303,Veh'S Same Direction: Right Rear,Rear-end,N,0,0,1,0,1,2,0,0,0,0,0,0
351399,Hospitalisation,2021,February,Thursday,17,Rear-end,Multi-Vehicle,153.125441,-27.74981046,Stegemann Rd,Waterford - Tamborine Rd,Waterford - Tamborine Road,Buccan,Logan City,4207,Logan Village Yarrabilba,Logan,South Eastern,SEQ South,South Coast,Logan Village,Jimboomba,Logan - Beaudesert,Major Cities,Logan,Forde,State-controlled,Intersection - T-Junction,Give way sign,60 km/h,Sealed - Dry,Clear,Daylight,Straight,Level,302,Veh'S Same Direction: Left Rear,Rear-end,W,0,1,0,1,2,2,0,0,0,0,0,0
351400,Minor injury,2021,February,Friday,3,Hit object,Single Vehicle,153.116998,-27.80775946,Woodward Av,Yarrabilba Dr,,Yarrabilba,Logan City,4207,Logan Village Yarrabilba,Logan,South Eastern,SEQ South,South Coast,Jimboomba,Jimboomba,Logan - Beaudesert,Major Cities,Logan,Wright,Locally-controlled,Intersection - Cross,Operating traffic lights,60 km/h,Sealed - Wet,Raining,Darkness - Lighted,Straight,Level,708,Off Path-Straight: Mounts Traffic Island,Off carriageway on straight hit object,E,0,0,0,1,1,1,0,0,0,0,0,0
351401,Hospitalisation,2021,February,Friday,8,Overturned,Single Vehicle,153.094555,-27.90990346,Beaudesert - Beenleigh Rd,,Beaudesert - Beenleigh Road,Mundoolun,Logan City,4285,Beaudesert,Logan,South Eastern,SEQ South,South Coast,Jimboomba,Jimboomba,Logan - Beaudesert,Inner Regional,Scenic Rim,Wright,State-controlled,No Roadway Feature,No traffic control,100 - 110 km/h,Sealed - Wet,Raining,Daylight,Curved - view obscured,Grade,802,Off Path-Curve: Off Cway Left Bend,Off carriageway on curve,W,0,1,0,0,1,0,0,1,0,0,0,0
351402,Hospitalisation,2021,February,Friday,20,Hit object,Single Vehicle,153.048813,-27.84447345,Mundoolun Rd,,,Jimboomba,Logan City,4280,Jimboomba,Logan,South Eastern,SEQ South,South Coast,Jimboomba,Jimboomba,Logan - Beaudesert,Inner Regional,Logan,Wright,Locally-controlled,No Roadway Feature,No traffic control,80 - 90 km/h,Sealed - Dry,Clear,Darkness - Not lighted,Curved - view obscured,Grade,804,Off Path-Curve: Off Cway Lt Bend Hit Obj,Off carriageway on curve hit object,S,0,2,0,0,2,1,0,0,0,0,0,0
351403,Medical treatment,2021,February,Saturday,19,Rear-end,Multi-Vehicle,153.099676,-27.80053646,Camp Cable Rd,Waterford - Tamborine Rd,Waterford - Tamborine Road,Logan Village,Logan City,4207,Logan Village Yarrabilba,Logan,South Eastern,SEQ South,South Coast,Jimboomba,Jimboomba,Logan - Beaudesert,Major Cities,Logan,Wright,State-controlled,Intersection - Cross,Operating traffic lights,80 - 90 km/h,Sealed - Dry,Clear,Darkness - Lighted,Straight,Level,303,Veh'S Same Direction: Right Rear,Rear-end,S,0,0,1,0,1,2,0,0,0,0,0,0
351404,Hospitalisation,2021,February,Sunday,4,Head-on,Multi-Vehicle,153.11816,-27.75557846,Waterford - Tamborine Rd,,Waterford - Tamborine Road,Logan Village,Logan City,4207,Logan Village Yarrabilba,Logan,South Eastern,SEQ South,South Coast,Logan Village,Jimboomba,Logan - Beaudesert,Major Cities,Logan,Wright,State-controlled,No Roadway Feature,No traffic control,70 km/h,Sealed - Dry,Clear,Darkness - Not lighted,Curved - view open,Level,804,Off Path-Curve: Off Cway Lt Bend Hit Obj,Off carriageway on curve hit object,E,0,1,2,0,3,1,0,0,0,0,0,0
351405,Minor injury,2021,February,Monday,16,Rear-end,Multi-Vehicle,153.026928,-27.83430345,Brisbane St,Brisbane St,Mount Lindesay Highway (Brisbane - Beaudesert),Jimboomba,Logan City,4280,Jimboomba,Logan,South Eastern,SEQ South,South Coast,Jimboomba,Jimboomba,Logan - Beaudesert,Inner Regional,Logan,Wright,State-controlled,Intersection - T-Junction,Give way sign,0 - 50 km/h,Sealed - Dry,Clear,Daylight,Straight,Level,301,Veh'S Same Direction: Rear End,Rear-end,N,0,0,0,1,1,2,0,0,0,0,0,0
351406,Hospitalisation,2021,February,Friday,22,Rear-end,Multi-Vehicle,153.1183998,-27.84338357,Waterford - Tamborine Rd,,Waterford - Tamborine Road,Tamborine,Logan City,4270,Logan Village Yarrabilba,Logan,South Eastern,SEQ South,South Coast,Jimboomba,Jimboomba,Logan - Beaudesert,Inner Regional,Logan,Wright,State-controlled,No Roadway Feature,No traffic control,100 - 110 km/h,Sealed - Dry,Clear,Darkness - Not lighted,Curved - view open,Level,301,Veh'S Same Direction: Rear End,Rear-end,E,0,1,0,0,1,2,0,0,0,0,0,0
351407,Medical treatment,2021,February,Sunday,13,Rear-end,Multi-Vehicle,153.0128014,-27.77693482,Mt Lindesay Hwy,,Mount Lindesay Highway (Brisbane - Beaudesert),North Maclean,Logan City,4280,Jimboomba,Logan,South Eastern,SEQ South,South Coast,Greenbank,Jimboomba,Logan - Beaudesert,Major Cities,Logan,Forde,State-controlled,No Roadway Feature,No traffic control,80 - 90 km/h,Sealed - Dry,Clear,Daylight,Curved - view open,Level,301,Veh'S Same Direction: Rear End,Rear-end,S,0,0,1,0,1,3,0,0,0,0,0,0
351408,Hospitalisation,2021,March,Thursday,17,Sideswipe,Multi-Vehicle,153.037668,-27.85460145,Peppertree Dr,,,Jimboomba,Logan City,4280,Jimboomba,Logan,South Eastern,SEQ South,South Coast,Jimboomba,Jimboomba,Logan - Beaudesert,Inner Regional,Logan,Wright,Locally-controlled,No Roadway Feature,No traffic control,60 km/h,Sealed - Dry,Clear,Daylight,Curved - view open,Level,305,Veh'S Same Direction: Lane Side Swipe,Lane changes,U,0,1,0,0,1,1,0,0,0,1,0,0
351409,Medical treatment,2021,March,Tuesday,2,Hit object,Single Vehicle,153.002245,-27.87679145,Orion Rd,,,Cedar Vale,Logan City,4285,Jimboomba,Logan,South Eastern,SEQ South,South Coast,Jimboomba,Jimboomba,Logan - Beaudesert,Inner Regional,Scenic Rim,Wright,Locally-controlled,No Roadway Feature,No traffic control,60 km/h,Sealed - Dry,Clear,Darkness - Lighted,Curved - view open,Level,803,Off Path-Curve: Off Cway Rt Bend Hit Obj,Off carriageway on curve hit object,S,0,0,1,0,1,1,0,0,0,0,0,0
351410,Hospitalisation,2021,March,Thursday,12,Head-on,Multi-Vehicle,152.972312,-27.69943044,Goodna Rd,Thompson Rd,,Greenbank,Logan City,4124,Jimboomba,Logan,South Eastern,SEQ South,South Coast,Greenbank,Jimboomba,Logan - Beaudesert,Major Cities,Jordan,Wright,Locally-controlled,Intersection - T-Junction,No traffic control,70 km/h,Sealed - Wet,Raining,Daylight,Curved - view open,Level,201,Veh'S Opposite Approach: Head On,Head-on,S,0,2,0,0,2,2,0,0,0,0,0,0
351411,Medical treatment,2021,March,Saturday,4,Hit object,Single Vehicle,152.981323,-27.79091644,Teviot Rd,,,South Maclean,Logan City,4280,Jimboomba,Logan,South Eastern,SEQ South,South Coast,Greenbank,Jimboomba,Logan - Beaudesert,Major Cities,Logan,Wright,Locally-controlled,No Roadway Feature,No traffic control,80 - 90 km/h,Sealed - Dry,Clear,Darkness - Lighted,Straight,Level,704,Off Path-Straight:Right Off Cway Hit Obj,Off carriageway on straight hit object,N,0,0,1,0,1,1,0,0,0,0,0,0
351412,Medical treatment,2021,March,Saturday,19,Angle,Multi-Vehicle,153.020817,-27.85138345,Boorah Rd,Millstream Rd,,Jimboomba,Logan City,4280,Jimboomba,Logan,South Eastern,SEQ South,South Coast,Jimboomba,Jimboomba,Logan - Beaudesert,Inner Regional,Logan,Wright,Locally-controlled,Intersection - T-Junction,Give way sign,80 - 90 km/h,Sealed - Dry,Clear,Darkness - Not lighted,Straight,Level,104,Veh'S Adjacent Approach: Thru-Right,Intersection from adjacent approaches,S,0,0,2,0,2,2,0,0,0,0,0,0
351413,Hospitalisation,2021,March,Monday,7,Angle,Multi-Vehicle,153.029637,-27.82140745,Brisbane St,Johanna St,Mount Lindesay Highway (Brisbane - Beaudesert),Jimboomba,Logan City,4280,Jimboomba,Logan,South Eastern,SEQ South,South Coast,Jimboomba,Jimboomba,Logan - Beaudesert,Inner Regional,Logan,Wright,State-controlled,Intersection - T-Junction,Give way sign,70 km/h,Sealed - Dry,Clear,Daylight,Straight,Level,107,Veh'S Adjacent Approach: Thru-Left,Intersection from adjacent approaches,N,0,1,1,1,3,1,0,1,0,0,0,0
351414,Medical treatment,2021,March,Monday,20,Rear-end,Multi-Vehicle,153.029085,-27.81305045,Camp Cable Rd,Mt Lindesay Hwy,Camp Cable Road,Jimboomba,Logan City,4280,Jimboomba,Logan,South Eastern,SEQ South,South Coast,Jimboomba,Jimboomba,Logan - Beaudesert,Inner Regional,Logan,Wright,State-controlled,Intersection - T-Junction,Operating traffic lights,60 km/h,Sealed - Wet,Raining,Daylight,Straight,Level,303,Veh'S Same Direction: Right Rear,Rear-end,W,0,0,1,0,1,2,0,0,0,0,0,0
351415,Hospitalisation,2021,March,Wednesday,19,Hit object,Single Vehicle,152.9818086,-27.92841567,Mt Lindesay Hwy,,Mount Lindesay Highway (Brisbane - Beaudesert),Gleneagle,Scenic Rim Region,4285,Beaudesert,Logan,South Eastern,SEQ South,South Coast,Beaudesert,Beaudesert,Logan - Beaudesert,Inner Regional,Scenic Rim,Wright,State-controlled,No Roadway Feature,No traffic control,60 km/h,Sealed - Wet,Raining,Darkness - Not lighted,Straight,Level,703,Off Path-Straight: Left Off Cway Hit Obj,Off carriageway on straight hit object,N,0,1,0,0,1,1,0,0,0,0,0,0
351416,Medical treatment,2021,March,Sunday,17,Hit object,Single Vehicle,153.089954,-27.90042045,Mundoolun Rd,,,Mundoolun,Logan City,4285,Jimboomba,Logan,South Eastern,SEQ South,South Coast,Jimboomba,Jimboomba,Logan - Beaudesert,Inner Regional,Scenic Rim,Wright,Locally-controlled,No Roadway Feature,No traffic control,100 - 110 km/h,Sealed - Wet,Raining,Dawn/Dusk,Straight,Level,704,Off Path-Straight:Right Off Cway Hit Obj,Off carriageway on straight hit object,S,0,0,1,0,1,1,0,0,0,0,0,0
351417,Hospitalisation,2021,March,Wednesday,6,Angle,Multi-Vehicle,153.1084404,-27.76719314,Albert St,,Waterford - Tamborine Road,Logan Village,Logan City,4207,Logan Village Yarrabilba,Logan,South Eastern,SEQ South,South Coast,Logan Village,Jimboomba,Logan - Beaudesert,Major Cities,Logan,Wright,State-controlled,No Roadway Feature,No traffic control,60 km/h,Sealed - Dry,Clear,Daylight,Straight,Level,408,Veh'S Manoeuvring: Entering From Footway,Vehicle leaving driveway,N,0,2,0,0,2,2,0,0,0,0,0,0
351418,Hospitalisation,2021,March,Wednesday,8,Rear-end,Multi-Vehicle,153.103466,-27.77511746,Waterford - Tamborine Rd,,Waterford - Tamborine Road,Logan Village,Logan City,4207,Logan Village Yarrabilba,Logan,South Eastern,SEQ South,South Coast,Logan Village,Jimboomba,Logan - Beaudesert,Major Cities,Logan,Wright,State-controlled,No Roadway Feature,No traffic control,80 - 90 km/h,Sealed - Dry,Clear,Daylight,Straight,Level,301,Veh'S Same Direction: Rear End,Rear-end,N,0,1,0,0,1,2,0,0,0,0,0,0
351419,Hospitalisation,2021,March,Thursday,20,Head-on,Multi-Vehicle,152.947089,-27.73197844,New Beith Rd,,,New Beith,Logan City,4124,Jimboomba,Logan,South Eastern,SEQ South,South Coast,Greenbank,Jimboomba,Logan - Beaudesert,Major Cities,Jordan,Wright,Locally-controlled,No Roadway Feature,No traffic control,60 km/h,Sealed - Dry,Clear,Darkness - Not lighted,Curved - view open,Level,501,Veh'S Overtaking: Head On,Head-on,N,0,1,1,0,2,3,0,0,0,0,0,0
351420,Hospitalisation,2021,March,Monday,21,Hit object,Single Vehicle,153.034697,-27.84955045,Kurrajong Rd,,,Jimboomba,Logan City,4280,Jimboomba,Logan,South Eastern,SEQ South,South Coast,Jimboomba,Jimboomba,Logan - Beaudesert,Inner Regional,Logan,Wright,Locally-controlled,No Roadway Feature,No traffic control,70 km/h,Sealed - Dry,Clear,Darkness - Not lighted,Straight,Level,704,Off Path-Straight:Right Off Cway Hit Obj,Off carriageway on straight hit object,E,0,1,0,0,1,1,0,0,0,0,0,0
351421,Hospitalisation,2021,March,Tuesday,18,Head-on,Multi-Vehicle,153.115155,-27.75684046,Waterford - Tamborine Rd,,Waterford - Tamborine Road,Logan Village,Logan City,4207,Logan Village Yarrabilba,Logan,South Eastern,SEQ South,South Coast,Logan Village,Jimboomba,Logan - Beaudesert,Major Cities,Logan,Wright,State-controlled,Bridge/Causeway,No traffic control,80 - 90 km/h,Sealed - Dry,Clear,Darkness - Not lighted,Straight,Level,201,Veh'S Opposite Approach: Head On,Head-on,S,0,2,0,0,2,2,0,0,0,0,0,0
351422,Medical treatment,2021,April,Thursday,13,Rear-end,Multi-Vehicle,153.086933,-27.74047045,Chambers Flat Rd,,,Chambers Flat,Logan City,4133,Crestmead,Logan,South Eastern,SEQ South,South Coast,Chambers Flat - Logan Reserve,Browns Plains,Logan - Beaudesert,Major Cities,Logan,Forde,Locally-controlled,No Roadway Feature,No traffic control,70 km/h,Sealed - Dry,Clear,Daylight,Straight,Level,303,Veh'S Same Direction: Right Rear,Rear-end,N,0,0,1,0,1,2,0,0,0,0,0,0
351423,Hospitalisation,2021,April,Friday,12,Angle,Multi-Vehicle,153.061,-27.80625345,Camp Cable Rd,Edelsten Rd,Camp Cable Road,Jimboomba,Logan City,4280,Jimboomba,Logan,South Eastern,SEQ South,South Coast,Jimboomba,Jimboomba,Logan - Beaudesert,Inner Regional,Logan,Wright,State-controlled,Intersection - T-Junction,No traffic control,80 - 90 km/h,Sealed - Dry,Clear,Daylight,Straight,Level,202,Veh'S Opposite Approach: Thru-Right,Opposing vehicles turning,E,0,2,0,0,2,2,0,0,0,0,0,0
351424,Hospitalisation,2021,April,Tuesday,9,Rear-end,Multi-Vehicle,153.105724,-27.77177846,Albert St,,Waterford - Tamborine Road,Logan Village,Logan City,4207,Logan Village Yarrabilba,Logan,South Eastern,SEQ South,South Coast,Logan Village,Jimboomba,Logan - Beaudesert,Major Cities,Logan,Wright,State-controlled,No Roadway Feature,No traffic control,80 - 90 km/h,Sealed - Wet,Raining,Daylight,Straight,Level,301,Veh'S Same Direction: Rear End,Rear-end,N,0,1,0,0,1,2,0,0,0,0,0,0
351425,Medical treatment,2021,April,Tuesday,18,Rear-end,Multi-Vehicle,153.0920037,-27.75428451,Kenny Rd,,,Chambers Flat,Logan City,4133,Crestmead,Logan,South Eastern,SEQ South,South Coast,Chambers Flat - Logan Reserve,Browns Plains,Logan - Beaudesert,Major Cities,Logan,Forde,Locally-controlled,No Roadway Feature,No traffic control,60 km/h,Sealed - Wet,Clear,Dawn/Dusk,Straight,Level,301,Veh'S Same Direction: Rear End,Rear-end,N,0,0,1,0,1,4,0,0,0,0,0,0
351426,Minor injury,2021,April,Saturday,11,Angle,Multi-Vehicle,153.028818,-27.82984745,Brisbane St,Spring St,Mount Lindesay Highway (Brisbane - Beaudesert),Jimboomba,Logan City,4280,Jimboomba,Logan,South Eastern,SEQ South,South Coast,Jimboomba,Jimboomba,Logan - Beaudesert,Inner Regional,Logan,Wright,State-controlled,Intersection - Cross,Give way sign,70 km/h,Sealed - Dry,Clear,Daylight,Straight,Level,101,Veh'S Adjacent Approach: Thru-Thru,Intersection from adjacent approaches,W,0,0,0,1,1,2,0,0,0,0,0,0
351427,Minor injury,2021,April,Saturday,8,Rear-end,Multi-Vehicle,153.131022,-27.75069846,Hein Rd,Stegemann Rd,,Buccan,Logan City,4207,Logan Village Yarrabilba,Logan,South Eastern,SEQ South,South Coast,Logan Village,Jimboomba,Logan - Beaudesert,Major Cities,Logan,Wright,Locally-controlled,Intersection - T-Junction,Give way sign,70 km/h,Sealed - Dry,Clear,Daylight,Straight,Level,302,Veh'S Same Direction: Left Rear,Rear-end,E,0,0,0,1,1,2,0,0,0,0,0,0
351428,Hospitalisation,2021,April,Wednesday,12,Angle,Multi-Vehicle,152.977626,-27.81170944,Cusack La,Teviot Rd,,South Maclean,Logan City,4280,Jimboomba,Logan,South Eastern,SEQ South,South Coast,Jimboomba,Jimboomba,Logan - Beaudesert,Major Cities,Logan,Wright,Locally-controlled,Intersection - T-Junction,Give way sign,70 km/h,Sealed - Dry,Clear,Daylight,Straight,Level,104,Veh'S Adjacent Approach: Thru-Right,Intersection from adjacent approaches,S,0,2,0,1,3,2,0,0,0,0,0,0
351429,Medical treatment,2021,April,Thursday,11,Rear-end,Multi-Vehicle,153.1120078,-27.76628727,Quinzeh Ck Rd,,,Logan Village,Logan City,4207,Logan Village Yarrabilba,Logan,South Eastern,SEQ South,South Coast,Logan Village,Jimboomba,Logan - Beaudesert,Major Cities,Logan,Wright,Locally-controlled,No Roadway Feature,No traffic control,0 - 50 km/h,Sealed - Dry,Clear,Daylight,Straight,Level,302,Veh'S Same Direction: Left Rear,Rear-end,E,0,0,1,0,1,2,0,0,0,0,0,0