Crash_Severity,Crash_Year,Crash_Month,Crash_Day_Of_Week,Crash_Hour,Crash_Nature,Crash_Type,Crash_Longitude,Crash_Latitude,Crash_Street,Crash_Street_Intersecting,State_Road_Name,Loc_Suburb,Loc_Local_Government_Area,Loc_Post_Code,Loc_Police_Division,Loc_Police_District,Loc_Police_Region,Loc_Queensland_Transport_Region,Loc_Main_Roads_Region,Loc_ABS_Statistical_Area_2,Loc_ABS_Statistical_Area_3,Loc_ABS_Statistical_Area_4,Loc_ABS_Remoteness,Loc_State_Electorate,Loc_Federal_Electorate,Crash_Controlling_Authority,Crash_Roadway_Feature,Crash_Traffic_Control,Crash_Speed_Limit,Crash_Road_Surface_Condition,Crash_Atmospheric_Condition,Crash_Lighting_Condition,Crash_Road_Horiz_Align,Crash_Road_Vert_Align,Crash_DCA_Code,Crash_DCA_Description,Crash_DCA_Group_Description,DCA_Key_Approach_Dir,Count_Casualty_Fatality,Count_Casualty_Hospitalised,Count_Casualty_MedicallyTreated,Count_Casualty_MinorInjury,Count_Casualty_Total,Count_Unit_Car,Count_Unit_Motorcycle_Moped,Count_Unit_Truck,Count_Unit_Bus,Count_Unit_Bicycle,Count_Unit_Pedestrian,Count_Unit_Other,
351430,Hospitalisation,2021,April,Sunday,12,Hit object,Single Vehicle,152.981282,-27.78986044,Mountain Ridge Rd,Teviot Rd,,South Maclean,Logan City,4280,Jimboomba,Logan,South Eastern,SEQ South,South Coast,Greenbank,Jimboomba,Logan - Beaudesert,Major Cities,Logan,Wright,Locally-controlled,Intersection - Cross,No traffic control,80 - 90 km/h,Sealed - Dry,Clear,Daylight,Straight,Level,708,Off Path-Straight: Mounts Traffic Island,Off carriageway on straight hit object,N,0,1,0,0,1,1,0,0,0,0,0,0
351431,Hospitalisation,2021,April,Monday,11,Sideswipe,Multi-Vehicle,152.977587,-27.71275344,Goodna Rd,New Beith Rd,,Greenbank,Logan City,4124,Jimboomba,Logan,South Eastern,SEQ South,South Coast,Greenbank Military Camp,Browns Plains,Logan - Beaudesert,Major Cities,Jordan,Wright,Locally-controlled,Intersection - T-Junction,No traffic control,60 km/h,Sealed - Dry,Clear,Daylight,Straight,Level,305,Veh'S Same Direction: Lane Side Swipe,Lane changes,S,0,1,0,0,1,1,0,1,0,0,0,0
351432,Hospitalisation,2021,April,Monday,13,Rear-end,Multi-Vehicle,153.028891,-27.81303745,Camp Cable Rd,Mt Lindesay Hwy,Mount Lindesay Highway (Brisbane - Beaudesert),Jimboomba,Logan City,4280,Jimboomba,Logan,South Eastern,SEQ South,South Coast,Jimboomba,Jimboomba,Logan - Beaudesert,Inner Regional,Logan,Wright,State-controlled,Intersection - T-Junction,Operating traffic lights,80 - 90 km/h,Sealed - Dry,Clear,Daylight,Straight,Level,301,Veh'S Same Direction: Rear End,Rear-end,S,0,1,0,0,1,2,0,1,0,0,0,0
351433,Fatal,2021,April,Thursday,11,Rear-end,Multi-Vehicle,152.991212,-27.87662344,Mt Lindesay Hwy,,Mount Lindesay Highway (Brisbane - Beaudesert),Cedar Grove,Logan City,4285,Jimboomba,Logan,South Eastern,SEQ South,South Coast,Jimboomba,Jimboomba,Logan - Beaudesert,Inner Regional,Scenic Rim,Wright,State-controlled,No Roadway Feature,No traffic control,100 - 110 km/h,Sealed - Dry,Clear,Daylight,Straight,Grade,301,Veh'S Same Direction: Rear End,Rear-end,S,1,0,2,2,5,4,2,0,0,0,0,0
351434,Hospitalisation,2021,April,Friday,18,Hit object,Single Vehicle,153.099676,-27.80053646,Camp Cable Rd,Waterford - Tamborine Rd,Waterford - Tamborine Road,Logan Village,Logan City,4207,Logan Village Yarrabilba,Logan,South Eastern,SEQ South,South Coast,Jimboomba,Jimboomba,Logan - Beaudesert,Major Cities,Logan,Wright,State-controlled,Intersection - Cross,Operating traffic lights,80 - 90 km/h,Sealed - Dry,Clear,Darkness - Lighted,Curved - view open,Level,808,Off Path-Curve: Mounts Traffic Island,Off carriageway on curve hit object,S,0,1,0,0,1,1,0,0,0,0,0,0
351435,Medical treatment,2021,April,Saturday,13,Angle,Multi-Vehicle,153.104416,-27.77038246,Anzac Ave,Towns Ave,,Logan Village,Logan City,4207,Logan Village Yarrabilba,Logan,South Eastern,SEQ South,South Coast,Logan Village,Jimboomba,Logan - Beaudesert,Major Cities,Logan,Wright,Locally-controlled,Intersection - T-Junction,Stop sign,60 km/h,Sealed - Dry,Clear,Daylight,Straight,Level,104,Veh'S Adjacent Approach: Thru-Right,Intersection from adjacent approaches,W,0,0,1,0,1,1,1,0,0,0,0,0
351436,Hospitalisation,2021,April,Saturday,16,Rear-end,Multi-Vehicle,153.027296,-27.83463045,Brisbane St,Brisbane St,Mount Lindesay Highway (Brisbane - Beaudesert),Jimboomba,Logan City,4280,Jimboomba,Logan,South Eastern,SEQ South,South Coast,Jimboomba,Jimboomba,Logan - Beaudesert,Inner Regional,Logan,Wright,State-controlled,Intersection - Cross,Operating traffic lights,70 km/h,Sealed - Dry,Clear,Daylight,Straight,Level,301,Veh'S Same Direction: Rear End,Rear-end,N,0,1,0,0,1,2,0,0,0,0,0,0
351437,Medical treatment,2021,April,Thursday,13,Head-on,Multi-Vehicle,152.960088,-27.81982244,Bushman Dr,Shearer Ct,,Flagstone,Logan City,4280,Jimboomba,Logan,South Eastern,SEQ South,South Coast,Jimboomba,Jimboomba,Logan - Beaudesert,Major Cities,Jordan,Wright,Locally-controlled,Intersection - T-Junction,No traffic control,70 km/h,Sealed - Dry,Clear,Daylight,Straight,Level,201,Veh'S Opposite Approach: Head On,Head-on,E,0,0,1,0,1,2,0,0,0,0,0,0
351438,Hospitalisation,2021,May,Sunday,1,Hit object,Single Vehicle,152.984823,-27.94911344,Mt Lindesay Hwy,,Mount Lindesay Highway (Brisbane - Beaudesert),Gleneagle,Scenic Rim Region,4285,Beaudesert,Logan,South Eastern,SEQ South,South Coast,Beaudesert,Beaudesert,Logan - Beaudesert,Inner Regional,Scenic Rim,Wright,State-controlled,No Roadway Feature,No traffic control,80 - 90 km/h,Sealed - Wet,Raining,Darkness - Not lighted,Straight,Level,704,Off Path-Straight:Right Off Cway Hit Obj,Off carriageway on straight hit object,S,0,2,0,0,2,1,0,0,0,0,0,0
351439,Medical treatment,2021,May,Tuesday,16,Rear-end,Multi-Vehicle,153.125465,-27.74987146,Stegemann Rd,Waterford - Tamborine Rd,Waterford - Tamborine Road,Buccan,Logan City,4207,Logan Village Yarrabilba,Logan,South Eastern,SEQ South,South Coast,Logan Village,Jimboomba,Logan - Beaudesert,Major Cities,Logan,Forde,State-controlled,Intersection - T-Junction,Give way sign,70 km/h,Sealed - Dry,Clear,Daylight,Straight,Level,302,Veh'S Same Direction: Left Rear,Rear-end,W,0,0,1,0,1,2,0,0,0,0,0,0
351440,Medical treatment,2021,May,Tuesday,17,Rear-end,Multi-Vehicle,152.985329,-27.74369744,Greenbank Rd,Teviot Rd,,Greenbank,Logan City,4124,Jimboomba,Logan,South Eastern,SEQ South,South Coast,Greenbank,Jimboomba,Logan - Beaudesert,Major Cities,Logan,Wright,Locally-controlled,Intersection - T-Junction,No traffic control,80 - 90 km/h,Sealed - Dry,Clear,Daylight,Straight,Level,303,Veh'S Same Direction: Right Rear,Rear-end,N,0,0,1,0,1,2,0,0,0,0,0,0
351441,Hospitalisation,2021,May,Wednesday,10,Hit object,Single Vehicle,152.9862853,-27.92569798,Cyrus Rd,,,Veresdale,Scenic Rim Region,4285,Beaudesert,Logan,South Eastern,SEQ South,South Coast,Beaudesert,Beaudesert,Logan - Beaudesert,Inner Regional,Scenic Rim,Wright,Locally-controlled,No Roadway Feature,No traffic control,60 km/h,Sealed - Wet,Raining,Daylight,Curved - view open,Level,804,Off Path-Curve: Off Cway Lt Bend Hit Obj,Off carriageway on curve hit object,W,0,1,0,0,1,1,0,0,0,0,0,0
351442,Hospitalisation,2021,May,Friday,15,Overturned,Single Vehicle,153.167341,-27.81419046,Chardon Bridge Rd,Quinzeh Ck Rd,,Cedar Creek,Logan City,4207,Logan Village Yarrabilba,Logan,South Eastern,SEQ South,South Coast,Jimboomba,Jimboomba,Logan - Beaudesert,Major Cities,Logan,Wright,Locally-controlled,Intersection - T-Junction,No traffic control,80 - 90 km/h,Sealed - Dry,Clear,Daylight,Straight,Dip,705,Off Path-Straight:Out Of Control On Cway,Out of control on straight,N,0,1,0,0,1,2,0,0,0,0,0,0
351443,Hospitalisation,2021,May,Sunday,10,Head-on,Multi-Vehicle,153.099231,-27.81939246,Dollarbird Dr,Waterford - Tamborine Rd,Waterford - Tamborine Road,Tamborine,Logan City,4270,Logan Village Yarrabilba,Logan,South Eastern,SEQ South,South Coast,Jimboomba,Jimboomba,Logan - Beaudesert,Inner Regional,Logan,Wright,State-controlled,Intersection - T-Junction,No traffic control,80 - 90 km/h,Sealed - Dry,Clear,Daylight,Straight,Level,501,Veh'S Overtaking: Head On,Head-on,W,0,1,1,0,2,2,1,0,0,0,0,0
351444,Hospitalisation,2021,May,Tuesday,13,Hit object,Single Vehicle,153.1143389,-27.71755345,Logan Reserve Rd,,,Logan Reserve,Logan City,4133,Crestmead,Logan,South Eastern,SEQ South,South Coast,Chambers Flat - Logan Reserve,Browns Plains,Logan - Beaudesert,Major Cities,Logan,Forde,Locally-controlled,No Roadway Feature,No traffic control,80 - 90 km/h,Sealed - Dry,Clear,Daylight,Straight,Level,703,Off Path-Straight: Left Off Cway Hit Obj,Off carriageway on straight hit object,S,0,1,0,0,1,1,0,0,0,0,0,0
351445,Medical treatment,2021,May,Tuesday,8,Overturned,Single Vehicle,152.9448713,-27.73822132,Lyon Dr,,,New Beith,Logan City,4124,Jimboomba,Logan,South Eastern,SEQ South,South Coast,Greenbank,Jimboomba,Logan - Beaudesert,Major Cities,Jordan,Wright,Locally-controlled,No Roadway Feature,No traffic control,60 km/h,Sealed - Dry,Clear,Daylight,Curved - view open,Level,502,Veh'S Overtaking: Out Of Control,Off carriageway on straight,W,0,0,1,0,1,1,0,0,0,0,0,0
351446,Hospitalisation,2021,May,Saturday,0,Hit object,Single Vehicle,153.059015,-27.80615527,Camp Cable Rd,,Camp Cable Road,Jimboomba,Logan City,4280,Jimboomba,Logan,South Eastern,SEQ South,South Coast,Jimboomba,Jimboomba,Logan - Beaudesert,Inner Regional,Logan,Wright,State-controlled,No Roadway Feature,No traffic control,80 - 90 km/h,Sealed - Dry,Fog,Darkness - Not lighted,Straight,Level,703,Off Path-Straight: Left Off Cway Hit Obj,Off carriageway on straight hit object,E,0,1,0,0,1,1,0,0,0,0,0,0
351447,Medical treatment,2021,May,Saturday,11,Angle,Multi-Vehicle,153.110609,-27.76606946,Centenary Pl,Quinzeh Ck Rd,,Logan Village,Logan City,4207,Logan Village Yarrabilba,Logan,South Eastern,SEQ South,South Coast,Logan Village,Jimboomba,Logan - Beaudesert,Major Cities,Logan,Wright,Locally-controlled,Intersection - T-Junction,No traffic control,60 km/h,Sealed - Dry,Clear,Daylight,Straight,Level,202,Veh'S Opposite Approach: Thru-Right,Opposing vehicles turning,E,0,0,1,0,1,2,0,0,0,0,0,0
351448,Hospitalisation,2021,May,Saturday,13,Rear-end,Multi-Vehicle,152.978643,-27.71458044,Old Greenbank Rd,,,Greenbank,Logan City,4124,Jimboomba,Logan,South Eastern,SEQ South,South Coast,Greenbank Military Camp,Browns Plains,Logan - Beaudesert,Major Cities,Jordan,Wright,Locally-controlled,No Roadway Feature,No traffic control,60 km/h,Sealed - Dry,Clear,Daylight,Straight,Level,301,Veh'S Same Direction: Rear End,Rear-end,N,0,1,0,1,2,2,0,0,0,0,0,0
351449,Hospitalisation,2021,May,Monday,16,Hit object,Single Vehicle,152.963853,-27.72022744,New Beith Rd,,,Greenbank,Logan City,4124,Jimboomba,Logan,South Eastern,SEQ South,South Coast,Greenbank,Jimboomba,Logan - Beaudesert,Major Cities,Jordan,Wright,Locally-controlled,No Roadway Feature,No traffic control,80 - 90 km/h,Sealed - Dry,Clear,Daylight,Curved - view open,Grade,803,Off Path-Curve: Off Cway Rt Bend Hit Obj,Off carriageway on curve hit object,N,0,1,0,0,1,0,1,0,0,0,0,0
351450,Hospitalisation,2021,May,Tuesday,18,Angle,Multi-Vehicle,153.1257288,-27.74828603,Waterford - Tamborine Rd,,Waterford - Tamborine Road,Buccan,Logan City,4207,Logan Village Yarrabilba,Logan,South Eastern,SEQ South,South Coast,Logan Village,Jimboomba,Logan - Beaudesert,Major Cities,Logan,Forde,State-controlled,No Roadway Feature,No traffic control,80 - 90 km/h,Sealed - Dry,Clear,Darkness - Not lighted,Straight,Level,408,Veh'S Manoeuvring: Entering From Footway,Vehicle leaving driveway,N,0,1,0,0,1,2,0,0,0,0,0,0
351451,Hospitalisation,2021,May,Wednesday,8,Hit pedestrian,Hit pedestrian,153.1145128,-27.80458112,Darnell St,,,Yarrabilba,Logan City,4207,Logan Village Yarrabilba,Logan,South Eastern,SEQ South,South Coast,Jimboomba,Jimboomba,Logan - Beaudesert,Major Cities,Logan,Wright,Locally-controlled,No Roadway Feature,Pedestrian crossing sign,60 km/h,Sealed - Dry,Clear,Daylight,Straight,Level,3,Ped'N: Far Side Vehicle Hit From Left,Pedestrian,N,0,1,0,0,1,1,0,0,0,0,1,0
351452,Hospitalisation,2021,May,Thursday,6,Hit pedestrian,Hit pedestrian,152.950502,-27.81940844,Drover Cres,Ringer Ct,,Flagstone,Logan City,4280,Jimboomba,Logan,South Eastern,SEQ South,South Coast,Jimboomba,Jimboomba,Logan - Beaudesert,Major Cities,Jordan,Wright,Locally-controlled,Intersection - T-Junction,No traffic control,60 km/h,Sealed - Dry,Clear,Dawn/Dusk,Straight,Level,5,Ped'N: Hit Walking With Traffic,Pedestrian,E,0,1,0,0,1,1,0,0,0,0,1,0
351453,Hospitalisation,2021,May,Wednesday,8,Rear-end,Multi-Vehicle,152.9847515,-27.73562158,Teviot Rd,,,Greenbank,Logan City,4124,Jimboomba,Logan,South Eastern,SEQ South,South Coast,Greenbank,Jimboomba,Logan - Beaudesert,Major Cities,Logan,Wright,Locally-controlled,No Roadway Feature,No traffic control,70 km/h,Sealed - Dry,Fog,Daylight,Straight,Level,301,Veh'S Same Direction: Rear End,Rear-end,N,0,1,0,0,1,2,0,0,0,0,0,0
351454,Hospitalisation,2021,May,Saturday,21,Head-on,Multi-Vehicle,153.096698,-27.76422045,Anzac Ave,Kirk Rd,,Chambers Flat,Logan City,4133,Crestmead,Logan,South Eastern,SEQ South,South Coast,Chambers Flat - Logan Reserve,Browns Plains,Logan - Beaudesert,Major Cities,Logan,Forde,Locally-controlled,Intersection - T-Junction,No traffic control,60 km/h,Sealed - Dry,Clear,Darkness - Not lighted,Curved - view open,Level,201,Veh'S Opposite Approach: Head On,Head-on,W,0,2,0,0,2,2,0,0,0,0,0,0
351455,Hospitalisation,2021,May,Sunday,20,Rear-end,Multi-Vehicle,152.986645,-27.76093044,Hives Rd,Teviot Rd,,North Maclean,Logan City,4280,Jimboomba,Logan,South Eastern,SEQ South,South Coast,Greenbank,Jimboomba,Logan - Beaudesert,Major Cities,Logan,Wright,Locally-controlled,Intersection - T-Junction,No traffic control,80 - 90 km/h,Sealed - Dry,Clear,Darkness - Lighted,Straight,Level,303,Veh'S Same Direction: Right Rear,Rear-end,S,0,3,0,1,4,4,0,0,0,0,0,0
351456,Hospitalisation,2021,June,Thursday,15,Hit object,Single Vehicle,153.1573986,-27.8417314,Plunkett Rd,,,Tamborine,Logan City,4270,Logan Village Yarrabilba,Logan,South Eastern,SEQ South,South Coast,Jimboomba,Jimboomba,Logan - Beaudesert,Major Cities,Logan,Wright,Locally-controlled,No Roadway Feature,No traffic control,80 - 90 km/h,Sealed - Wet,Raining,Daylight,Curved - view open,Dip,804,Off Path-Curve: Off Cway Lt Bend Hit Obj,Off carriageway on curve hit object,S,0,1,0,0,1,1,0,0,0,0,0,0
351457,Medical treatment,2021,June,Thursday,15,Rear-end,Multi-Vehicle,153.0155562,-27.79065102,Brisbane St,,Mount Lindesay Highway (Brisbane - Beaudesert),South Maclean,Logan City,4280,Jimboomba,Logan,South Eastern,SEQ South,South Coast,Greenbank,Jimboomba,Logan - Beaudesert,Major Cities,Logan,Wright,State-controlled,No Roadway Feature,No traffic control,80 - 90 km/h,Sealed - Dry,Clear,Daylight,Straight,Level,301,Veh'S Same Direction: Rear End,Rear-end,S,0,0,1,0,1,2,0,0,0,0,0,0
351458,Medical treatment,2021,June,Monday,14,Rear-end,Multi-Vehicle,153.107356,-27.76889246,Albert St,,Waterford - Tamborine Road,Logan Village,Logan City,4207,Logan Village Yarrabilba,Logan,South Eastern,SEQ South,South Coast,Logan Village,Jimboomba,Logan - Beaudesert,Major Cities,Logan,Wright,State-controlled,No Roadway Feature,No traffic control,0 - 50 km/h,Unsealed - Dry,Clear,Daylight,Straight,Level,404,Veh'S Manoeuvring: Reversing,Hit parked vehicle,S,0,0,1,0,1,0,0,1,0,0,0,1
351459,Minor injury,2021,June,Friday,14,Rear-end,Multi-Vehicle,153.0275772,-27.75785929,Chambers Flat Rd,,,Munruben,Logan City,4125,Jimboomba,Logan,South Eastern,SEQ South,South Coast,Munruben - Park Ridge South,Browns Plains,Logan - Beaudesert,Major Cities,Logan,Forde,Locally-controlled,No Roadway Feature,No traffic control,80 - 90 km/h,Sealed - Dry,Clear,Daylight,Curved - view open,Level,302,Veh'S Same Direction: Left Rear,Rear-end,W,0,0,0,1,1,2,0,0,0,0,0,0
351460,Hospitalisation,2021,June,Sunday,16,Hit object,Single Vehicle,153.101351,-27.82248446,Waterford - Tamborine Rd,,Waterford - Tamborine Road,Tamborine,Logan City,4270,Logan Village Yarrabilba,Logan,South Eastern,SEQ South,South Coast,Jimboomba,Jimboomba,Logan - Beaudesert,Inner Regional,Logan,Wright,State-controlled,No Roadway Feature,No traffic control,80 - 90 km/h,Sealed - Dry,Clear,Daylight,Straight,Grade,705,Off Path-Straight:Out Of Control On Cway,Out of control on straight,N,0,2,0,0,2,1,0,0,0,0,0,0
351461,Medical treatment,2021,June,Saturday,10,Rear-end,Multi-Vehicle,153.060445,-27.97330045,Beaudesert - Beenleigh Rd,,Beaudesert - Beenleigh Road,Birnam,Scenic Rim Region,4285,Beaudesert,Logan,South Eastern,SEQ South,South Coast,Beaudesert,Beaudesert,Logan - Beaudesert,Inner Regional,Scenic Rim,Wright,State-controlled,No Roadway Feature,No traffic control,60 km/h,Sealed - Dry,Clear,Daylight,Curved - view open,Grade,301,Veh'S Same Direction: Rear End,Rear-end,S,0,0,1,0,1,1,1,0,0,0,0,0
351462,Hospitalisation,2021,June,Saturday,13,Fall from vehicle,Single Vehicle,153.121267,-27.84952646,Greensward Rd,Waterford - Tamborine Rd,Waterford - Tamborine Road,Kairabah,Logan City,4207,Logan Village Yarrabilba,Logan,South Eastern,SEQ South,South Coast,Jimboomba,Jimboomba,Logan - Beaudesert,Major Cities,Logan,Wright,State-controlled,No Roadway Feature,No traffic control,100 - 110 km/h,Sealed - Dry,Clear,Daylight,Curved - view open,Level,805,Off Path-Curve: Out Of Control On Cway,Out of control on curve,N,0,1,0,0,1,0,1,0,0,0,0,0
351463,Medical treatment,2021,June,Saturday,18,Rear-end,Multi-Vehicle,152.982315,-27.77086244,Scott La,Teviot Rd,,North Maclean,Logan City,4280,Jimboomba,Logan,South Eastern,SEQ South,South Coast,Greenbank,Jimboomba,Logan - Beaudesert,Major Cities,Logan,Wright,Locally-controlled,Intersection - T-Junction,No traffic control,80 - 90 km/h,Sealed - Dry,Clear,Darkness - Lighted,Straight,Grade,302,Veh'S Same Direction: Left Rear,Rear-end,W,0,0,2,0,2,2,0,0,0,0,0,0
351464,Hospitalisation,2021,June,Sunday,18,Hit object,Single Vehicle,152.9471757,-27.82601176,Bushman Dr,,,Flagstone,Logan City,4280,Jimboomba,Logan,South Eastern,SEQ South,South Coast,Jimboomba,Jimboomba,Logan - Beaudesert,Major Cities,Jordan,Wright,Locally-controlled,No Roadway Feature,No traffic control,70 km/h,Sealed - Dry,Clear,Darkness - Not lighted,Curved - view open,Level,804,Off Path-Curve: Off Cway Lt Bend Hit Obj,Off carriageway on curve hit object,N,0,1,0,0,1,1,0,0,0,0,0,0
351465,Hospitalisation,2021,June,Monday,21,Hit parked vehicle,Single Vehicle,153.032281,-27.81142945,Camp Cable Rd,,Camp Cable Road,Jimboomba,Logan City,4280,Jimboomba,Logan,South Eastern,SEQ South,South Coast,Jimboomba,Jimboomba,Logan - Beaudesert,Inner Regional,Logan,Wright,State-controlled,No Roadway Feature,No traffic control,80 - 90 km/h,Sealed - Dry,Clear,Darkness - Not lighted,Curved - view open,Level,601,Veh'S On Path: Parked,Hit parked vehicle,N,0,1,1,0,2,2,0,0,0,0,0,0
351466,Hospitalisation,2021,June,Tuesday,17,Hit object,Single Vehicle,153.033241,-27.75813745,Chambers Flat Rd,Norris Creek Rd,,Munruben,Logan City,4125,Jimboomba,Logan,South Eastern,SEQ South,South Coast,Munruben - Park Ridge South,Browns Plains,Logan - Beaudesert,Major Cities,Logan,Forde,Locally-controlled,Intersection - Cross,No traffic control,80 - 90 km/h,Sealed - Dry,Clear,Darkness - Not lighted,Straight,Level,700,Off Path-Straight: Other,Other,E,0,1,0,0,1,1,0,0,0,0,0,0
351467,Medical treatment,2021,June,Thursday,14,Rear-end,Multi-Vehicle,153.020402,-27.84631545,Mt Lindesay Hwy,,Mount Lindesay Highway (Brisbane - Beaudesert),Jimboomba,Logan City,4280,Jimboomba,Logan,South Eastern,SEQ South,South Coast,Jimboomba,Jimboomba,Logan - Beaudesert,Inner Regional,Logan,Wright,State-controlled,No Roadway Feature,No traffic control,60 km/h,Sealed - Dry,Clear,Daylight,Straight,Level,301,Veh'S Same Direction: Rear End,Rear-end,S,0,0,1,0,1,2,0,0,0,0,0,0
351468,Medical treatment,2021,June,Friday,7,Sideswipe,Multi-Vehicle,153.108522,-27.76701646,Albert St,,Waterford - Tamborine Road,Logan Village,Logan City,4207,Logan Village Yarrabilba,Logan,South Eastern,SEQ South,South Coast,Logan Village,Jimboomba,Logan - Beaudesert,Major Cities,Logan,Wright,State-controlled,No Roadway Feature,No traffic control,0 - 50 km/h,Sealed - Wet,Raining,Daylight,Straight,Level,305,Veh'S Same Direction: Lane Side Swipe,Lane changes,N,0,0,1,0,1,1,1,0,0,0,0,0
351469,Hospitalisation,2021,June,Sunday,12,Head-on,Multi-Vehicle,152.941961,-27.73138844,Raglan Rd,Spring Mountain Dr,,Greenbank,Logan City,4124,Jimboomba,Logan,South Eastern,SEQ South,South Coast,Greenbank,Jimboomba,Logan - Beaudesert,Major Cities,Jordan,Wright,Locally-controlled,Intersection - T-Junction,Give way sign,80 - 90 km/h,Sealed - Dry,Clear,Daylight,Straight,Level,201,Veh'S Opposite Approach: Head On,Head-on,E,0,1,0,1,2,2,0,0,0,0,0,0
351470,Hospitalisation,2021,June,Sunday,13,Hit object,Single Vehicle,153.027296,-27.83463045,Brisbane St,South St,Mount Lindesay Highway (Brisbane - Beaudesert),Jimboomba,Logan City,4280,Jimboomba,Logan,South Eastern,SEQ South,South Coast,Jimboomba,Jimboomba,Logan - Beaudesert,Inner Regional,Logan,Wright,State-controlled,Intersection - Cross,Operating traffic lights,60 km/h,Sealed - Dry,Clear,Daylight,Straight,Level,703,Off Path-Straight: Left Off Cway Hit Obj,Off carriageway on straight hit object,N,0,1,0,0,1,1,0,0,0,0,0,0
351471,Minor injury,2021,June,Monday,5,Head-on,Multi-Vehicle,153.120697,-27.79016646,Steele Rd,,,Logan Village,Logan City,4207,Logan Village Yarrabilba,Logan,South Eastern,SEQ South,South Coast,Logan Village,Jimboomba,Logan - Beaudesert,Major Cities,Logan,Wright,Locally-controlled,No Roadway Feature,No traffic control,70 km/h,Sealed - Dry,Clear,Daylight,Straight,Level,201,Veh'S Opposite Approach: Head On,Head-on,S,0,0,0,1,1,2,0,0,0,0,0,0
351472,Minor injury,2021,June,Tuesday,4,Angle,Multi-Vehicle,153.107901,-27.76812246,Albert St,,Waterford - Tamborine Road,Logan Village,Logan City,4207,Logan Village Yarrabilba,Logan,South Eastern,SEQ South,South Coast,Logan Village,Jimboomba,Logan - Beaudesert,Major Cities,Logan,Wright,State-controlled,No Roadway Feature,No traffic control,60 km/h,Sealed - Dry,Clear,Dawn/Dusk,Straight,Level,201,Veh'S Opposite Approach: Head On,Head-on,S,0,0,0,1,1,2,0,0,0,0,0,0
351730,Hospitalisation,2021,January,Friday,4,Overturned,Single Vehicle,151.5931392,-27.75123131,Scrubby Rd,,,Scrubby Mountain,Toowoomba Region,4356,Pittsworth,Darling Downs,Southern,Southern,Southern Queensland,Pittsworth,Darling Downs - East,Darling Downs - Maranoa,Inner Regional,Condamine,Groom,Locally-controlled,No Roadway Feature,No traffic control,100 - 110 km/h,Sealed - Dry,Clear,Dawn/Dusk,Curved - view open,Grade,801,Off Path-Curve: Off Cway Right Bend,Off carriageway on curve,E,0,1,0,0,1,1,0,0,0,0,0,0
351731,Minor injury,2021,March,Sunday,21,Hit animal,Other,151.5662442,-27.6968303,St Helens Rd,,,Yarranlea,Toowoomba Region,4356,Pittsworth,Darling Downs,Southern,Southern,Southern Queensland,Pittsworth,Darling Downs - East,Darling Downs - Maranoa,Inner Regional,Condamine,Groom,Locally-controlled,No Roadway Feature,No traffic control,100 - 110 km/h,Sealed - Wet,Raining,Darkness - Not lighted,Straight,Level,609,Pass & Misc: Hit Animal,Hit animal,W,0,0,0,1,1,1,0,0,0,0,0,0
351732,Minor injury,2021,May,Wednesday,15,Overturned,Single Vehicle,151.5982394,-27.67694642,Oakey - Pittsworth Rd,,Oakey - Pittsworth Road,Springside,Toowoomba Region,4356,Pittsworth,Darling Downs,Southern,Southern,Southern Queensland,Pittsworth,Darling Downs - East,Darling Downs - Maranoa,Inner Regional,Condamine,Groom,State-controlled,No Roadway Feature,No traffic control,100 - 110 km/h,Sealed - Wet,Raining,Daylight,Curved - view obscured,Dip,802,Off Path-Curve: Off Cway Left Bend,Off carriageway on curve,S,0,0,0,1,1,1,0,0,0,0,0,0
351733,Medical treatment,2021,May,Monday,18,Angle,Multi-Vehicle,151.6124042,-27.69205231,Oakey - Pittsworth Rd,St Helens Rd,Oakey - Pittsworth Road,Springside,Toowoomba Region,4356,Pittsworth,Darling Downs,Southern,Southern,Southern Queensland,Pittsworth,Darling Downs - East,Darling Downs - Maranoa,Inner Regional,Condamine,Groom,State-controlled,Intersection - T-Junction,Give way sign,100 - 110 km/h,Sealed - Dry,Clear,Darkness - Not lighted,Straight,Grade,104,Veh'S Adjacent Approach: Thru-Right,Intersection from adjacent approaches,N,0,0,1,0,1,2,0,0,0,0,0,0
351734,Fatal,2021,June,Monday,6,Head-on,Multi-Vehicle,151.6810392,-27.68534632,Gore Hwy,,Gore Highway (Toowoomba - Millmerran),Broxburn,Toowoomba Region,4356,Pittsworth,Darling Downs,Southern,Southern,Southern Queensland,Pittsworth,Darling Downs - East,Darling Downs - Maranoa,Inner Regional,Condamine,Groom,State-controlled,No Roadway Feature,No traffic control,100 - 110 km/h,Sealed - Dry,Clear,Daylight,Curved - view open,Crest,201,Veh'S Opposite Approach: Head On,Head-on,S,1,0,1,0,2,1,0,1,0,0,0,0
351735,Hospitalisation,2021,April,Thursday,13,Angle,Multi-Vehicle,150.5172308,-23.38341517,East St,Stanley St,,Rockhampton City,Rockhampton Region,4700,Rockhampton,Capricornia,Central,Central,Central Queensland,Rockhampton City,Rockhampton,Central Queensland,Inner Regional,Rockhampton,Capricornia,Locally-controlled,Intersection - Cross,Give way sign,0 - 50 km/h,Sealed - Dry,Clear,Daylight,Straight,Level,101,Veh'S Adjacent Approach: Thru-Thru,Intersection from adjacent approaches,N,0,1,0,0,1,1,1,0,0,0,0,0