Crash_Severity,Crash_Year,Crash_Month,Crash_Day_Of_Week,Crash_Hour,Crash_Nature,Crash_Type,Crash_Longitude,Crash_Latitude,Crash_Street,Crash_Street_Intersecting,State_Road_Name,Loc_Suburb,Loc_Local_Government_Area,Loc_Post_Code,Loc_Police_Division,Loc_Police_District,Loc_Police_Region,Loc_Queensland_Transport_Region,Loc_Main_Roads_Region,Loc_ABS_Statistical_Area_2,Loc_ABS_Statistical_Area_3,Loc_ABS_Statistical_Area_4,Loc_ABS_Remoteness,Loc_State_Electorate,Loc_Federal_Electorate,Crash_Controlling_Authority,Crash_Roadway_Feature,Crash_Traffic_Control,Crash_Speed_Limit,Crash_Road_Surface_Condition,Crash_Atmospheric_Condition,Crash_Lighting_Condition,Crash_Road_Horiz_Align,Crash_Road_Vert_Align,Crash_DCA_Code,Crash_DCA_Description,Crash_DCA_Group_Description,DCA_Key_Approach_Dir,Count_Casualty_Fatality,Count_Casualty_Hospitalised,Count_Casualty_MedicallyTreated,Count_Casualty_MinorInjury,Count_Casualty_Total,Count_Unit_Car,Count_Unit_Motorcycle_Moped,Count_Unit_Truck,Count_Unit_Bus,Count_Unit_Bicycle,Count_Unit_Pedestrian,Count_Unit_Other,
352071,Medical treatment,2021,April,Wednesday,7,Rear-end,Multi-Vehicle,153.056936,-27.52908445,Pacific Hwy,,South-East Arterial Road (Pacific Motorway),Holland Park West,Brisbane City,4121,Holland Park,South Brisbane,Brisbane,SEQ South,Metropolitan,Tarragindi,Nathan,Brisbane - South,Major Cities,Miller,Moreton,State-controlled,No Roadway Feature,No traffic control,100 - 110 km/h,Sealed - Dry,Clear,Daylight,Straight,Level,301,Veh'S Same Direction: Rear End,Rear-end,N,0,0,1,0,1,2,0,0,0,0,0,0
352072,Hospitalisation,2021,April,Thursday,11,Angle,Multi-Vehicle,153.072215,-27.52906345,Nursery Rd,,,Holland Park,Brisbane City,4121,Holland Park,South Brisbane,Brisbane,SEQ South,Metropolitan,Mount Gravatt,Mt Gravatt,Brisbane - South,Major Cities,Mansfield,Bonner,Locally-controlled,No Roadway Feature,No traffic control,60 km/h,Sealed - Dry,Clear,Daylight,Straight,Dip,406,Veh'S Manoeuvring: Leaving Driveway,Vehicle leaving driveway,S,0,1,0,0,1,2,0,0,0,0,0,0
352073,Medical treatment,2021,April,Thursday,6,Head-on,Multi-Vehicle,153.07254,-27.54554845,Mt Gravatt Outlook Dr,,,Mount Gravatt,Brisbane City,4122,Holland Park,South Brisbane,Brisbane,SEQ South,Metropolitan,Mount Gravatt,Mt Gravatt,Brisbane - South,Major Cities,Mansfield,Bonner,Locally-controlled,No Roadway Feature,No traffic control,0 - 50 km/h,Sealed - Dry,Clear,Daylight,Curved - view obscured,Grade,201,Veh'S Opposite Approach: Head On,Head-on,W,0,0,1,0,1,1,0,0,0,1,0,0
352074,Hospitalisation,2021,April,Friday,8,Angle,Multi-Vehicle,153.0939921,-27.53910296,Condong St,,,Mansfield,Brisbane City,4122,Holland Park,South Brisbane,Brisbane,SEQ South,Metropolitan,Mansfield (qld),Mt Gravatt,Brisbane - South,Major Cities,Mansfield,Bonner,Locally-controlled,Intersection - Cross,Give way sign,0 - 50 km/h,Sealed - Dry,Clear,Daylight,Straight,Level,101,Veh'S Adjacent Approach: Thru-Thru,Intersection from adjacent approaches,E,0,1,0,0,1,2,0,0,0,0,0,0
352075,Hospitalisation,2021,April,Wednesday,15,Rear-end,Multi-Vehicle,153.080285,-27.53923445,Creek Rd,Logan Rd,,Mount Gravatt,Brisbane City,4122,Holland Park,South Brisbane,Brisbane,SEQ South,Metropolitan,Mount Gravatt,Mt Gravatt,Brisbane - South,Major Cities,Mansfield,Bonner,Locally-controlled,Intersection - T-Junction,No traffic control,60 km/h,Sealed - Dry,Clear,Daylight,Curved - view open,Level,302,Veh'S Same Direction: Left Rear,Rear-end,S,0,1,0,0,1,2,0,0,0,0,0,0
352076,Medical treatment,2021,April,Thursday,11,Fall from vehicle,Single Vehicle,153.0663017,-27.523366,Logan Rd,,,Holland Park West,Brisbane City,4121,Holland Park,South Brisbane,Brisbane,SEQ South,Metropolitan,Holland Park,Holland Park - Yeronga,Brisbane - South,Major Cities,Greenslopes,Griffith,Locally-controlled,No Roadway Feature,Stop sign,60 km/h,Sealed - Dry,Clear,Daylight,Straight,Level,705,Off Path-Straight:Out Of Control On Cway,Out of control on straight,E,0,0,1,0,1,0,1,0,0,0,0,0
352077,Medical treatment,2021,April,Thursday,15,Rear-end,Multi-Vehicle,153.0611887,-27.51900799,Logan Rd,,,Holland Park West,Brisbane City,4121,Holland Park,South Brisbane,Brisbane,SEQ South,Metropolitan,Holland Park,Holland Park - Yeronga,Brisbane - South,Major Cities,Greenslopes,Griffith,Locally-controlled,No Roadway Feature,No traffic control,60 km/h,Sealed - Dry,Clear,Daylight,Straight,Grade,301,Veh'S Same Direction: Rear End,Rear-end,S,0,0,2,0,2,3,0,0,0,0,0,0
352078,Medical treatment,2021,April,Friday,7,Rear-end,Multi-Vehicle,153.0481734,-27.51699627,Pacific Hwy,,South-East Arterial Road (Pacific Motorway),Greenslopes,Brisbane City,4120,Holland Park,South Brisbane,Brisbane,SEQ South,Metropolitan,Holland Park West,Holland Park - Yeronga,Brisbane - South,Major Cities,Greenslopes,Griffith,State-controlled,No Roadway Feature,No traffic control,100 - 110 km/h,Sealed - Dry,Clear,Daylight,Straight,Level,301,Veh'S Same Direction: Rear End,Rear-end,N,0,0,1,0,1,2,0,0,0,0,0,0
352079,Minor injury,2021,April,Friday,21,Rear-end,Multi-Vehicle,153.094246,-27.53189945,Creek Rd,Newnham Rd,,Mount Gravatt East,Brisbane City,4122,Holland Park,South Brisbane,Brisbane,SEQ South,Metropolitan,Mansfield (qld),Mt Gravatt,Brisbane - South,Major Cities,Mansfield,Bonner,Locally-controlled,Intersection - T-Junction,Give way sign,60 km/h,Sealed - Dry,Clear,Daylight,Curved - view open,Grade,302,Veh'S Same Direction: Left Rear,Rear-end,S,0,0,0,1,1,2,0,0,0,0,0,0
352080,Medical treatment,2021,April,Saturday,18,Rear-end,Multi-Vehicle,153.082151,-27.53845445,Creek Rd,,,Mount Gravatt East,Brisbane City,4122,Holland Park,South Brisbane,Brisbane,SEQ South,Metropolitan,Mount Gravatt,Mt Gravatt,Brisbane - South,Major Cities,Mansfield,Bonner,Locally-controlled,No Roadway Feature,No traffic control,60 km/h,Sealed - Dry,Clear,Darkness - Lighted,Straight,Level,301,Veh'S Same Direction: Rear End,Rear-end,S,0,0,1,0,1,2,0,0,0,0,0,0
352081,Hospitalisation,2021,April,Wednesday,16,Rear-end,Multi-Vehicle,153.072137,-27.52919256,Nursery Rd,,,Holland Park,Brisbane City,4121,Holland Park,South Brisbane,Brisbane,SEQ South,Metropolitan,Mount Gravatt,Mt Gravatt,Brisbane - South,Major Cities,Mansfield,Bonner,Locally-controlled,Intersection - T-Junction,No traffic control,60 km/h,Sealed - Dry,Clear,Daylight,Straight,Dip,303,Veh'S Same Direction: Right Rear,Rear-end,E,0,1,0,0,1,2,0,0,0,0,0,0
352082,Hospitalisation,2021,April,Tuesday,9,Angle,Multi-Vehicle,153.078028,-27.53676945,Logan Rd,Shire Rd,,Mount Gravatt,Brisbane City,4122,Holland Park,South Brisbane,Brisbane,SEQ South,Metropolitan,Mount Gravatt,Mt Gravatt,Brisbane - South,Major Cities,Mansfield,Bonner,Locally-controlled,Intersection - T-Junction,Operating traffic lights,60 km/h,Sealed - Dry,Clear,Daylight,Straight,Grade,202,Veh'S Opposite Approach: Thru-Right,Opposing vehicles turning,S,0,1,1,0,2,1,1,0,0,0,0,0
352083,Hospitalisation,2021,April,Tuesday,17,Angle,Multi-Vehicle,153.044564,-27.51770245,Effingham St,Sexton St,,Tarragindi,Brisbane City,4121,Annerley,South Brisbane,Brisbane,SEQ South,Metropolitan,Tarragindi,Nathan,Brisbane - South,Major Cities,Miller,Moreton,Locally-controlled,Intersection - T-Junction,Give way sign,60 km/h,Sealed - Dry,Clear,Dawn/Dusk,Straight,Dip,104,Veh'S Adjacent Approach: Thru-Right,Intersection from adjacent approaches,W,0,1,0,0,1,1,1,0,0,0,0,0
352084,Hospitalisation,2021,April,Wednesday,9,Angle,Multi-Vehicle,153.102592,-27.53385445,Luprena St,Wecker Rd,,Mansfield,Brisbane City,4122,Holland Park,South Brisbane,Brisbane,SEQ South,Metropolitan,Mansfield (qld),Mt Gravatt,Brisbane - South,Major Cities,Mansfield,Bonner,Locally-controlled,Intersection - T-Junction,No traffic control,60 km/h,Sealed - Dry,Clear,Daylight,Straight,Grade,104,Veh'S Adjacent Approach: Thru-Right,Intersection from adjacent approaches,W,0,1,0,0,1,2,0,0,0,0,0,0
352085,Hospitalisation,2021,April,Wednesday,8,Angle,Multi-Vehicle,153.056108,-27.52547145,South East Arterial Rd,South East Busway,South-East Arterial Road (Pacific Motorway),Holland Park West,Brisbane City,4121,Holland Park,South Brisbane,Brisbane,SEQ South,Metropolitan,Holland Park West,Holland Park - Yeronga,Brisbane - South,Major Cities,Greenslopes,Griffith,State-controlled,Intersection - Cross,Operating traffic lights,60 km/h,Sealed - Dry,Clear,Daylight,Straight,Level,307,Veh'S Same Direction: Lane Change Left,Lane changes,E,0,1,0,0,1,1,0,0,0,0,0,1
352086,Minor injury,2021,April,Friday,6,Rear-end,Multi-Vehicle,153.05814,-27.53475945,Pacific Hwy,,South-East Arterial Road (Pacific Motorway),Holland Park West,Brisbane City,4121,Holland Park,South Brisbane,Brisbane,SEQ South,Metropolitan,Holland Park West,Holland Park - Yeronga,Brisbane - South,Major Cities,Greenslopes,Bonner,State-controlled,No Roadway Feature,No traffic control,100 - 110 km/h,Sealed - Dry,Clear,Daylight,Straight,Level,301,Veh'S Same Direction: Rear End,Rear-end,U,0,0,0,1,1,2,0,0,0,0,0,0
352087,Hospitalisation,2021,May,Saturday,17,Hit object,Single Vehicle,153.079961,-27.53895245,Logan Rd,,,Mount Gravatt,Brisbane City,4122,Holland Park,South Brisbane,Brisbane,SEQ South,Metropolitan,Mount Gravatt,Mt Gravatt,Brisbane - South,Major Cities,Mansfield,Bonner,Locally-controlled,No Roadway Feature,No traffic control,60 km/h,Sealed - Wet,Clear,Dawn/Dusk,Straight,Grade,703,Off Path-Straight: Left Off Cway Hit Obj,Off carriageway on straight hit object,N,0,1,0,0,1,1,0,0,0,0,0,0
352088,Hospitalisation,2021,May,Sunday,20,Head-on,Multi-Vehicle,153.1058888,-27.53899167,Ham Rd,,,Mansfield,Brisbane City,4122,Holland Park,South Brisbane,Brisbane,SEQ South,Metropolitan,Mansfield (qld),Mt Gravatt,Brisbane - South,Major Cities,Mansfield,Bonner,Locally-controlled,No Roadway Feature,No traffic control,60 km/h,Sealed - Dry,Clear,Darkness - Lighted,Straight,Grade,501,Veh'S Overtaking: Head On,Head-on,S,0,3,0,0,3,4,0,0,0,0,0,0
352089,Hospitalisation,2021,May,Thursday,19,Angle,Multi-Vehicle,153.054642,-27.52507745,Birdwood Rd,Weller Rd,,Tarragindi,Brisbane City,4121,Holland Park,South Brisbane,Brisbane,SEQ South,Metropolitan,Tarragindi,Nathan,Brisbane - South,Major Cities,Miller,Moreton,Locally-controlled,Intersection - T-Junction,Operating traffic lights,60 km/h,Sealed - Dry,Clear,Dawn/Dusk,Curved - view open,Level,102,Veh'S Adjacent Approach: Right-Thru,Intersection from adjacent approaches,E,0,1,0,0,1,1,1,0,0,0,0,0
352090,Hospitalisation,2021,May,Friday,18,Rear-end,Multi-Vehicle,153.0448357,-27.51776583,Sexton St,,,Tarragindi,Brisbane City,4121,Annerley,South Brisbane,Brisbane,SEQ South,Metropolitan,Tarragindi,Nathan,Brisbane - South,Major Cities,Miller,Moreton,Locally-controlled,No Roadway Feature,No traffic control,60 km/h,Sealed - Dry,Clear,Darkness - Lighted,Straight,Crest,301,Veh'S Same Direction: Rear End,Rear-end,W,0,1,0,0,1,3,0,0,0,0,0,0
352091,Hospitalisation,2021,May,Thursday,18,Rear-end,Multi-Vehicle,153.093582,-27.53198145,Creek Rd,,,Mount Gravatt East,Brisbane City,4122,Holland Park,South Brisbane,Brisbane,SEQ South,Metropolitan,Mount Gravatt,Mt Gravatt,Brisbane - South,Major Cities,Mansfield,Bonner,Locally-controlled,No Roadway Feature,No traffic control,60 km/h,Sealed - Dry,Clear,Darkness - Lighted,Straight,Level,301,Veh'S Same Direction: Rear End,Rear-end,N,0,1,0,0,1,2,0,0,0,0,0,0
352092,Minor injury,2021,May,Friday,13,Rear-end,Multi-Vehicle,153.0528057,-27.51999734,Esher St,,,Holland Park West,Brisbane City,4121,Holland Park,South Brisbane,Brisbane,SEQ South,Metropolitan,Holland Park West,Holland Park - Yeronga,Brisbane - South,Major Cities,Greenslopes,Griffith,Locally-controlled,No Roadway Feature,No traffic control,0 - 50 km/h,Sealed - Dry,Clear,Daylight,Straight,Level,301,Veh'S Same Direction: Rear End,Rear-end,E,0,0,0,1,1,2,0,0,0,0,0,0
352093,Medical treatment,2021,May,Sunday,12,Rear-end,Multi-Vehicle,153.058347,-27.51512145,Abbotsleigh St,,,Holland Park,Brisbane City,4121,Holland Park,South Brisbane,Brisbane,SEQ South,Metropolitan,Holland Park,Holland Park - Yeronga,Brisbane - South,Major Cities,Greenslopes,Griffith,Locally-controlled,No Roadway Feature,No traffic control,0 - 50 km/h,Sealed - Dry,Clear,Daylight,Straight,Level,406,Veh'S Manoeuvring: Leaving Driveway,Vehicle leaving driveway,N,0,0,2,0,2,2,0,0,0,0,0,0
352094,Hospitalisation,2021,May,Wednesday,17,Angle,Multi-Vehicle,153.062247,-27.51984545,Barter Ave,Logan Rd,,Holland Park West,Brisbane City,4121,Holland Park,South Brisbane,Brisbane,SEQ South,Metropolitan,Holland Park,Holland Park - Yeronga,Brisbane - South,Major Cities,Greenslopes,Griffith,Locally-controlled,Intersection - Cross,No traffic control,60 km/h,Sealed - Dry,Clear,Daylight,Straight,Level,408,Veh'S Manoeuvring: Entering From Footway,Vehicle leaving driveway,E,0,1,0,0,1,1,0,0,0,1,0,0
352095,Hospitalisation,2021,June,Saturday,20,Hit pedestrian,Hit pedestrian,153.090694,-27.52773045,Cavendish Rd,,,Mount Gravatt East,Brisbane City,4122,Holland Park,South Brisbane,Brisbane,SEQ South,Metropolitan,Mount Gravatt,Mt Gravatt,Brisbane - South,Major Cities,Mansfield,Bonner,Locally-controlled,No Roadway Feature,No traffic control,60 km/h,Sealed - Dry,Clear,Darkness - Lighted,Straight,Grade,1,Ped'N: Near Side Vehicle Hit From Right,Pedestrian,W,0,1,0,0,1,1,0,0,0,0,1,0
352096,Medical treatment,2021,June,Saturday,16,Rear-end,Multi-Vehicle,153.051087,-27.51929245,Pacific Hwy,,South-East Arterial Road (Pacific Motorway),Greenslopes,Brisbane City,4120,Holland Park,South Brisbane,Brisbane,SEQ South,Metropolitan,Holland Park West,Holland Park - Yeronga,Brisbane - South,Major Cities,Miller,Griffith,State-controlled,No Roadway Feature,No traffic control,100 - 110 km/h,Sealed - Dry,Clear,Dawn/Dusk,Curved - view open,Level,301,Veh'S Same Direction: Rear End,Rear-end,W,0,0,1,0,1,3,0,0,0,0,0,0
352097,Medical treatment,2021,June,Saturday,16,Rear-end,Multi-Vehicle,153.049829,-27.51807645,Pacific Hwy,,South-East Arterial Road (Pacific Motorway),Greenslopes,Brisbane City,4120,Holland Park,South Brisbane,Brisbane,SEQ South,Metropolitan,Tarragindi,Nathan,Brisbane - South,Major Cities,Miller,Moreton,State-controlled,No Roadway Feature,No traffic control,100 - 110 km/h,Sealed - Dry,Clear,Daylight,Curved - view open,Level,301,Veh'S Same Direction: Rear End,Rear-end,W,0,0,1,0,1,2,0,0,0,0,0,0
352098,Hospitalisation,2021,June,Thursday,9,Fall from vehicle,Single Vehicle,153.096408,-27.51760245,Pine Mountain Rd,,,Mount Gravatt East,Brisbane City,4122,Holland Park,South Brisbane,Brisbane,SEQ South,Metropolitan,Mount Gravatt,Mt Gravatt,Brisbane - South,Major Cities,Mansfield,Griffith,Locally-controlled,No Roadway Feature,No traffic control,60 km/h,Sealed - Dry,Clear,Daylight,Straight,Grade,705,Off Path-Straight:Out Of Control On Cway,Out of control on straight,S,0,1,0,0,1,1,1,0,0,0,0,0
352099,Medical treatment,2021,June,Friday,18,Rear-end,Multi-Vehicle,153.0583263,-27.53565869,Pacific Hwy,,South-East Arterial Road (Pacific Motorway),Holland Park West,Brisbane City,4121,Holland Park,South Brisbane,Brisbane,SEQ South,Metropolitan,Holland Park West,Holland Park - Yeronga,Brisbane - South,Major Cities,Greenslopes,Bonner,State-controlled,No Roadway Feature,No traffic control,100 - 110 km/h,Sealed - Dry,Clear,Darkness - Lighted,Straight,Level,301,Veh'S Same Direction: Rear End,Rear-end,N,0,0,1,0,1,3,0,0,0,0,0,0
352100,Hospitalisation,2021,June,Saturday,11,Rear-end,Multi-Vehicle,153.0625,-27.53485145,Bapaume Rd,Gaza Rd,South-East Arterial Road (Pacific Motorway),Holland Park West,Brisbane City,4121,Holland Park,South Brisbane,Brisbane,SEQ South,Metropolitan,Holland Park West,Holland Park - Yeronga,Brisbane - South,Major Cities,Greenslopes,Bonner,State-controlled,Intersection - Interchange,Operating traffic lights,60 km/h,Sealed - Dry,Clear,Daylight,Straight,Grade,301,Veh'S Same Direction: Rear End,Rear-end,N,0,1,0,0,1,1,0,1,0,0,0,0
352101,Medical treatment,2021,June,Monday,14,Rear-end,Multi-Vehicle,153.079549,-27.53864845,Gowrie St,Logan Rd,,Mount Gravatt,Brisbane City,4122,Holland Park,South Brisbane,Brisbane,SEQ South,Metropolitan,Mount Gravatt,Mt Gravatt,Brisbane - South,Major Cities,Mansfield,Bonner,Locally-controlled,Intersection - T-Junction,No traffic control,60 km/h,Sealed - Dry,Clear,Daylight,Straight,Level,301,Veh'S Same Direction: Rear End,Rear-end,W,0,0,1,0,1,2,0,0,0,0,0,0
352102,Minor injury,2021,June,Monday,18,Rear-end,Multi-Vehicle,153.096645,-27.52065945,Creek Rd,Tristania Way,,Mount Gravatt East,Brisbane City,4122,Holland Park,South Brisbane,Brisbane,SEQ South,Metropolitan,Mount Gravatt,Mt Gravatt,Brisbane - South,Major Cities,Mansfield,Griffith,Locally-controlled,Intersection - Cross,Operating traffic lights,60 km/h,Sealed - Dry,Clear,Daylight,Straight,Level,303,Veh'S Same Direction: Right Rear,Rear-end,S,0,0,0,1,1,2,0,0,0,0,0,0
352103,Medical treatment,2021,June,Thursday,15,Rear-end,Multi-Vehicle,153.052297,-27.52035545,South East Arterial Rd,,South-East Arterial Road (Pacific Motorway),Holland Park West,Brisbane City,4121,Holland Park,South Brisbane,Brisbane,SEQ South,Metropolitan,Holland Park West,Holland Park - Yeronga,Brisbane - South,Major Cities,Greenslopes,Griffith,State-controlled,No Roadway Feature,No traffic control,100 - 110 km/h,Sealed - Dry,Clear,Daylight,Straight,Level,301,Veh'S Same Direction: Rear End,Rear-end,E,0,0,1,0,1,3,0,0,0,0,0,0
352104,Hospitalisation,2021,June,Thursday,6,Fall from vehicle,Single Vehicle,153.078028,-27.53676945,Logan Rd,Shire Rd,,Mount Gravatt,Brisbane City,4122,Holland Park,South Brisbane,Brisbane,SEQ South,Metropolitan,Mount Gravatt,Mt Gravatt,Brisbane - South,Major Cities,Mansfield,Bonner,Locally-controlled,Intersection - T-Junction,Operating traffic lights,60 km/h,Sealed - Wet,Raining,Daylight,Straight,Level,705,Off Path-Straight:Out Of Control On Cway,Out of control on straight,W,0,1,0,0,1,0,1,0,0,0,0,0
352105,Minor injury,2021,June,Friday,17,Rear-end,Multi-Vehicle,153.0575346,-27.53198043,Pacific Hwy,,South-East Arterial Road (Pacific Motorway),Holland Park West,Brisbane City,4121,Holland Park,South Brisbane,Brisbane,SEQ South,Metropolitan,Tarragindi,Nathan,Brisbane - South,Major Cities,Miller,Moreton,State-controlled,No Roadway Feature,No traffic control,100 - 110 km/h,Sealed - Wet,Raining,Dawn/Dusk,Straight,Level,301,Veh'S Same Direction: Rear End,Rear-end,N,0,0,0,1,1,3,0,0,0,0,0,0
352116,Medical treatment,2021,January,Friday,13,Rear-end,Multi-Vehicle,152.99686,-27.48214544,Coronation Dr,,,Toowong,Brisbane City,4066,Indooroopilly,North Brisbane,Brisbane,SEQ North,Metropolitan,Toowong,Brisbane Inner - West,Brisbane Inner City,Major Cities,Maiwar,Ryan,Locally-controlled,No Roadway Feature,No traffic control,60 km/h,Sealed - Wet,Clear,Daylight,Straight,Level,301,Veh'S Same Direction: Rear End,Rear-end,S,0,0,4,1,5,3,0,0,0,0,0,0
352117,Hospitalisation,2021,January,Friday,22,Hit object,Single Vehicle,152.984642,-27.49669944,Lucinda St,,,Taringa,Brisbane City,4068,Indooroopilly,North Brisbane,Brisbane,SEQ North,Metropolitan,Taringa,Sherwood - Indooroopilly,Brisbane - West,Major Cities,Maiwar,Ryan,Locally-controlled,No Roadway Feature,No traffic control,60 km/h,Sealed - Dry,Clear,Darkness - Lighted,Straight,Grade,703,Off Path-Straight: Left Off Cway Hit Obj,Off carriageway on straight hit object,N,0,1,0,0,1,1,0,0,0,0,0,0
352118,Medical treatment,2021,January,Saturday,7,Angle,Multi-Vehicle,153.010811,-27.49892544,Hawken Dr,Upland Rd,,St Lucia,Brisbane City,4072,Indooroopilly,North Brisbane,Brisbane,SEQ North,Metropolitan,St Lucia,Sherwood - Indooroopilly,Brisbane - West,Major Cities,Maiwar,Ryan,Locally-controlled,Intersection - Roundabout,Give way sign,0 - 50 km/h,Sealed - Dry,Clear,Daylight,Curved - view open,Level,104,Veh'S Adjacent Approach: Thru-Right,Intersection from adjacent approaches,E,0,0,1,0,1,1,0,0,0,1,0,0
352119,Hospitalisation,2021,January,Sunday,15,Angle,Multi-Vehicle,152.954789,-27.51585444,Centenary Hwy,Fig Tree Pocket Rd,Centenary Motorway (Ellen Grove - Toowong),Indooroopilly,Brisbane City,4068,Indooroopilly,North Brisbane,Brisbane,SEQ North,Metropolitan,Chapel Hill,Kenmore - Brookfield - Moggill,Brisbane - West,Major Cities,Moggill,Ryan,State-controlled,Intersection - Interchange,Operating traffic lights,0 - 50 km/h,Sealed - Dry,Clear,Daylight,Straight,Grade,202,Veh'S Opposite Approach: Thru-Right,Opposing vehicles turning,N,0,1,0,0,1,2,0,0,0,0,0,0
352120,Hospitalisation,2021,January,Wednesday,6,Angle,Multi-Vehicle,152.88783,-27.52488143,Airlie Rd,Grandview Rd,,Pullenvale,Brisbane City,4069,Indooroopilly,North Brisbane,Brisbane,SEQ North,Metropolitan,Pinjarra Hills - Pullenvale,Kenmore - Brookfield - Moggill,Brisbane - West,Major Cities,Moggill,Ryan,Locally-controlled,Intersection - T-Junction,No traffic control,60 km/h,Sealed - Dry,Clear,Daylight,Curved - view open,Level,104,Veh'S Adjacent Approach: Thru-Right,Intersection from adjacent approaches,W,0,1,0,0,1,2,0,0,0,0,0,0
352121,Hospitalisation,2021,January,Thursday,16,Fall from vehicle,Single Vehicle,152.8840342,-27.57152367,Dalewood Pl,,,Moggill,Brisbane City,4070,Indooroopilly,North Brisbane,Brisbane,SEQ North,Metropolitan,Bellbowrie - Moggill,Kenmore - Brookfield - Moggill,Brisbane - West,Major Cities,Moggill,Ryan,Locally-controlled,No Roadway Feature,No traffic control,0 - 50 km/h,Sealed - Wet,Clear,Daylight,Straight,Dip,901,Pass & Misc: Fell In/From Vehicle,Other,S,0,1,0,0,1,1,0,0,0,0,0,0
352122,Hospitalisation,2021,January,Sunday,11,Head-on,Multi-Vehicle,152.991318,-27.48113544,Jephson St,,,Toowong,Brisbane City,4066,Indooroopilly,North Brisbane,Brisbane,SEQ North,Metropolitan,Toowong,Brisbane Inner - West,Brisbane Inner City,Major Cities,Maiwar,Ryan,Locally-controlled,No Roadway Feature,No traffic control,60 km/h,Sealed - Dry,Clear,Daylight,Curved - view open,Grade,201,Veh'S Opposite Approach: Head On,Head-on,S,0,1,0,0,1,2,0,0,0,0,0,0
352123,Medical treatment,2021,January,Wednesday,15,Rear-end,Multi-Vehicle,152.95769,-27.50772044,Moggill Rd,Moggill Sub-Arterial Rd,Centenary Motorway (Ellen Grove - Toowong),Chapel Hill,Brisbane City,4069,Indooroopilly,North Brisbane,Brisbane,SEQ North,Metropolitan,Chapel Hill,Kenmore - Brookfield - Moggill,Brisbane - West,Major Cities,Moggill,Ryan,State-controlled,Intersection - Interchange,No traffic control,60 km/h,Sealed - Dry,Clear,Daylight,Curved - view open,Grade,302,Veh'S Same Direction: Left Rear,Rear-end,W,0,0,1,1,2,2,0,0,0,0,0,0
352124,Hospitalisation,2021,January,Thursday,15,Rear-end,Multi-Vehicle,152.963141,-27.50598244,Western Arterial Rd,Western Fwy,Centenary Motorway (Ellen Grove - Toowong),Indooroopilly,Brisbane City,4068,Indooroopilly,North Brisbane,Brisbane,SEQ North,Metropolitan,Indooroopilly,Sherwood - Indooroopilly,Brisbane - West,Major Cities,Moggill,Ryan,State-controlled,Intersection - Interchange,No traffic control,80 - 90 km/h,Sealed - Dry,Clear,Daylight,Straight,Level,301,Veh'S Same Direction: Rear End,Rear-end,S,0,1,0,0,1,2,0,0,0,0,0,0
352125,Medical treatment,2021,January,Friday,14,Rear-end,Multi-Vehicle,152.990403,-27.49763544,Gailey Rd,Swann Rd,,Taringa,Brisbane City,4068,Indooroopilly,North Brisbane,Brisbane,SEQ North,Metropolitan,Taringa,Sherwood - Indooroopilly,Brisbane - West,Major Cities,Maiwar,Ryan,Locally-controlled,Intersection - Roundabout,Give way sign,0 - 50 km/h,Sealed - Dry,Clear,Daylight,Straight,Level,301,Veh'S Same Direction: Rear End,Rear-end,N,0,0,1,0,1,2,0,0,0,0,0,0
352126,Hospitalisation,2021,January,Monday,15,Angle,Multi-Vehicle,152.954726,-27.51590944,Centenary Hwy,Fig Tree Pocket Rd,Centenary Motorway (Ellen Grove - Toowong),Indooroopilly,Brisbane City,4068,Indooroopilly,North Brisbane,Brisbane,SEQ North,Metropolitan,Chapel Hill,Kenmore - Brookfield - Moggill,Brisbane - West,Major Cities,Moggill,Ryan,State-controlled,Intersection - Interchange,Operating traffic lights,60 km/h,Sealed - Dry,Clear,Daylight,Straight,Level,202,Veh'S Opposite Approach: Thru-Right,Opposing vehicles turning,W,0,2,0,0,2,1,0,1,0,0,0,0
352127,Hospitalisation,2021,January,Tuesday,23,Hit object,Single Vehicle,152.9498656,-27.51985904,Centenary Hwy,,Centenary Motorway (Ellen Grove - Toowong),Kenmore,Brisbane City,4069,Indooroopilly,North Brisbane,Brisbane,SEQ North,Metropolitan,Fig Tree Pocket,Kenmore - Brookfield - Moggill,Brisbane - West,Major Cities,Moggill,Ryan,State-controlled,No Roadway Feature,No traffic control,80 - 90 km/h,Sealed - Dry,Clear,Darkness - Lighted,Curved - view open,Grade,805,Off Path-Curve: Out Of Control On Cway,Out of control on curve,N,0,1,0,0,1,1,0,0,0,0,0,0
352128,Minor injury,2021,January,Wednesday,17,Rear-end,Multi-Vehicle,152.958788,-27.51050144,Western Arterial Rd,,Centenary Motorway (Ellen Grove - Toowong),Indooroopilly,Brisbane City,4068,Indooroopilly,North Brisbane,Brisbane,SEQ North,Metropolitan,Indooroopilly,Sherwood - Indooroopilly,Brisbane - West,Major Cities,Maiwar,Ryan,State-controlled,No Roadway Feature,No traffic control,80 - 90 km/h,Sealed - Dry,Clear,Daylight,Curved - view open,Grade,301,Veh'S Same Direction: Rear End,Rear-end,S,0,0,0,1,1,2,0,0,0,0,0,0
352129,Hospitalisation,2021,January,Friday,13,Angle,Multi-Vehicle,152.975946,-27.50117844,Coonan St,,,Indooroopilly,Brisbane City,4068,Indooroopilly,North Brisbane,Brisbane,SEQ North,Metropolitan,Indooroopilly,Sherwood - Indooroopilly,Brisbane - West,Major Cities,Maiwar,Ryan,Locally-controlled,No Roadway Feature,No traffic control,0 - 50 km/h,Sealed - Dry,Clear,Daylight,Straight,Grade,400,Veh'S Manoeuvring: Other,Other,,0,1,0,0,1,1,0,0,0,1,0,0