Crash_Severity,Crash_Year,Crash_Month,Crash_Day_Of_Week,Crash_Hour,Crash_Nature,Crash_Type,Crash_Longitude,Crash_Latitude,Crash_Street,Crash_Street_Intersecting,State_Road_Name,Loc_Suburb,Loc_Local_Government_Area,Loc_Post_Code,Loc_Police_Division,Loc_Police_District,Loc_Police_Region,Loc_Queensland_Transport_Region,Loc_Main_Roads_Region,Loc_ABS_Statistical_Area_2,Loc_ABS_Statistical_Area_3,Loc_ABS_Statistical_Area_4,Loc_ABS_Remoteness,Loc_State_Electorate,Loc_Federal_Electorate,Crash_Controlling_Authority,Crash_Roadway_Feature,Crash_Traffic_Control,Crash_Speed_Limit,Crash_Road_Surface_Condition,Crash_Atmospheric_Condition,Crash_Lighting_Condition,Crash_Road_Horiz_Align,Crash_Road_Vert_Align,Crash_DCA_Code,Crash_DCA_Description,Crash_DCA_Group_Description,DCA_Key_Approach_Dir,Count_Casualty_Fatality,Count_Casualty_Hospitalised,Count_Casualty_MedicallyTreated,Count_Casualty_MinorInjury,Count_Casualty_Total,Count_Unit_Car,Count_Unit_Motorcycle_Moped,Count_Unit_Truck,Count_Unit_Bus,Count_Unit_Bicycle,Count_Unit_Pedestrian,Count_Unit_Other,
352179,Hospitalisation,2021,May,Saturday,16,Hit pedestrian,Hit pedestrian,152.990789,-27.47751944,Milton Rd,,,Toowong,Brisbane City,4066,Indooroopilly,North Brisbane,Brisbane,SEQ North,Metropolitan,Toowong,Brisbane Inner - West,Brisbane Inner City,Major Cities,Maiwar,Ryan,Locally-controlled,No Roadway Feature,No traffic control,60 km/h,Sealed - Dry,Clear,Daylight,Straight,Grade,5,Ped'N: Hit Walking With Traffic,Pedestrian,S,0,1,0,0,1,0,0,1,0,0,1,0
352180,Medical treatment,2021,May,Thursday,14,Hit object,Single Vehicle,152.978535,-27.49192144,Montrose Rd,Walker St,,Taringa,Brisbane City,4068,Indooroopilly,North Brisbane,Brisbane,SEQ North,Metropolitan,Taringa,Sherwood - Indooroopilly,Brisbane - West,Major Cities,Maiwar,Ryan,Locally-controlled,Merge Lane,No traffic control,60 km/h,Sealed - Dry,Clear,Daylight,Curved - view open,Grade,200,Veh'S Opposite Approach: Other,Other,N,0,0,1,0,1,2,0,0,0,0,0,0
352181,Hospitalisation,2021,May,Sunday,17,Rear-end,Multi-Vehicle,152.94151,-27.52026044,Kenmore Rd,,,Kenmore,Brisbane City,4069,Indooroopilly,North Brisbane,Brisbane,SEQ North,Metropolitan,Kenmore,Kenmore - Brookfield - Moggill,Brisbane - West,Major Cities,Moggill,Ryan,Locally-controlled,No Roadway Feature,No traffic control,60 km/h,Sealed - Dry,Clear,Dawn/Dusk,Straight,Level,302,Veh'S Same Direction: Left Rear,Rear-end,E,0,1,0,0,1,2,0,0,0,0,0,0
352182,Hospitalisation,2021,May,Monday,3,Hit object,Single Vehicle,152.947222,-27.52611244,Centenary Hwy,,Centenary Motorway (Ellen Grove - Toowong),Kenmore,Brisbane City,4069,Indooroopilly,North Brisbane,Brisbane,SEQ North,Metropolitan,Kenmore,Kenmore - Brookfield - Moggill,Brisbane - West,Major Cities,Moggill,Ryan,State-controlled,No Roadway Feature,No traffic control,100 - 110 km/h,Sealed - Dry,Clear,Darkness - Lighted,Straight,Dip,703,Off Path-Straight: Left Off Cway Hit Obj,Off carriageway on straight hit object,N,0,1,0,0,1,1,0,0,0,0,0,0
352183,Hospitalisation,2021,May,Tuesday,8,Sideswipe,Multi-Vehicle,152.995759,-27.47369844,Grimes St,Milton Rd,,Auchenflower,Brisbane City,4066,Indooroopilly,North Brisbane,Brisbane,SEQ North,Metropolitan,Auchenflower,Brisbane Inner - West,Brisbane Inner City,Major Cities,Maiwar,Ryan,Locally-controlled,Intersection - Cross,Operating traffic lights,60 km/h,Sealed - Dry,Clear,Daylight,Straight,Grade,306,Veh'S Same Direction: Lane Change Right,Lane changes,N,0,3,0,0,3,4,0,0,0,0,0,0
352184,Hospitalisation,2021,May,Wednesday,7,Angle,Multi-Vehicle,152.992488,-27.47620144,Milton Rd,Park Ave,,Auchenflower,Brisbane City,4066,Indooroopilly,North Brisbane,Brisbane,SEQ North,Metropolitan,Auchenflower,Brisbane Inner - West,Brisbane Inner City,Major Cities,Maiwar,Ryan,Locally-controlled,Intersection - T-Junction,Operating traffic lights,60 km/h,Sealed - Dry,Clear,Daylight,Straight,Dip,104,Veh'S Adjacent Approach: Thru-Right,Intersection from adjacent approaches,S,0,1,0,0,1,2,0,0,0,0,0,0
352185,Minor injury,2021,May,Wednesday,21,Hit object,Single Vehicle,152.928275,-27.51508344,Moggill Rd,,Moggill Sub-Arterial Road,Kenmore,Brisbane City,4069,Indooroopilly,North Brisbane,Brisbane,SEQ North,Metropolitan,Kenmore,Kenmore - Brookfield - Moggill,Brisbane - West,Major Cities,Moggill,Ryan,State-controlled,No Roadway Feature,No traffic control,70 km/h,Sealed - Wet,Clear,Darkness - Lighted,Curved - view open,Grade,804,Off Path-Curve: Off Cway Lt Bend Hit Obj,Off carriageway on curve hit object,W,0,0,0,1,1,1,0,0,0,0,0,0
352186,Medical treatment,2021,May,Saturday,8,Angle,Multi-Vehicle,152.97676,-27.49388744,Moggill Rd,Waverley Rd,,Taringa,Brisbane City,4068,Indooroopilly,North Brisbane,Brisbane,SEQ North,Metropolitan,Taringa,Sherwood - Indooroopilly,Brisbane - West,Major Cities,Maiwar,Ryan,Locally-controlled,Intersection - T-Junction,Give way sign,60 km/h,Sealed - Dry,Clear,Daylight,Straight,Grade,202,Veh'S Opposite Approach: Thru-Right,Opposing vehicles turning,S,0,0,2,0,2,1,0,0,1,0,0,0
352187,Medical treatment,2021,May,Saturday,22,Hit object,Single Vehicle,152.887671,-27.57043143,Joseph Ave,,,Moggill,Brisbane City,4070,Indooroopilly,North Brisbane,Brisbane,SEQ North,Metropolitan,Bellbowrie - Moggill,Kenmore - Brookfield - Moggill,Brisbane - West,Major Cities,Moggill,Ryan,Locally-controlled,No Roadway Feature,No traffic control,0 - 50 km/h,Sealed - Dry,Clear,Darkness - Lighted,Straight,Level,708,Off Path-Straight: Mounts Traffic Island,Off carriageway on straight hit object,E,0,0,1,0,1,1,0,0,0,0,0,0
352188,Hospitalisation,2021,May,Wednesday,9,Rear-end,Multi-Vehicle,152.94714,-27.52652444,Centenary Hwy,,Centenary Motorway (Ellen Grove - Toowong),Kenmore,Brisbane City,4069,Indooroopilly,North Brisbane,Brisbane,SEQ North,Metropolitan,Kenmore,Kenmore - Brookfield - Moggill,Brisbane - West,Major Cities,Moggill,Ryan,State-controlled,No Roadway Feature,No traffic control,80 - 90 km/h,Sealed - Dry,Clear,Daylight,Straight,Grade,301,Veh'S Same Direction: Rear End,Rear-end,N,0,3,0,0,3,4,0,0,0,0,0,0
352189,Hospitalisation,2021,May,Wednesday,13,Angle,Multi-Vehicle,152.9848771,-27.47851015,Frederick St,Milton Rd,Western Arterial Road (Toowong - Everton Park),Toowong,Brisbane City,4066,Indooroopilly,North Brisbane,Brisbane,SEQ North,Metropolitan,Toowong,Brisbane Inner - West,Brisbane Inner City,Major Cities,Maiwar,Ryan,State-controlled,Intersection - Roundabout,Give way sign,60 km/h,Sealed - Dry,Clear,Daylight,Straight,Level,101,Veh'S Adjacent Approach: Thru-Thru,Intersection from adjacent approaches,W,0,1,0,0,1,1,1,0,0,0,0,0
352190,Hospitalisation,2021,May,Saturday,20,Fall from vehicle,Single Vehicle,152.9659099,-27.49525927,Newcomen St,,,Indooroopilly,Brisbane City,4068,Indooroopilly,North Brisbane,Brisbane,SEQ North,Metropolitan,Indooroopilly,Sherwood - Indooroopilly,Brisbane - West,Major Cities,Maiwar,Ryan,Locally-controlled,No Roadway Feature,No traffic control,0 - 50 km/h,Sealed - Dry,Clear,Darkness - Lighted,Curved - view open,Grade,900,Pass & Misc: Other,Other,,0,1,0,0,1,2,0,0,0,0,0,0
352191,Hospitalisation,2021,May,Tuesday,7,Angle,Multi-Vehicle,152.966407,-27.50686644,Bridge St,Witton Rd,,Indooroopilly,Brisbane City,4068,Indooroopilly,North Brisbane,Brisbane,SEQ North,Metropolitan,Indooroopilly,Sherwood - Indooroopilly,Brisbane - West,Major Cities,Maiwar,Ryan,Locally-controlled,Intersection - T-Junction,No traffic control,0 - 50 km/h,Sealed - Dry,Clear,Daylight,Curved - view open,Level,202,Veh'S Opposite Approach: Thru-Right,Opposing vehicles turning,E,0,1,0,0,1,1,0,0,0,1,0,0
352192,Medical treatment,2021,May,Tuesday,14,Rear-end,Multi-Vehicle,152.984928,-27.47829544,Frederick St,Milton Rd,Western Arterial Road (Toowong - Everton Park),Toowong,Brisbane City,4066,Indooroopilly,North Brisbane,Brisbane,SEQ North,Metropolitan,Toowong,Brisbane Inner - West,Brisbane Inner City,Major Cities,Maiwar,Ryan,State-controlled,Intersection - Roundabout,No traffic control,0 - 50 km/h,Sealed - Dry,Clear,Daylight,Curved - view open,Grade,301,Veh'S Same Direction: Rear End,Rear-end,N,0,0,2,0,2,2,0,0,0,0,0,0
352193,Minor injury,2021,May,Thursday,10,Angle,Multi-Vehicle,152.9429221,-27.49383122,Birchley St,,,Chapel Hill,Brisbane City,4069,Indooroopilly,North Brisbane,Brisbane,SEQ North,Metropolitan,Chapel Hill,Kenmore - Brookfield - Moggill,Brisbane - West,Major Cities,Moggill,Ryan,Locally-controlled,No Roadway Feature,No traffic control,60 km/h,Sealed - Dry,Clear,Daylight,Curved - view open,Grade,200,Veh'S Opposite Approach: Other,Other,N,0,0,0,1,1,1,0,1,0,0,0,0
352194,Minor injury,2021,May,Thursday,17,Angle,Multi-Vehicle,152.978221,-27.49435144,Cunningham St,Swann Rd,,Taringa,Brisbane City,4068,Indooroopilly,North Brisbane,Brisbane,SEQ North,Metropolitan,Taringa,Sherwood - Indooroopilly,Brisbane - West,Major Cities,Maiwar,Ryan,Locally-controlled,Intersection - T-Junction,Give way sign,0 - 50 km/h,Sealed - Dry,Clear,Daylight,Straight,Grade,408,Veh'S Manoeuvring: Entering From Footway,Vehicle leaving driveway,W,0,0,0,1,1,1,0,0,0,1,0,0
352195,Hospitalisation,2021,May,Saturday,16,Fall from vehicle,Single Vehicle,152.996921,-27.47960144,Land St,,,Auchenflower,Brisbane City,4066,Indooroopilly,North Brisbane,Brisbane,SEQ North,Metropolitan,Auchenflower,Brisbane Inner - West,Brisbane Inner City,Major Cities,Maiwar,Ryan,Locally-controlled,No Roadway Feature,No traffic control,60 km/h,Sealed - Dry,Clear,Daylight,Curved - view open,Level,805,Off Path-Curve: Out Of Control On Cway,Out of control on curve,N,0,1,0,0,1,0,1,0,0,0,0,0
352196,Minor injury,2021,June,Tuesday,9,Rear-end,Multi-Vehicle,152.937755,-27.51017944,Kenmore Rd,Moggill Rd,Moggill Sub-Arterial Road,Kenmore,Brisbane City,4069,Indooroopilly,North Brisbane,Brisbane,SEQ North,Metropolitan,Kenmore,Kenmore - Brookfield - Moggill,Brisbane - West,Major Cities,Moggill,Ryan,State-controlled,Intersection - T-Junction,Give way sign,60 km/h,Sealed - Dry,Clear,Daylight,Curved - view open,Grade,302,Veh'S Same Direction: Left Rear,Rear-end,N,0,0,0,1,1,1,0,1,0,0,0,0
352197,Hospitalisation,2021,June,Wednesday,17,Angle,Multi-Vehicle,152.990889,-27.48026244,Bayliss St,Croydon St,,Toowong,Brisbane City,4066,Indooroopilly,North Brisbane,Brisbane,SEQ North,Metropolitan,Toowong,Brisbane Inner - West,Brisbane Inner City,Major Cities,Maiwar,Ryan,Locally-controlled,No Roadway Feature,No traffic control,60 km/h,Sealed - Dry,Clear,Darkness - Lighted,Straight,Level,202,Veh'S Opposite Approach: Thru-Right,Opposing vehicles turning,E,0,1,0,0,1,1,1,0,0,0,0,0
352198,Medical treatment,2021,June,Thursday,18,Rear-end,Multi-Vehicle,152.963387,-27.50228444,Moggill Rd,Western Fwy Bikeway,Moggill Sub-Arterial Road,Indooroopilly,Brisbane City,4068,Indooroopilly,North Brisbane,Brisbane,SEQ North,Metropolitan,Indooroopilly,Sherwood - Indooroopilly,Brisbane - West,Major Cities,Maiwar,Ryan,State-controlled,Intersection - Interchange,No traffic control,60 km/h,Sealed - Dry,Clear,Dawn/Dusk,Straight,Grade,302,Veh'S Same Direction: Left Rear,Rear-end,S,0,0,1,0,1,2,0,0,0,0,0,0
352199,Minor injury,2021,June,Thursday,19,Rear-end,Multi-Vehicle,152.9781515,-27.49702743,Clarence Rd,,,Indooroopilly,Brisbane City,4068,Indooroopilly,North Brisbane,Brisbane,SEQ North,Metropolitan,Indooroopilly,Sherwood - Indooroopilly,Brisbane - West,Major Cities,Maiwar,Ryan,Locally-controlled,No Roadway Feature,No traffic control,0 - 50 km/h,Sealed - Dry,Clear,Darkness - Lighted,Straight,Level,303,Veh'S Same Direction: Right Rear,Rear-end,,0,0,0,1,1,1,0,0,0,0,0,1
352200,Medical treatment,2021,June,Friday,19,Hit parked vehicle,Single Vehicle,152.986953,-27.49133544,Whitmore St,,,Taringa,Brisbane City,4068,Indooroopilly,North Brisbane,Brisbane,SEQ North,Metropolitan,Taringa,Sherwood - Indooroopilly,Brisbane - West,Major Cities,Maiwar,Ryan,Locally-controlled,No Roadway Feature,No traffic control,0 - 50 km/h,Sealed - Dry,Clear,Darkness - Lighted,Straight,Level,703,Off Path-Straight: Left Off Cway Hit Obj,Off carriageway on straight hit object,S,0,0,1,0,1,2,0,0,0,0,0,0
352201,Medical treatment,2021,June,Saturday,12,Rear-end,Multi-Vehicle,152.973682,-27.50550444,Coonan St,,,Indooroopilly,Brisbane City,4068,Indooroopilly,North Brisbane,Brisbane,SEQ North,Metropolitan,Indooroopilly,Sherwood - Indooroopilly,Brisbane - West,Major Cities,Maiwar,Ryan,Locally-controlled,Bridge/Causeway,No traffic control,60 km/h,Sealed - Dry,Clear,Daylight,Straight,Level,301,Veh'S Same Direction: Rear End,Rear-end,N,0,0,1,0,1,2,0,0,0,0,0,0
352202,Medical treatment,2021,June,Sunday,0,Hit pedestrian,Hit pedestrian,152.889236,-27.46199743,Hillbrook Rd,,,Brookfield,Brisbane City,4069,Indooroopilly,North Brisbane,Brisbane,SEQ North,Metropolitan,Brookfield - Kenmore Hills,Kenmore - Brookfield - Moggill,Brisbane - West,Major Cities,Moggill,Ryan,Locally-controlled,No Roadway Feature,No traffic control,0 - 50 km/h,Sealed - Dry,Clear,Darkness - Not lighted,Straight,Level,0,Ped'N: Hit Other,Other,N,0,0,1,0,1,0,0,1,0,0,1,0
352203,Medical treatment,2021,June,Monday,10,Angle,Multi-Vehicle,152.977227,-27.50216944,Clarence Rd,Westminster Rd,,Indooroopilly,Brisbane City,4068,Indooroopilly,North Brisbane,Brisbane,SEQ North,Metropolitan,Indooroopilly,Sherwood - Indooroopilly,Brisbane - West,Major Cities,Maiwar,Ryan,Locally-controlled,Intersection - T-Junction,Operating traffic lights,60 km/h,Sealed - Dry,Clear,Daylight,Straight,Level,202,Veh'S Opposite Approach: Thru-Right,Opposing vehicles turning,S,0,0,2,0,2,2,0,0,0,0,0,0
352204,Hospitalisation,2021,June,Thursday,8,Hit pedestrian,Hit pedestrian,152.989617,-27.48518944,Sherwood Rd,,,Toowong,Brisbane City,4066,Indooroopilly,North Brisbane,Brisbane,SEQ North,Metropolitan,Toowong,Brisbane Inner - West,Brisbane Inner City,Major Cities,Maiwar,Ryan,Locally-controlled,No Roadway Feature,No traffic control,60 km/h,Sealed - Dry,Clear,Daylight,Straight,Grade,3,Ped'N: Far Side Vehicle Hit From Left,Pedestrian,W,0,1,0,0,1,1,0,0,0,0,1,0
352205,Medical treatment,2021,June,Sunday,16,Rear-end,Multi-Vehicle,152.9903674,-27.48792245,High St,,,Toowong,Brisbane City,4066,Indooroopilly,North Brisbane,Brisbane,SEQ North,Metropolitan,Toowong,Brisbane Inner - West,Brisbane Inner City,Major Cities,Maiwar,Ryan,Locally-controlled,No Roadway Feature,No traffic control,60 km/h,Sealed - Dry,Clear,Daylight,Straight,Level,301,Veh'S Same Direction: Rear End,Rear-end,,0,0,1,0,1,1,0,0,0,0,0,1
352206,Medical treatment,2021,June,Tuesday,18,Rear-end,Multi-Vehicle,152.965204,-27.49454144,Western Arterial Rd,,Centenary Motorway (Ellen Grove - Toowong),Indooroopilly,Brisbane City,4068,Indooroopilly,North Brisbane,Brisbane,SEQ North,Metropolitan,Indooroopilly,Sherwood - Indooroopilly,Brisbane - West,Major Cities,Maiwar,Ryan,State-controlled,No Roadway Feature,No traffic control,60 km/h,Sealed - Wet,Clear,Darkness - Lighted,Straight,Level,306,Veh'S Same Direction: Lane Change Right,Lane changes,S,0,0,1,0,1,3,0,0,0,0,0,0
352207,Hospitalisation,2021,June,Thursday,15,Hit pedestrian,Hit pedestrian,152.937488,-27.50680444,Brookfield Rd,Mirbelia St,,Kenmore,Brisbane City,4069,Indooroopilly,North Brisbane,Brisbane,SEQ North,Metropolitan,Brookfield - Kenmore Hills,Kenmore - Brookfield - Moggill,Brisbane - West,Major Cities,Moggill,Ryan,Locally-controlled,Intersection - T-Junction,No traffic control,0 - 50 km/h,Sealed - Dry,Clear,Daylight,Straight,Level,3,Ped'N: Far Side Vehicle Hit From Left,Pedestrian,W,0,1,0,0,1,1,0,0,0,0,1,0
352208,Hospitalisation,2021,June,Friday,20,Hit pedestrian,Hit pedestrian,152.9998996,-27.4784765,Bicentennial Bikeway,,,Auchenflower,Brisbane City,4066,Indooroopilly,North Brisbane,Brisbane,SEQ North,Metropolitan,Auchenflower,Brisbane Inner - West,Brisbane Inner City,Major Cities,Maiwar,Ryan,Locally-controlled,Bikeway,No traffic control,0 - 50 km/h,Sealed - Dry,Clear,Darkness - Lighted,Curved - view obscured,Level,0,Ped'N: Hit Other,Other,S,0,1,0,0,1,0,0,0,0,2,0,0
352209,Hospitalisation,2021,June,Saturday,12,Fall from vehicle,Single Vehicle,152.9547364,-27.47951895,Sir Samuel Griffith Dr,,,Mount Coot-tha,Brisbane City,4066,Indooroopilly,North Brisbane,Brisbane,SEQ North,Metropolitan,Mount Coot-tha,The Gap - Enoggera,Brisbane - West,Major Cities,Maiwar,Ryan,Locally-controlled,No Roadway Feature,No traffic control,0 - 50 km/h,Sealed - Dry,Clear,Daylight,Curved - view obscured,Grade,805,Off Path-Curve: Out Of Control On Cway,Out of control on curve,E,0,1,0,0,1,0,1,0,0,0,0,0
352210,Minor injury,2021,June,Saturday,23,Hit object,Single Vehicle,152.9666616,-27.49233089,Western Arterial Rd,,Centenary Motorway (Ellen Grove - Toowong),Indooroopilly,Brisbane City,4068,Indooroopilly,North Brisbane,Brisbane,SEQ North,Metropolitan,Indooroopilly,Sherwood - Indooroopilly,Brisbane - West,Major Cities,Maiwar,Ryan,State-controlled,No Roadway Feature,No traffic control,80 - 90 km/h,Sealed - Dry,Clear,Darkness - Lighted,Curved - view open,Level,803,Off Path-Curve: Off Cway Rt Bend Hit Obj,Off carriageway on curve hit object,S,0,0,0,2,2,1,0,0,0,0,0,0
352211,Medical treatment,2021,June,Saturday,11,Angle,Multi-Vehicle,152.977227,-27.50216944,Clarence Rd,Westminster Rd,,Indooroopilly,Brisbane City,4068,Indooroopilly,North Brisbane,Brisbane,SEQ North,Metropolitan,Indooroopilly,Sherwood - Indooroopilly,Brisbane - West,Major Cities,Maiwar,Ryan,Locally-controlled,Intersection - T-Junction,Operating traffic lights,0 - 50 km/h,Sealed - Dry,Clear,Daylight,Straight,Level,202,Veh'S Opposite Approach: Thru-Right,Opposing vehicles turning,S,0,0,1,0,1,2,0,0,0,0,0,0
352212,Hospitalisation,2021,June,Sunday,15,Hit parked vehicle,Single Vehicle,152.983497,-27.48417944,Sherwood Rd,,,Toowong,Brisbane City,4066,Indooroopilly,North Brisbane,Brisbane,SEQ North,Metropolitan,Toowong,Brisbane Inner - West,Brisbane Inner City,Major Cities,Maiwar,Ryan,Locally-controlled,No Roadway Feature,No traffic control,0 - 50 km/h,Sealed - Dry,Clear,Daylight,Straight,Dip,703,Off Path-Straight: Left Off Cway Hit Obj,Off carriageway on straight hit object,E,0,1,0,0,1,2,0,0,0,0,0,0
352213,Medical treatment,2021,June,Friday,12,Sideswipe,Multi-Vehicle,152.9468165,-27.5081946,Moggill Rd,,Moggill Sub-Arterial Road,Kenmore,Brisbane City,4069,Indooroopilly,North Brisbane,Brisbane,SEQ North,Metropolitan,Kenmore,Kenmore - Brookfield - Moggill,Brisbane - West,Major Cities,Moggill,Ryan,State-controlled,No Roadway Feature,No traffic control,60 km/h,Sealed - Wet,Raining,Daylight,Curved - view open,Level,307,Veh'S Same Direction: Lane Change Left,Lane changes,N,0,0,2,0,2,3,0,0,0,0,0,0
352214,Medical treatment,2021,June,Friday,21,Angle,Multi-Vehicle,152.952844,-27.50811344,Chapel Hill Rd,Moggill Rd,Moggill Sub-Arterial Road,Chapel Hill,Brisbane City,4069,Indooroopilly,North Brisbane,Brisbane,SEQ North,Metropolitan,Chapel Hill,Kenmore - Brookfield - Moggill,Brisbane - West,Major Cities,Moggill,Ryan,State-controlled,Intersection - 5+ way,Operating traffic lights,60 km/h,Sealed - Wet,Raining,Darkness - Lighted,Straight,Level,202,Veh'S Opposite Approach: Thru-Right,Opposing vehicles turning,W,0,0,1,1,2,2,0,0,0,0,0,0
352215,Medical treatment,2021,June,Friday,18,Rear-end,Multi-Vehicle,152.948221,-27.52179344,Centenary Hwy,,Centenary Motorway (Ellen Grove - Toowong),Fig Tree Pocket,Brisbane City,4069,Indooroopilly,North Brisbane,Brisbane,SEQ North,Metropolitan,Fig Tree Pocket,Kenmore - Brookfield - Moggill,Brisbane - West,Major Cities,Moggill,Ryan,State-controlled,Intersection - Interchange,No traffic control,100 - 110 km/h,Sealed - Wet,Raining,Darkness - Not lighted,Straight,Level,301,Veh'S Same Direction: Rear End,Rear-end,N,0,0,1,0,1,2,0,0,0,0,0,0
352216,Minor injury,2021,June,Sunday,16,Fall from vehicle,Single Vehicle,152.98936,-27.49552144,Indooroopilly Rd,Westerham St,,Taringa,Brisbane City,4068,Indooroopilly,North Brisbane,Brisbane,SEQ North,Metropolitan,Taringa,Sherwood - Indooroopilly,Brisbane - West,Major Cities,Maiwar,Ryan,Locally-controlled,Intersection - T-Junction,No traffic control,0 - 50 km/h,Sealed - Dry,Clear,Daylight,Curved - view open,Grade,901,Pass & Misc: Fell In/From Vehicle,Other,N,0,0,0,1,1,1,0,0,0,1,0,0
352237,Hospitalisation,2021,January,Friday,5,Hit pedestrian,Hit pedestrian,146.7292194,-19.37187083,Chester Ct,,,Kelso,Townsville City,4815,Kirwan,Townsville,Northern,Northern,North Queensland,Kelso,Townsville,Townsville,Outer Regional,Thuringowa,Herbert,Locally-controlled,No Roadway Feature,No traffic control,0 - 50 km/h,Sealed - Wet,Raining,Darkness - Not lighted,Straight,Grade,0,Ped'N: Hit Other,Other,S,0,1,0,0,1,1,0,0,0,0,1,0
352238,Hospitalisation,2021,January,Friday,11,Angle,Multi-Vehicle,146.7226084,-19.31946783,Black Hawk Bvd,Hervey Range Rd,Hervey Range Developmental Road (Townsville - Battery),Thuringowa Central,Townsville City,4817,Kirwan,Townsville,Northern,Northern,North Queensland,Condon - Rasmussen,Townsville,Townsville,Outer Regional,Thuringowa,Herbert,State-controlled,Intersection - Roundabout,Give way sign,60 km/h,Sealed - Wet,Clear,Daylight,Straight,Level,104,Veh'S Adjacent Approach: Thru-Right,Intersection from adjacent approaches,W,0,1,0,0,1,1,0,0,0,1,0,0
352239,Hospitalisation,2021,January,Saturday,16,Fall from vehicle,Single Vehicle,146.7108764,-19.33301482,Smith Rd,,,Condon,Townsville City,4815,Kirwan,Townsville,Northern,Northern,North Queensland,Condon - Rasmussen,Townsville,Townsville,Outer Regional,Thuringowa,Herbert,Locally-controlled,No Roadway Feature,No traffic control,0 - 50 km/h,Sealed - Wet,Raining,Daylight,Curved - view open,Level,805,Off Path-Curve: Out Of Control On Cway,Out of control on curve,S,0,1,0,0,1,0,1,0,0,0,0,0
352240,Hospitalisation,2021,January,Sunday,13,Rear-end,Multi-Vehicle,146.7124264,-19.29127482,Dalrymple Rd,,,Mount Louisa,Townsville City,4814,Townsville,Townsville,Northern,Northern,North Queensland,Mount Louisa,Townsville,Townsville,Outer Regional,Townsville,Herbert,Locally-controlled,No Roadway Feature,No traffic control,80 - 90 km/h,Sealed - Dry,Clear,Daylight,Curved - view open,Level,301,Veh'S Same Direction: Rear End,Rear-end,E,0,1,0,0,1,2,0,0,0,0,0,0
352241,Medical treatment,2021,January,Thursday,20,Angle,Multi-Vehicle,146.7593244,-19.29859883,Acheron Ave,Ross River Rd,Ross River Road,Cranbrook,Townsville City,4814,Kirwan,Townsville,Northern,Northern,North Queensland,Cranbrook,Townsville,Townsville,Outer Regional,Mundingburra,Herbert,State-controlled,Intersection - T-Junction,Operating traffic lights,60 km/h,Sealed - Wet,Raining,Darkness - Lighted,Curved - view open,Level,104,Veh'S Adjacent Approach: Thru-Right,Intersection from adjacent approaches,E,0,0,1,0,1,2,0,0,0,0,0,0
352242,Minor injury,2021,January,Friday,14,Rear-end,Multi-Vehicle,146.7611174,-19.28819683,Fulham Rd,Nathan St,Douglas - Garbutt Road,Heatley,Townsville City,4814,Mundingburra,Townsville,Northern,Northern,North Queensland,Heatley,Townsville,Townsville,Outer Regional,Thuringowa,Herbert,State-controlled,Intersection - T-Junction,No traffic control,60 km/h,Sealed - Dry,Clear,Daylight,Straight,Level,302,Veh'S Same Direction: Left Rear,Rear-end,S,0,0,0,1,1,2,0,0,0,0,0,0
352243,Minor injury,2021,January,Monday,19,Hit object,Single Vehicle,146.7268454,-19.32771783,Bruce Hwy,,Bruce Highway (Townsville - Ingham),Condon,Townsville City,4815,Kirwan,Townsville,Northern,Northern,North Queensland,Condon - Rasmussen,Townsville,Townsville,Outer Regional,Thuringowa,Herbert,State-controlled,Intersection - Interchange,No traffic control,100 - 110 km/h,Sealed - Wet,Raining,Darkness - Lighted,Straight,Level,300,Veh'S Same Direction: Other,Other,E,0,0,0,1,1,1,0,1,0,0,0,0
352244,Medical treatment,2021,January,Wednesday,8,Sideswipe,Multi-Vehicle,146.7426584,-19.30468883,Charles St,Torras Ct,,Kirwan,Townsville City,4817,Kirwan,Townsville,Northern,Northern,North Queensland,Kirwan - East,Townsville,Townsville,Outer Regional,Thuringowa,Herbert,Locally-controlled,Intersection - T-Junction,No traffic control,60 km/h,Sealed - Dry,Clear,Daylight,Straight,Level,500,Veh'S Overtaking: Other,Other,,0,0,1,0,1,1,0,0,0,0,0,1
352245,Hospitalisation,2021,January,Monday,17,Hit parked vehicle,Single Vehicle,146.7293744,-19.36737583,Allambie Ct,Catherine Cres,,Kelso,Townsville City,4815,Kirwan,Townsville,Northern,Northern,North Queensland,Kelso,Townsville,Townsville,Outer Regional,Thuringowa,Herbert,Locally-controlled,Intersection - T-Junction,No traffic control,0 - 50 km/h,Sealed - Dry,Clear,Daylight,Straight,Level,601,Veh'S On Path: Parked,Hit parked vehicle,S,0,1,0,0,1,2,0,0,0,0,0,0
352246,Hospitalisation,2021,January,Saturday,7,Hit object,Single Vehicle,146.7272604,-19.33465983,Garbutt - Upper Ross Rd,,Garbutt - Upper Ross Road,Condon,Townsville City,4815,Kirwan,Townsville,Northern,Northern,North Queensland,Condon - Rasmussen,Townsville,Townsville,Outer Regional,Thuringowa,Herbert,State-controlled,No Roadway Feature,No traffic control,70 km/h,Sealed - Dry,Clear,Daylight,Straight,Level,703,Off Path-Straight: Left Off Cway Hit Obj,Off carriageway on straight hit object,S,0,8,0,0,8,3,0,0,0,0,0,0