Crash_Severity,Crash_Year,Crash_Month,Crash_Day_Of_Week,Crash_Hour,Crash_Nature,Crash_Type,Crash_Longitude,Crash_Latitude,Crash_Street,Crash_Street_Intersecting,State_Road_Name,Loc_Suburb,Loc_Local_Government_Area,Loc_Post_Code,Loc_Police_Division,Loc_Police_District,Loc_Police_Region,Loc_Queensland_Transport_Region,Loc_Main_Roads_Region,Loc_ABS_Statistical_Area_2,Loc_ABS_Statistical_Area_3,Loc_ABS_Statistical_Area_4,Loc_ABS_Remoteness,Loc_State_Electorate,Loc_Federal_Electorate,Crash_Controlling_Authority,Crash_Roadway_Feature,Crash_Traffic_Control,Crash_Speed_Limit,Crash_Road_Surface_Condition,Crash_Atmospheric_Condition,Crash_Lighting_Condition,Crash_Road_Horiz_Align,Crash_Road_Vert_Align,Crash_DCA_Code,Crash_DCA_Description,Crash_DCA_Group_Description,DCA_Key_Approach_Dir,Count_Casualty_Fatality,Count_Casualty_Hospitalised,Count_Casualty_MedicallyTreated,Count_Casualty_MinorInjury,Count_Casualty_Total,Count_Unit_Car,Count_Unit_Motorcycle_Moped,Count_Unit_Truck,Count_Unit_Bus,Count_Unit_Bicycle,Count_Unit_Pedestrian,Count_Unit_Other,
352247,Medical treatment,2021,January,Saturday,13,Overturned,Single Vehicle,146.8410445,-19.68802542,Flinders Hwy,,Flinders Highway (Townsville - Charters Towers),Woodstock,Townsville City,4816,Stuart,Townsville,Northern,Northern,North Queensland,Townsville - South,Townsville,Townsville,Outer Regional,Burdekin,Kennedy,State-controlled,No Roadway Feature,No traffic control,100 - 110 km/h,Sealed - Dry,Clear,Daylight,Curved - view open,Level,805,Off Path-Curve: Out Of Control On Cway,Out of control on curve,S,0,0,1,0,1,1,0,0,0,0,0,0
352248,Hospitalisation,2021,February,Monday,14,Hit pedestrian,Hit pedestrian,146.7349724,-19.37871583,Framara Dr S,,,Kelso,Townsville City,4815,Kirwan,Townsville,Northern,Northern,North Queensland,Kelso,Townsville,Townsville,Outer Regional,Thuringowa,Herbert,Locally-controlled,No Roadway Feature,No traffic control,0 - 50 km/h,Sealed - Dry,Clear,Daylight,Curved - view open,Level,9,Ped'N: Hit While Boarding/Alighting,Pedestrian,S,0,1,0,0,1,1,0,0,0,0,1,0
352249,Hospitalisation,2021,February,Friday,8,Rear-end,Multi-Vehicle,146.7317884,-19.36346983,Garbutt - Upper Ross Rd,,Garbutt - Upper Ross Road,Rasmussen,Townsville City,4815,Kirwan,Townsville,Northern,Northern,North Queensland,Condon - Rasmussen,Townsville,Townsville,Outer Regional,Thuringowa,Herbert,State-controlled,No Roadway Feature,No traffic control,70 km/h,Sealed - Dry,Clear,Daylight,Straight,Level,302,Veh'S Same Direction: Left Rear,Rear-end,N,0,1,0,0,1,2,0,0,0,0,0,0
352250,Fatal,2021,February,Friday,21,Hit object,Single Vehicle,146.7351784,-19.31479983,Ross River Rd,,Ross River Road,Kirwan,Townsville City,4817,Kirwan,Townsville,Northern,Northern,North Queensland,Kirwan - East,Townsville,Townsville,Outer Regional,Thuringowa,Herbert,State-controlled,No Roadway Feature,No traffic control,60 km/h,Sealed - Dry,Clear,Darkness - Lighted,Straight,Level,201,Veh'S Opposite Approach: Head On,Head-on,E,1,1,0,0,2,2,1,0,0,0,0,0
352251,Hospitalisation,2021,February,Wednesday,17,Head-on,Multi-Vehicle,146.7463824,-19.29329383,Farrell St,Mill Dr,,Kirwan,Townsville City,4817,Kirwan,Townsville,Northern,Northern,North Queensland,Kirwan - East,Townsville,Townsville,Outer Regional,Thuringowa,Herbert,Locally-controlled,Intersection - Cross,No traffic control,60 km/h,Sealed - Dry,Clear,Daylight,Curved - view open,Level,501,Veh'S Overtaking: Head On,Head-on,E,0,4,0,1,5,3,0,0,0,0,0,0
352252,Hospitalisation,2021,February,Saturday,5,Angle,Multi-Vehicle,146.7273744,-19.32607083,Bruce Hwy,Garbutt - Upper Ross Rd,Garbutt - Upper Ross Road,Condon,Townsville City,4815,Kirwan,Townsville,Northern,Northern,North Queensland,Condon - Rasmussen,Townsville,Townsville,Outer Regional,Thuringowa,Herbert,State-controlled,Intersection - Interchange,No traffic control,70 km/h,Sealed - Wet,Clear,Dawn/Dusk,Straight,Level,408,Veh'S Manoeuvring: Entering From Footway,Vehicle leaving driveway,N,0,1,0,0,1,1,0,0,0,1,0,0
352253,Medical treatment,2021,February,Saturday,14,Hit object,Single Vehicle,146.7535804,-19.29120783,Alsop Dr,Mill Dr,,Heatley,Townsville City,4814,Kirwan,Townsville,Northern,Northern,North Queensland,Heatley,Townsville,Townsville,Outer Regional,Thuringowa,Herbert,Locally-controlled,Intersection - T-Junction,No traffic control,60 km/h,Sealed - Wet,Raining,Daylight,Straight,Level,703,Off Path-Straight: Left Off Cway Hit Obj,Off carriageway on straight hit object,S,0,0,1,0,1,1,0,0,0,0,0,0
352254,Medical treatment,2021,February,Saturday,10,Rear-end,Multi-Vehicle,146.7384314,-19.29258883,Mill Dr,Thuringowa Dr,Garbutt - Upper Ross Road,Kirwan,Townsville City,4817,Kirwan,Townsville,Northern,Northern,North Queensland,Kirwan - West,Townsville,Townsville,Outer Regional,Thuringowa,Herbert,State-controlled,Intersection - Roundabout,Give way sign,60 km/h,Sealed - Wet,Raining,Daylight,Straight,Level,301,Veh'S Same Direction: Rear End,Rear-end,N,0,0,1,0,1,2,0,0,0,0,0,0
352255,Hospitalisation,2021,February,Monday,20,Angle,Multi-Vehicle,146.7611174,-19.28819683,Fulham Rd,Nathan St,Douglas - Garbutt Road,Heatley,Townsville City,4814,Mundingburra,Townsville,Northern,Northern,North Queensland,Heatley,Townsville,Townsville,Outer Regional,Thuringowa,Herbert,State-controlled,Intersection - Cross,Operating traffic lights,60 km/h,Sealed - Dry,Clear,Darkness - Lighted,Straight,Level,101,Veh'S Adjacent Approach: Thru-Thru,Intersection from adjacent approaches,N,0,1,0,0,1,1,1,0,0,0,0,0
352256,Medical treatment,2021,February,Thursday,6,Rear-end,Multi-Vehicle,146.7227424,-19.29428383,Elphinstone Dr,Kern Brothers Dr,,Kirwan,Townsville City,4817,Kirwan,Townsville,Northern,Northern,North Queensland,Kirwan - West,Townsville,Townsville,Outer Regional,Thuringowa,Herbert,Locally-controlled,Intersection - Roundabout,Give way sign,60 km/h,Sealed - Dry,Clear,Daylight,Curved - view open,Level,301,Veh'S Same Direction: Rear End,Rear-end,S,0,0,1,0,1,0,0,0,0,1,0,0
352257,Minor injury,2021,February,Saturday,17,Rear-end,Multi-Vehicle,146.7170774,-19.29262082,Dalrymple Rd,Golf Links Dr,,Kirwan,Townsville City,4817,Townsville,Townsville,Northern,Northern,North Queensland,Kirwan - West,Townsville,Townsville,Outer Regional,Thuringowa,Herbert,Locally-controlled,Intersection - Cross,Operating traffic lights,80 - 90 km/h,Sealed - Wet,Raining,Darkness - Lighted,Straight,Level,301,Veh'S Same Direction: Rear End,Rear-end,,0,0,0,1,1,2,0,0,0,0,0,0
352258,Hospitalisation,2021,March,Monday,16,Rear-end,Multi-Vehicle,146.7137734,-19.32609782,The Ring Rd,,Bruce Highway (Townsville - Ingham),Condon,Townsville City,4815,Kirwan,Townsville,Northern,Northern,North Queensland,Condon - Rasmussen,Townsville,Townsville,Outer Regional,Thuringowa,Herbert,State-controlled,No Roadway Feature,No traffic control,100 - 110 km/h,Sealed - Wet,Raining,Daylight,Straight,Crest,301,Veh'S Same Direction: Rear End,Rear-end,W,0,1,0,0,1,6,0,0,0,0,0,0
352259,Minor injury,2021,March,Saturday,12,Rear-end,Multi-Vehicle,146.7300914,-19.38767283,Garbutt - Upper Ross Rd,,Garbutt - Upper Ross Road,Kelso,Townsville City,4815,Kirwan,Townsville,Northern,Northern,North Queensland,Kelso,Townsville,Townsville,Outer Regional,Thuringowa,Herbert,State-controlled,No Roadway Feature,No traffic control,70 km/h,Sealed - Dry,Clear,Daylight,Straight,Level,303,Veh'S Same Direction: Right Rear,Rear-end,S,0,0,0,1,1,2,0,0,0,0,0,0
352260,Hospitalisation,2021,March,Monday,14,Angle,Multi-Vehicle,146.7263224,-19.34509383,Dollview Ave,Pinnacle Dr,,Rasmussen,Townsville City,4815,Kirwan,Townsville,Northern,Northern,North Queensland,Condon - Rasmussen,Townsville,Townsville,Outer Regional,Thuringowa,Herbert,Locally-controlled,Intersection - T-Junction,Give way sign,60 km/h,Sealed - Dry,Clear,Daylight,Straight,Level,304,Veh'S Same Direction: U-Turn,U-turn,S,0,1,0,0,1,2,0,0,0,0,0,0
352261,Hospitalisation,2021,March,Sunday,7,Hit object,Single Vehicle,146.7501784,-19.29730283,Charles St,,,Heatley,Townsville City,4814,Kirwan,Townsville,Northern,Northern,North Queensland,Heatley,Townsville,Townsville,Outer Regional,Thuringowa,Herbert,Locally-controlled,No Roadway Feature,No traffic control,60 km/h,Sealed - Dry,Clear,Daylight,Curved - view open,Level,600,Veh'S On Path: Other,Other,N,0,1,0,0,1,0,1,0,0,0,0,0
352262,Fatal,2021,March,Monday,2,Angle,Multi-Vehicle,146.7592644,-19.28042383,Dalrymple Rd,Nathan St,Garbutt - Upper Ross Road,Heatley,Townsville City,4814,Townsville,Townsville,Northern,Northern,North Queensland,Heatley,Townsville,Townsville,Outer Regional,Thuringowa,Herbert,State-controlled,Intersection - Cross,Operating traffic lights,70 km/h,Sealed - Dry,Clear,Darkness - Lighted,Straight,Level,101,Veh'S Adjacent Approach: Thru-Thru,Intersection from adjacent approaches,W,1,3,0,0,4,2,0,0,0,0,0,0
352263,Medical treatment,2021,March,Saturday,16,Hit object,Single Vehicle,146.7275614,-19.32690183,Garbutt - Upper Ross Rd,,Garbutt - Upper Ross Road,Condon,Townsville City,4815,Kirwan,Townsville,Northern,Northern,North Queensland,Condon - Rasmussen,Townsville,Townsville,Outer Regional,Thuringowa,Herbert,State-controlled,No Roadway Feature,No traffic control,70 km/h,Sealed - Dry,Clear,Daylight,Straight,Level,703,Off Path-Straight: Left Off Cway Hit Obj,Off carriageway on straight hit object,S,0,0,1,0,1,1,0,0,0,0,0,0
352264,Medical treatment,2021,March,Friday,7,Angle,Multi-Vehicle,146.7349244,-19.30303383,Thuringowa Dr,,Garbutt - Upper Ross Road,Kirwan,Townsville City,4817,Kirwan,Townsville,Northern,Northern,North Queensland,Kirwan - West,Townsville,Townsville,Outer Regional,Thuringowa,Herbert,State-controlled,No Roadway Feature,No traffic control,60 km/h,Sealed - Dry,Clear,Daylight,Straight,Level,408,Veh'S Manoeuvring: Entering From Footway,Vehicle leaving driveway,N,0,0,1,0,1,1,0,0,0,1,0,0
352265,Medical treatment,2021,March,Wednesday,15,Hit object,Single Vehicle,146.7381539,-19.29299805,Thuringowa Dr,,Garbutt - Upper Ross Road,Kirwan,Townsville City,4817,Kirwan,Townsville,Northern,Northern,North Queensland,Kirwan - East,Townsville,Townsville,Outer Regional,Thuringowa,Herbert,State-controlled,No Roadway Feature,No traffic control,60 km/h,Sealed - Wet,Clear,Daylight,Straight,Level,201,Veh'S Opposite Approach: Head On,Head-on,S,0,0,1,2,3,2,0,0,0,0,0,0
352266,Hospitalisation,2021,April,Friday,14,Rear-end,Multi-Vehicle,146.7496204,-19.29279183,Mill Dr,Rhodes St,,Heatley,Townsville City,4814,Kirwan,Townsville,Northern,Northern,North Queensland,Heatley,Townsville,Townsville,Outer Regional,Thuringowa,Herbert,Locally-controlled,Intersection - T-Junction,No traffic control,60 km/h,Sealed - Dry,Clear,Daylight,Straight,Level,304,Veh'S Same Direction: U-Turn,U-turn,N,0,1,0,0,1,2,0,0,0,0,0,0
352267,Hospitalisation,2021,April,Monday,16,Hit object,Single Vehicle,146.7221224,-19.29982283,Bel Air Ave,Concord Cr,,Kirwan,Townsville City,4817,Kirwan,Townsville,Northern,Northern,North Queensland,Kirwan - West,Townsville,Townsville,Outer Regional,Thuringowa,Herbert,Locally-controlled,Intersection - T-Junction,No traffic control,0 - 50 km/h,Sealed - Dry,Clear,Daylight,Curved - view open,Level,803,Off Path-Curve: Off Cway Rt Bend Hit Obj,Off carriageway on curve hit object,N,0,2,0,0,2,1,0,0,0,0,0,0
352268,Hospitalisation,2021,April,Monday,17,Hit pedestrian,Hit pedestrian,146.7275967,-19.31772094,Hervey Range Rd,,Hervey Range Developmental Road (Townsville - Battery),Thuringowa Central,Townsville City,4817,Kirwan,Townsville,Northern,Northern,North Queensland,Condon - Rasmussen,Townsville,Townsville,Outer Regional,Thuringowa,Herbert,State-controlled,No Roadway Feature,No traffic control,70 km/h,Sealed - Dry,Clear,Daylight,Straight,Level,3,Ped'N: Far Side Vehicle Hit From Left,Pedestrian,U,0,1,0,0,1,1,0,0,0,0,1,0
352269,Hospitalisation,2021,April,Tuesday,11,Sideswipe,Multi-Vehicle,146.7275634,-19.32956383,Bruce Hwy,Garbutt - Upper Ross Rd,Bruce Highway (Townsville - Ingham),Condon,Townsville City,4815,Kirwan,Townsville,Northern,Northern,North Queensland,Condon - Rasmussen,Townsville,Townsville,Outer Regional,Thuringowa,Herbert,State-controlled,Intersection - Interchange,Operating traffic lights,60 km/h,Sealed - Dry,Clear,Daylight,Straight,Level,305,Veh'S Same Direction: Lane Side Swipe,Lane changes,N,0,1,0,0,1,1,1,0,0,0,0,0
352270,Hospitalisation,2021,April,Thursday,4,Hit object,Single Vehicle,146.7611174,-19.28819683,Fulham Rd,Nathan St,Douglas - Garbutt Road,Heatley,Townsville City,4814,Mundingburra,Townsville,Northern,Northern,North Queensland,Heatley,Townsville,Townsville,Outer Regional,Thuringowa,Herbert,State-controlled,Intersection - Cross,Operating traffic lights,60 km/h,Sealed - Dry,Clear,Darkness - Lighted,Straight,Level,703,Off Path-Straight: Left Off Cway Hit Obj,Off carriageway on straight hit object,W,0,1,0,0,1,1,0,0,0,0,0,0
352271,Hospitalisation,2021,April,Thursday,10,Hit pedestrian,Hit pedestrian,146.7286244,-19.30754583,Hinchinbrook Dr,,,Thuringowa Central,Townsville City,4817,Kirwan,Townsville,Northern,Northern,North Queensland,Kirwan - West,Townsville,Townsville,Outer Regional,Thuringowa,Herbert,Locally-controlled,No Roadway Feature,No traffic control,60 km/h,Sealed - Dry,Clear,Daylight,Straight,Level,0,Ped'N: Hit Other,Other,S,0,1,0,0,1,0,0,0,0,0,1,1
352272,Hospitalisation,2021,April,Sunday,7,Rear-end,Multi-Vehicle,146.7275634,-19.32956383,Bruce Hwy,Garbutt - Upper Ross Rd,Garbutt - Upper Ross Road,Condon,Townsville City,4815,Kirwan,Townsville,Northern,Northern,North Queensland,Condon - Rasmussen,Townsville,Townsville,Outer Regional,Thuringowa,Herbert,State-controlled,Intersection - Interchange,Operating traffic lights,70 km/h,Sealed - Dry,Clear,Daylight,Straight,Level,303,Veh'S Same Direction: Right Rear,Rear-end,S,0,1,0,0,1,0,2,0,0,0,0,0
352273,Hospitalisation,2021,April,Tuesday,21,Rear-end,Multi-Vehicle,146.7552424,-19.30051083,Ross River Rd,,Ross River Road,Cranbrook,Townsville City,4814,Kirwan,Townsville,Northern,Northern,North Queensland,Cranbrook,Townsville,Townsville,Outer Regional,Mundingburra,Herbert,State-controlled,No Roadway Feature,No traffic control,60 km/h,Sealed - Wet,Clear,Darkness - Lighted,Straight,Level,301,Veh'S Same Direction: Rear End,Rear-end,N,0,1,0,0,1,2,0,0,0,0,0,0
352274,Hospitalisation,2021,April,Wednesday,1,Head-on,Multi-Vehicle,146.6903054,-19.83737083,Flinders Hwy,,Flinders Highway (Townsville - Charters Towers),Mingela,Charters Towers Region,4816,Ravenswood,Townsville,Northern,Northern,North Queensland,Dalrymple,Charters Towers - Ayr - Ingham,Townsville,Remote,Traeger,Kennedy,State-controlled,No Roadway Feature,No traffic control,100 - 110 km/h,Sealed - Wet,Raining,Darkness - Not lighted,Straight,Level,201,Veh'S Opposite Approach: Head On,Head-on,N,0,2,0,0,2,2,0,0,0,0,0,0
352275,Medical treatment,2021,April,Wednesday,19,Angle,Multi-Vehicle,146.7225934,-19.31936383,Black Hawk Bvd,Hervey Range Rd,Hervey Range Developmental Road (Townsville - Battery),Thuringowa Central,Townsville City,4817,Kirwan,Townsville,Northern,Northern,North Queensland,Kirwan - West,Townsville,Townsville,Outer Regional,Thuringowa,Herbert,State-controlled,Intersection - Roundabout,Give way sign,60 km/h,Sealed - Dry,Clear,Darkness - Lighted,Straight,Level,202,Veh'S Opposite Approach: Thru-Right,Opposing vehicles turning,E,0,0,1,0,1,2,0,0,0,0,0,0
352276,Hospitalisation,2021,May,Saturday,14,Angle,Multi-Vehicle,146.7609654,-19.30249583,Bergin Rd,Nathan St,Douglas - Garbutt Road,Cranbrook,Townsville City,4814,Mundingburra,Townsville,Northern,Northern,North Queensland,Cranbrook,Townsville,Townsville,Outer Regional,Mundingburra,Herbert,State-controlled,Intersection - T-Junction,Operating traffic lights,60 km/h,Sealed - Dry,Clear,Daylight,Straight,Level,202,Veh'S Opposite Approach: Thru-Right,Opposing vehicles turning,S,0,3,0,0,3,2,0,0,0,0,0,0
352277,Hospitalisation,2021,May,Tuesday,15,Rear-end,Multi-Vehicle,146.7301104,-19.38751383,Garbutt - Upper Ross Rd,,Garbutt - Upper Ross Road,Kelso,Townsville City,4815,Kirwan,Townsville,Northern,Northern,North Queensland,Kelso,Townsville,Townsville,Outer Regional,Thuringowa,Herbert,State-controlled,No Roadway Feature,No traffic control,0 - 50 km/h,Sealed - Dry,Clear,Daylight,Straight,Level,301,Veh'S Same Direction: Rear End,Rear-end,S,0,1,0,0,1,2,0,0,0,0,0,0
352278,Hospitalisation,2021,May,Thursday,17,Head-on,Multi-Vehicle,146.7302564,-19.37397483,Bassano Way,Garbutt - Upper Ross Rd,Garbutt - Upper Ross Road,Kelso,Townsville City,4815,Kirwan,Townsville,Northern,Northern,North Queensland,Kelso,Townsville,Townsville,Outer Regional,Thuringowa,Herbert,State-controlled,Intersection - T-Junction,No traffic control,70 km/h,Sealed - Dry,Clear,Daylight,Straight,Level,202,Veh'S Opposite Approach: Thru-Right,Opposing vehicles turning,S,0,1,0,0,1,1,1,0,0,0,0,0
352279,Medical treatment,2021,May,Thursday,12,Hit object,Single Vehicle,146.7292234,-19.34704383,Garbutt - Upper Ross Rd,,Garbutt - Upper Ross Road,Rasmussen,Townsville City,4815,Kirwan,Townsville,Northern,Northern,North Queensland,Condon - Rasmussen,Townsville,Townsville,Outer Regional,Thuringowa,Herbert,State-controlled,No Roadway Feature,No traffic control,70 km/h,Sealed - Dry,Clear,Daylight,Straight,Level,708,Off Path-Straight: Mounts Traffic Island,Off carriageway on straight hit object,S,0,0,1,0,1,0,1,0,0,0,0,0
352280,Hospitalisation,2021,May,Friday,15,Sideswipe,Multi-Vehicle,146.7061164,-19.32558182,The Ring Rd,,Bruce Highway (Townsville - Ingham),Condon,Townsville City,4815,Kirwan,Townsville,Northern,Northern,North Queensland,Condon - Rasmussen,Townsville,Townsville,Outer Regional,Thuringowa,Herbert,State-controlled,No Roadway Feature,No traffic control,100 - 110 km/h,Sealed - Dry,Clear,Daylight,Straight,Level,500,Veh'S Overtaking: Other,Other,N,0,1,1,0,2,4,0,0,0,0,0,0
352281,Medical treatment,2021,May,Friday,15,Rear-end,Multi-Vehicle,146.7263064,-19.32770483,The Ring Rd,,Bruce Highway (Townsville - Ingham),Condon,Townsville City,4815,Kirwan,Townsville,Northern,Northern,North Queensland,Condon - Rasmussen,Townsville,Townsville,Outer Regional,Thuringowa,Herbert,State-controlled,No Roadway Feature,No traffic control,100 - 110 km/h,Sealed - Dry,Clear,Dawn/Dusk,Straight,Crest,301,Veh'S Same Direction: Rear End,Rear-end,W,0,0,1,0,1,3,0,0,0,0,0,0
352282,Medical treatment,2021,May,Friday,15,Sideswipe,Multi-Vehicle,146.7274534,-19.33182083,Garbutt - Upper Ross Rd,,Garbutt - Upper Ross Road,Condon,Townsville City,4815,Kirwan,Townsville,Northern,Northern,North Queensland,Condon - Rasmussen,Townsville,Townsville,Outer Regional,Thuringowa,Herbert,State-controlled,No Roadway Feature,No traffic control,70 km/h,Sealed - Dry,Clear,Daylight,Straight,Level,306,Veh'S Same Direction: Lane Change Right,Lane changes,S,0,0,1,0,1,1,1,0,0,0,0,0
352283,Medical treatment,2021,May,Monday,6,Sideswipe,Multi-Vehicle,146.7278554,-19.32776183,Bruce Hwy,The Ring Rd,Bruce Highway (Townsville - Ingham),Condon,Townsville City,4815,Kirwan,Townsville,Northern,Northern,North Queensland,Condon - Rasmussen,Townsville,Townsville,Outer Regional,Thuringowa,Herbert,State-controlled,Intersection - Interchange,No traffic control,100 - 110 km/h,Sealed - Dry,Clear,Daylight,Straight,Crest,300,Veh'S Same Direction: Other,Other,E,0,0,1,1,2,1,1,0,0,0,0,0
352284,Medical treatment,2021,May,Wednesday,15,Angle,Multi-Vehicle,146.7550984,-19.29098383,Lindeman Ave,Mill Dr,,Heatley,Townsville City,4814,Kirwan,Townsville,Northern,Northern,North Queensland,Heatley,Townsville,Townsville,Outer Regional,Thuringowa,Herbert,Locally-controlled,Intersection - Roundabout,Give way sign,60 km/h,Sealed - Dry,Clear,Daylight,Straight,Level,101,Veh'S Adjacent Approach: Thru-Thru,Intersection from adjacent approaches,W,0,0,1,0,1,1,0,0,0,1,0,0
352285,Medical treatment,2021,June,Friday,17,Rear-end,Multi-Vehicle,146.7285724,-19.31779183,Garbutt - Upper Ross Rd,,Garbutt - Upper Ross Road,Thuringowa Central,Townsville City,4817,Kirwan,Townsville,Northern,Northern,North Queensland,Condon - Rasmussen,Townsville,Townsville,Outer Regional,Thuringowa,Herbert,State-controlled,No Roadway Feature,No traffic control,60 km/h,Sealed - Dry,Clear,Darkness - Lighted,Straight,Level,301,Veh'S Same Direction: Rear End,Rear-end,S,0,0,2,1,3,4,0,0,0,0,0,0
352286,Hospitalisation,2021,June,Monday,18,Hit object,Single Vehicle,146.7574594,-19.29754883,Lindeman Ave,,,Cranbrook,Townsville City,4814,Kirwan,Townsville,Northern,Northern,North Queensland,Cranbrook,Townsville,Townsville,Outer Regional,Mundingburra,Herbert,Locally-controlled,No Roadway Feature,No traffic control,0 - 50 km/h,Sealed - Dry,Clear,Dawn/Dusk,Straight,Level,703,Off Path-Straight: Left Off Cway Hit Obj,Off carriageway on straight hit object,S,0,1,0,0,1,1,0,0,0,0,0,0
352287,Hospitalisation,2021,June,Friday,17,Angle,Multi-Vehicle,146.7247469,-19.3928946,Dunlop St,,,Kelso,Townsville City,4815,Kirwan,Townsville,Northern,Northern,North Queensland,Kelso,Townsville,Townsville,Outer Regional,Thuringowa,Herbert,Locally-controlled,No Roadway Feature,No traffic control,60 km/h,Sealed - Dry,Clear,Dawn/Dusk,Straight,Level,3,Ped'N: Far Side Vehicle Hit From Left,Pedestrian,W,0,1,0,0,1,1,0,0,0,0,1,0
352288,Hospitalisation,2021,June,Sunday,13,Angle,Multi-Vehicle,146.7430734,-19.29371083,Bamford La,Mill Dr,,Kirwan,Townsville City,4817,Kirwan,Townsville,Northern,Northern,North Queensland,Kirwan - East,Townsville,Townsville,Outer Regional,Thuringowa,Herbert,Locally-controlled,Intersection - Roundabout,Give way sign,0 - 50 km/h,Sealed - Dry,Clear,Daylight,Straight,Level,101,Veh'S Adjacent Approach: Thru-Thru,Intersection from adjacent approaches,N,0,1,0,0,1,1,1,0,0,0,0,0
352289,Medical treatment,2021,June,Thursday,9,Head-on,Multi-Vehicle,146.7154814,-19.32481583,Beck Dr,,,Condon,Townsville City,4815,Kirwan,Townsville,Northern,Northern,North Queensland,Condon - Rasmussen,Townsville,Townsville,Outer Regional,Thuringowa,Herbert,Locally-controlled,No Roadway Feature,No traffic control,80 - 90 km/h,Sealed - Dry,Clear,Daylight,Straight,Level,201,Veh'S Opposite Approach: Head On,Head-on,S,0,0,5,0,5,2,0,0,0,0,0,0
352290,Hospitalisation,2021,June,Tuesday,16,Hit object,Single Vehicle,146.8249914,-19.78704884,Flinders Hwy,,Flinders Highway (Townsville - Charters Towers),Reid River,Charters Towers Region,4816,Ravenswood,Townsville,Northern,Northern,North Queensland,Dalrymple,Charters Towers - Ayr - Ingham,Townsville,Remote,Traeger,Kennedy,State-controlled,No Roadway Feature,No traffic control,100 - 110 km/h,Sealed - Dry,Clear,Daylight,Straight,Dip,703,Off Path-Straight: Left Off Cway Hit Obj,Off carriageway on straight hit object,N,0,1,0,0,1,1,0,0,0,0,0,0
352291,Medical treatment,2021,June,Tuesday,13,Rear-end,Multi-Vehicle,146.7302357,-19.37395243,Bassano Way,Garbutt - Upper Ross Rd,Garbutt - Upper Ross Road,Kelso,Townsville City,4815,Kirwan,Townsville,Northern,Northern,North Queensland,Kelso,Townsville,Townsville,Outer Regional,Thuringowa,Herbert,State-controlled,Intersection - T-Junction,Give way sign,0 - 50 km/h,Sealed - Dry,Clear,Daylight,Straight,Level,302,Veh'S Same Direction: Left Rear,Rear-end,E,0,0,1,0,1,2,0,0,0,0,0,0
352468,Fatal,2021,February,Wednesday,13,Hit object,Single Vehicle,149.6926676,-25.67364612,Injune Rd,,,Kinnoul,Banana Shire,4420,Taroom,South West,Southern,Central,Central Queensland,Banana,Biloela,Central Queensland,Remote,Callide,Flynn,Locally-controlled,No Roadway Feature,No traffic control,100 - 110 km/h,Sealed - Dry,Clear,Daylight,Curved - view open,Level,803,Off Path-Curve: Off Cway Rt Bend Hit Obj,Off carriageway on curve hit object,W,1,0,0,0,1,0,1,0,0,0,0,0
352469,Hospitalisation,2021,March,Tuesday,19,Hit animal,Other,149.5735567,-25.2075761,Fitzroy Developmental Rd,,Fitzroy Developmental Road (Taroom - Bauhinia),Gwambegwine,Banana Shire,4420,Taroom,South West,Southern,Central,Central Queensland,Banana,Biloela,Central Queensland,Remote,Callide,Flynn,State-controlled,No Roadway Feature,No traffic control,100 - 110 km/h,Unsealed - Wet,Raining,Darkness - Not lighted,Straight,Level,609,Pass & Misc: Hit Animal,Hit animal,S,0,1,0,0,1,1,0,0,0,0,0,0
352470,Medical treatment,2021,May,Saturday,0,Hit object,Single Vehicle,149.7726316,-25.50116312,Leichhardt Hwy,,Leichhardt Highway (Westwood - Taroom),Taroom,Banana Shire,4420,Taroom,South West,Southern,Central,Central Queensland,Banana,Biloela,Central Queensland,Remote,Callide,Flynn,State-controlled,No Roadway Feature,No traffic control,100 - 110 km/h,Sealed - Dry,Clear,Darkness - Not lighted,Curved - view open,Level,804,Off Path-Curve: Off Cway Lt Bend Hit Obj,Off carriageway on curve hit object,S,0,0,1,0,1,0,0,1,0,0,0,0
352471,Minor injury,2021,May,Tuesday,11,Rear-end,Multi-Vehicle,153.115715,-27.61995046,Kingston Rd,,Brisbane - Beenleigh Road,Underwood,Logan City,4119,Logan Central,Logan,South Eastern,SEQ South,South Coast,Underwood,Springwood - Kingston,Logan - Beaudesert,Major Cities,Waterford,Rankin,State-controlled,No Roadway Feature,No traffic control,60 km/h,Sealed - Dry,Clear,Daylight,Straight,Level,303,Veh'S Same Direction: Right Rear,Rear-end,S,0,0,0,1,1,2,0,0,0,0,0,0
352472,Hospitalisation,2021,May,Wednesday,17,Rear-end,Multi-Vehicle,153.117486,-27.64224546,Wembley Rd,,Springwood Connection Road,Logan Central,Logan City,4114,Logan Central,Logan,South Eastern,SEQ South,South Coast,Logan Central,Springwood - Kingston,Logan - Beaudesert,Major Cities,Woodridge,Rankin,State-controlled,No Roadway Feature,No traffic control,70 km/h,Sealed - Wet,Raining,Darkness - Lighted,Straight,Level,301,Veh'S Same Direction: Rear End,Rear-end,E,0,1,0,0,1,2,0,0,0,0,0,0