Crash_Severity,Crash_Year,Crash_Month,Crash_Day_Of_Week,Crash_Hour,Crash_Nature,Crash_Type,Crash_Longitude,Crash_Latitude,Crash_Street,Crash_Street_Intersecting,State_Road_Name,Loc_Suburb,Loc_Local_Government_Area,Loc_Post_Code,Loc_Police_Division,Loc_Police_District,Loc_Police_Region,Loc_Queensland_Transport_Region,Loc_Main_Roads_Region,Loc_ABS_Statistical_Area_2,Loc_ABS_Statistical_Area_3,Loc_ABS_Statistical_Area_4,Loc_ABS_Remoteness,Loc_State_Electorate,Loc_Federal_Electorate,Crash_Controlling_Authority,Crash_Roadway_Feature,Crash_Traffic_Control,Crash_Speed_Limit,Crash_Road_Surface_Condition,Crash_Atmospheric_Condition,Crash_Lighting_Condition,Crash_Road_Horiz_Align,Crash_Road_Vert_Align,Crash_DCA_Code,Crash_DCA_Description,Crash_DCA_Group_Description,DCA_Key_Approach_Dir,Count_Casualty_Fatality,Count_Casualty_Hospitalised,Count_Casualty_MedicallyTreated,Count_Casualty_MinorInjury,Count_Casualty_Total,Count_Unit_Car,Count_Unit_Motorcycle_Moped,Count_Unit_Truck,Count_Unit_Bus,Count_Unit_Bicycle,Count_Unit_Pedestrian,Count_Unit_Other,
352815,Medical treatment,2021,March,Wednesday,10,Rear-end,Multi-Vehicle,153.3618839,-27.92710248,Arundel Dr,Gold Coast Hwy,Gold Coast Highway (Helensvale - Southport),Coombabah,Gold Coast City,4216,Runaway Bay,Gold Coast,South Eastern,SEQ South,South Coast,Coombabah,Gold Coast - North,Gold Coast,Major Cities,Broadwater,Fadden,State-controlled,Intersection - T-Junction,Operating traffic lights,80 - 90 km/h,Sealed - Dry,Clear,Daylight,Straight,Level,301,Veh'S Same Direction: Rear End,Rear-end,E,0,0,4,0,4,1,0,1,0,0,0,0
352816,Hospitalisation,2021,March,Thursday,7,Hit parked vehicle,Single Vehicle,153.3919179,-27.87883949,Lindsay Pde,,,Paradise Point,Gold Coast City,4216,Runaway Bay,Gold Coast,South Eastern,SEQ South,South Coast,Paradise Point - Hollywell,Gold Coast - North,Gold Coast,Major Cities,Broadwater,Fadden,Locally-controlled,No Roadway Feature,No traffic control,0 - 50 km/h,Sealed - Wet,Raining,Daylight,Curved - view open,Level,200,Veh'S Opposite Approach: Other,Other,S,0,1,0,0,1,3,0,0,0,0,0,0
352817,Medical treatment,2021,March,Wednesday,19,Angle,Multi-Vehicle,153.3515009,-27.87178148,Activa Wy,Springfield Dr,,Hope Island,Gold Coast City,4212,Coomera,Gold Coast,South Eastern,SEQ South,South Coast,Hope Island,Ormeau - Oxenford,Gold Coast,Major Cities,Broadwater,Fadden,Locally-controlled,Intersection - Roundabout,Give way sign,0 - 50 km/h,Sealed - Wet,Raining,Darkness - Not lighted,Straight,Level,104,Veh'S Adjacent Approach: Thru-Right,Intersection from adjacent approaches,S,0,0,1,0,1,2,0,0,0,0,0,0
352818,Hospitalisation,2021,March,Saturday,19,Hit object,Single Vehicle,153.3905279,-27.93207749,Harbour Side Ct,Oxley Dr,Hope Island Road,Biggera Waters,Gold Coast City,4216,Runaway Bay,Gold Coast,South Eastern,SEQ South,South Coast,Biggera Waters,Gold Coast - North,Gold Coast,Major Cities,Bonney,Fadden,State-controlled,Intersection - Cross,Operating traffic lights,60 km/h,Sealed - Wet,Raining,Darkness - Lighted,Straight,Level,708,Off Path-Straight: Mounts Traffic Island,Off carriageway on straight hit object,N,0,2,0,0,2,1,0,0,0,0,0,0
352819,Hospitalisation,2021,March,Wednesday,7,Angle,Multi-Vehicle,153.3950119,-27.88914549,Bayview St,Matthew Flinders Dr,,Hollywell,Gold Coast City,4216,Runaway Bay,Gold Coast,South Eastern,SEQ South,South Coast,Paradise Point - Hollywell,Gold Coast - North,Gold Coast,Major Cities,Broadwater,Fadden,Locally-controlled,Intersection - T-Junction,Give way sign,60 km/h,Sealed - Dry,Clear,Daylight,Straight,Level,104,Veh'S Adjacent Approach: Thru-Right,Intersection from adjacent approaches,N,0,2,0,0,2,2,0,0,0,0,0,0
352820,Medical treatment,2021,April,Friday,14,Rear-end,Multi-Vehicle,153.3621579,-27.88145448,Helensvale Rd,,,Hope Island,Gold Coast City,4212,Coomera,Gold Coast,South Eastern,SEQ South,South Coast,Hope Island,Ormeau - Oxenford,Gold Coast,Major Cities,Broadwater,Fadden,Locally-controlled,No Roadway Feature,No traffic control,70 km/h,Sealed - Dry,Clear,Daylight,Curved - view open,Level,302,Veh'S Same Direction: Left Rear,Rear-end,N,0,0,1,1,2,2,0,0,0,0,0,0
352821,Hospitalisation,2021,April,Wednesday,15,Angle,Multi-Vehicle,153.3878079,-27.91002149,Oxley Dr,,Hope Island Road,Coombabah,Gold Coast City,4216,Runaway Bay,Gold Coast,South Eastern,SEQ South,South Coast,Runaway Bay,Gold Coast - North,Gold Coast,Major Cities,Broadwater,Fadden,State-controlled,Median Opening,Pedestrian operated lights,60 km/h,Sealed - Dry,Clear,Daylight,Curved - view open,Level,408,Veh'S Manoeuvring: Entering From Footway,Vehicle leaving driveway,N,0,1,0,0,1,1,0,0,0,1,0,0
352822,Hospitalisation,2021,April,Tuesday,7,Angle,Multi-Vehicle,153.4030129,-27.91201849,Bayview St,Lae Dr,,Runaway Bay,Gold Coast City,4216,Runaway Bay,Gold Coast,South Eastern,SEQ South,South Coast,Runaway Bay,Gold Coast - North,Gold Coast,Major Cities,Broadwater,Fadden,Locally-controlled,Intersection - Roundabout,Give way sign,60 km/h,Sealed - Dry,Clear,Daylight,Straight,Level,101,Veh'S Adjacent Approach: Thru-Thru,Intersection from adjacent approaches,E,0,1,0,0,1,1,0,0,0,1,0,0
352823,Hospitalisation,2021,April,Thursday,0,Hit parked vehicle,Single Vehicle,153.3857619,-27.92059148,Pine Ridge Rd,,,Runaway Bay,Gold Coast City,4216,Runaway Bay,Gold Coast,South Eastern,SEQ South,South Coast,Runaway Bay,Gold Coast - North,Gold Coast,Major Cities,Broadwater,Fadden,Locally-controlled,No Roadway Feature,No traffic control,0 - 50 km/h,Sealed - Dry,Clear,Darkness - Lighted,Curved - view open,Level,805,Off Path-Curve: Out Of Control On Cway,Out of control on curve,S,0,1,0,0,1,4,0,0,0,0,0,0
352824,Hospitalisation,2021,April,Tuesday,15,Rear-end,Multi-Vehicle,153.3887349,-27.89859549,Oxley Dr,,Hope Island Road,Hollywell,Gold Coast City,4216,Runaway Bay,Gold Coast,South Eastern,SEQ South,South Coast,Paradise Point - Hollywell,Gold Coast - North,Gold Coast,Major Cities,Broadwater,Fadden,State-controlled,No Roadway Feature,No traffic control,60 km/h,Sealed - Dry,Clear,Daylight,Straight,Level,703,Off Path-Straight: Left Off Cway Hit Obj,Off carriageway on straight hit object,S,0,2,0,0,2,1,0,0,0,0,0,1
352825,Hospitalisation,2021,April,Monday,8,Hit pedestrian,Hit pedestrian,153.3988639,-27.93095049,Hollywell Rd,Perry Pl,,Biggera Waters,Gold Coast City,4216,Runaway Bay,Gold Coast,South Eastern,SEQ South,South Coast,Biggera Waters,Gold Coast - North,Gold Coast,Major Cities,Bonney,Fadden,Locally-controlled,Intersection - T-Junction,No traffic control,60 km/h,Sealed - Dry,Clear,Daylight,Straight,Level,3,Ped'N: Far Side Vehicle Hit From Left,Pedestrian,N,0,1,0,0,1,1,0,0,0,0,1,0
352826,Hospitalisation,2021,April,Thursday,18,Rear-end,Multi-Vehicle,153.3569576,-27.92409026,Gold Coast Hwy,,Gold Coast Highway (Helensvale - Southport),Coombabah,Gold Coast City,4216,Runaway Bay,Gold Coast,South Eastern,SEQ South,South Coast,Coombabah,Gold Coast - North,Gold Coast,Major Cities,Broadwater,Fadden,State-controlled,No Roadway Feature,No traffic control,80 - 90 km/h,Sealed - Dry,Clear,Darkness - Lighted,Straight,Level,301,Veh'S Same Direction: Rear End,Rear-end,E,0,1,0,1,2,3,0,0,0,0,0,0
352827,Hospitalisation,2021,April,Friday,21,Angle,Multi-Vehicle,153.3885479,-27.88854749,Matthew Flinders Dr,Oxley Dr,Hope Island Road,Paradise Point,Gold Coast City,4216,Runaway Bay,Gold Coast,South Eastern,SEQ South,South Coast,Paradise Point - Hollywell,Gold Coast - North,Gold Coast,Major Cities,Broadwater,Fadden,State-controlled,Intersection - T-Junction,Operating traffic lights,60 km/h,Sealed - Dry,Clear,Darkness - Lighted,Straight,Level,202,Veh'S Opposite Approach: Thru-Right,Opposing vehicles turning,N,0,1,0,0,1,2,0,0,0,0,0,0
352828,Hospitalisation,2021,May,Sunday,11,Rear-end,Multi-Vehicle,153.3716769,-27.93045048,Brisbane Rd,,Gold Coast Highway (Helensvale - Southport),Coombabah,Gold Coast City,4216,Runaway Bay,Gold Coast,South Eastern,SEQ South,South Coast,Coombabah,Gold Coast - North,Gold Coast,Major Cities,Bonney,Fadden,State-controlled,No Roadway Feature,No traffic control,60 km/h,Sealed - Dry,Clear,Daylight,Straight,Level,301,Veh'S Same Direction: Rear End,Rear-end,E,0,1,1,0,2,4,0,0,0,0,0,0
352829,Fatal,2021,May,Monday,11,Angle,Multi-Vehicle,153.3884689,-27.90042049,Hansford Rd,Oxley Dr,Hope Island Road,Hollywell,Gold Coast City,4216,Runaway Bay,Gold Coast,South Eastern,SEQ South,South Coast,Paradise Point - Hollywell,Gold Coast - North,Gold Coast,Major Cities,Broadwater,Fadden,State-controlled,Intersection - T-Junction,Operating traffic lights,60 km/h,Sealed - Dry,Clear,Daylight,Straight,Level,104,Veh'S Adjacent Approach: Thru-Right,Intersection from adjacent approaches,N,1,2,0,0,3,2,0,0,0,0,0,0
352830,Hospitalisation,2021,May,Tuesday,18,Angle,Multi-Vehicle,153.3874389,-27.91449549,Pine Ridge Rd,Sidney Nolan Dr,,Coombabah,Gold Coast City,4216,Runaway Bay,Gold Coast,South Eastern,SEQ South,South Coast,Coombabah,Gold Coast - North,Gold Coast,Major Cities,Broadwater,Fadden,Locally-controlled,Intersection - T-Junction,No traffic control,60 km/h,Sealed - Dry,Clear,Darkness - Lighted,Straight,Level,104,Veh'S Adjacent Approach: Thru-Right,Intersection from adjacent approaches,N,0,1,0,0,1,2,0,0,0,0,0,0
352831,Medical treatment,2021,May,Monday,17,Angle,Multi-Vehicle,153.3890128,-27.91487053,Oxley Dr,,Hope Island Road,Runaway Bay,Gold Coast City,4216,Runaway Bay,Gold Coast,South Eastern,SEQ South,South Coast,Runaway Bay,Gold Coast - North,Gold Coast,Major Cities,Broadwater,Fadden,State-controlled,No Roadway Feature,No traffic control,60 km/h,Unsealed - Wet,Clear,Dawn/Dusk,Straight,Level,400,Veh'S Manoeuvring: Other,Other,E,0,0,1,0,1,1,0,0,0,1,0,0
352832,Medical treatment,2021,May,Monday,15,Hit object,Single Vehicle,153.3874389,-27.91449549,Pine Ridge Rd,Sidney Nolan Dr,,Coombabah,Gold Coast City,4216,Runaway Bay,Gold Coast,South Eastern,SEQ South,South Coast,Coombabah,Gold Coast - North,Gold Coast,Major Cities,Broadwater,Fadden,Locally-controlled,Intersection - T-Junction,No traffic control,60 km/h,Sealed - Dry,Clear,Daylight,Straight,Level,400,Veh'S Manoeuvring: Other,Other,,0,0,1,0,1,1,1,0,0,0,0,0
352833,Hospitalisation,2021,May,Tuesday,23,Hit object,Single Vehicle,153.3903989,-27.93388149,Oxley Dr,,Hope Island Road,Biggera Waters,Gold Coast City,4216,Runaway Bay,Gold Coast,South Eastern,SEQ South,South Coast,Biggera Waters,Gold Coast - North,Gold Coast,Major Cities,Bonney,Fadden,State-controlled,No Roadway Feature,No traffic control,60 km/h,Sealed - Dry,Clear,Darkness - Lighted,Straight,Level,705,Off Path-Straight:Out Of Control On Cway,Out of control on straight,N,0,1,0,1,2,1,0,0,0,0,0,0
352834,Hospitalisation,2021,May,Friday,10,Angle,Multi-Vehicle,153.3883159,-27.88761448,Oxley Dr,Tradewinds Ave,Hope Island Road,Paradise Point,Gold Coast City,4216,Runaway Bay,Gold Coast,South Eastern,SEQ South,South Coast,Paradise Point - Hollywell,Gold Coast - North,Gold Coast,Major Cities,Broadwater,Fadden,State-controlled,Intersection - Cross,Operating traffic lights,60 km/h,Sealed - Dry,Clear,Daylight,Straight,Level,202,Veh'S Opposite Approach: Thru-Right,Opposing vehicles turning,S,0,1,0,0,1,2,0,0,0,0,0,0
352835,Hospitalisation,2021,May,Friday,12,Angle,Multi-Vehicle,153.3708869,-27.87780048,Marina Quays Blvd,,,Hope Island,Gold Coast City,4212,Coomera,Gold Coast,South Eastern,SEQ South,South Coast,Hope Island,Ormeau - Oxenford,Gold Coast,Major Cities,Broadwater,Fadden,Locally-controlled,No Roadway Feature,No traffic control,0 - 50 km/h,Sealed - Dry,Clear,Daylight,Straight,Level,506,Veh'S Overtaking: Overtake-Right Turn,Overtaking same direction,W,0,1,0,0,1,1,1,0,0,0,0,0
352836,Medical treatment,2021,June,Sunday,11,Rear-end,Multi-Vehicle,153.3904719,-27.93442649,Brisbane Rd,Oxley Dr,Gold Coast Highway (Helensvale - Southport),Biggera Waters,Gold Coast City,4216,Runaway Bay,Gold Coast,South Eastern,SEQ South,South Coast,Biggera Waters,Gold Coast - North,Gold Coast,Major Cities,Bonney,Fadden,State-controlled,Intersection - Cross,Operating traffic lights,60 km/h,Sealed - Dry,Clear,Daylight,Curved - view open,Level,301,Veh'S Same Direction: Rear End,Rear-end,S,0,0,1,0,1,2,0,0,0,0,0,0
352837,Minor injury,2021,June,Tuesday,15,Rear-end,Multi-Vehicle,153.3669808,-27.92882395,Brisbane Rd,,Gold Coast Highway (Helensvale - Southport),Coombabah,Gold Coast City,4216,Runaway Bay,Gold Coast,South Eastern,SEQ South,South Coast,Coombabah,Gold Coast - North,Gold Coast,Major Cities,Broadwater,Fadden,State-controlled,No Roadway Feature,No traffic control,80 - 90 km/h,Sealed - Dry,Clear,Dawn/Dusk,Straight,Level,301,Veh'S Same Direction: Rear End,Rear-end,E,0,0,0,1,1,2,0,0,0,0,0,0
352838,Medical treatment,2021,June,Tuesday,18,Angle,Multi-Vehicle,153.3982769,-27.91386149,Morala Ave,Runaway Bay Shopping Village Accs,,Runaway Bay,Gold Coast City,4216,Runaway Bay,Gold Coast,South Eastern,SEQ South,South Coast,Runaway Bay,Gold Coast - North,Gold Coast,Major Cities,Broadwater,Fadden,Locally-controlled,No Roadway Feature,Give way sign,60 km/h,Sealed - Dry,Clear,Darkness - Lighted,Straight,Level,406,Veh'S Manoeuvring: Leaving Driveway,Vehicle leaving driveway,S,0,0,1,0,1,2,0,0,0,0,0,0
352839,Medical treatment,2021,June,Tuesday,11,Sideswipe,Multi-Vehicle,153.3891239,-27.91269149,Lae Dr,Oxley Dr,Hope Island Road,Runaway Bay,Gold Coast City,4216,Runaway Bay,Gold Coast,South Eastern,SEQ South,South Coast,Runaway Bay,Gold Coast - North,Gold Coast,Major Cities,Broadwater,Fadden,State-controlled,Intersection - Roundabout,No traffic control,60 km/h,Sealed - Dry,Clear,Daylight,Curved - view open,Level,309,Veh'S Same Direction: Left Turn S/Swipe,Parallel lanes turning,S,0,0,1,0,1,2,0,0,0,0,0,0
352840,Minor injury,2021,June,Friday,16,Rear-end,Multi-Vehicle,153.4011989,-27.89991449,Anemone Ave,Bayview St,,Hollywell,Gold Coast City,4216,Runaway Bay,Gold Coast,South Eastern,SEQ South,South Coast,Paradise Point - Hollywell,Gold Coast - North,Gold Coast,Major Cities,Broadwater,Fadden,Locally-controlled,Intersection - T-Junction,No traffic control,60 km/h,Sealed - Dry,Clear,Dawn/Dusk,Straight,Level,303,Veh'S Same Direction: Right Rear,Rear-end,S,0,0,0,1,1,1,1,0,0,0,0,0
352841,Medical treatment,2021,June,Tuesday,20,Angle,Multi-Vehicle,153.3980799,-27.91239749,Lae Dr,Morala Ave,,Runaway Bay,Gold Coast City,4216,Runaway Bay,Gold Coast,South Eastern,SEQ South,South Coast,Runaway Bay,Gold Coast - North,Gold Coast,Major Cities,Broadwater,Fadden,Locally-controlled,Intersection - Roundabout,Give way sign,60 km/h,Sealed - Dry,Clear,Darkness - Lighted,Straight,Level,408,Veh'S Manoeuvring: Entering From Footway,Vehicle leaving driveway,S,0,0,1,0,1,0,0,0,0,1,0,1
352842,Medical treatment,2021,June,Thursday,9,Angle,Multi-Vehicle,153.3883689,-27.92904549,Harbour Town Dr,,,Biggera Waters,Gold Coast City,4216,Runaway Bay,Gold Coast,South Eastern,SEQ South,South Coast,Biggera Waters,Gold Coast - North,Gold Coast,Major Cities,Bonney,Fadden,Locally-controlled,Intersection - Roundabout,Give way sign,0 - 50 km/h,Sealed - Dry,Clear,Daylight,Curved - view open,Level,406,Veh'S Manoeuvring: Leaving Driveway,Vehicle leaving driveway,E,0,0,2,0,2,2,0,0,0,0,0,0
352843,Medical treatment,2021,June,Thursday,14,Rear-end,Multi-Vehicle,153.3624209,-27.87738048,Broadwater Ave,Sickle Ave,Hope Island Road,Hope Island,Gold Coast City,4212,Coomera,Gold Coast,South Eastern,SEQ South,South Coast,Hope Island,Ormeau - Oxenford,Gold Coast,Major Cities,Broadwater,Fadden,State-controlled,Intersection - Roundabout,Give way sign,60 km/h,Sealed - Dry,Clear,Daylight,Straight,Level,301,Veh'S Same Direction: Rear End,Rear-end,S,0,0,1,1,2,2,0,0,0,0,0,0
352844,Minor injury,2021,June,Friday,11,Rear-end,Multi-Vehicle,153.3617499,-27.87764948,Helensvale Rd,Oxenford - Southport Rd,Hope Island Road,Hope Island,Gold Coast City,4212,Coomera,Gold Coast,South Eastern,SEQ South,South Coast,Hope Island,Ormeau - Oxenford,Gold Coast,Major Cities,Broadwater,Fadden,State-controlled,Intersection - Roundabout,No traffic control,70 km/h,Sealed - Dry,Clear,Daylight,Straight,Level,301,Veh'S Same Direction: Rear End,Rear-end,W,0,0,0,2,2,2,0,0,0,0,0,0
352845,Minor injury,2021,February,Tuesday,15,Angle,Multi-Vehicle,152.934624,-27.55891644,Dandenong Rd,Pennant St,,Jamboree Heights,Brisbane City,4074,Mount Ommaney,South Brisbane,Brisbane,SEQ South,Metropolitan,Middle Park - Jamboree Heights,Centenary,Brisbane - West,Major Cities,Mount Ommaney,Oxley,Locally-controlled,No Roadway Feature,No traffic control,60 km/h,Sealed - Wet,Raining,Daylight,Straight,Crest,202,Veh'S Opposite Approach: Thru-Right,Opposing vehicles turning,N,0,0,0,1,1,2,0,0,0,0,0,0
352846,Hospitalisation,2021,February,Thursday,17,Angle,Multi-Vehicle,152.9287143,-27.60354507,Formation St,,,Wacol,Brisbane City,4076,Mount Ommaney,South Brisbane,Brisbane,SEQ South,Metropolitan,Wacol,Forest Lake - Oxley,Ipswich,Major Cities,Inala,Oxley,Locally-controlled,No Roadway Feature,No traffic control,60 km/h,Sealed - Dry,Clear,Daylight,Straight,Level,308,Veh'S Same Direction: Right Turn S/Swipe,Parallel lanes turning,E,0,1,0,0,1,1,1,0,0,0,0,0
352847,Medical treatment,2021,February,Friday,7,Rear-end,Multi-Vehicle,152.954194,-27.56586844,Manburgh Tce,Railway Pde,,Darra,Brisbane City,4076,Mount Ommaney,South Brisbane,Brisbane,SEQ South,Metropolitan,Darra - Sumner,Forest Lake - Oxley,Ipswich,Major Cities,Mount Ommaney,Oxley,Locally-controlled,Intersection - T-Junction,Give way sign,0 - 50 km/h,Sealed - Dry,Clear,Daylight,Straight,Level,302,Veh'S Same Direction: Left Rear,Rear-end,S,0,0,1,0,1,2,0,0,0,0,0,0
352848,Hospitalisation,2021,February,Monday,8,Rear-end,Multi-Vehicle,152.935831,-27.58079344,Ipswich Mwy,,Cunningham Arterial Road (Ipswich Motorway),Wacol,Brisbane City,4076,Mount Ommaney,South Brisbane,Brisbane,SEQ South,Metropolitan,Wacol,Forest Lake - Oxley,Ipswich,Major Cities,Inala,Oxley,State-controlled,No Roadway Feature,No traffic control,100 - 110 km/h,Sealed - Dry,Clear,Daylight,Straight,Crest,307,Veh'S Same Direction: Lane Change Left,Lane changes,E,0,1,0,0,1,2,0,0,0,0,0,0
352849,Medical treatment,2021,February,Wednesday,7,Sideswipe,Multi-Vehicle,152.921483,-27.59720444,Ipswich Mwy,,Cunningham Arterial Road (Ipswich Motorway),Wacol,Brisbane City,4076,Mount Ommaney,South Brisbane,Brisbane,SEQ South,Metropolitan,Wacol,Forest Lake - Oxley,Ipswich,Major Cities,Inala,Oxley,State-controlled,No Roadway Feature,No traffic control,100 - 110 km/h,Sealed - Dry,Clear,Daylight,Straight,Level,305,Veh'S Same Direction: Lane Side Swipe,Lane changes,E,0,0,1,0,1,1,0,1,0,0,0,0
352850,Hospitalisation,2021,February,Friday,20,Head-on,Multi-Vehicle,152.949024,-27.55817944,Monier Rd,,,Darra,Brisbane City,4076,Mount Ommaney,South Brisbane,Brisbane,SEQ South,Metropolitan,Darra - Sumner,Forest Lake - Oxley,Ipswich,Major Cities,Mount Ommaney,Oxley,Locally-controlled,No Roadway Feature,No traffic control,60 km/h,Sealed - Dry,Clear,Darkness - Lighted,Straight,Grade,201,Veh'S Opposite Approach: Head On,Head-on,E,0,2,0,0,2,2,0,0,0,0,0,0
352851,Medical treatment,2021,February,Tuesday,20,Hit object,Single Vehicle,152.9193591,-27.60093975,Wilruna St,,,Wacol,Brisbane City,4076,Mount Ommaney,South Brisbane,Brisbane,SEQ South,Metropolitan,Wacol,Forest Lake - Oxley,Ipswich,Major Cities,Inala,Oxley,Locally-controlled,No Roadway Feature,No traffic control,60 km/h,Sealed - Dry,Clear,Darkness - Lighted,Curved - view open,Level,804,Off Path-Curve: Off Cway Lt Bend Hit Obj,Off carriageway on curve hit object,N,0,0,1,0,1,1,0,0,0,0,0,0
352852,Medical treatment,2021,February,Friday,8,Sideswipe,Multi-Vehicle,152.94063,-27.55451044,Centenary Hwy,,Centenary Motorway (Ellen Grove - Toowong),Sinnamon Park,Brisbane City,4074,Mount Ommaney,South Brisbane,Brisbane,SEQ South,Metropolitan,Seventeen Mile Rocks - Sinnamon Park,Centenary,Brisbane - West,Major Cities,Mount Ommaney,Oxley,State-controlled,No Roadway Feature,No traffic control,100 - 110 km/h,Sealed - Wet,Clear,Daylight,Straight,Grade,306,Veh'S Same Direction: Lane Change Right,Lane changes,S,0,0,1,0,1,1,0,1,0,0,0,0
352853,Minor injury,2021,February,Monday,13,Rear-end,Multi-Vehicle,152.935369,-27.55985144,Dandenong Rd,Sumners Rd,,Jamboree Heights,Brisbane City,4074,Mount Ommaney,South Brisbane,Brisbane,SEQ South,Metropolitan,Middle Park - Jamboree Heights,Centenary,Brisbane - West,Major Cities,Mount Ommaney,Oxley,Locally-controlled,Intersection - T-Junction,Operating traffic lights,60 km/h,Sealed - Dry,Clear,Daylight,Straight,Level,302,Veh'S Same Direction: Left Rear,Rear-end,,0,0,0,1,1,1,0,1,0,0,0,0
352854,Medical treatment,2021,February,Friday,15,Rear-end,Multi-Vehicle,152.946801,-27.53566144,Seventeen Mile Rocks Rd,,Centenary Motorway (Ellen Grove - Toowong),Jindalee,Brisbane City,4074,Mount Ommaney,South Brisbane,Brisbane,SEQ South,Metropolitan,Seventeen Mile Rocks - Sinnamon Park,Centenary,Brisbane - West,Major Cities,Mount Ommaney,Oxley,State-controlled,No Roadway Feature,No traffic control,100 - 110 km/h,Sealed - Dry,Clear,Daylight,Straight,Level,301,Veh'S Same Direction: Rear End,Rear-end,S,0,0,1,0,1,2,0,0,0,0,0,0
352855,Medical treatment,2021,March,Tuesday,7,Rear-end,Multi-Vehicle,152.943045,-27.56688444,Centenary Hwy,,Centenary Motorway (Ellen Grove - Toowong),Sumner,Brisbane City,4074,Mount Ommaney,South Brisbane,Brisbane,SEQ South,Metropolitan,Darra - Sumner,Forest Lake - Oxley,Ipswich,Major Cities,Mount Ommaney,Oxley,State-controlled,No Roadway Feature,No traffic control,100 - 110 km/h,Sealed - Dry,Clear,Daylight,Curved - view open,Level,300,Veh'S Same Direction: Other,Other,N,0,0,1,0,1,1,0,1,0,0,0,0
352856,Medical treatment,2021,March,Saturday,9,Angle,Multi-Vehicle,152.943164,-27.54776644,Avondale Rd,Glen Ross Rd,,Sinnamon Park,Brisbane City,4073,Mount Ommaney,South Brisbane,Brisbane,SEQ South,Metropolitan,Seventeen Mile Rocks - Sinnamon Park,Centenary,Brisbane - West,Major Cities,Mount Ommaney,Oxley,Locally-controlled,Intersection - T-Junction,Give way sign,60 km/h,Sealed - Dry,Clear,Daylight,Curved - view open,Level,104,Veh'S Adjacent Approach: Thru-Right,Intersection from adjacent approaches,E,0,0,2,0,2,2,0,0,0,0,0,0
352857,Medical treatment,2021,March,Friday,15,Angle,Multi-Vehicle,152.922623,-27.56981644,Wacol Station Rd,Wolston Rd,,Wacol,Brisbane City,4076,Mount Ommaney,South Brisbane,Brisbane,SEQ South,Metropolitan,Wacol,Forest Lake - Oxley,Ipswich,Major Cities,Inala,Oxley,Locally-controlled,Intersection - T-Junction,Operating traffic lights,60 km/h,Sealed - Dry,Clear,Daylight,Straight,Level,202,Veh'S Opposite Approach: Thru-Right,Opposing vehicles turning,N,0,0,2,0,2,2,0,0,0,0,0,0
352858,Hospitalisation,2021,March,Saturday,9,Angle,Multi-Vehicle,152.9348967,-27.56169324,Spine St,,,Sumner,Brisbane City,4074,Mount Ommaney,South Brisbane,Brisbane,SEQ South,Metropolitan,Darra - Sumner,Forest Lake - Oxley,Ipswich,Major Cities,Mount Ommaney,Oxley,Locally-controlled,No Roadway Feature,No traffic control,60 km/h,Sealed - Dry,Clear,Daylight,Straight,Grade,406,Veh'S Manoeuvring: Leaving Driveway,Vehicle leaving driveway,S,0,1,0,0,1,1,0,0,0,1,0,0
352859,Hospitalisation,2021,March,Saturday,19,Hit object,Single Vehicle,152.9247029,-27.59217831,Cunningham Arterial Rd,,Cunningham Arterial Road (Ipswich Motorway),Wacol,Brisbane City,4076,Mount Ommaney,South Brisbane,Brisbane,SEQ South,Metropolitan,Wacol,Forest Lake - Oxley,Ipswich,Major Cities,Inala,Oxley,State-controlled,Intersection - Interchange,No traffic control,100 - 110 km/h,Sealed - Dry,Clear,Darkness - Lighted,Straight,Level,607,Veh'S On Path: Temporary Object On C'Way,Other,S,0,1,0,0,1,0,1,0,0,0,0,0
352860,Minor injury,2021,March,Tuesday,13,Rear-end,Multi-Vehicle,152.953044,-27.56606944,Railway Pde,Scotts Rd,,Darra,Brisbane City,4076,Mount Ommaney,South Brisbane,Brisbane,SEQ South,Metropolitan,Darra - Sumner,Forest Lake - Oxley,Ipswich,Major Cities,Mount Ommaney,Oxley,Locally-controlled,Intersection - Roundabout,Give way sign,0 - 50 km/h,Sealed - Wet,Clear,Daylight,Straight,Level,301,Veh'S Same Direction: Rear End,Rear-end,N,0,0,0,1,1,2,0,0,0,0,0,0
352861,Medical treatment,2021,March,Thursday,7,Rear-end,Multi-Vehicle,152.925374,-27.58869644,Akenside St,Wacol Station Rd,,Wacol,Brisbane City,4076,Mount Ommaney,South Brisbane,Brisbane,SEQ South,Metropolitan,Wacol,Forest Lake - Oxley,Ipswich,Major Cities,Inala,Oxley,Locally-controlled,Intersection - Interchange,Operating traffic lights,60 km/h,Sealed - Wet,Clear,Daylight,Straight,Level,102,Veh'S Adjacent Approach: Right-Thru,Intersection from adjacent approaches,W,0,0,1,0,1,1,0,1,0,0,0,0
352862,Hospitalisation,2021,March,Friday,12,Fall from vehicle,Single Vehicle,152.941617,-27.54943944,Western Arterial Rd,,Centenary Motorway (Ellen Grove - Toowong),Sinnamon Park,Brisbane City,4073,Mount Ommaney,South Brisbane,Brisbane,SEQ South,Metropolitan,Seventeen Mile Rocks - Sinnamon Park,Centenary,Brisbane - West,Major Cities,Mount Ommaney,Oxley,State-controlled,Intersection - Interchange,No traffic control,100 - 110 km/h,Sealed - Dry,Clear,Daylight,Straight,Level,701,Off Path-Straight: Left Off Cway,Off carriageway on straight,S,0,1,0,0,1,0,1,0,0,0,0,0