Crash_Severity,Crash_Year,Crash_Month,Crash_Day_Of_Week,Crash_Hour,Crash_Nature,Crash_Type,Crash_Longitude,Crash_Latitude,Crash_Street,Crash_Street_Intersecting,State_Road_Name,Loc_Suburb,Loc_Local_Government_Area,Loc_Post_Code,Loc_Police_Division,Loc_Police_District,Loc_Police_Region,Loc_Queensland_Transport_Region,Loc_Main_Roads_Region,Loc_ABS_Statistical_Area_2,Loc_ABS_Statistical_Area_3,Loc_ABS_Statistical_Area_4,Loc_ABS_Remoteness,Loc_State_Electorate,Loc_Federal_Electorate,Crash_Controlling_Authority,Crash_Roadway_Feature,Crash_Traffic_Control,Crash_Speed_Limit,Crash_Road_Surface_Condition,Crash_Atmospheric_Condition,Crash_Lighting_Condition,Crash_Road_Horiz_Align,Crash_Road_Vert_Align,Crash_DCA_Code,Crash_DCA_Description,Crash_DCA_Group_Description,DCA_Key_Approach_Dir,Count_Casualty_Fatality,Count_Casualty_Hospitalised,Count_Casualty_MedicallyTreated,Count_Casualty_MinorInjury,Count_Casualty_Total,Count_Unit_Car,Count_Unit_Motorcycle_Moped,Count_Unit_Truck,Count_Unit_Bus,Count_Unit_Bicycle,Count_Unit_Pedestrian,Count_Unit_Other,
352863,Medical treatment,2021,March,Friday,15,Rear-end,Multi-Vehicle,152.926037,-27.56221344,Brumby Crct,Sumners Rd,,Middle Park,Brisbane City,4074,Mount Ommaney,South Brisbane,Brisbane,SEQ South,Metropolitan,Middle Park - Jamboree Heights,Centenary,Brisbane - West,Major Cities,Mount Ommaney,Oxley,Locally-controlled,Intersection - T-Junction,No traffic control,60 km/h,Sealed - Dry,Clear,Daylight,Straight,Dip,304,Veh'S Same Direction: U-Turn,U-turn,W,0,0,1,0,1,2,0,0,0,0,0,0
352864,Hospitalisation,2021,March,Friday,6,Sideswipe,Multi-Vehicle,152.933323,-27.59855644,Boundary Rd,,,Wacol,Brisbane City,4076,Mount Ommaney,South Brisbane,Brisbane,SEQ South,Metropolitan,Wacol,Forest Lake - Oxley,Ipswich,Major Cities,Inala,Oxley,Locally-controlled,No Roadway Feature,No traffic control,60 km/h,Sealed - Dry,Clear,Daylight,Straight,Level,300,Veh'S Same Direction: Other,Other,S,0,1,0,0,1,2,0,0,0,0,0,0
352865,Medical treatment,2021,March,Thursday,11,Rear-end,Multi-Vehicle,152.954405,-27.57381044,Ipswich Mwy,,Cunningham Arterial Road (Ipswich Motorway),Darra,Brisbane City,4076,Mount Ommaney,South Brisbane,Brisbane,SEQ South,Metropolitan,Darra - Sumner,Forest Lake - Oxley,Ipswich,Major Cities,Mount Ommaney,Oxley,State-controlled,No Roadway Feature,No traffic control,60 km/h,Sealed - Dry,Clear,Daylight,Straight,Level,301,Veh'S Same Direction: Rear End,Rear-end,E,0,0,1,0,1,1,0,2,0,0,0,0
352866,Medical treatment,2021,March,Saturday,22,Angle,Multi-Vehicle,152.980275,-27.56642844,Blunder Rd,Oxley Rd,Cunningham Arterial Road (Ipswich Motorway),Oxley,Brisbane City,4075,Mount Ommaney,South Brisbane,Brisbane,SEQ South,Metropolitan,Oxley (qld),Forest Lake - Oxley,Ipswich,Major Cities,Inala,Oxley,State-controlled,Intersection - Interchange,Give way sign,60 km/h,Sealed - Dry,Clear,Darkness - Lighted,Curved - view open,Level,104,Veh'S Adjacent Approach: Thru-Right,Intersection from adjacent approaches,S,0,0,1,0,1,2,0,0,0,0,0,0
352867,Medical treatment,2021,April,Monday,11,Rear-end,Multi-Vehicle,152.942994,-27.55285444,Dove Tree Cres,Glen Ross Rd,,Sinnamon Park,Brisbane City,4073,Mount Ommaney,South Brisbane,Brisbane,SEQ South,Metropolitan,Seventeen Mile Rocks - Sinnamon Park,Centenary,Brisbane - West,Major Cities,Mount Ommaney,Oxley,Locally-controlled,Intersection - T-Junction,Give way sign,0 - 50 km/h,Sealed - Wet,Raining,Daylight,Curved - view obscured,Level,303,Veh'S Same Direction: Right Rear,Rear-end,S,0,0,2,0,2,2,0,0,0,0,0,0
352868,Medical treatment,2021,April,Monday,13,Hit object,Single Vehicle,152.943455,-27.57830844,Cunningham Arterial Rd,,Centenary Motorway (Ellen Grove - Toowong),Darra,Brisbane City,4076,Mount Ommaney,South Brisbane,Brisbane,SEQ South,Metropolitan,Darra - Sumner,Forest Lake - Oxley,Ipswich,Major Cities,Inala,Oxley,State-controlled,Intersection - Roundabout,No traffic control,60 km/h,Sealed - Wet,Clear,Daylight,Curved - view open,Grade,804,Off Path-Curve: Off Cway Lt Bend Hit Obj,Off carriageway on curve hit object,S,0,0,1,0,1,1,0,0,0,0,0,0
352869,Medical treatment,2021,April,Wednesday,5,Hit object,Single Vehicle,152.98148,-27.57666917,Freeman Rd,,,Oxley,Brisbane City,4075,Inala,South Brisbane,Brisbane,SEQ South,Metropolitan,Oxley (qld),Forest Lake - Oxley,Ipswich,Major Cities,Inala,Oxley,Locally-controlled,No Roadway Feature,No traffic control,70 km/h,Sealed - Wet,Clear,Darkness - Lighted,Straight,Level,703,Off Path-Straight: Left Off Cway Hit Obj,Off carriageway on straight hit object,E,0,0,1,0,1,1,0,0,0,0,0,0
352870,Medical treatment,2021,April,Friday,8,Angle,Multi-Vehicle,152.955632,-27.57823444,Archerfield Rd,Boundary Rd,,Richlands,Brisbane City,4077,Mount Ommaney,South Brisbane,Brisbane,SEQ South,Metropolitan,Darra - Sumner,Forest Lake - Oxley,Ipswich,Major Cities,Inala,Oxley,Locally-controlled,Intersection - Cross,Operating traffic lights,60 km/h,Sealed - Dry,Clear,Daylight,Straight,Level,202,Veh'S Opposite Approach: Thru-Right,Opposing vehicles turning,W,0,0,1,0,1,2,0,0,0,0,0,0
352871,Hospitalisation,2021,April,Saturday,20,Hit object,Single Vehicle,152.956987,-27.56127144,Cardiff Rd,Killarney Ave,,Darra,Brisbane City,4076,Mount Ommaney,South Brisbane,Brisbane,SEQ South,Metropolitan,Darra - Sumner,Forest Lake - Oxley,Ipswich,Major Cities,Mount Ommaney,Oxley,Locally-controlled,Intersection - Roundabout,Give way sign,0 - 50 km/h,Sealed - Dry,Clear,Dawn/Dusk,Straight,Level,703,Off Path-Straight: Left Off Cway Hit Obj,Off carriageway on straight hit object,N,0,1,0,0,1,1,0,0,0,0,0,0
352872,Medical treatment,2021,April,Saturday,12,Angle,Multi-Vehicle,152.934197,-27.52966944,Burrendah Rd,Wongaburra St,,Jindalee,Brisbane City,4074,Mount Ommaney,South Brisbane,Brisbane,SEQ South,Metropolitan,Jindalee - Mount Ommaney,Centenary,Brisbane - West,Major Cities,Mount Ommaney,Oxley,Locally-controlled,Intersection - T-Junction,No traffic control,0 - 50 km/h,Sealed - Dry,Clear,Daylight,Straight,Level,202,Veh'S Opposite Approach: Thru-Right,Opposing vehicles turning,N,0,0,1,1,2,2,0,0,0,0,0,0
352873,Minor injury,2021,April,Sunday,15,Angle,Multi-Vehicle,152.932264,-27.54707744,Arrabri Ave,Westlake Dr,,Mount Ommaney,Brisbane City,4074,Mount Ommaney,South Brisbane,Brisbane,SEQ South,Metropolitan,Jindalee - Mount Ommaney,Centenary,Brisbane - West,Major Cities,Mount Ommaney,Oxley,Locally-controlled,Intersection - T-Junction,Give way sign,60 km/h,Sealed - Dry,Clear,Daylight,Curved - view open,Level,104,Veh'S Adjacent Approach: Thru-Right,Intersection from adjacent approaches,W,0,0,0,1,1,2,0,0,0,0,0,0
352874,Minor injury,2021,April,Thursday,17,Rear-end,Multi-Vehicle,152.9578823,-27.57237104,Ipswich Mwy,,Cunningham Arterial Road (Ipswich Motorway),Darra,Brisbane City,4076,Mount Ommaney,South Brisbane,Brisbane,SEQ South,Metropolitan,Darra - Sumner,Forest Lake - Oxley,Ipswich,Major Cities,Mount Ommaney,Oxley,State-controlled,No Roadway Feature,No traffic control,80 - 90 km/h,Sealed - Dry,Clear,Dawn/Dusk,Straight,Grade,301,Veh'S Same Direction: Rear End,Rear-end,N,0,0,0,1,1,4,0,0,0,0,0,0
352875,Hospitalisation,2021,April,Friday,6,Rear-end,Multi-Vehicle,152.958261,-27.57233944,Ipswich Mwy,,Cunningham Arterial Road (Ipswich Motorway),Darra,Brisbane City,4076,Mount Ommaney,South Brisbane,Brisbane,SEQ South,Metropolitan,Darra - Sumner,Forest Lake - Oxley,Ipswich,Major Cities,Mount Ommaney,Oxley,State-controlled,No Roadway Feature,No traffic control,80 - 90 km/h,Sealed - Dry,Clear,Daylight,Straight,Level,301,Veh'S Same Direction: Rear End,Rear-end,E,0,1,0,0,1,3,0,0,0,0,0,0
352876,Minor injury,2021,April,Saturday,20,Angle,Multi-Vehicle,152.941678,-27.55932244,Centenary Hwy,Monier Rd,Centenary Motorway (Ellen Grove - Toowong),Darra,Brisbane City,4076,Mount Ommaney,South Brisbane,Brisbane,SEQ South,Metropolitan,Darra - Sumner,Forest Lake - Oxley,Ipswich,Major Cities,Mount Ommaney,Oxley,State-controlled,Intersection - Interchange,Operating traffic lights,60 km/h,Sealed - Dry,Clear,Darkness - Lighted,Curved - view open,Level,101,Veh'S Adjacent Approach: Thru-Thru,Intersection from adjacent approaches,N,0,0,0,1,1,2,0,0,0,0,0,0
352877,Fatal,2021,April,Wednesday,17,Angle,Multi-Vehicle,152.922726,-27.56175644,Sumners Rd,Wacol Station Rd,,Middle Park,Brisbane City,4074,Mount Ommaney,South Brisbane,Brisbane,SEQ South,Metropolitan,Middle Park - Jamboree Heights,Centenary,Brisbane - West,Major Cities,Mount Ommaney,Oxley,Locally-controlled,Intersection - T-Junction,Operating traffic lights,60 km/h,Sealed - Dry,Clear,Dawn/Dusk,Straight,Level,202,Veh'S Opposite Approach: Thru-Right,Opposing vehicles turning,,1,0,0,0,1,1,1,0,0,0,0,0
352878,Hospitalisation,2021,April,Thursday,13,Angle,Multi-Vehicle,152.951353,-27.56483944,Station Ave,,,Darra,Brisbane City,4076,Mount Ommaney,South Brisbane,Brisbane,SEQ South,Metropolitan,Darra - Sumner,Forest Lake - Oxley,Ipswich,Major Cities,Mount Ommaney,Oxley,Locally-controlled,No Roadway Feature,No traffic control,60 km/h,Sealed - Dry,Clear,Daylight,Straight,Level,406,Veh'S Manoeuvring: Leaving Driveway,Vehicle leaving driveway,S,0,1,0,1,2,2,0,0,0,0,0,0
352879,Hospitalisation,2021,May,Wednesday,8,Rear-end,Multi-Vehicle,152.9553851,-27.57343086,Ipswich Mwy,,Cunningham Arterial Road (Ipswich Motorway),Darra,Brisbane City,4076,Mount Ommaney,South Brisbane,Brisbane,SEQ South,Metropolitan,Darra - Sumner,Forest Lake - Oxley,Ipswich,Major Cities,Mount Ommaney,Oxley,State-controlled,No Roadway Feature,No traffic control,100 - 110 km/h,Sealed - Wet,Raining,Daylight,Straight,Level,301,Veh'S Same Direction: Rear End,Rear-end,N,0,1,0,0,1,3,0,0,0,0,0,0
352880,Hospitalisation,2021,May,Wednesday,19,Angle,Multi-Vehicle,152.97401,-27.57820944,Freeman Rd,Rosemary St,,Inala,Brisbane City,4077,Inala,South Brisbane,Brisbane,SEQ South,Metropolitan,Durack,Forest Lake - Oxley,Ipswich,Major Cities,Inala,Oxley,Locally-controlled,Intersection - Roundabout,Give way sign,60 km/h,Sealed - Dry,Clear,Darkness - Lighted,Straight,Level,101,Veh'S Adjacent Approach: Thru-Thru,Intersection from adjacent approaches,E,0,1,0,0,1,1,1,0,0,0,0,0
352881,Minor injury,2021,May,Friday,6,Rear-end,Multi-Vehicle,152.9489396,-27.57545033,Ipswich Mwy,,Cunningham Arterial Road (Ipswich Motorway),Darra,Brisbane City,4076,Mount Ommaney,South Brisbane,Brisbane,SEQ South,Metropolitan,Darra - Sumner,Forest Lake - Oxley,Ipswich,Major Cities,Mount Ommaney,Oxley,State-controlled,No Roadway Feature,No traffic control,80 - 90 km/h,Sealed - Dry,Clear,Daylight,Straight,Level,301,Veh'S Same Direction: Rear End,Rear-end,E,0,0,0,1,1,2,0,0,0,0,0,0
352882,Minor injury,2021,May,Saturday,10,Hit object,Single Vehicle,152.940192,-27.53882444,Minyara St,Moolanda St,,Jindalee,Brisbane City,4074,Mount Ommaney,South Brisbane,Brisbane,SEQ South,Metropolitan,Jindalee - Mount Ommaney,Centenary,Brisbane - West,Major Cities,Mount Ommaney,Oxley,Locally-controlled,Intersection - Roundabout,No traffic control,0 - 50 km/h,Sealed - Dry,Clear,Daylight,Straight,Grade,703,Off Path-Straight: Left Off Cway Hit Obj,Off carriageway on straight hit object,E,0,0,0,1,1,1,0,0,0,0,0,0
352883,Medical treatment,2021,May,Saturday,9,Rear-end,Multi-Vehicle,152.9468694,-27.52802852,Centenary Hwy,,Centenary Motorway (Ellen Grove - Toowong),Jindalee,Brisbane City,4074,Mount Ommaney,South Brisbane,Brisbane,SEQ South,Metropolitan,Seventeen Mile Rocks - Sinnamon Park,Centenary,Brisbane - West,Major Cities,Mount Ommaney,Oxley,State-controlled,Bridge/Causeway,No traffic control,80 - 90 km/h,Sealed - Dry,Clear,Daylight,Straight,Level,301,Veh'S Same Direction: Rear End,Rear-end,N,0,0,3,0,3,4,0,0,0,0,0,0
352884,Medical treatment,2021,May,Wednesday,12,Rear-end,Multi-Vehicle,152.93353,-27.59724744,Boundary Rd,Mcroyle St,,Wacol,Brisbane City,4076,Mount Ommaney,South Brisbane,Brisbane,SEQ South,Metropolitan,Wacol,Forest Lake - Oxley,Ipswich,Major Cities,Inala,Oxley,Locally-controlled,Intersection - Cross,Operating traffic lights,60 km/h,Sealed - Wet,Raining,Darkness - Lighted,Straight,Level,303,Veh'S Same Direction: Right Rear,Rear-end,W,0,0,1,0,1,2,0,0,0,0,0,0
352885,Hospitalisation,2021,May,Wednesday,15,Angle,Multi-Vehicle,152.938844,-27.55917844,Sumners Rd,Western Arterial Rd,,Jamboree Heights,Brisbane City,4074,Mount Ommaney,South Brisbane,Brisbane,SEQ South,Metropolitan,Middle Park - Jamboree Heights,Centenary,Brisbane - West,Major Cities,Mount Ommaney,Oxley,Locally-controlled,Intersection - Interchange,Operating traffic lights,60 km/h,Sealed - Dry,Clear,Daylight,Straight,Level,202,Veh'S Opposite Approach: Thru-Right,Opposing vehicles turning,W,0,1,0,1,2,2,0,0,0,0,0,0
352886,Medical treatment,2021,May,Thursday,12,Rear-end,Multi-Vehicle,152.945832,-27.53425944,Seventeen Mile Rocks Rd,Sinnamon Rd,Centenary Motorway (Ellen Grove - Toowong),Jindalee,Brisbane City,4074,Mount Ommaney,South Brisbane,Brisbane,SEQ South,Metropolitan,Jindalee - Mount Ommaney,Centenary,Brisbane - West,Major Cities,Mount Ommaney,Oxley,State-controlled,Intersection - Interchange,Give way sign,60 km/h,Sealed - Dry,Clear,Daylight,Curved - view open,Level,302,Veh'S Same Direction: Left Rear,Rear-end,S,0,0,2,0,2,2,0,0,0,0,0,0
352887,Minor injury,2021,May,Thursday,8,Rear-end,Multi-Vehicle,152.947486,-27.53620644,Christies Homemaker City Accs,Seventeen Mile Rocks Rd,,Jindalee,Brisbane City,4074,Mount Ommaney,South Brisbane,Brisbane,SEQ South,Metropolitan,Seventeen Mile Rocks - Sinnamon Park,Centenary,Brisbane - West,Major Cities,Mount Ommaney,Oxley,Locally-controlled,Intersection - Interchange,No traffic control,60 km/h,Sealed - Dry,Clear,Daylight,Straight,Level,302,Veh'S Same Direction: Left Rear,Rear-end,W,0,0,0,1,1,2,0,0,0,0,0,0
352888,Medical treatment,2021,May,Tuesday,11,Angle,Multi-Vehicle,152.934783,-27.56176544,Spine St,,,Sumner,Brisbane City,4074,Mount Ommaney,South Brisbane,Brisbane,SEQ South,Metropolitan,Darra - Sumner,Forest Lake - Oxley,Ipswich,Major Cities,Mount Ommaney,Oxley,Locally-controlled,No Roadway Feature,No traffic control,0 - 50 km/h,Sealed - Dry,Clear,Daylight,Straight,Level,400,Veh'S Manoeuvring: Other,Other,,0,0,1,1,2,1,0,1,0,0,0,0
352889,Medical treatment,2021,May,Sunday,4,Hit object,Single Vehicle,152.926317,-27.58821544,Progress Rd,,Cunningham Arterial Road (Ipswich Motorway),Wacol,Brisbane City,4076,Mount Ommaney,South Brisbane,Brisbane,SEQ South,Metropolitan,Wacol,Forest Lake - Oxley,Ipswich,Major Cities,Inala,Oxley,State-controlled,Intersection - Interchange,No traffic control,60 km/h,Sealed - Dry,Clear,Darkness - Lighted,Curved - view open,Grade,805,Off Path-Curve: Out Of Control On Cway,Out of control on curve,E,0,0,2,0,2,1,0,0,0,0,0,0
352890,Hospitalisation,2021,May,Thursday,5,Sideswipe,Multi-Vehicle,152.970284,-27.56866044,Ipswich Mwy,,Cunningham Arterial Road (Ipswich Motorway),Oxley,Brisbane City,4075,Mount Ommaney,South Brisbane,Brisbane,SEQ South,Metropolitan,Oxley (qld),Forest Lake - Oxley,Ipswich,Major Cities,Mount Ommaney,Oxley,State-controlled,No Roadway Feature,No traffic control,80 - 90 km/h,Sealed - Dry,Clear,Darkness - Lighted,Straight,Level,305,Veh'S Same Direction: Lane Side Swipe,Lane changes,S,0,1,0,0,1,1,1,0,0,0,0,0
352891,Medical treatment,2021,May,Thursday,11,Angle,Multi-Vehicle,152.9294472,-27.60367512,Formation St,Quindus St,,Wacol,Brisbane City,4076,Mount Ommaney,South Brisbane,Brisbane,SEQ South,Metropolitan,Wacol,Forest Lake - Oxley,Ipswich,Major Cities,Inala,Oxley,Locally-controlled,Intersection - T-Junction,Give way sign,60 km/h,Sealed - Dry,Clear,Daylight,Straight,Level,104,Veh'S Adjacent Approach: Thru-Right,Intersection from adjacent approaches,W,0,0,2,0,2,1,1,0,0,0,0,0
352892,Medical treatment,2021,May,Friday,10,Fall from vehicle,Single Vehicle,152.929685,-27.54263044,Mt Ommaney Dr,,,Mount Ommaney,Brisbane City,4074,Mount Ommaney,South Brisbane,Brisbane,SEQ South,Metropolitan,Jindalee - Mount Ommaney,Centenary,Brisbane - West,Major Cities,Mount Ommaney,Oxley,Locally-controlled,No Roadway Feature,No traffic control,0 - 50 km/h,Sealed - Dry,Clear,Daylight,Curved - view open,Level,900,Pass & Misc: Other,Other,E,0,0,1,0,1,1,0,0,0,0,0,0
352893,Medical treatment,2021,June,Thursday,17,Hit object,Single Vehicle,152.9340868,-27.55812709,Dandenong Rd,,,Jamboree Heights,Brisbane City,4074,Mount Ommaney,South Brisbane,Brisbane,SEQ South,Metropolitan,Middle Park - Jamboree Heights,Centenary,Brisbane - West,Major Cities,Mount Ommaney,Oxley,Locally-controlled,No Roadway Feature,No traffic control,60 km/h,Sealed - Wet,Raining,Darkness - Lighted,Straight,Level,703,Off Path-Straight: Left Off Cway Hit Obj,Off carriageway on straight hit object,N,0,0,1,0,1,1,0,0,0,0,0,0
352894,Hospitalisation,2021,June,Wednesday,15,Hit pedestrian,Hit pedestrian,152.941583,-27.53910744,Moolanda St,,,Jindalee,Brisbane City,4074,Mount Ommaney,South Brisbane,Brisbane,SEQ South,Metropolitan,Jindalee - Mount Ommaney,Centenary,Brisbane - West,Major Cities,Mount Ommaney,Oxley,Locally-controlled,No Roadway Feature,No traffic control,0 - 50 km/h,Sealed - Dry,Clear,Dawn/Dusk,Straight,Grade,3,Ped'N: Far Side Vehicle Hit From Left,Pedestrian,W,0,1,0,0,1,1,0,0,0,0,1,0
352895,Medical treatment,2021,June,Friday,11,Hit parked vehicle,Single Vehicle,152.981762,-27.57660217,Freeman Rd,,,Oxley,Brisbane City,4075,Inala,South Brisbane,Brisbane,SEQ South,Metropolitan,Oxley (qld),Forest Lake - Oxley,Ipswich,Major Cities,Inala,Oxley,Locally-controlled,No Roadway Feature,No traffic control,70 km/h,Sealed - Dry,Clear,Daylight,Straight,Crest,601,Veh'S On Path: Parked,Hit parked vehicle,W,0,0,1,0,1,2,0,0,0,0,0,0
352896,Medical treatment,2021,June,Saturday,11,Rear-end,Multi-Vehicle,152.946937,-27.52792644,Centenary Hwy,,Centenary Motorway (Ellen Grove - Toowong),Jindalee,Brisbane City,4074,Mount Ommaney,South Brisbane,Brisbane,SEQ South,Metropolitan,Seventeen Mile Rocks - Sinnamon Park,Centenary,Brisbane - West,Major Cities,Mount Ommaney,Oxley,State-controlled,Bridge/Causeway,No traffic control,80 - 90 km/h,Sealed - Dry,Clear,Daylight,Straight,Level,301,Veh'S Same Direction: Rear End,Rear-end,N,0,0,1,0,1,4,0,0,0,0,0,0
352897,Hospitalisation,2021,June,Wednesday,14,Sideswipe,Multi-Vehicle,152.956304,-27.54339344,Seventeen Mile Rocks Rd,,,Seventeen Mile Rocks,Brisbane City,4073,Mount Ommaney,South Brisbane,Brisbane,SEQ South,Metropolitan,Seventeen Mile Rocks - Sinnamon Park,Centenary,Brisbane - West,Major Cities,Mount Ommaney,Oxley,Locally-controlled,No Roadway Feature,No traffic control,60 km/h,Sealed - Dry,Clear,Daylight,Straight,Grade,408,Veh'S Manoeuvring: Entering From Footway,Vehicle leaving driveway,S,0,1,0,0,1,1,0,0,0,1,0,0
352898,Medical treatment,2021,June,Wednesday,15,Rear-end,Multi-Vehicle,152.9418224,-27.56381478,Centenary Hwy,,Centenary Motorway (Ellen Grove - Toowong),Darra,Brisbane City,4076,Mount Ommaney,South Brisbane,Brisbane,SEQ South,Metropolitan,Darra - Sumner,Forest Lake - Oxley,Ipswich,Major Cities,Mount Ommaney,Oxley,State-controlled,No Roadway Feature,No traffic control,100 - 110 km/h,Sealed - Dry,Clear,Daylight,Straight,Level,307,Veh'S Same Direction: Lane Change Left,Lane changes,S,0,0,1,1,2,2,0,0,0,0,0,0
352899,Medical treatment,2021,June,Friday,16,Rear-end,Multi-Vehicle,152.9803387,-27.56842401,Blunder Rd,,,Oxley,Brisbane City,4075,Mount Ommaney,South Brisbane,Brisbane,SEQ South,Metropolitan,Oxley (qld),Forest Lake - Oxley,Ipswich,Major Cities,Inala,Oxley,Locally-controlled,No Roadway Feature,No traffic control,60 km/h,Sealed - Dry,Clear,Daylight,Straight,Level,301,Veh'S Same Direction: Rear End,Rear-end,S,0,0,1,0,1,2,0,0,0,0,0,0
352900,Hospitalisation,2021,June,Wednesday,8,Head-on,Multi-Vehicle,152.923799,-27.54349444,Carnegie St,Timaru Cl,,Westlake,Brisbane City,4074,Mount Ommaney,South Brisbane,Brisbane,SEQ South,Metropolitan,Westlake,Centenary,Brisbane - West,Major Cities,Mount Ommaney,Oxley,Locally-controlled,Intersection - T-Junction,No traffic control,0 - 50 km/h,Sealed - Dry,Clear,Daylight,Curved - view open,Level,201,Veh'S Opposite Approach: Head On,Head-on,E,0,2,0,0,2,2,0,0,0,0,0,0
352901,Medical treatment,2021,June,Friday,5,Angle,Multi-Vehicle,152.958883,-27.56935944,Harcourt Rd,Winslow St,,Darra,Brisbane City,4076,Mount Ommaney,South Brisbane,Brisbane,SEQ South,Metropolitan,Darra - Sumner,Forest Lake - Oxley,Ipswich,Major Cities,Mount Ommaney,Oxley,Locally-controlled,Intersection - T-Junction,Stop sign,60 km/h,Sealed - Wet,Raining,Dawn/Dusk,Straight,Grade,104,Veh'S Adjacent Approach: Thru-Right,Intersection from adjacent approaches,N,0,0,1,1,2,2,0,0,0,0,0,0
352902,Medical treatment,2021,June,Sunday,8,Angle,Multi-Vehicle,152.932234,-27.60407244,Boundary Rd,Formation St,,Wacol,Brisbane City,4076,Mount Ommaney,South Brisbane,Brisbane,SEQ South,Metropolitan,Wacol,Forest Lake - Oxley,Ipswich,Major Cities,Inala,Oxley,Locally-controlled,Intersection - Roundabout,Give way sign,60 km/h,Sealed - Dry,Clear,Daylight,Straight,Level,101,Veh'S Adjacent Approach: Thru-Thru,Intersection from adjacent approaches,E,0,0,1,0,1,2,0,0,0,0,0,0
352903,Medical treatment,2021,June,Tuesday,18,Rear-end,Multi-Vehicle,152.922801,-27.59416644,Ipswich Rd Service Rd,,Cunningham Arterial Road (Ipswich Motorway),Wacol,Brisbane City,4076,Mount Ommaney,South Brisbane,Brisbane,SEQ South,Metropolitan,Wacol,Forest Lake - Oxley,Ipswich,Major Cities,Inala,Oxley,State-controlled,Intersection - Interchange,No traffic control,60 km/h,Sealed - Dry,Clear,Darkness - Lighted,Straight,Grade,301,Veh'S Same Direction: Rear End,Rear-end,N,0,0,1,0,1,2,0,0,0,0,0,0
352952,Hospitalisation,2021,February,Friday,15,Overturned,Single Vehicle,146.6558584,-19.85616383,Flinders Hwy,,Flinders Highway (Townsville - Charters Towers),Mingela,Charters Towers Region,4816,Ravenswood,Townsville,Northern,Northern,North Queensland,Dalrymple,Charters Towers - Ayr - Ingham,Townsville,Remote,Traeger,Kennedy,State-controlled,No Roadway Feature,No traffic control,100 - 110 km/h,Sealed - Dry,Clear,Daylight,Curved - view obscured,Grade,801,Off Path-Curve: Off Cway Right Bend,Off carriageway on curve,N,0,1,0,0,1,1,0,0,0,0,0,0
352953,Fatal,2021,February,Tuesday,6,Head-on,Multi-Vehicle,146.5971114,-19.89557182,Flinders Hwy,,Flinders Highway (Townsville - Charters Towers),Dotswood,Charters Towers Region,4820,Ravenswood,Townsville,Northern,Northern,North Queensland,Dalrymple,Charters Towers - Ayr - Ingham,Townsville,Remote,Traeger,Kennedy,State-controlled,No Roadway Feature,No traffic control,100 - 110 km/h,Sealed - Dry,Clear,Daylight,Straight,Grade,201,Veh'S Opposite Approach: Head On,Head-on,E,2,1,0,0,3,1,0,1,0,0,0,0
352954,Medical treatment,2021,March,Friday,18,Overturned,Single Vehicle,146.3721875,-19.4841868,Hervey Range Rd,,Hervey Range Developmental Road (Townsville - Battery),Dotswood,Charters Towers Region,4820,Rollingstone,Townsville,Northern,Northern,North Queensland,Dalrymple,Charters Towers - Ayr - Ingham,Townsville,Remote,Traeger,Kennedy,State-controlled,No Roadway Feature,No traffic control,100 - 110 km/h,Sealed - Dry,Clear,Dawn/Dusk,Straight,Level,701,Off Path-Straight: Left Off Cway,Off carriageway on straight,N,0,0,3,0,3,0,0,0,0,0,0,1
352955,Hospitalisation,2021,May,Monday,8,Hit object,Single Vehicle,146.4283214,-19.73443281,Dotswood Rd,,,Dotswood,Charters Towers Region,4820,Ravenswood,Townsville,Northern,Northern,North Queensland,Dalrymple,Charters Towers - Ayr - Ingham,Townsville,Remote,Traeger,Kennedy,Locally-controlled,Bridge/Causeway,No traffic control,80 - 90 km/h,Unsealed - Dry,Clear,Daylight,Straight,Dip,607,Veh'S On Path: Temporary Object On C'Way,Other,W,0,1,0,0,1,0,1,0,0,0,0,0
352956,Hospitalisation,2021,June,Tuesday,18,Hit animal,Other,146.6377404,-19.89267282,Burdekin Falls Dam Rd,,Burdekin Falls Dam Road,Mingela,Charters Towers Region,4816,Ravenswood,Townsville,Northern,Northern,North Queensland,Dalrymple,Charters Towers - Ayr - Ingham,Townsville,Remote,Traeger,Kennedy,State-controlled,No Roadway Feature,No traffic control,100 - 110 km/h,Sealed - Dry,Clear,Darkness - Not lighted,Straight,Level,609,Pass & Misc: Hit Animal,Hit animal,N,0,1,0,0,1,1,0,0,0,0,0,0
352959,Minor injury,2021,March,Thursday,10,Hit parked vehicle,Single Vehicle,153.20254,-27.53458347,Redland Bay Rd,,Capalaba - Victoria Point Road,Capalaba,Redland City,4157,Capalaba,South Brisbane,Brisbane,SEQ South,Metropolitan,Capalaba,Capalaba,Brisbane - East,Major Cities,Capalaba,Bowman,State-controlled,No Roadway Feature,No traffic control,70 km/h,Sealed - Dry,Clear,Daylight,Straight,Level,703,Off Path-Straight: Left Off Cway Hit Obj,Off carriageway on straight hit object,E,0,0,0,1,1,3,0,0,0,0,0,0
352960,Medical treatment,2021,March,Thursday,14,Rear-end,Multi-Vehicle,153.125256,-27.52045246,Gateway Arterial Rd,,Gateway Motorway (Eight Mile Plains - Nudgee),Belmont,Brisbane City,4153,Capalaba,South Brisbane,Brisbane,SEQ South,Metropolitan,Belmont - Gumdale,Capalaba,Brisbane - East,Major Cities,Chatsworth,Bonner,State-controlled,No Roadway Feature,No traffic control,100 - 110 km/h,Sealed - Dry,Clear,Daylight,Straight,Crest,301,Veh'S Same Direction: Rear End,Rear-end,S,0,0,1,0,1,0,0,2,0,0,0,0
352961,Hospitalisation,2021,March,Friday,21,Hit parked vehicle,Single Vehicle,153.220024,-27.52563747,Cumberland Dr,,,Alexandra Hills,Redland City,4161,Capalaba,South Brisbane,Brisbane,SEQ South,Metropolitan,Alexandra Hills,Capalaba,Brisbane - East,Major Cities,Capalaba,Bowman,Locally-controlled,No Roadway Feature,No traffic control,0 - 50 km/h,Sealed - Dry,Clear,Darkness - Lighted,Straight,Level,703,Off Path-Straight: Left Off Cway Hit Obj,Off carriageway on straight hit object,S,0,2,0,0,2,2,0,0,0,0,0,0