Crash_Severity,Crash_Year,Crash_Month,Crash_Day_Of_Week,Crash_Hour,Crash_Nature,Crash_Type,Crash_Longitude,Crash_Latitude,Crash_Street,Crash_Street_Intersecting,State_Road_Name,Loc_Suburb,Loc_Local_Government_Area,Loc_Post_Code,Loc_Police_Division,Loc_Police_District,Loc_Police_Region,Loc_Queensland_Transport_Region,Loc_Main_Roads_Region,Loc_ABS_Statistical_Area_2,Loc_ABS_Statistical_Area_3,Loc_ABS_Statistical_Area_4,Loc_ABS_Remoteness,Loc_State_Electorate,Loc_Federal_Electorate,Crash_Controlling_Authority,Crash_Roadway_Feature,Crash_Traffic_Control,Crash_Speed_Limit,Crash_Road_Surface_Condition,Crash_Atmospheric_Condition,Crash_Lighting_Condition,Crash_Road_Horiz_Align,Crash_Road_Vert_Align,Crash_DCA_Code,Crash_DCA_Description,Crash_DCA_Group_Description,DCA_Key_Approach_Dir,Count_Casualty_Fatality,Count_Casualty_Hospitalised,Count_Casualty_MedicallyTreated,Count_Casualty_MinorInjury,Count_Casualty_Total,Count_Unit_Car,Count_Unit_Motorcycle_Moped,Count_Unit_Truck,Count_Unit_Bus,Count_Unit_Bicycle,Count_Unit_Pedestrian,Count_Unit_Other,
352962,Hospitalisation,2021,March,Saturday,16,Angle,Multi-Vehicle,153.200762,-27.53429346,Ney Rd,Redland Bay Rd,Capalaba - Victoria Point Road,Capalaba,Redland City,4157,Capalaba,South Brisbane,Brisbane,SEQ South,Metropolitan,Capalaba,Capalaba,Brisbane - East,Major Cities,Capalaba,Bowman,State-controlled,Intersection - T-Junction,Operating traffic lights,60 km/h,Sealed - Dry,Clear,Daylight,Curved - view open,Level,104,Veh'S Adjacent Approach: Thru-Right,Intersection from adjacent approaches,W,0,1,0,0,1,2,0,0,0,0,0,0
352963,Hospitalisation,2021,March,Monday,16,Hit object,Single Vehicle,153.2068688,-27.52287305,Finucane Rd,,Capalaba - Cleveland Road,Capalaba,Redland City,4157,Capalaba,South Brisbane,Brisbane,SEQ South,Metropolitan,Capalaba,Capalaba,Brisbane - East,Major Cities,Capalaba,Bowman,State-controlled,No Roadway Feature,No traffic control,70 km/h,Sealed - Dry,Clear,Daylight,Straight,Level,703,Off Path-Straight: Left Off Cway Hit Obj,Off carriageway on straight hit object,W,0,1,0,0,1,1,0,0,0,0,0,0
352964,Hospitalisation,2021,March,Tuesday,11,Angle,Multi-Vehicle,153.198196,-27.52897246,Smith St,Veronica St,,Capalaba,Redland City,4157,Capalaba,South Brisbane,Brisbane,SEQ South,Metropolitan,Capalaba,Capalaba,Brisbane - East,Major Cities,Capalaba,Bowman,Locally-controlled,Intersection - T-Junction,No traffic control,0 - 50 km/h,Sealed - Dry,Clear,Daylight,Straight,Level,104,Veh'S Adjacent Approach: Thru-Right,Intersection from adjacent approaches,E,0,2,0,0,2,2,0,0,0,0,0,0
352965,Hospitalisation,2021,March,Tuesday,13,Angle,Multi-Vehicle,153.196066,-27.48904146,Quarry Rd,Thorneside Rd,,Birkdale,Redland City,4159,Capalaba,South Brisbane,Brisbane,SEQ South,Metropolitan,Birkdale,Capalaba,Brisbane - East,Major Cities,Capalaba,Bowman,Locally-controlled,Intersection - Cross,Operating traffic lights,80 - 90 km/h,Sealed - Wet,Clear,Daylight,Straight,Level,104,Veh'S Adjacent Approach: Thru-Right,Intersection from adjacent approaches,E,0,1,1,0,2,2,0,0,0,0,0,0
352966,Hospitalisation,2021,April,Saturday,18,Hit object,Single Vehicle,153.2345425,-27.56451566,Redland Bay Rd,,Capalaba - Victoria Point Road,Capalaba,Redland City,4157,Cleveland,South Brisbane,Brisbane,SEQ South,Metropolitan,Capalaba,Capalaba,Brisbane - East,Major Cities,Capalaba,Bowman,State-controlled,No Roadway Feature,No traffic control,60 km/h,Sealed - Wet,Raining,Darkness - Lighted,Straight,Dip,708,Off Path-Straight: Mounts Traffic Island,Off carriageway on straight hit object,N,0,4,0,0,4,1,0,0,0,0,0,0
352967,Medical treatment,2021,April,Wednesday,16,Angle,Multi-Vehicle,153.234386,-27.48780347,Birkdale Rd,Cooinda St,Birkdale Road,Wellington Point,Redland City,4160,Capalaba,South Brisbane,Brisbane,SEQ South,Metropolitan,Wellington Point,Capalaba,Brisbane - East,Major Cities,Oodgeroo,Bowman,State-controlled,Intersection - T-Junction,Give way sign,60 km/h,Sealed - Dry,Clear,Daylight,Straight,Level,104,Veh'S Adjacent Approach: Thru-Right,Intersection from adjacent approaches,E,0,0,1,0,1,2,0,0,0,0,0,0
352968,Hospitalisation,2021,April,Thursday,8,Head-on,Multi-Vehicle,153.236568,-27.62333947,Mt Cotton Rd,,Mount Cotton Road,Mount Cotton,Redland City,4165,Redland Bay,South Brisbane,Brisbane,SEQ South,Metropolitan,Sheldon - Mount Cotton,Cleveland - Stradbroke,Brisbane - East,Major Cities,Springwood,Bowman,State-controlled,No Roadway Feature,No traffic control,70 km/h,Sealed - Dry,Clear,Daylight,Curved - view open,Crest,201,Veh'S Opposite Approach: Head On,Head-on,N,0,2,0,0,2,2,0,0,0,0,0,0
352969,Medical treatment,2021,April,Friday,7,Rear-end,Multi-Vehicle,153.235291,-27.61113747,Mt Cotton Rd,,Mount Cotton Road,Mount Cotton,Redland City,4165,Redland Bay,South Brisbane,Brisbane,SEQ South,Metropolitan,Sheldon - Mount Cotton,Cleveland - Stradbroke,Brisbane - East,Major Cities,Springwood,Bowman,State-controlled,No Roadway Feature,No traffic control,70 km/h,Sealed - Dry,Clear,Dawn/Dusk,Curved - view open,Dip,301,Veh'S Same Direction: Rear End,Rear-end,W,0,0,1,0,1,2,0,0,0,0,0,0
352970,Hospitalisation,2021,April,Friday,12,Angle,Multi-Vehicle,153.215139,-27.55090246,Korawal St,Montana Dr,,Capalaba,Redland City,4157,Capalaba,South Brisbane,Brisbane,SEQ South,Metropolitan,Capalaba,Capalaba,Brisbane - East,Major Cities,Capalaba,Bowman,Locally-controlled,Intersection - T-Junction,Stop sign,0 - 50 km/h,Sealed - Dry,Clear,Daylight,Straight,Level,104,Veh'S Adjacent Approach: Thru-Right,Intersection from adjacent approaches,W,0,1,0,0,1,1,1,0,0,0,0,0
352971,Medical treatment,2021,April,Saturday,11,Sideswipe,Multi-Vehicle,153.213837,-27.49372946,Birkdale Rd,Quarry Rd,Birkdale Road,Birkdale,Redland City,4159,Capalaba,South Brisbane,Brisbane,SEQ South,Metropolitan,Birkdale,Capalaba,Brisbane - East,Major Cities,Capalaba,Bowman,State-controlled,Intersection - Roundabout,Give way sign,60 km/h,Sealed - Dry,Clear,Daylight,Curved - view open,Level,309,Veh'S Same Direction: Left Turn S/Swipe,Parallel lanes turning,N,0,0,1,0,1,2,0,0,0,0,0,0
352972,Medical treatment,2021,April,Monday,12,Rear-end,Multi-Vehicle,153.215469,-27.52518346,Windemere Rd,,,Alexandra Hills,Redland City,4161,Capalaba,South Brisbane,Brisbane,SEQ South,Metropolitan,Alexandra Hills,Capalaba,Brisbane - East,Major Cities,Capalaba,Bowman,Locally-controlled,Intersection - T-Junction,Operating traffic lights,60 km/h,Sealed - Dry,Clear,Daylight,Straight,Level,301,Veh'S Same Direction: Rear End,Rear-end,S,0,0,1,0,1,2,0,0,0,0,0,0
352973,Fatal,2021,April,Tuesday,18,Angle,Multi-Vehicle,153.239986,-27.52433047,Dawson Rd,Finucane Rd,Capalaba - Cleveland Road,Alexandra Hills,Redland City,4161,Capalaba,South Brisbane,Brisbane,SEQ South,Metropolitan,Alexandra Hills,Capalaba,Brisbane - East,Major Cities,Capalaba,Bowman,State-controlled,Intersection - T-Junction,Give way sign,80 - 90 km/h,Sealed - Dry,Clear,Darkness - Lighted,Curved - view obscured,Crest,202,Veh'S Opposite Approach: Thru-Right,Opposing vehicles turning,E,1,0,0,0,1,2,1,0,0,0,0,0
352974,Medical treatment,2021,April,Tuesday,14,Rear-end,Multi-Vehicle,153.199091,-27.52906946,Smith St,,,Capalaba,Redland City,4157,Capalaba,South Brisbane,Brisbane,SEQ South,Metropolitan,Capalaba,Capalaba,Brisbane - East,Major Cities,Capalaba,Bowman,Locally-controlled,No Roadway Feature,No traffic control,0 - 50 km/h,Sealed - Dry,Clear,Daylight,Straight,Level,301,Veh'S Same Direction: Rear End,Rear-end,E,0,0,1,0,1,2,0,0,0,0,0,0
352975,Medical treatment,2021,April,Wednesday,17,Hit pedestrian,Hit pedestrian,153.238917,-27.48707247,Main Rd,,,Wellington Point,Redland City,4160,Cleveland,South Brisbane,Brisbane,SEQ South,Metropolitan,Wellington Point,Capalaba,Brisbane - East,Major Cities,Oodgeroo,Bowman,Locally-controlled,No Roadway Feature,No traffic control,0 - 50 km/h,Sealed - Dry,Clear,Darkness - Lighted,Straight,Level,0,Ped'N: Hit Other,Other,S,0,0,1,0,1,1,0,0,0,0,1,0
352976,Hospitalisation,2021,April,Friday,8,Sideswipe,Multi-Vehicle,153.241037,-27.63740247,Valley Way,,Mount Cotton Road,Mount Cotton,Redland City,4165,Redland Bay,South Brisbane,Brisbane,SEQ South,Metropolitan,Sheldon - Mount Cotton,Cleveland - Stradbroke,Brisbane - East,Major Cities,Springwood,Bowman,State-controlled,No Roadway Feature,No traffic control,60 km/h,Sealed - Dry,Clear,Daylight,Straight,Level,307,Veh'S Same Direction: Lane Change Left,Lane changes,W,0,1,0,0,1,2,0,0,0,1,0,0
352977,Minor injury,2021,May,Thursday,7,Rear-end,Multi-Vehicle,153.208828,-27.53592546,Redland Bay Rd,Windemere Rd,Capalaba - Victoria Point Road,Alexandra Hills,Redland City,4161,Capalaba,South Brisbane,Brisbane,SEQ South,Metropolitan,Alexandra Hills,Capalaba,Brisbane - East,Major Cities,Capalaba,Bowman,State-controlled,Intersection - T-Junction,Give way sign,60 km/h,Sealed - Dry,Clear,Dawn/Dusk,Curved - view open,Level,302,Veh'S Same Direction: Left Rear,Rear-end,S,0,0,0,1,1,2,0,0,0,0,0,0
352978,Hospitalisation,2021,May,Friday,14,Hit pedestrian,Hit pedestrian,153.231508,-27.49003647,Anson Rd,,,Wellington Point,Redland City,4160,Capalaba,South Brisbane,Brisbane,SEQ South,Metropolitan,Wellington Point,Capalaba,Brisbane - East,Major Cities,Oodgeroo,Bowman,Locally-controlled,No Roadway Feature,No traffic control,0 - 50 km/h,Sealed - Dry,Clear,Daylight,Straight,Level,1,Ped'N: Near Side Vehicle Hit From Right,Pedestrian,N,0,1,0,0,1,1,0,0,0,0,1,0
352979,Minor injury,2021,May,Monday,7,Hit object,Single Vehicle,153.225839,-27.52344947,Allenby Rd,Finucane Rd,Capalaba - Cleveland Road,Alexandra Hills,Redland City,4161,Capalaba,South Brisbane,Brisbane,SEQ South,Metropolitan,Alexandra Hills,Capalaba,Brisbane - East,Major Cities,Capalaba,Bowman,State-controlled,Intersection - Cross,Operating traffic lights,70 km/h,Sealed - Dry,Clear,Daylight,Straight,Level,303,Veh'S Same Direction: Right Rear,Rear-end,N,0,0,0,1,1,2,0,0,0,0,0,0
352980,Minor injury,2021,May,Monday,14,Sideswipe,Multi-Vehicle,153.125098,-27.50288746,Old Cleveland Rd,,Cleveland Sub-Arterial Road,Belmont,Brisbane City,4153,Capalaba,South Brisbane,Brisbane,SEQ South,Metropolitan,Belmont - Gumdale,Capalaba,Brisbane - East,Major Cities,Chatsworth,Bonner,State-controlled,No Roadway Feature,No traffic control,60 km/h,Sealed - Dry,Clear,Daylight,Straight,Level,306,Veh'S Same Direction: Lane Change Right,Lane changes,E,0,0,0,2,2,2,0,0,0,0,0,0
352981,Medical treatment,2021,May,Wednesday,8,Angle,Multi-Vehicle,153.235469,-27.52545547,Mcdonald Rd,Sallows St,,Alexandra Hills,Redland City,4161,Capalaba,South Brisbane,Brisbane,SEQ South,Metropolitan,Alexandra Hills,Capalaba,Brisbane - East,Major Cities,Capalaba,Bowman,Locally-controlled,Intersection - T-Junction,Give way sign,0 - 50 km/h,Sealed - Dry,Clear,Daylight,Straight,Level,107,Veh'S Adjacent Approach: Thru-Left,Intersection from adjacent approaches,N,0,0,1,0,1,1,0,0,0,1,0,0
352982,Minor injury,2021,May,Wednesday,6,Rear-end,Multi-Vehicle,153.149467,-27.50952946,Old Cleveland Rd,Tilley Rd,Cleveland Sub-Arterial Road,Chandler,Brisbane City,4155,Capalaba,South Brisbane,Brisbane,SEQ South,Metropolitan,Belmont - Gumdale,Capalaba,Brisbane - East,Major Cities,Chatsworth,Bonner,State-controlled,Intersection - Cross,Operating traffic lights,80 - 90 km/h,Sealed - Wet,Raining,Daylight,Straight,Level,301,Veh'S Same Direction: Rear End,Rear-end,E,0,0,0,1,1,2,0,0,0,0,0,0
352983,Hospitalisation,2021,May,Thursday,15,Sideswipe,Multi-Vehicle,153.140503,-27.54510446,Mt Gravatt - Capalaba Rd,,,Burbank,Brisbane City,4156,Capalaba,South Brisbane,Brisbane,SEQ South,Metropolitan,Rochedale - Burbank,Mt Gravatt,Brisbane - South,Major Cities,Mansfield,Bonner,Locally-controlled,No Roadway Feature,No traffic control,80 - 90 km/h,Sealed - Dry,Clear,Daylight,Curved - view open,Level,201,Veh'S Opposite Approach: Head On,Head-on,N,0,1,1,0,2,3,0,0,0,0,0,0
352984,Hospitalisation,2021,May,Saturday,6,Hit object,Single Vehicle,153.224762,-27.52607847,Cambridge Dr,,,Alexandra Hills,Redland City,4161,Capalaba,South Brisbane,Brisbane,SEQ South,Metropolitan,Alexandra Hills,Capalaba,Brisbane - East,Major Cities,Capalaba,Bowman,Locally-controlled,No Roadway Feature,No traffic control,0 - 50 km/h,Sealed - Dry,Clear,Dawn/Dusk,Straight,Crest,705,Off Path-Straight:Out Of Control On Cway,Out of control on straight,E,0,1,0,0,1,1,0,0,0,0,0,0
352985,Medical treatment,2021,May,Sunday,13,Rear-end,Multi-Vehicle,153.192313,-27.52440546,Redland Bay Rd,,,Capalaba,Redland City,4157,Capalaba,South Brisbane,Brisbane,SEQ South,Metropolitan,Capalaba,Capalaba,Brisbane - East,Major Cities,Capalaba,Bowman,Locally-controlled,Intersection - T-Junction,Operating traffic lights,60 km/h,Sealed - Dry,Clear,Daylight,Straight,Grade,400,Veh'S Manoeuvring: Other,Other,,0,0,1,0,1,2,0,0,0,0,0,0
352986,Medical treatment,2021,May,Wednesday,15,Rear-end,Multi-Vehicle,153.1912474,-27.52045809,Old Cleveland Rd,,Capalaba - Cleveland Road,Capalaba,Redland City,4157,Capalaba,South Brisbane,Brisbane,SEQ South,Metropolitan,Capalaba,Capalaba,Brisbane - East,Major Cities,Capalaba,Bowman,State-controlled,No Roadway Feature,No traffic control,60 km/h,Sealed - Dry,Clear,Daylight,Straight,Level,301,Veh'S Same Direction: Rear End,Rear-end,W,0,0,1,0,1,2,0,0,0,0,0,0
352987,Medical treatment,2021,May,Thursday,7,Rear-end,Multi-Vehicle,153.187868,-27.48765246,Rickertt Rd,,,Thorneside,Redland City,4158,Capalaba,South Brisbane,Brisbane,SEQ South,Metropolitan,Thorneside,Capalaba,Brisbane - East,Major Cities,Capalaba,Bowman,Locally-controlled,No Roadway Feature,No traffic control,80 - 90 km/h,Sealed - Dry,Clear,Daylight,Straight,Level,301,Veh'S Same Direction: Rear End,Rear-end,W,0,0,1,0,1,3,0,0,0,0,0,0
352988,Hospitalisation,2021,May,Sunday,14,Angle,Multi-Vehicle,153.23069,-27.51474647,Allenby Rd,,,Alexandra Hills,Redland City,4161,Capalaba,South Brisbane,Brisbane,SEQ South,Metropolitan,Alexandra Hills,Capalaba,Brisbane - East,Major Cities,Capalaba,Bowman,Locally-controlled,No Roadway Feature,No traffic control,60 km/h,Sealed - Dry,Clear,Daylight,Curved - view obscured,Level,408,Veh'S Manoeuvring: Entering From Footway,Vehicle leaving driveway,N,0,1,0,0,1,1,1,0,0,0,0,0
352989,Medical treatment,2021,May,Monday,10,Angle,Multi-Vehicle,153.140302,-27.49227046,Stanbrough Rd,,,Gumdale,Brisbane City,4154,Capalaba,South Brisbane,Brisbane,SEQ South,Metropolitan,Belmont - Gumdale,Capalaba,Brisbane - East,Major Cities,Chatsworth,Bonner,Locally-controlled,No Roadway Feature,No traffic control,70 km/h,Sealed - Dry,Clear,Daylight,Straight,Dip,408,Veh'S Manoeuvring: Entering From Footway,Vehicle leaving driveway,N,0,0,1,0,1,0,1,1,0,0,0,0
352990,Hospitalisation,2021,May,Sunday,13,Head-on,Multi-Vehicle,153.139677,-27.49551446,Stanbrough Rd,,,Gumdale,Brisbane City,4154,Capalaba,South Brisbane,Brisbane,SEQ South,Metropolitan,Belmont - Gumdale,Capalaba,Brisbane - East,Major Cities,Chatsworth,Bonner,Locally-controlled,No Roadway Feature,No traffic control,60 km/h,Sealed - Dry,Clear,Daylight,Straight,Level,201,Veh'S Opposite Approach: Head On,Head-on,N,0,1,1,0,2,2,0,0,0,0,0,0
352991,Medical treatment,2021,May,Monday,14,Rear-end,Multi-Vehicle,153.125859,-27.50315246,Gateway Art Rd Ramp Vf,Old Cleveland Rd,Cleveland Sub-Arterial Road,Belmont,Brisbane City,4153,Capalaba,South Brisbane,Brisbane,SEQ South,Metropolitan,Belmont - Gumdale,Capalaba,Brisbane - East,Major Cities,Chatsworth,Bonner,State-controlled,Intersection - Interchange,Give way sign,60 km/h,Sealed - Dry,Clear,Daylight,Curved - view open,Crest,302,Veh'S Same Direction: Left Rear,Rear-end,E,0,0,1,0,1,2,0,0,0,0,0,0
352992,Medical treatment,2021,June,Tuesday,22,Fall from vehicle,Single Vehicle,153.134191,-27.54708146,Mt Cotton Rd,Redland Sub-Arterial Rd,Redland Sub-Arterial Road,Burbank,Brisbane City,4156,Capalaba,South Brisbane,Brisbane,SEQ South,Metropolitan,Rochedale - Burbank,Mt Gravatt,Brisbane - South,Major Cities,Mansfield,Bonner,State-controlled,Intersection - T-Junction,Give way sign,60 km/h,Sealed - Dry,Clear,Darkness - Lighted,Curved - view open,Level,607,Veh'S On Path: Temporary Object On C'Way,Other,E,0,0,1,0,1,0,1,0,0,0,0,0
352993,Medical treatment,2021,June,Wednesday,7,Rear-end,Multi-Vehicle,153.21333,-27.56814646,Mt Cotton Rd,,Redland Bay Road,Capalaba,Redland City,4157,Capalaba,South Brisbane,Brisbane,SEQ South,Metropolitan,Capalaba,Capalaba,Brisbane - East,Major Cities,Capalaba,Bowman,State-controlled,No Roadway Feature,No traffic control,60 km/h,Sealed - Dry,Clear,Daylight,Curved - view open,Level,301,Veh'S Same Direction: Rear End,Rear-end,W,0,0,1,0,1,1,1,0,0,0,0,0
352994,Hospitalisation,2021,June,Thursday,15,Hit object,Single Vehicle,153.213302,-27.49340846,Quarry Rd,,Birkdale Road,Birkdale,Redland City,4159,Capalaba,South Brisbane,Brisbane,SEQ South,Metropolitan,Birkdale,Capalaba,Brisbane - East,Major Cities,Capalaba,Bowman,State-controlled,No Roadway Feature,No traffic control,60 km/h,Sealed - Wet,Raining,Daylight,Straight,Level,201,Veh'S Opposite Approach: Head On,Head-on,W,0,1,0,0,1,1,0,0,1,0,0,0
352995,Minor injury,2021,June,Friday,15,Sideswipe,Multi-Vehicle,153.224216,-27.51713647,Crown Rd,Edinburgh Rd,,Alexandra Hills,Redland City,4161,Capalaba,South Brisbane,Brisbane,SEQ South,Metropolitan,Alexandra Hills,Capalaba,Brisbane - East,Major Cities,Capalaba,Bowman,Locally-controlled,Intersection - T-Junction,Give way sign,0 - 50 km/h,Sealed - Dry,Clear,Daylight,Straight,Level,105,Veh'S Adjacent Approach: Right-Right,Intersection from adjacent approaches,W,0,0,0,1,1,2,0,0,0,0,0,0
352996,Medical treatment,2021,June,Saturday,12,Rear-end,Multi-Vehicle,153.183911,-27.51756146,Old Cleveland Rd,,Cleveland Sub-Arterial Road,Chandler,Brisbane City,4155,Capalaba,South Brisbane,Brisbane,SEQ South,Metropolitan,Belmont - Gumdale,Capalaba,Brisbane - East,Major Cities,Chatsworth,Bonner,State-controlled,No Roadway Feature,No traffic control,70 km/h,Sealed - Dry,Clear,Daylight,Straight,Crest,301,Veh'S Same Direction: Rear End,Rear-end,W,0,0,2,0,2,2,0,0,0,0,0,0
352997,Minor injury,2021,June,Monday,8,Overturned,Single Vehicle,153.199379,-27.56260546,Avalon Rd,Mt Cotton Rd,Redland Bay Road,Sheldon,Redland City,4157,Capalaba,South Brisbane,Brisbane,SEQ South,Metropolitan,Sheldon - Mount Cotton,Cleveland - Stradbroke,Brisbane - East,Major Cities,Springwood,Bowman,State-controlled,Intersection - Roundabout,No traffic control,70 km/h,Sealed - Dry,Clear,Daylight,Curved - view open,Level,805,Off Path-Curve: Out Of Control On Cway,Out of control on curve,E,0,0,0,1,1,0,0,1,0,0,0,0
352998,Minor injury,2021,June,Tuesday,16,Rear-end,Multi-Vehicle,153.220778,-27.58044647,Mt Cotton Rd,,Mount Cotton Road,Sheldon,Redland City,4157,Capalaba,South Brisbane,Brisbane,SEQ South,Metropolitan,Sheldon - Mount Cotton,Cleveland - Stradbroke,Brisbane - East,Major Cities,Redlands,Bowman,State-controlled,No Roadway Feature,No traffic control,80 - 90 km/h,Sealed - Dry,Clear,Dawn/Dusk,Straight,Level,301,Veh'S Same Direction: Rear End,Rear-end,S,0,0,0,1,1,2,0,0,0,0,0,0
352999,Hospitalisation,2021,June,Sunday,4,Hit object,Single Vehicle,153.2405665,-27.63835318,Mt Cotton Rd,,Mount Cotton Road,Mount Cotton,Redland City,4165,Redland Bay,South Brisbane,Brisbane,SEQ South,Metropolitan,Sheldon - Mount Cotton,Cleveland - Stradbroke,Brisbane - East,Major Cities,Springwood,Bowman,State-controlled,No Roadway Feature,No traffic control,80 - 90 km/h,Sealed - Dry,Clear,Darkness - Lighted,Curved - view open,Crest,808,Off Path-Curve: Mounts Traffic Island,Off carriageway on curve hit object,N,0,1,0,0,1,1,0,0,0,0,0,0
353000,Medical treatment,2021,June,Tuesday,17,Angle,Multi-Vehicle,153.198614,-27.52350746,Dan St,Moreton Bay Rd,Birkdale Road,Capalaba,Redland City,4157,Capalaba,South Brisbane,Brisbane,SEQ South,Metropolitan,Capalaba,Capalaba,Brisbane - East,Major Cities,Capalaba,Bowman,State-controlled,Intersection - T-Junction,Give way sign,60 km/h,Sealed - Dry,Clear,Daylight,Straight,Level,202,Veh'S Opposite Approach: Thru-Right,Opposing vehicles turning,S,0,0,2,0,2,2,0,0,0,0,0,0
353001,Fatal,2021,June,Wednesday,17,Angle,Multi-Vehicle,153.218111,-27.54464247,Redland Bay Rd,,Capalaba - Victoria Point Road,Capalaba,Redland City,4157,Capalaba,South Brisbane,Brisbane,SEQ South,Metropolitan,Capalaba,Capalaba,Brisbane - East,Major Cities,Capalaba,Bowman,State-controlled,No Roadway Feature,No traffic control,80 - 90 km/h,Sealed - Dry,Clear,Daylight,Straight,Level,703,Off Path-Straight: Left Off Cway Hit Obj,Off carriageway on straight hit object,W,1,0,0,0,1,0,1,1,0,0,0,0
353002,Medical treatment,2021,June,Wednesday,17,Rear-end,Multi-Vehicle,153.179478,-27.51361346,New Cleveland Rd,Old Cleveland Rd,Cleveland Sub-Arterial Road,Chandler,Brisbane City,4155,Capalaba,South Brisbane,Brisbane,SEQ South,Metropolitan,Belmont - Gumdale,Capalaba,Brisbane - East,Major Cities,Chatsworth,Bonner,State-controlled,Intersection - T-Junction,Operating traffic lights,60 km/h,Sealed - Wet,Raining,Dawn/Dusk,Straight,Level,303,Veh'S Same Direction: Right Rear,Rear-end,N,0,0,1,0,1,2,0,0,0,0,0,0
353003,Medical treatment,2021,June,Thursday,17,Rear-end,Multi-Vehicle,153.236249,-27.50875447,Main Rd,,,Wellington Point,Redland City,4160,Cleveland,South Brisbane,Brisbane,SEQ South,Metropolitan,Wellington Point,Capalaba,Brisbane - East,Major Cities,Oodgeroo,Bowman,Locally-controlled,No Roadway Feature,No traffic control,60 km/h,Sealed - Dry,Clear,Darkness - Lighted,Straight,Level,301,Veh'S Same Direction: Rear End,Rear-end,S,0,0,1,0,1,2,0,0,0,0,0,0
353004,Minor injury,2021,June,Friday,8,Angle,Multi-Vehicle,153.151893,-27.49830146,Grassdale Rd,Tilley Rd,,Gumdale,Brisbane City,4154,Capalaba,South Brisbane,Brisbane,SEQ South,Metropolitan,Belmont - Gumdale,Capalaba,Brisbane - East,Major Cities,Chatsworth,Bonner,Locally-controlled,Intersection - Cross,Stop sign,60 km/h,Sealed - Dry,Clear,Daylight,Straight,Grade,202,Veh'S Opposite Approach: Thru-Right,Opposing vehicles turning,S,0,0,0,1,1,2,0,0,0,0,0,0
353005,Minor injury,2021,June,Friday,14,Rear-end,Multi-Vehicle,153.224594,-27.52327847,Finucane Rd,,Capalaba - Cleveland Road,Alexandra Hills,Redland City,4161,Capalaba,South Brisbane,Brisbane,SEQ South,Metropolitan,Alexandra Hills,Capalaba,Brisbane - East,Major Cities,Capalaba,Bowman,State-controlled,No Roadway Feature,No traffic control,60 km/h,Sealed - Dry,Clear,Daylight,Straight,Crest,301,Veh'S Same Direction: Rear End,Rear-end,E,0,0,0,1,1,4,0,0,0,0,0,0
353006,Fatal,2021,June,Monday,15,Angle,Multi-Vehicle,153.213069,-27.56806546,Henderson Rd,Mt Cotton Rd,Redland Bay Road,Capalaba,Redland City,4157,Capalaba,South Brisbane,Brisbane,SEQ South,Metropolitan,Capalaba,Capalaba,Brisbane - East,Major Cities,Capalaba,Bowman,State-controlled,Intersection - T-Junction,No traffic control,60 km/h,Sealed - Dry,Clear,Daylight,Curved - view open,Level,202,Veh'S Opposite Approach: Thru-Right,Opposing vehicles turning,E,1,2,0,0,3,1,1,0,0,0,0,0
353007,Hospitalisation,2021,June,Monday,19,Rear-end,Multi-Vehicle,153.148499,-27.50935046,Old Cleveland Rd,,Cleveland Sub-Arterial Road,Chandler,Brisbane City,4155,Capalaba,South Brisbane,Brisbane,SEQ South,Metropolitan,Belmont - Gumdale,Capalaba,Brisbane - East,Major Cities,Chatsworth,Bonner,State-controlled,No Roadway Feature,No traffic control,70 km/h,Sealed - Dry,Clear,Darkness - Lighted,Straight,Level,301,Veh'S Same Direction: Rear End,Rear-end,E,0,2,0,0,2,3,0,0,0,0,0,0
353008,Medical treatment,2021,June,Monday,14,Angle,Multi-Vehicle,153.201926,-27.52952446,Neumann Rd,Smith St,,Capalaba,Redland City,4157,Capalaba,South Brisbane,Brisbane,SEQ South,Metropolitan,Capalaba,Capalaba,Brisbane - East,Major Cities,Capalaba,Bowman,Locally-controlled,Intersection - T-Junction,No traffic control,0 - 50 km/h,Sealed - Dry,Clear,Daylight,Straight,Level,104,Veh'S Adjacent Approach: Thru-Right,Intersection from adjacent approaches,W,0,0,1,0,1,2,0,0,0,0,0,0
353009,Hospitalisation,2021,June,Tuesday,7,Rear-end,Multi-Vehicle,153.147435,-27.55568046,Mt Cotton Rd,,Redland Sub-Arterial Road,Burbank,Brisbane City,4156,Capalaba,South Brisbane,Brisbane,SEQ South,Metropolitan,Rochedale - Burbank,Mt Gravatt,Brisbane - South,Major Cities,Mansfield,Bonner,State-controlled,No Roadway Feature,No traffic control,80 - 90 km/h,Sealed - Dry,Clear,Daylight,Straight,Level,301,Veh'S Same Direction: Rear End,Rear-end,E,0,1,0,0,1,3,0,0,0,0,0,1
353010,Medical treatment,2021,June,Saturday,12,Angle,Multi-Vehicle,153.189664,-27.52308446,Mt Cotton Rd,,,Capalaba,Redland City,4157,Capalaba,South Brisbane,Brisbane,SEQ South,Metropolitan,Capalaba,Capalaba,Brisbane - East,Major Cities,Capalaba,Bowman,Locally-controlled,Intersection - T-Junction,Operating traffic lights,60 km/h,Sealed - Dry,Clear,Daylight,Straight,Level,406,Veh'S Manoeuvring: Leaving Driveway,Vehicle leaving driveway,N,0,0,1,0,1,2,0,0,0,0,0,0
353011,Hospitalisation,2021,June,Monday,9,Angle,Multi-Vehicle,153.169201,-27.52646346,Geldart Rd,Mt Gravatt - Capalaba Rd,,Chandler,Brisbane City,4155,Capalaba,South Brisbane,Brisbane,SEQ South,Metropolitan,Belmont - Gumdale,Capalaba,Brisbane - East,Major Cities,Chatsworth,Bonner,Locally-controlled,Intersection - T-Junction,Give way sign,70 km/h,Sealed - Dry,Clear,Daylight,Curved - view open,Grade,202,Veh'S Opposite Approach: Thru-Right,Opposing vehicles turning,W,0,2,0,0,2,1,0,1,0,0,0,0