Crash_Severity,Crash_Year,Crash_Month,Crash_Day_Of_Week,Crash_Hour,Crash_Nature,Crash_Type,Crash_Longitude,Crash_Latitude,Crash_Street,Crash_Street_Intersecting,State_Road_Name,Loc_Suburb,Loc_Local_Government_Area,Loc_Post_Code,Loc_Police_Division,Loc_Police_District,Loc_Police_Region,Loc_Queensland_Transport_Region,Loc_Main_Roads_Region,Loc_ABS_Statistical_Area_2,Loc_ABS_Statistical_Area_3,Loc_ABS_Statistical_Area_4,Loc_ABS_Remoteness,Loc_State_Electorate,Loc_Federal_Electorate,Crash_Controlling_Authority,Crash_Roadway_Feature,Crash_Traffic_Control,Crash_Speed_Limit,Crash_Road_Surface_Condition,Crash_Atmospheric_Condition,Crash_Lighting_Condition,Crash_Road_Horiz_Align,Crash_Road_Vert_Align,Crash_DCA_Code,Crash_DCA_Description,Crash_DCA_Group_Description,DCA_Key_Approach_Dir,Count_Casualty_Fatality,Count_Casualty_Hospitalised,Count_Casualty_MedicallyTreated,Count_Casualty_MinorInjury,Count_Casualty_Total,Count_Unit_Car,Count_Unit_Motorcycle_Moped,Count_Unit_Truck,Count_Unit_Bus,Count_Unit_Bicycle,Count_Unit_Pedestrian,Count_Unit_Other,
353454,Hospitalisation,2021,January,Monday,12,Overturned,Single Vehicle,152.9431941,-26.66311323,Blackall Range Rd,,,West Woombye,Sunshine Coast Region,4559,Palmwoods,Sunshine Coast,North Coast,SEQ North,North Coast,Palmwoods,Sunshine Coast Hinterland,Sunshine Coast,Inner Regional,Nicklin,Fisher,Locally-controlled,No Roadway Feature,No traffic control,60 km/h,Sealed - Dry,Clear,Daylight,Curved - view obscured,Level,805,Off Path-Curve: Out Of Control On Cway,Out of control on curve,E,0,1,0,0,1,0,1,0,0,0,0,0
353455,Hospitalisation,2021,January,Monday,13,Sideswipe,Multi-Vehicle,152.9482271,-26.66125143,Reids Rd,,,West Woombye,Sunshine Coast Region,4559,Palmwoods,Sunshine Coast,North Coast,SEQ North,North Coast,Nambour,Nambour,Sunshine Coast,Major Cities,Nicklin,Fairfax,Locally-controlled,No Roadway Feature,No traffic control,70 km/h,Sealed - Dry,Clear,Daylight,Curved - view obscured,Level,201,Veh'S Opposite Approach: Head On,Head-on,E,0,2,0,1,3,3,0,0,0,0,0,0
353456,Hospitalisation,2021,January,Monday,9,Angle,Multi-Vehicle,152.9738581,-26.67263943,Taintons Rd,Woombye - Montville Rd,Woombye - Montville Road,Woombye,Sunshine Coast Region,4559,Nambour,Sunshine Coast,North Coast,SEQ North,North Coast,Nambour,Nambour,Sunshine Coast,Major Cities,Nicklin,Fairfax,State-controlled,Intersection - T-Junction,Stop sign,60 km/h,Sealed - Dry,Clear,Daylight,Straight,Crest,104,Veh'S Adjacent Approach: Thru-Right,Intersection from adjacent approaches,N,0,1,0,0,1,2,0,0,0,0,0,0
353457,Medical treatment,2021,January,Wednesday,7,Rear-end,Multi-Vehicle,152.9985136,-26.67412291,Bruce Hwy On Ramp,Nambour Connection Rd Off Ramp,Nambour Connection Road,Woombye,Sunshine Coast Region,4559,Nambour,Sunshine Coast,North Coast,SEQ North,North Coast,Nambour,Nambour,Sunshine Coast,Major Cities,Nicklin,Fairfax,State-controlled,Intersection - Roundabout,Give way sign,60 km/h,Sealed - Dry,Clear,Daylight,Straight,Grade,302,Veh'S Same Direction: Left Rear,Rear-end,N,0,0,1,0,1,2,0,0,0,0,0,0
353458,Hospitalisation,2021,February,Tuesday,11,Hit object,Single Vehicle,152.9552541,-26.65347243,Blackall Range Rd,,,Woombye,Sunshine Coast Region,4559,Palmwoods,Sunshine Coast,North Coast,SEQ North,North Coast,Nambour,Nambour,Sunshine Coast,Major Cities,Nicklin,Fairfax,Locally-controlled,No Roadway Feature,No traffic control,60 km/h,Sealed - Wet,Raining,Daylight,Curved - view open,Level,803,Off Path-Curve: Off Cway Rt Bend Hit Obj,Off carriageway on curve hit object,N,0,1,0,0,1,1,0,0,0,0,0,0
353459,Medical treatment,2021,February,Friday,9,Rear-end,Multi-Vehicle,153.0027266,-26.68159508,Bruce Hwy,,Bruce Highway (Brisbane - Gympie),Chevallum,Sunshine Coast Region,4555,Palmwoods,Sunshine Coast,North Coast,SEQ North,North Coast,Palmwoods,Sunshine Coast Hinterland,Sunshine Coast,Inner Regional,Nicklin,Fisher,State-controlled,No Roadway Feature,No traffic control,100 - 110 km/h,Sealed - Dry,Clear,Daylight,Straight,Level,301,Veh'S Same Direction: Rear End,Rear-end,N,0,0,1,1,2,2,0,1,0,0,0,0
353460,Hospitalisation,2021,February,Thursday,11,Angle,Multi-Vehicle,152.9600611,-26.68492543,Chevallum Rd,Woombye - Montville Rd,Woombye - Montville Road,Palmwoods,Sunshine Coast Region,4555,Palmwoods,Sunshine Coast,North Coast,SEQ North,North Coast,Palmwoods,Sunshine Coast Hinterland,Sunshine Coast,Major Cities,Nicklin,Fisher,State-controlled,Intersection - T-Junction,Stop sign,60 km/h,Sealed - Wet,Raining,Daylight,Straight,Grade,104,Veh'S Adjacent Approach: Thru-Right,Intersection from adjacent approaches,W,0,2,0,0,2,2,0,0,0,0,0,0
353461,Hospitalisation,2021,February,Saturday,19,Hit object,Single Vehicle,152.9595655,-26.69132595,Merriman Ct,,,Palmwoods,Sunshine Coast Region,4555,Palmwoods,Sunshine Coast,North Coast,SEQ North,North Coast,Palmwoods,Sunshine Coast Hinterland,Sunshine Coast,Major Cities,Nicklin,Fisher,Locally-controlled,No Roadway Feature,No traffic control,0 - 50 km/h,Sealed - Dry,Clear,Darkness - Lighted,Curved - view open,Level,804,Off Path-Curve: Off Cway Lt Bend Hit Obj,Off carriageway on curve hit object,N,0,1,0,0,1,1,0,0,0,0,0,0
353462,Hospitalisation,2021,March,Wednesday,11,Hit animal,Other,152.9091157,-26.6956482,Woombye - Montville Rd,,Woombye - Montville Road,Montville,Sunshine Coast Region,4560,Palmwoods,Sunshine Coast,North Coast,SEQ North,North Coast,Palmwoods,Sunshine Coast Hinterland,Sunshine Coast,Inner Regional,Glass House,Fisher,State-controlled,No Roadway Feature,No traffic control,60 km/h,Sealed - Dry,Clear,Daylight,Curved - view obscured,Grade,609,Pass & Misc: Hit Animal,Hit animal,W,0,1,0,0,1,0,1,0,0,0,0,0
353463,Medical treatment,2021,March,Monday,14,Hit object,Single Vehicle,152.9553209,-26.66044659,Redmonds Rd,,,West Woombye,Sunshine Coast Region,4559,Palmwoods,Sunshine Coast,North Coast,SEQ North,North Coast,Nambour,Nambour,Sunshine Coast,Major Cities,Nicklin,Fairfax,Locally-controlled,No Roadway Feature,No traffic control,60 km/h,Sealed - Wet,Raining,Daylight,Curved - view open,Grade,803,Off Path-Curve: Off Cway Rt Bend Hit Obj,Off carriageway on curve hit object,W,0,0,1,0,1,1,0,0,0,0,0,0
353464,Hospitalisation,2021,March,Tuesday,16,Hit object,Single Vehicle,152.883226,-26.67928039,Montville - Mapleton Rd,,Montville - Mapleton Road,Hunchy,Sunshine Coast Region,4555,Palmwoods,Sunshine Coast,North Coast,SEQ North,North Coast,Palmwoods,Sunshine Coast Hinterland,Sunshine Coast,Inner Regional,Nicklin,Fisher,State-controlled,No Roadway Feature,No traffic control,60 km/h,Sealed - Wet,Fog,Daylight,Curved - view open,Dip,804,Off Path-Curve: Off Cway Lt Bend Hit Obj,Off carriageway on curve hit object,N,0,1,0,0,1,0,0,0,0,0,0,1
353465,Medical treatment,2021,March,Sunday,14,Fall from vehicle,Single Vehicle,152.9429571,-26.66314143,Blackall Range Rd,,,West Woombye,Sunshine Coast Region,4559,Palmwoods,Sunshine Coast,North Coast,SEQ North,North Coast,Palmwoods,Sunshine Coast Hinterland,Sunshine Coast,Inner Regional,Nicklin,Fisher,Locally-controlled,No Roadway Feature,No traffic control,60 km/h,Sealed - Dry,Clear,Daylight,Curved - view obscured,Grade,801,Off Path-Curve: Off Cway Right Bend,Off carriageway on curve,W,0,0,1,0,1,0,1,0,0,0,0,0
353466,Fatal,2021,March,Monday,14,Head-on,Multi-Vehicle,152.9955778,-26.71809121,Ilkley Rd,,,Ilkley,Sunshine Coast Region,4554,Palmwoods,Sunshine Coast,North Coast,SEQ North,North Coast,Palmwoods,Sunshine Coast Hinterland,Sunshine Coast,Inner Regional,Nicklin,Fisher,Locally-controlled,No Roadway Feature,No traffic control,80 - 90 km/h,Sealed - Dry,Clear,Daylight,Curved - view open,Grade,201,Veh'S Opposite Approach: Head On,Head-on,,1,2,0,0,3,1,0,0,0,0,0,1
353467,Hospitalisation,2021,March,Tuesday,19,Hit object,Single Vehicle,152.9254601,-26.68472743,Hunchy Rd,,,Hunchy,Sunshine Coast Region,4555,Palmwoods,Sunshine Coast,North Coast,SEQ North,North Coast,Palmwoods,Sunshine Coast Hinterland,Sunshine Coast,Inner Regional,Glass House,Fisher,Locally-controlled,No Roadway Feature,No traffic control,80 - 90 km/h,Sealed - Dry,Clear,Darkness - Not lighted,Curved - view obscured,Grade,803,Off Path-Curve: Off Cway Rt Bend Hit Obj,Off carriageway on curve hit object,E,0,1,0,0,1,1,0,0,0,0,0,0
353468,Hospitalisation,2021,April,Thursday,14,Hit object,Single Vehicle,152.9909521,-26.73193444,Ilkley Rd,,,Ilkley,Sunshine Coast Region,4554,Palmwoods,Sunshine Coast,North Coast,SEQ North,North Coast,Palmwoods,Sunshine Coast Hinterland,Sunshine Coast,Inner Regional,Nicklin,Fisher,Locally-controlled,No Roadway Feature,No traffic control,70 km/h,Sealed - Dry,Clear,Daylight,Straight,Grade,703,Off Path-Straight: Left Off Cway Hit Obj,Off carriageway on straight hit object,N,0,1,0,0,1,1,0,0,0,0,0,0
353469,Hospitalisation,2021,May,Thursday,10,Angle,Multi-Vehicle,152.9314367,-26.66696781,Blackall Range Rd,,,West Woombye,Sunshine Coast Region,4559,Palmwoods,Sunshine Coast,North Coast,SEQ North,North Coast,Palmwoods,Sunshine Coast Hinterland,Sunshine Coast,Inner Regional,Nicklin,Fisher,Locally-controlled,No Roadway Feature,No traffic control,60 km/h,Sealed - Wet,Clear,Daylight,Curved - view open,Crest,201,Veh'S Opposite Approach: Head On,Head-on,W,0,1,0,0,1,1,1,0,0,0,0,0
353470,Hospitalisation,2021,May,Sunday,8,Angle,Multi-Vehicle,152.9631451,-26.73944843,Eudlo Rd,Palmwoods - Mooloolah Rd,Palmwoods - Mooloolah Road,Eudlo,Sunshine Coast Region,4554,Beerwah,Sunshine Coast,North Coast,SEQ North,North Coast,Palmwoods,Sunshine Coast Hinterland,Sunshine Coast,Inner Regional,Glass House,Fisher,State-controlled,Intersection - T-Junction,Stop sign,70 km/h,Sealed - Dry,Clear,Daylight,Curved - view obscured,Crest,104,Veh'S Adjacent Approach: Thru-Right,Intersection from adjacent approaches,E,0,1,0,0,1,1,1,0,0,0,0,0
353471,Hospitalisation,2021,May,Friday,1,Hit object,Single Vehicle,153.0087632,-26.71454654,Ilkley Rd,,,Ilkley,Sunshine Coast Region,4554,Palmwoods,Sunshine Coast,North Coast,SEQ North,North Coast,Palmwoods,Sunshine Coast Hinterland,Sunshine Coast,Inner Regional,Nicklin,Fisher,Locally-controlled,No Roadway Feature,No traffic control,60 km/h,Sealed - Dry,Clear,Darkness - Not lighted,Curved - view open,Grade,803,Off Path-Curve: Off Cway Rt Bend Hit Obj,Off carriageway on curve hit object,N,0,1,0,0,1,1,0,0,0,0,0,0
353472,Medical treatment,2021,June,Friday,6,Sideswipe,Multi-Vehicle,153.0209911,-26.70941244,Bruce Hwy,,Bruce Highway (Brisbane - Gympie),Tanawha,Sunshine Coast Region,4556,Palmwoods,Sunshine Coast,North Coast,SEQ North,North Coast,Buderim - South,Buderim,Sunshine Coast,Major Cities,Buderim,Fairfax,State-controlled,No Roadway Feature,No traffic control,100 - 110 km/h,Sealed - Wet,Raining,Dawn/Dusk,Straight,Level,306,Veh'S Same Direction: Lane Change Right,Lane changes,N,0,0,1,0,1,3,0,1,0,0,0,0
353473,Hospitalisation,2021,June,Tuesday,16,Sideswipe,Multi-Vehicle,153.0216251,-26.71033044,Bruce Hwy,,Bruce Highway (Brisbane - Gympie),Tanawha,Sunshine Coast Region,4556,Palmwoods,Sunshine Coast,North Coast,SEQ North,North Coast,Buderim - South,Buderim,Sunshine Coast,Major Cities,Buderim,Fairfax,State-controlled,No Roadway Feature,No traffic control,80 - 90 km/h,Sealed - Dry,Clear,Daylight,Curved - view open,Level,306,Veh'S Same Direction: Lane Change Right,Lane changes,N,0,1,0,0,1,1,1,0,0,0,0,0
353479,Medical treatment,2021,January,Thursday,13,Angle,Multi-Vehicle,145.7091577,-16.89624573,Brinsmead Rd,Redlynch Bypass Rd,Cairns Western Arterial Road,Brinsmead,Cairns Region,4870,Cairns,Far North,Far Northern,Northern,North Queensland,Brinsmead,Cairns - North,Cairns,Outer Regional,Cairns,Leichhardt,State-controlled,Intersection - T-Junction,Operating traffic lights,80 - 90 km/h,Sealed - Dry,Clear,Daylight,Curved - view open,Level,202,Veh'S Opposite Approach: Thru-Right,Opposing vehicles turning,N,0,0,1,1,2,2,0,0,0,0,0,0
353480,Hospitalisation,2021,January,Thursday,18,Hit object,Single Vehicle,145.7124307,-16.89315173,Loridan Dr,Wimble St,,Brinsmead,Cairns Region,4870,Cairns,Far North,Far Northern,Northern,North Queensland,Brinsmead,Cairns - North,Cairns,Outer Regional,Cairns,Leichhardt,Locally-controlled,Intersection - T-Junction,No traffic control,0 - 50 km/h,Sealed - Dry,Clear,Darkness - Lighted,Straight,Level,700,Off Path-Straight: Other,Other,,0,1,0,0,1,2,0,0,0,0,0,0
353481,Medical treatment,2021,January,Monday,9,Angle,Multi-Vehicle,145.6901427,-16.83139173,Gavin St,Stanton Rd,,Smithfield,Cairns Region,4878,Smithfield,Far North,Far Northern,Northern,North Queensland,Trinity Beach - Smithfield,Cairns - North,Cairns,Outer Regional,Barron River,Leichhardt,Locally-controlled,Intersection - T-Junction,No traffic control,60 km/h,Sealed - Dry,Clear,Daylight,Straight,Level,202,Veh'S Opposite Approach: Thru-Right,Opposing vehicles turning,W,0,0,2,0,2,3,0,0,0,0,0,0
353482,Medical treatment,2021,January,Friday,10,Rear-end,Multi-Vehicle,145.6858587,-16.87432673,Brinsmead - Kamerunga Rd,,Cairns Western Arterial Road,Kamerunga,Cairns Region,4870,Cairns,Far North,Far Northern,Northern,North Queensland,Redlynch,Cairns - North,Cairns,Outer Regional,Barron River,Leichhardt,State-controlled,No Roadway Feature,No traffic control,80 - 90 km/h,Sealed - Dry,Clear,Daylight,Straight,Level,301,Veh'S Same Direction: Rear End,Rear-end,S,0,0,1,0,1,2,0,0,0,0,0,0
353483,Hospitalisation,2021,January,Wednesday,8,Rear-end,Multi-Vehicle,145.7281627,-16.85753973,Captain Cook Hwy,Holloway Beach Rd,Captain Cook Highway (Cairns - Mossman),Holloways Beach,Cairns Region,4878,Smithfield,Far North,Far Northern,Northern,North Queensland,Yorkeys Knob - Machans Beach,Cairns - North,Cairns,Outer Regional,Barron River,Leichhardt,State-controlled,Intersection - Roundabout,Give way sign,0 - 50 km/h,Sealed - Wet,Raining,Daylight,Straight,Level,302,Veh'S Same Direction: Left Rear,Rear-end,S,0,1,0,0,1,2,0,0,0,0,0,0
353484,Fatal,2021,January,Friday,17,Hit pedestrian,Hit pedestrian,145.7078647,-16.88069873,Lower Freshwater Rd,,,Kamerunga,Cairns Region,4870,Cairns,Far North,Far Northern,Northern,North Queensland,Redlynch,Cairns - North,Cairns,Outer Regional,Barron River,Leichhardt,Locally-controlled,No Roadway Feature,No traffic control,70 km/h,Sealed - Dry,Clear,Dawn/Dusk,Straight,Grade,5,Ped'N: Hit Walking With Traffic,Pedestrian,W,1,0,0,0,1,1,0,0,0,0,1,0
353485,Hospitalisation,2021,February,Monday,15,Rear-end,Multi-Vehicle,145.7278897,-16.87568073,Hardwick St,Kamerunga Rd,Stratford Connection Road,Stratford,Cairns Region,4870,Cairns,Far North,Far Northern,Northern,North Queensland,Freshwater - Stratford,Cairns - North,Cairns,Outer Regional,Barron River,Leichhardt,State-controlled,Intersection - T-Junction,No traffic control,60 km/h,Sealed - Dry,Clear,Daylight,Straight,Level,303,Veh'S Same Direction: Right Rear,Rear-end,N,0,2,0,0,2,2,0,0,0,0,0,0
353486,Hospitalisation,2021,February,Wednesday,1,Hit object,Single Vehicle,145.674293,-16.76419185,Upolu Esp,,,Clifton Beach,Cairns Region,4879,Smithfield,Far North,Far Northern,Northern,North Queensland,Clifton Beach - Kewarra Beach,Cairns - North,Cairns,Outer Regional,Barron River,Leichhardt,Locally-controlled,No Roadway Feature,No traffic control,0 - 50 km/h,Sealed - Dry,Clear,Darkness - Not lighted,Curved - view open,Level,803,Off Path-Curve: Off Cway Rt Bend Hit Obj,Off carriageway on curve hit object,N,0,2,0,0,2,1,0,0,0,0,0,0
353487,Hospitalisation,2021,February,Wednesday,15,Rear-end,Multi-Vehicle,145.7078323,-16.89140951,Brinsmead Rd,,,Brinsmead,Cairns Region,4870,Cairns,Far North,Far Northern,Northern,North Queensland,Brinsmead,Cairns - North,Cairns,Outer Regional,Cairns,Leichhardt,Locally-controlled,No Roadway Feature,No traffic control,60 km/h,Sealed - Dry,Clear,Daylight,Straight,Level,303,Veh'S Same Direction: Right Rear,Rear-end,N,0,1,0,0,1,2,0,0,0,0,0,0
353488,Hospitalisation,2021,February,Wednesday,18,Hit object,Single Vehicle,145.6878657,-16.83893473,Kennedy Hwy,,Kennedy Highway (Cairns - Mareeba),Smithfield,Cairns Region,4878,Smithfield,Far North,Far Northern,Northern,North Queensland,Trinity Beach - Smithfield,Cairns - North,Cairns,Outer Regional,Barron River,Leichhardt,State-controlled,No Roadway Feature,No traffic control,60 km/h,Sealed - Wet,Raining,Daylight,Curved - view obscured,Level,800,Off Path-Curve: Other,Other,E,0,1,0,0,1,1,0,0,0,0,0,0
353489,Hospitalisation,2021,February,Monday,1,Hit object,Single Vehicle,145.6787917,-16.79269173,Captain Cook Hwy,Poolwood Rd,Captain Cook Highway (Cairns - Mossman),Kewarra Beach,Cairns Region,4879,Smithfield,Far North,Far Northern,Northern,North Queensland,Clifton Beach - Kewarra Beach,Cairns - North,Cairns,Outer Regional,Barron River,Leichhardt,State-controlled,Intersection - Roundabout,Give way sign,0 - 50 km/h,Sealed - Wet,Clear,Darkness - Lighted,Straight,Level,708,Off Path-Straight: Mounts Traffic Island,Off carriageway on straight hit object,S,0,1,0,0,1,1,0,0,0,0,0,0
353490,Hospitalisation,2021,February,Tuesday,19,Fall from vehicle,Single Vehicle,145.7511527,-16.85369773,Marshall St,,,Machans Beach,Cairns Region,4878,Smithfield,Far North,Far Northern,Northern,North Queensland,Yorkeys Knob - Machans Beach,Cairns - North,Cairns,Outer Regional,Barron River,Leichhardt,Locally-controlled,No Roadway Feature,No traffic control,0 - 50 km/h,Sealed - Dry,Clear,Darkness - Lighted,Straight,Level,901,Pass & Misc: Fell In/From Vehicle,Other,E,0,1,0,0,1,1,0,0,0,0,0,0
353491,Hospitalisation,2021,February,Thursday,8,Hit object,Single Vehicle,145.7016954,-16.78899563,Vasey Esp,,,Trinity Beach,Cairns Region,4879,Smithfield,Far North,Far Northern,Northern,North Queensland,Trinity Beach - Smithfield,Cairns - North,Cairns,Outer Regional,Barron River,Leichhardt,Locally-controlled,No Roadway Feature,No traffic control,0 - 50 km/h,Sealed - Wet,Raining,Daylight,Straight,Level,703,Off Path-Straight: Left Off Cway Hit Obj,Off carriageway on straight hit object,E,0,1,0,0,1,2,0,0,0,0,0,0
353492,Hospitalisation,2021,February,Wednesday,16,Rear-end,Multi-Vehicle,145.7326517,-16.86565373,Captain Cook Hwy,,Captain Cook Highway (Cairns - Mossman),Barron,Cairns Region,4878,Smithfield,Far North,Far Northern,Northern,North Queensland,Redlynch,Cairns - North,Cairns,Outer Regional,Barron River,Leichhardt,State-controlled,No Roadway Feature,No traffic control,80 - 90 km/h,Sealed - Dry,Clear,Daylight,Straight,Level,301,Veh'S Same Direction: Rear End,Rear-end,N,0,1,0,1,2,4,0,0,0,0,0,0
353493,Hospitalisation,2021,February,Thursday,14,Hit object,Single Vehicle,145.6925717,-16.83989073,Captain Cook Hwy,Kennedy Hwy,Captain Cook Highway (Cairns - Mossman),Smithfield,Cairns Region,4878,Smithfield,Far North,Far Northern,Northern,North Queensland,Trinity Beach - Smithfield,Cairns - North,Cairns,Outer Regional,Barron River,Leichhardt,State-controlled,Intersection - Roundabout,Give way sign,0 - 50 km/h,Sealed - Wet,Clear,Daylight,Curved - view open,Level,803,Off Path-Curve: Off Cway Rt Bend Hit Obj,Off carriageway on curve hit object,N,0,1,0,0,1,1,0,0,0,0,0,0
353494,Hospitalisation,2021,March,Monday,18,Fall from vehicle,Single Vehicle,145.7094887,-16.90486873,Brinsmead Rd,View St,Cairns Western Arterial Road,Brinsmead,Cairns Region,4870,Cairns,Far North,Far Northern,Northern,North Queensland,Brinsmead,Cairns - North,Cairns,Outer Regional,Cairns,Leichhardt,State-controlled,Intersection - Cross,Operating traffic lights,80 - 90 km/h,Sealed - Wet,Raining,Darkness - Lighted,Curved - view open,Grade,300,Veh'S Same Direction: Other,Other,W,0,1,0,0,1,2,1,0,0,0,0,0
353495,Hospitalisation,2021,March,Tuesday,16,Rear-end,Multi-Vehicle,145.7093236,-16.8999971,Brinsmead Rd,,Cairns Western Arterial Road,Brinsmead,Cairns Region,4870,Cairns,Far North,Far Northern,Northern,North Queensland,Brinsmead,Cairns - North,Cairns,Outer Regional,Cairns,Leichhardt,State-controlled,No Roadway Feature,No traffic control,80 - 90 km/h,Sealed - Dry,Clear,Daylight,Curved - view open,Level,301,Veh'S Same Direction: Rear End,Rear-end,N,0,1,0,0,1,2,0,0,0,0,0,0
353496,Minor injury,2021,March,Tuesday,7,Rear-end,Multi-Vehicle,145.7024247,-16.84830973,Yorkeys Knob Rd,,,Yorkeys Knob,Cairns Region,4878,Smithfield,Far North,Far Northern,Northern,North Queensland,Yorkeys Knob - Machans Beach,Cairns - North,Cairns,Outer Regional,Barron River,Leichhardt,Locally-controlled,No Roadway Feature,No traffic control,60 km/h,Sealed - Wet,Clear,Daylight,Curved - view open,Level,302,Veh'S Same Direction: Left Rear,Rear-end,S,0,0,0,1,1,2,0,0,0,0,0,0
353497,Hospitalisation,2021,March,Sunday,16,Hit object,Single Vehicle,145.6934987,-16.81656073,Captain Cook Hwy,,Captain Cook Highway (Cairns - Mossman),Smithfield,Cairns Region,4878,Smithfield,Far North,Far Northern,Northern,North Queensland,Trinity Beach - Smithfield,Cairns - North,Cairns,Outer Regional,Barron River,Leichhardt,State-controlled,No Roadway Feature,No traffic control,60 km/h,Sealed - Dry,Clear,Daylight,Straight,Level,703,Off Path-Straight: Left Off Cway Hit Obj,Off carriageway on straight hit object,S,0,2,0,0,2,1,0,0,0,0,0,0
353498,Medical treatment,2021,March,Wednesday,16,Rear-end,Multi-Vehicle,145.6858907,-16.87342773,Brinsmead - Kamerunga Rd,,Cairns Western Arterial Road,Kamerunga,Cairns Region,4870,Cairns,Far North,Far Northern,Northern,North Queensland,Redlynch,Cairns - North,Cairns,Outer Regional,Barron River,Leichhardt,State-controlled,Bridge/Causeway,No traffic control,80 - 90 km/h,Sealed - Dry,Clear,Daylight,Straight,Level,301,Veh'S Same Direction: Rear End,Rear-end,S,0,0,1,1,2,4,0,0,0,0,0,0
353499,Minor injury,2021,March,Sunday,15,Rear-end,Multi-Vehicle,145.7090347,-16.89636373,Brinsmead Rd,Redlynch Bypass Rd,Cairns Western Arterial Road,Brinsmead,Cairns Region,4870,Cairns,Far North,Far Northern,Northern,North Queensland,Brinsmead,Cairns - North,Cairns,Outer Regional,Cairns,Leichhardt,State-controlled,Intersection - T-Junction,Operating traffic lights,80 - 90 km/h,Sealed - Dry,Clear,Daylight,Curved - view open,Level,301,Veh'S Same Direction: Rear End,Rear-end,N,0,0,0,1,1,2,0,0,0,0,0,0
353500,Medical treatment,2021,March,Sunday,15,Rear-end,Multi-Vehicle,145.6929097,-16.84015673,Captain Cook Hwy,Kennedy Hwy,Captain Cook Highway (Cairns - Mossman),Smithfield,Cairns Region,4878,Smithfield,Far North,Far Northern,Northern,North Queensland,Trinity Beach - Smithfield,Cairns - North,Cairns,Outer Regional,Barron River,Leichhardt,State-controlled,Intersection - Roundabout,Give way sign,0 - 50 km/h,Sealed - Dry,Clear,Daylight,Straight,Grade,301,Veh'S Same Direction: Rear End,Rear-end,S,0,0,1,0,1,2,0,0,0,0,0,0
353501,Hospitalisation,2021,March,Thursday,8,Hit pedestrian,Hit pedestrian,145.6913327,-16.83144273,Stanton Rd,,,Smithfield,Cairns Region,4878,Smithfield,Far North,Far Northern,Northern,North Queensland,Trinity Beach - Smithfield,Cairns - North,Cairns,Outer Regional,Barron River,Leichhardt,Locally-controlled,No Roadway Feature,No traffic control,0 - 50 km/h,Sealed - Dry,Clear,Daylight,Straight,Level,9,Ped'N: Hit While Boarding/Alighting,Pedestrian,E,0,1,0,0,1,1,0,0,0,0,1,0
353502,Hospitalisation,2021,March,Friday,15,Fall from vehicle,Single Vehicle,145.6858807,-16.87386473,Brinsmead - Kamerunga Rd,,Cairns Western Arterial Road,Kamerunga,Cairns Region,4870,Cairns,Far North,Far Northern,Northern,North Queensland,Redlynch,Cairns - North,Cairns,Outer Regional,Barron River,Leichhardt,State-controlled,Bridge/Causeway,No traffic control,80 - 90 km/h,Sealed - Dry,Clear,Daylight,Straight,Level,705,Off Path-Straight:Out Of Control On Cway,Out of control on straight,S,0,1,0,0,1,0,1,0,0,0,0,0
353503,Hospitalisation,2021,April,Tuesday,16,Fall from vehicle,Single Vehicle,145.6711753,-16.74290954,Williams Esp,,,Palm Cove,Cairns Region,4879,Smithfield,Far North,Far Northern,Northern,North Queensland,Clifton Beach - Kewarra Beach,Cairns - North,Cairns,Outer Regional,Barron River,Leichhardt,Locally-controlled,No Roadway Feature,No traffic control,0 - 50 km/h,Sealed - Dry,Clear,Daylight,Straight,Level,705,Off Path-Straight:Out Of Control On Cway,Out of control on straight,S,0,1,0,0,1,1,0,0,0,1,0,0
353504,Hospitalisation,2021,April,Wednesday,18,Rear-end,Multi-Vehicle,145.6894007,-16.80346673,Captain Cook Hwy,,Captain Cook Highway (Cairns - Mossman),Trinity Beach,Cairns Region,4879,Smithfield,Far North,Far Northern,Northern,North Queensland,Trinity Beach - Smithfield,Cairns - North,Cairns,Outer Regional,Barron River,Leichhardt,State-controlled,No Roadway Feature,No traffic control,80 - 90 km/h,Sealed - Dry,Clear,Darkness - Not lighted,Straight,Level,305,Veh'S Same Direction: Lane Side Swipe,Lane changes,E,0,1,0,0,1,1,1,0,0,0,0,0
353505,Hospitalisation,2021,April,Thursday,12,Angle,Multi-Vehicle,145.6951147,-16.83284973,Mt Milman Dr,,,Smithfield,Cairns Region,4878,Smithfield,Far North,Far Northern,Northern,North Queensland,Trinity Beach - Smithfield,Cairns - North,Cairns,Outer Regional,Barron River,Leichhardt,Locally-controlled,Intersection - T-Junction,Give way sign,0 - 50 km/h,Sealed - Dry,Clear,Daylight,Curved - view open,Level,104,Veh'S Adjacent Approach: Thru-Right,Intersection from adjacent approaches,W,0,1,0,0,1,1,1,0,0,0,0,0