Crash_Severity,Crash_Year,Crash_Month,Crash_Day_Of_Week,Crash_Hour,Crash_Nature,Crash_Type,Crash_Longitude,Crash_Latitude,Crash_Street,Crash_Street_Intersecting,State_Road_Name,Loc_Suburb,Loc_Local_Government_Area,Loc_Post_Code,Loc_Police_Division,Loc_Police_District,Loc_Police_Region,Loc_Queensland_Transport_Region,Loc_Main_Roads_Region,Loc_ABS_Statistical_Area_2,Loc_ABS_Statistical_Area_3,Loc_ABS_Statistical_Area_4,Loc_ABS_Remoteness,Loc_State_Electorate,Loc_Federal_Electorate,Crash_Controlling_Authority,Crash_Roadway_Feature,Crash_Traffic_Control,Crash_Speed_Limit,Crash_Road_Surface_Condition,Crash_Atmospheric_Condition,Crash_Lighting_Condition,Crash_Road_Horiz_Align,Crash_Road_Vert_Align,Crash_DCA_Code,Crash_DCA_Description,Crash_DCA_Group_Description,DCA_Key_Approach_Dir,Count_Casualty_Fatality,Count_Casualty_Hospitalised,Count_Casualty_MedicallyTreated,Count_Casualty_MinorInjury,Count_Casualty_Total,Count_Unit_Car,Count_Unit_Motorcycle_Moped,Count_Unit_Truck,Count_Unit_Bus,Count_Unit_Bicycle,Count_Unit_Pedestrian,Count_Unit_Other,
353506,Minor injury,2021,April,Friday,15,Rear-end,Multi-Vehicle,145.6931007,-16.82107273,Captain Cook Hwy,Mcgregor Rd,Captain Cook Highway (Cairns - Mossman),Smithfield,Cairns Region,4878,Smithfield,Far North,Far Northern,Northern,North Queensland,Trinity Beach - Smithfield,Cairns - North,Cairns,Outer Regional,Barron River,Leichhardt,State-controlled,Intersection - Roundabout,No traffic control,0 - 50 km/h,Sealed - Dry,Clear,Daylight,Straight,Level,301,Veh'S Same Direction: Rear End,Rear-end,S,0,0,0,1,1,2,0,0,0,0,0,0
353507,Hospitalisation,2021,April,Friday,19,Head-on,Multi-Vehicle,145.7429997,-16.85360773,Machan St,,,Machans Beach,Cairns Region,4878,Smithfield,Far North,Far Northern,Northern,North Queensland,Yorkeys Knob - Machans Beach,Cairns - North,Cairns,Outer Regional,Barron River,Leichhardt,Locally-controlled,No Roadway Feature,No traffic control,0 - 50 km/h,Sealed - Dry,Clear,Darkness - Not lighted,Curved - view obscured,Level,201,Veh'S Opposite Approach: Head On,Head-on,S,0,2,0,0,2,2,0,0,0,0,0,0
353508,Hospitalisation,2021,April,Sunday,16,Angle,Multi-Vehicle,145.6930057,-16.86258973,Brinsmead - Kamerunga Rd,Fig Tree Dr,Cairns Western Arterial Road,Caravonica,Cairns Region,4878,Smithfield,Far North,Far Northern,Northern,North Queensland,Redlynch,Cairns - North,Cairns,Outer Regional,Barron River,Leichhardt,State-controlled,Intersection - T-Junction,Give way sign,80 - 90 km/h,Sealed - Wet,Raining,Daylight,Straight,Level,107,Veh'S Adjacent Approach: Thru-Left,Intersection from adjacent approaches,N,0,1,0,0,1,2,0,0,0,0,0,0
353509,Medical treatment,2021,April,Monday,13,Fall from vehicle,Single Vehicle,145.6964592,-16.80878614,Navigation Dr,,,Trinity Park,Cairns Region,4879,Smithfield,Far North,Far Northern,Northern,North Queensland,Trinity Beach - Smithfield,Cairns - North,Cairns,Outer Regional,Barron River,Leichhardt,Locally-controlled,Intersection - Roundabout,No traffic control,60 km/h,Sealed - Wet,Raining,Daylight,Straight,Level,707,Off Path-Straight: Right Turn,Off carriageway on straight,N,0,0,1,0,1,0,1,0,0,0,0,0
353510,Medical treatment,2021,May,Monday,15,Angle,Multi-Vehicle,145.6931007,-16.82107273,Captain Cook Hwy,Mcgregor Rd,Captain Cook Highway (Cairns - Mossman),Smithfield,Cairns Region,4878,Smithfield,Far North,Far Northern,Northern,North Queensland,Trinity Beach - Smithfield,Cairns - North,Cairns,Outer Regional,Barron River,Leichhardt,State-controlled,Intersection - Roundabout,Give way sign,0 - 50 km/h,Sealed - Dry,Clear,Daylight,Curved - view open,Level,101,Veh'S Adjacent Approach: Thru-Thru,Intersection from adjacent approaches,S,0,0,1,0,1,2,0,0,0,0,0,0
353511,Hospitalisation,2021,May,Tuesday,14,Rear-end,Multi-Vehicle,145.7113247,-16.90662373,Brinsmead Rd,,Cairns Western Arterial Road,Brinsmead,Cairns Region,4870,Cairns,Far North,Far Northern,Northern,North Queensland,Brinsmead,Cairns - North,Cairns,Outer Regional,Cairns,Leichhardt,State-controlled,No Roadway Feature,No traffic control,80 - 90 km/h,Sealed - Dry,Clear,Daylight,Curved - view open,Level,301,Veh'S Same Direction: Rear End,Rear-end,S,0,1,0,0,1,2,0,0,0,0,0,0
353512,Hospitalisation,2021,May,Monday,14,Hit pedestrian,Hit pedestrian,145.7139497,-16.87995373,Corkill St,,Stratford Connection Road,Freshwater,Cairns Region,4870,Cairns,Far North,Far Northern,Northern,North Queensland,Freshwater - Stratford,Cairns - North,Cairns,Outer Regional,Barron River,Leichhardt,State-controlled,No Roadway Feature,No traffic control,0 - 50 km/h,Sealed - Dry,Clear,Daylight,Straight,Level,3,Ped'N: Far Side Vehicle Hit From Left,Pedestrian,N,0,1,0,0,1,0,0,0,1,0,1,0
353513,Minor injury,2021,May,Monday,7,Rear-end,Multi-Vehicle,145.6926637,-16.82375973,Captain Cook Hwy,,Captain Cook Highway (Cairns - Mossman),Smithfield,Cairns Region,4878,Smithfield,Far North,Far Northern,Northern,North Queensland,Trinity Beach - Smithfield,Cairns - North,Cairns,Outer Regional,Barron River,Leichhardt,State-controlled,No Roadway Feature,No traffic control,80 - 90 km/h,Sealed - Dry,Clear,Daylight,Straight,Level,301,Veh'S Same Direction: Rear End,Rear-end,S,0,0,0,1,1,2,0,0,0,0,0,0
353514,Medical treatment,2021,May,Thursday,10,Hit object,Single Vehicle,145.6621337,-16.75249773,Captain Cook Hwy,,Captain Cook Highway (Cairns - Mossman),Palm Cove,Cairns Region,4879,Smithfield,Far North,Far Northern,Northern,North Queensland,Clifton Beach - Kewarra Beach,Cairns - North,Cairns,Outer Regional,Barron River,Leichhardt,State-controlled,No Roadway Feature,No traffic control,80 - 90 km/h,Sealed - Wet,Raining,Daylight,Curved - view open,Level,804,Off Path-Curve: Off Cway Lt Bend Hit Obj,Off carriageway on curve hit object,S,0,0,1,1,2,1,0,0,0,0,0,0
353515,Hospitalisation,2021,May,Saturday,15,Fall from vehicle,Single Vehicle,145.6931007,-16.82107273,Captain Cook Hwy,Mcgregor Rd,Captain Cook Highway (Cairns - Mossman),Smithfield,Cairns Region,4878,Smithfield,Far North,Far Northern,Northern,North Queensland,Trinity Beach - Smithfield,Cairns - North,Cairns,Outer Regional,Barron River,Leichhardt,State-controlled,Intersection - Roundabout,No traffic control,0 - 50 km/h,Sealed - Dry,Clear,Daylight,Straight,Level,705,Off Path-Straight:Out Of Control On Cway,Out of control on straight,S,0,1,0,0,1,0,1,0,0,0,0,0
353516,Minor injury,2021,June,Wednesday,22,Hit parked vehicle,Single Vehicle,145.6896347,-16.78414173,Poolwood Rd,,,Kewarra Beach,Cairns Region,4879,Smithfield,Far North,Far Northern,Northern,North Queensland,Clifton Beach - Kewarra Beach,Cairns - North,Cairns,Outer Regional,Barron River,Leichhardt,Locally-controlled,No Roadway Feature,No traffic control,60 km/h,Sealed - Dry,Clear,Darkness - Lighted,Straight,Level,703,Off Path-Straight: Left Off Cway Hit Obj,Off carriageway on straight hit object,N,0,0,0,1,1,2,0,0,0,0,0,0
353517,Minor injury,2021,June,Wednesday,17,Rear-end,Multi-Vehicle,145.7080477,-16.88239873,Duffy St,Kamerunga Rd,Stratford Connection Road,Freshwater,Cairns Region,4870,Cairns,Far North,Far Northern,Northern,North Queensland,Freshwater - Stratford,Cairns - North,Cairns,Outer Regional,Barron River,Leichhardt,State-controlled,Intersection - T-Junction,No traffic control,60 km/h,Sealed - Dry,Clear,Daylight,Straight,Level,303,Veh'S Same Direction: Right Rear,Rear-end,N,0,0,0,1,1,2,0,0,0,0,0,0
353518,Medical treatment,2021,June,Tuesday,15,Rear-end,Multi-Vehicle,145.7372622,-16.87506097,Stratford Pde,,Stratford Connection Road,Stratford,Cairns Region,4870,Cairns,Far North,Far Northern,Northern,North Queensland,Freshwater - Stratford,Cairns - North,Cairns,Outer Regional,Barron River,Leichhardt,State-controlled,No Roadway Feature,No traffic control,60 km/h,Sealed - Dry,Clear,Daylight,Straight,Level,303,Veh'S Same Direction: Right Rear,Rear-end,E,0,0,2,0,2,2,0,0,0,0,0,0
353519,Hospitalisation,2021,June,Wednesday,7,Rear-end,Multi-Vehicle,145.6858457,-16.87334573,Brinsmead - Kamerunga Rd,,Cairns Western Arterial Road,Kamerunga,Cairns Region,4870,Cairns,Far North,Far Northern,Northern,North Queensland,Redlynch,Cairns - North,Cairns,Outer Regional,Barron River,Leichhardt,State-controlled,Bridge/Causeway,No traffic control,80 - 90 km/h,Sealed - Dry,Clear,Daylight,Straight,Level,301,Veh'S Same Direction: Rear End,Rear-end,S,0,1,0,0,1,3,0,0,0,0,0,0
353520,Medical treatment,2021,June,Monday,13,Angle,Multi-Vehicle,145.7016597,-16.89132273,Redlynch Bypass Rd,Redlynch Connector Rd,Cairns Western Arterial Road,Redlynch,Cairns Region,4870,Cairns,Far North,Far Northern,Northern,North Queensland,Redlynch,Cairns - North,Cairns,Outer Regional,Barron River,Leichhardt,State-controlled,Intersection - T-Junction,Operating traffic lights,80 - 90 km/h,Sealed - Dry,Clear,Daylight,Curved - view open,Level,102,Veh'S Adjacent Approach: Right-Thru,Intersection from adjacent approaches,N,0,0,1,0,1,1,0,1,0,0,0,0
353521,Medical treatment,2021,June,Thursday,15,Rear-end,Multi-Vehicle,145.6858967,-16.87325873,Brinsmead - Kamerunga Rd,,Cairns Western Arterial Road,Kamerunga,Cairns Region,4870,Cairns,Far North,Far Northern,Northern,North Queensland,Redlynch,Cairns - North,Cairns,Outer Regional,Barron River,Leichhardt,State-controlled,Bridge/Causeway,No traffic control,80 - 90 km/h,Sealed - Dry,Clear,Daylight,Straight,Level,301,Veh'S Same Direction: Rear End,Rear-end,S,0,0,2,0,2,3,0,0,0,0,0,0
353522,Medical treatment,2021,June,Friday,17,Angle,Multi-Vehicle,145.6901417,-16.80515873,Aropa St,Captain Cook Hwy,Captain Cook Highway (Cairns - Mossman),Trinity Beach,Cairns Region,4879,Smithfield,Far North,Far Northern,Northern,North Queensland,Trinity Beach - Smithfield,Cairns - North,Cairns,Outer Regional,Barron River,Leichhardt,State-controlled,Intersection - T-Junction,Give way sign,80 - 90 km/h,Sealed - Dry,Clear,Dawn/Dusk,Straight,Level,104,Veh'S Adjacent Approach: Thru-Right,Intersection from adjacent approaches,N,0,0,1,0,1,2,0,0,0,0,0,0
353523,Minor injury,2021,June,Wednesday,12,Hit object,Single Vehicle,145.7314097,-16.86374573,Captain Cook Hwy,Machans Beach Access Rd,Captain Cook Highway (Cairns - Mossman),Machans Beach,Cairns Region,4878,Smithfield,Far North,Far Northern,Northern,North Queensland,Redlynch,Cairns - North,Cairns,Outer Regional,Barron River,Leichhardt,State-controlled,Intersection - Roundabout,Give way sign,0 - 50 km/h,Sealed - Wet,Raining,Daylight,Curved - view open,Level,803,Off Path-Curve: Off Cway Rt Bend Hit Obj,Off carriageway on curve hit object,W,0,0,0,1,1,1,0,0,0,0,0,0
353647,Minor injury,2021,January,Wednesday,0,Hit parked vehicle,Single Vehicle,153.4057942,-28.02239083,Monaco St,,,Broadbeach Waters,Gold Coast City,4218,Broadbeach,Gold Coast,South Eastern,SEQ South,South Coast,Broadbeach Waters,Broadbeach - Burleigh,Gold Coast,Major Cities,Surfers Paradise,Moncrieff,Locally-controlled,No Roadway Feature,No traffic control,0 - 50 km/h,Sealed - Dry,Clear,Darkness - Not lighted,Curved - view open,Level,803,Off Path-Curve: Off Cway Rt Bend Hit Obj,Off carriageway on curve hit object,N,0,0,0,1,1,2,0,0,0,0,0,0
353648,Medical treatment,2021,January,Wednesday,7,Rear-end,Multi-Vehicle,153.4299539,-28.02960949,Gold Coast Hwy,T.E. Peters Dr,Gold Coast Light Rail (Parklands - Broadbeach),Broadbeach,Gold Coast City,4218,Broadbeach,Gold Coast,South Eastern,SEQ South,South Coast,Mermaid Beach - Broadbeach,Broadbeach - Burleigh,Gold Coast,Major Cities,Surfers Paradise,Moncrieff,State-controlled,Intersection - T-Junction,No traffic control,0 - 50 km/h,Sealed - Dry,Clear,Daylight,Straight,Level,302,Veh'S Same Direction: Left Rear,Rear-end,E,0,0,1,0,1,2,0,0,0,0,0,0
353649,Medical treatment,2021,January,Wednesday,9,Rear-end,Multi-Vehicle,153.4410709,-28.07515549,Joan St,Mountain View Ave,,Burleigh Waters,Gold Coast City,4220,Broadbeach,Gold Coast,South Eastern,SEQ South,South Coast,Miami,Broadbeach - Burleigh,Gold Coast,Major Cities,Mermaid Beach,Moncrieff,Locally-controlled,Intersection - Roundabout,Give way sign,0 - 50 km/h,Sealed - Dry,Clear,Daylight,Straight,Level,301,Veh'S Same Direction: Rear End,Rear-end,W,0,0,1,0,1,2,0,0,0,0,0,0
353650,Hospitalisation,2021,January,Saturday,5,Angle,Multi-Vehicle,153.4382779,-28.04617849,Hedges Ave,William St,,Mermaid Beach,Gold Coast City,4218,Broadbeach,Gold Coast,South Eastern,SEQ South,South Coast,Mermaid Beach - Broadbeach,Broadbeach - Burleigh,Gold Coast,Major Cities,Mermaid Beach,Moncrieff,Locally-controlled,Intersection - Cross,Stop sign,0 - 50 km/h,Sealed - Dry,Clear,Dawn/Dusk,Straight,Level,408,Veh'S Manoeuvring: Entering From Footway,Vehicle leaving driveway,N,0,1,0,0,1,1,0,0,0,1,0,0
353651,Minor injury,2021,February,Tuesday,17,Rear-end,Multi-Vehicle,153.4024939,-28.05142849,Ron Penhaligon Way,,,Robina,Gold Coast City,4226,Broadbeach,Gold Coast,South Eastern,SEQ South,South Coast,Robina,Robina,Gold Coast,Major Cities,Mermaid Beach,Mcpherson,Locally-controlled,No Roadway Feature,No traffic control,60 km/h,Sealed - Wet,Raining,Daylight,Straight,Level,302,Veh'S Same Direction: Left Rear,Rear-end,W,0,0,0,1,1,2,0,0,0,0,0,0
353652,Medical treatment,2021,February,Saturday,9,Angle,Multi-Vehicle,153.3926251,-28.0099802,Ashmore Rd,,,Benowa,Gold Coast City,4217,Broadbeach,Gold Coast,South Eastern,SEQ South,South Coast,Benowa,Surfers Paradise,Gold Coast,Major Cities,Surfers Paradise,Moncrieff,Locally-controlled,No Roadway Feature,No traffic control,60 km/h,Sealed - Dry,Clear,Daylight,Straight,Level,406,Veh'S Manoeuvring: Leaving Driveway,Vehicle leaving driveway,E,0,0,1,0,1,2,0,0,0,0,0,0
353653,Medical treatment,2021,February,Monday,7,Rear-end,Multi-Vehicle,153.4183479,-28.06535949,Cottesloe Dr,,Southport - Burleigh Road,Robina,Gold Coast City,4226,Robina,Gold Coast,South Eastern,SEQ South,South Coast,Robina,Robina,Gold Coast,Major Cities,Mermaid Beach,Mcpherson,State-controlled,No Roadway Feature,No traffic control,60 km/h,Sealed - Dry,Clear,Daylight,Straight,Level,303,Veh'S Same Direction: Right Rear,Rear-end,E,0,0,1,0,1,2,0,0,0,0,0,0
353654,Hospitalisation,2021,February,Tuesday,14,Rear-end,Multi-Vehicle,153.4178714,-28.06558348,Cottesloe Dr,,Southport - Burleigh Road,Robina,Gold Coast City,4226,Robina,Gold Coast,South Eastern,SEQ South,South Coast,Robina,Robina,Gold Coast,Major Cities,Mermaid Beach,Mcpherson,State-controlled,No Roadway Feature,No traffic control,60 km/h,Sealed - Dry,Clear,Daylight,Straight,Level,301,Veh'S Same Direction: Rear End,Rear-end,E,0,1,0,0,1,2,0,0,0,0,0,0
353655,Hospitalisation,2021,February,Tuesday,16,Angle,Multi-Vehicle,153.4157099,-28.04562949,Markeri St,Rio Vista Blvd,,Mermaid Waters,Gold Coast City,4218,Broadbeach,Gold Coast,South Eastern,SEQ South,South Coast,Mermaid Waters,Broadbeach - Burleigh,Gold Coast,Major Cities,Mermaid Beach,Moncrieff,Locally-controlled,Intersection - Cross,Operating traffic lights,60 km/h,Sealed - Dry,Clear,Daylight,Straight,Level,202,Veh'S Opposite Approach: Thru-Right,Opposing vehicles turning,N,0,1,1,0,2,2,0,0,0,0,0,0
353656,Medical treatment,2021,February,Tuesday,8,Sideswipe,Multi-Vehicle,153.3962759,-28.00912149,Ashmore Rd,,,Benowa,Gold Coast City,4217,Broadbeach,Gold Coast,South Eastern,SEQ South,South Coast,Benowa,Surfers Paradise,Gold Coast,Major Cities,Surfers Paradise,Moncrieff,Locally-controlled,No Roadway Feature,No traffic control,60 km/h,Sealed - Dry,Clear,Daylight,Curved - view open,Grade,307,Veh'S Same Direction: Lane Change Left,Lane changes,W,0,0,1,0,1,2,0,0,0,0,0,0
353657,Hospitalisation,2021,February,Saturday,20,Hit object,Single Vehicle,153.4398167,-28.05294728,Albatross Ave,,,Mermaid Beach,Gold Coast City,4218,Broadbeach,Gold Coast,South Eastern,SEQ South,South Coast,Mermaid Beach - Broadbeach,Broadbeach - Burleigh,Gold Coast,Major Cities,Mermaid Beach,Moncrieff,Locally-controlled,No Roadway Feature,No traffic control,0 - 50 km/h,Sealed - Dry,Clear,Darkness - Lighted,Straight,Level,703,Off Path-Straight: Left Off Cway Hit Obj,Off carriageway on straight hit object,N,0,1,0,0,1,1,0,0,0,0,0,0
353658,Medical treatment,2021,February,Saturday,15,Angle,Multi-Vehicle,153.4248109,-28.03769449,Melody St,Sunshine Blvd,,Mermaid Waters,Gold Coast City,4218,Broadbeach,Gold Coast,South Eastern,SEQ South,South Coast,Mermaid Waters,Broadbeach - Burleigh,Gold Coast,Major Cities,Mermaid Beach,Moncrieff,Locally-controlled,Intersection - T-Junction,Operating traffic lights,60 km/h,Sealed - Dry,Clear,Daylight,Curved - view open,Level,202,Veh'S Opposite Approach: Thru-Right,Opposing vehicles turning,N,0,0,1,0,1,2,0,0,0,0,0,0
353659,Hospitalisation,2021,February,Sunday,16,Angle,Multi-Vehicle,153.3914099,-28.08437149,Christine Ave,Scottsdale Dr,,Robina,Gold Coast City,4226,Robina,Gold Coast,South Eastern,SEQ South,South Coast,Robina,Robina,Gold Coast,Major Cities,Mermaid Beach,Mcpherson,Locally-controlled,Intersection - Cross,Operating traffic lights,60 km/h,Sealed - Dry,Clear,Daylight,Curved - view open,Level,202,Veh'S Opposite Approach: Thru-Right,Opposing vehicles turning,N,0,1,0,0,1,1,1,0,0,0,0,0
353660,Medical treatment,2021,February,Sunday,11,Angle,Multi-Vehicle,153.4328689,-28.02257449,Chelsea Ave,Old Burleigh Rd,,Broadbeach,Gold Coast City,4218,Broadbeach,Gold Coast,South Eastern,SEQ South,South Coast,Mermaid Beach - Broadbeach,Broadbeach - Burleigh,Gold Coast,Major Cities,Surfers Paradise,Moncrieff,Locally-controlled,Intersection - T-Junction,No traffic control,0 - 50 km/h,Sealed - Dry,Clear,Daylight,Straight,Level,401,Veh'S Manoeuvring: Leaving Parking,Vehicle leaving driveway,E,0,0,1,0,1,2,0,0,0,0,0,0
353661,Minor injury,2021,February,Monday,8,Rear-end,Multi-Vehicle,153.4088199,-28.03484949,Bermuda St,,Southport - Burleigh Road,Broadbeach Waters,Gold Coast City,4218,Broadbeach,Gold Coast,South Eastern,SEQ South,South Coast,Broadbeach Waters,Broadbeach - Burleigh,Gold Coast,Major Cities,Surfers Paradise,Moncrieff,State-controlled,No Roadway Feature,No traffic control,70 km/h,Sealed - Dry,Clear,Daylight,Curved - view open,Level,301,Veh'S Same Direction: Rear End,Rear-end,S,0,0,0,1,1,1,0,0,0,0,0,1
353662,Medical treatment,2021,February,Thursday,5,Hit object,Single Vehicle,153.3904725,-28.00407296,Benowa Rd,,,Benowa,Gold Coast City,4217,Broadbeach,Gold Coast,South Eastern,SEQ South,South Coast,Benowa,Surfers Paradise,Gold Coast,Major Cities,Southport,Moncrieff,Locally-controlled,No Roadway Feature,No traffic control,60 km/h,Sealed - Wet,Raining,Dawn/Dusk,Straight,Level,703,Off Path-Straight: Left Off Cway Hit Obj,Off carriageway on straight hit object,N,0,0,1,0,1,1,0,0,0,0,0,0
353663,Hospitalisation,2021,February,Friday,10,Angle,Multi-Vehicle,153.4251809,-28.04771349,Markeri St,,,Mermaid Waters,Gold Coast City,4218,Broadbeach,Gold Coast,South Eastern,SEQ South,South Coast,Mermaid Waters,Broadbeach - Burleigh,Gold Coast,Major Cities,Mermaid Beach,Moncrieff,Locally-controlled,No Roadway Feature,No traffic control,60 km/h,Sealed - Wet,Raining,Daylight,Curved - view open,Level,202,Veh'S Opposite Approach: Thru-Right,Opposing vehicles turning,W,0,1,1,0,2,2,0,0,0,0,0,0
353664,Medical treatment,2021,February,Friday,8,Angle,Multi-Vehicle,153.4336519,-28.05905249,Alec Ave,Karbunya St,,Mermaid Waters,Gold Coast City,4218,Broadbeach,Gold Coast,South Eastern,SEQ South,South Coast,Mermaid Waters,Broadbeach - Burleigh,Gold Coast,Major Cities,Mermaid Beach,Moncrieff,Locally-controlled,Intersection - Roundabout,Give way sign,60 km/h,Sealed - Dry,Raining,Daylight,Straight,Level,408,Veh'S Manoeuvring: Entering From Footway,Vehicle leaving driveway,S,0,0,1,0,1,1,0,0,0,1,0,0
353665,Minor injury,2021,February,Saturday,1,Rear-end,Multi-Vehicle,153.4322529,-28.03738549,Gold Coast Hwy,Pacific Fair Dr,Gold Coast Highway (Broadbeach - Coolangatta),Mermaid Beach,Gold Coast City,4218,Broadbeach,Gold Coast,South Eastern,SEQ South,South Coast,Mermaid Beach - Broadbeach,Broadbeach - Burleigh,Gold Coast,Major Cities,Mermaid Beach,Moncrieff,State-controlled,Intersection - Cross,Operating traffic lights,60 km/h,Sealed - Dry,Clear,Darkness - Lighted,Straight,Level,301,Veh'S Same Direction: Rear End,Rear-end,N,0,0,0,1,1,2,0,0,0,0,0,0
353666,Hospitalisation,2021,February,Saturday,1,Hit parked vehicle,Single Vehicle,153.4256269,-28.05936449,Oceanic Dr,,,Mermaid Waters,Gold Coast City,4218,Broadbeach,Gold Coast,South Eastern,SEQ South,South Coast,Mermaid Waters,Broadbeach - Burleigh,Gold Coast,Major Cities,Mermaid Beach,Moncrieff,Locally-controlled,No Roadway Feature,No traffic control,0 - 50 km/h,Sealed - Wet,Clear,Darkness - Lighted,Straight,Level,703,Off Path-Straight: Left Off Cway Hit Obj,Off carriageway on straight hit object,W,0,1,0,0,1,3,0,0,0,0,0,0
353667,Hospitalisation,2021,February,Sunday,16,Angle,Multi-Vehicle,153.4322149,-28.03732549,Gold Coast Hwy,Pacific Fair Dr,Gold Coast Highway (Broadbeach - Coolangatta),Mermaid Beach,Gold Coast City,4218,Broadbeach,Gold Coast,South Eastern,SEQ South,South Coast,Mermaid Beach - Broadbeach,Broadbeach - Burleigh,Gold Coast,Major Cities,Mermaid Beach,Moncrieff,State-controlled,Intersection - T-Junction,Operating traffic lights,60 km/h,Sealed - Dry,Clear,Daylight,Straight,Level,104,Veh'S Adjacent Approach: Thru-Right,Intersection from adjacent approaches,N,0,2,0,0,2,2,0,0,0,0,0,0
353668,Medical treatment,2021,February,Monday,13,Hit object,Single Vehicle,153.4352449,-28.04545549,Gold Coast Hwy,Venice St,Gold Coast Highway (Broadbeach - Coolangatta),Mermaid Beach,Gold Coast City,4218,Broadbeach,Gold Coast,South Eastern,SEQ South,South Coast,Mermaid Beach - Broadbeach,Broadbeach - Burleigh,Gold Coast,Major Cities,Mermaid Beach,Moncrieff,State-controlled,Intersection - T-Junction,Operating traffic lights,60 km/h,Sealed - Dry,Clear,Daylight,Straight,Level,706,Off Path-Straight: Left Turn,Off carriageway on straight,S,0,0,1,0,1,1,0,0,0,0,0,0
353669,Hospitalisation,2021,February,Friday,18,Angle,Multi-Vehicle,153.4078499,-28.04041449,Bermuda St,Sterling Wy,Southport - Burleigh Road,Mermaid Waters,Gold Coast City,4218,Broadbeach,Gold Coast,South Eastern,SEQ South,South Coast,Clear Island Waters,Robina,Gold Coast,Major Cities,Mermaid Beach,Mcpherson,State-controlled,Intersection - Cross,Operating traffic lights,80 - 90 km/h,Sealed - Dry,Clear,Darkness - Lighted,Straight,Level,101,Veh'S Adjacent Approach: Thru-Thru,Intersection from adjacent approaches,E,0,1,0,0,1,2,0,0,0,0,0,0
353670,Minor injury,2021,February,Friday,16,Rear-end,Multi-Vehicle,153.4099809,-28.02935749,Bermuda St,Darnay Rd,Southport - Burleigh Road,Broadbeach Waters,Gold Coast City,4218,Broadbeach,Gold Coast,South Eastern,SEQ South,South Coast,Broadbeach Waters,Broadbeach - Burleigh,Gold Coast,Major Cities,Surfers Paradise,Moncrieff,State-controlled,Intersection - Cross,Operating traffic lights,60 km/h,Sealed - Dry,Clear,Daylight,Straight,Level,301,Veh'S Same Direction: Rear End,Rear-end,N,0,0,0,1,1,2,0,0,0,0,0,0
353671,Medical treatment,2021,February,Saturday,12,Rear-end,Multi-Vehicle,153.3911089,-28.03188649,Gooding Dr,,Nerang - Broadbeach Road,Carrara,Gold Coast City,4211,Broadbeach,Gold Coast,South Eastern,SEQ South,South Coast,Carrara,Nerang,Gold Coast,Major Cities,Surfers Paradise,Moncrieff,State-controlled,No Roadway Feature,No traffic control,60 km/h,Sealed - Dry,Clear,Daylight,Straight,Level,301,Veh'S Same Direction: Rear End,Rear-end,E,0,0,1,0,1,2,0,0,0,0,0,0
353672,Hospitalisation,2021,March,Wednesday,7,Rear-end,Multi-Vehicle,153.420001,-28.07016738,Bermuda St,,Southport - Burleigh Road,Robina,Gold Coast City,4226,Robina,Gold Coast,South Eastern,SEQ South,South Coast,Robina,Robina,Gold Coast,Major Cities,Mermaid Beach,Mcpherson,State-controlled,No Roadway Feature,No traffic control,80 - 90 km/h,Sealed - Dry,Clear,Daylight,Straight,Level,301,Veh'S Same Direction: Rear End,Rear-end,N,0,1,0,0,1,4,0,0,0,0,0,0
353673,Medical treatment,2021,March,Wednesday,16,Rear-end,Multi-Vehicle,153.4378069,-28.06009249,Chairlift Ave,Gold Coast Hwy,Gold Coast Highway (Broadbeach - Coolangatta),Mermaid Beach,Gold Coast City,4218,Broadbeach,Gold Coast,South Eastern,SEQ South,South Coast,Mermaid Beach - Broadbeach,Broadbeach - Burleigh,Gold Coast,Major Cities,Mermaid Beach,Moncrieff,State-controlled,Intersection - Cross,Operating traffic lights,60 km/h,Sealed - Dry,Clear,Daylight,Straight,Level,301,Veh'S Same Direction: Rear End,Rear-end,S,0,0,2,0,2,2,0,0,0,0,0,0
353674,Hospitalisation,2021,March,Saturday,0,Angle,Multi-Vehicle,153.4454889,-28.07640449,Christine Ave,Gold Coast Hwy,Gold Coast Highway (Broadbeach - Coolangatta),Miami,Gold Coast City,4220,Palm Beach,Gold Coast,South Eastern,SEQ South,South Coast,Miami,Broadbeach - Burleigh,Gold Coast,Major Cities,Mermaid Beach,Mcpherson,State-controlled,Intersection - T-Junction,Operating traffic lights,60 km/h,Sealed - Dry,Clear,Darkness - Lighted,Straight,Level,202,Veh'S Opposite Approach: Thru-Right,Opposing vehicles turning,S,0,2,1,0,3,3,0,0,0,0,0,0
353675,Medical treatment,2021,March,Thursday,8,Rear-end,Multi-Vehicle,153.4134319,-28.00357449,Bundall Rd,,Southport - Burleigh Road,Bundall,Gold Coast City,4217,Broadbeach,Gold Coast,South Eastern,SEQ South,South Coast,Bundall,Surfers Paradise,Gold Coast,Major Cities,Southport,Moncrieff,State-controlled,No Roadway Feature,No traffic control,60 km/h,Sealed - Wet,Clear,Daylight,Straight,Level,301,Veh'S Same Direction: Rear End,Rear-end,N,0,0,1,0,1,2,0,0,0,0,0,0