Crash_Severity,Crash_Year,Crash_Month,Crash_Day_Of_Week,Crash_Hour,Crash_Nature,Crash_Type,Crash_Longitude,Crash_Latitude,Crash_Street,Crash_Street_Intersecting,State_Road_Name,Loc_Suburb,Loc_Local_Government_Area,Loc_Post_Code,Loc_Police_Division,Loc_Police_District,Loc_Police_Region,Loc_Queensland_Transport_Region,Loc_Main_Roads_Region,Loc_ABS_Statistical_Area_2,Loc_ABS_Statistical_Area_3,Loc_ABS_Statistical_Area_4,Loc_ABS_Remoteness,Loc_State_Electorate,Loc_Federal_Electorate,Crash_Controlling_Authority,Crash_Roadway_Feature,Crash_Traffic_Control,Crash_Speed_Limit,Crash_Road_Surface_Condition,Crash_Atmospheric_Condition,Crash_Lighting_Condition,Crash_Road_Horiz_Align,Crash_Road_Vert_Align,Crash_DCA_Code,Crash_DCA_Description,Crash_DCA_Group_Description,DCA_Key_Approach_Dir,Count_Casualty_Fatality,Count_Casualty_Hospitalised,Count_Casualty_MedicallyTreated,Count_Casualty_MinorInjury,Count_Casualty_Total,Count_Unit_Car,Count_Unit_Motorcycle_Moped,Count_Unit_Truck,Count_Unit_Bus,Count_Unit_Bicycle,Count_Unit_Pedestrian,Count_Unit_Other,
353676,Medical treatment,2021,March,Thursday,8,Rear-end,Multi-Vehicle,153.4144199,-28.07136449,University Dr,,,Robina,Gold Coast City,4226,Robina,Gold Coast,South Eastern,SEQ South,South Coast,Robina,Robina,Gold Coast,Major Cities,Mermaid Beach,Mcpherson,Locally-controlled,No Roadway Feature,No traffic control,60 km/h,Sealed - Wet,Raining,Daylight,Straight,Level,301,Veh'S Same Direction: Rear End,Rear-end,W,0,0,1,0,1,2,0,0,0,0,0,0
353677,Hospitalisation,2021,March,Friday,2,Hit object,Single Vehicle,153.4417535,-28.06861838,Gold Coast Hwy,,Gold Coast Highway (Broadbeach - Coolangatta),Miami,Gold Coast City,4220,Broadbeach,Gold Coast,South Eastern,SEQ South,South Coast,Miami,Broadbeach - Burleigh,Gold Coast,Major Cities,Mermaid Beach,Moncrieff,State-controlled,No Roadway Feature,No traffic control,70 km/h,Sealed - Dry,Clear,Darkness - Lighted,Straight,Level,703,Off Path-Straight: Left Off Cway Hit Obj,Off carriageway on straight hit object,S,0,1,0,0,1,1,0,0,0,0,0,0
353678,Medical treatment,2021,March,Sunday,11,Hit object,Single Vehicle,153.4403949,-28.06730849,Dawn Pde,Gold Coast Hwy,Gold Coast Highway (Broadbeach - Coolangatta),Miami,Gold Coast City,4220,Broadbeach,Gold Coast,South Eastern,SEQ South,South Coast,Miami,Broadbeach - Burleigh,Gold Coast,Major Cities,Mermaid Beach,Moncrieff,State-controlled,Intersection - Cross,Operating traffic lights,60 km/h,Sealed - Dry,Clear,Daylight,Straight,Level,703,Off Path-Straight: Left Off Cway Hit Obj,Off carriageway on straight hit object,S,0,0,1,0,1,1,0,0,0,0,0,0
353679,Medical treatment,2021,March,Monday,8,Angle,Multi-Vehicle,153.4115619,-28.07927049,Varsity Pde,,,Varsity Lakes,Gold Coast City,4227,Robina,Gold Coast,South Eastern,SEQ South,South Coast,Varsity Lakes,Robina,Gold Coast,Major Cities,Mermaid Beach,Mcpherson,Locally-controlled,No Roadway Feature,No traffic control,0 - 50 km/h,Sealed - Wet,Clear,Daylight,Straight,Level,406,Veh'S Manoeuvring: Leaving Driveway,Vehicle leaving driveway,S,0,0,1,0,1,2,0,0,0,0,0,0
353680,Medical treatment,2021,March,Sunday,18,Rear-end,Multi-Vehicle,153.4310369,-28.03326349,Gold Coast Hwy,,Heart Of The City 2,Broadbeach,Gold Coast City,4218,Broadbeach,Gold Coast,South Eastern,SEQ South,South Coast,Mermaid Beach - Broadbeach,Broadbeach - Burleigh,Gold Coast,Major Cities,Surfers Paradise,Moncrieff,Locally-controlled,No Roadway Feature,No traffic control,60 km/h,Sealed - Wet,Raining,Darkness - Lighted,Straight,Level,301,Veh'S Same Direction: Rear End,Rear-end,S,0,0,1,0,1,2,0,0,0,0,0,0
353681,Medical treatment,2021,March,Sunday,7,Hit object,Single Vehicle,153.4038219,-28.06672649,Cheltenham Dr,Ron Penhaligon Way,,Robina,Gold Coast City,4226,Robina,Gold Coast,South Eastern,SEQ South,South Coast,Robina,Robina,Gold Coast,Major Cities,Mermaid Beach,Mcpherson,Locally-controlled,Intersection - Roundabout,Give way sign,60 km/h,Sealed - Wet,Clear,Daylight,Curved - view open,Grade,607,Veh'S On Path: Temporary Object On C'Way,Other,E,0,0,1,0,1,0,1,0,0,0,0,0
353682,Medical treatment,2021,April,Friday,10,Sideswipe,Multi-Vehicle,153.4370831,-28.04131545,Hedges Ave,,,Mermaid Beach,Gold Coast City,4218,Broadbeach,Gold Coast,South Eastern,SEQ South,South Coast,Mermaid Beach - Broadbeach,Broadbeach - Burleigh,Gold Coast,Major Cities,Mermaid Beach,Moncrieff,Locally-controlled,No Roadway Feature,No traffic control,0 - 50 km/h,Sealed - Dry,Clear,Daylight,Straight,Level,408,Veh'S Manoeuvring: Entering From Footway,Vehicle leaving driveway,N,0,0,1,0,1,0,1,0,0,0,0,1
353683,Medical treatment,2021,April,Wednesday,18,Rear-end,Multi-Vehicle,153.4311949,-28.02934049,Surf Pde,Victoria Ave,,Broadbeach,Gold Coast City,4218,Broadbeach,Gold Coast,South Eastern,SEQ South,South Coast,Mermaid Beach - Broadbeach,Broadbeach - Burleigh,Gold Coast,Major Cities,Surfers Paradise,Moncrieff,Locally-controlled,Intersection - Roundabout,No traffic control,0 - 50 km/h,Sealed - Wet,Raining,Darkness - Lighted,Straight,Level,301,Veh'S Same Direction: Rear End,Rear-end,N,0,0,1,0,1,2,1,0,0,0,0,0
353684,Medical treatment,2021,April,Thursday,19,Rear-end,Multi-Vehicle,153.4350658,-28.04529019,Gold Coast Hwy,,Gold Coast Highway (Broadbeach - Coolangatta),Mermaid Beach,Gold Coast City,4218,Broadbeach,Gold Coast,South Eastern,SEQ South,South Coast,Mermaid Beach - Broadbeach,Broadbeach - Burleigh,Gold Coast,Major Cities,Mermaid Beach,Moncrieff,State-controlled,No Roadway Feature,No traffic control,60 km/h,Sealed - Dry,Clear,Darkness - Lighted,Straight,Level,301,Veh'S Same Direction: Rear End,Rear-end,S,0,0,1,0,1,2,0,0,0,0,0,0
353685,Minor injury,2021,April,Friday,16,Rear-end,Multi-Vehicle,153.4371249,-28.05363749,Gold Coast Hwy,Heron Ave,Gold Coast Highway (Broadbeach - Coolangatta),Mermaid Beach,Gold Coast City,4218,Broadbeach,Gold Coast,South Eastern,SEQ South,South Coast,Mermaid Beach - Broadbeach,Broadbeach - Burleigh,Gold Coast,Major Cities,Mermaid Beach,Moncrieff,State-controlled,Intersection - Cross,Operating traffic lights,60 km/h,Sealed - Dry,Clear,Daylight,Straight,Level,301,Veh'S Same Direction: Rear End,Rear-end,S,0,0,0,1,1,2,0,0,0,0,0,0
353686,Minor injury,2021,April,Saturday,23,Rear-end,Multi-Vehicle,153.4375389,-28.05998449,Albicore St,Gold Coast Hwy,Gold Coast Highway (Broadbeach - Coolangatta),Mermaid Waters,Gold Coast City,4218,Broadbeach,Gold Coast,South Eastern,SEQ South,South Coast,Mermaid Beach - Broadbeach,Broadbeach - Burleigh,Gold Coast,Major Cities,Mermaid Beach,Moncrieff,State-controlled,Intersection - Cross,Operating traffic lights,60 km/h,Sealed - Dry,Clear,Darkness - Lighted,Straight,Level,301,Veh'S Same Direction: Rear End,Rear-end,N,0,0,0,1,1,2,0,0,0,0,0,0
353687,Minor injury,2021,April,Sunday,5,Angle,Multi-Vehicle,153.3947649,-28.05656649,Markeri St,,,Robina,Gold Coast City,4226,Broadbeach,Gold Coast,South Eastern,SEQ South,South Coast,Robina,Robina,Gold Coast,Major Cities,Mermaid Beach,Mcpherson,Locally-controlled,Median Opening,No traffic control,0 - 50 km/h,Sealed - Dry,Clear,Daylight,Straight,Level,202,Veh'S Opposite Approach: Thru-Right,Opposing vehicles turning,E,0,0,0,1,1,2,0,0,0,0,0,0
353688,Minor injury,2021,April,Monday,14,Hit object,Single Vehicle,153.4379989,-28.05769449,Gold Coast Hwy,Wave St,Gold Coast Highway (Broadbeach - Coolangatta),Mermaid Beach,Gold Coast City,4218,Broadbeach,Gold Coast,South Eastern,SEQ South,South Coast,Mermaid Beach - Broadbeach,Broadbeach - Burleigh,Gold Coast,Major Cities,Mermaid Beach,Moncrieff,State-controlled,Intersection - T-Junction,No traffic control,60 km/h,Sealed - Dry,Clear,Daylight,Straight,Level,808,Off Path-Curve: Mounts Traffic Island,Off carriageway on curve hit object,N,0,0,0,1,1,0,1,0,0,0,0,0
353689,Medical treatment,2021,April,Wednesday,9,Hit object,Single Vehicle,153.3931909,-28.09142749,Scottsdale Dr,,,Robina,Gold Coast City,4226,Robina,Gold Coast,South Eastern,SEQ South,South Coast,Robina,Robina,Gold Coast,Major Cities,Mermaid Beach,Mcpherson,Locally-controlled,No Roadway Feature,No traffic control,60 km/h,Sealed - Dry,Clear,Daylight,Curved - view open,Grade,808,Off Path-Curve: Mounts Traffic Island,Off carriageway on curve hit object,S,0,0,1,1,2,2,0,0,0,0,0,0
353690,Hospitalisation,2021,April,Thursday,15,Rear-end,Multi-Vehicle,153.4198336,-28.03582339,Hooker Blvd,,Nerang - Broadbeach Road,Broadbeach Waters,Gold Coast City,4218,Broadbeach,Gold Coast,South Eastern,SEQ South,South Coast,Broadbeach Waters,Broadbeach - Burleigh,Gold Coast,Major Cities,Mermaid Beach,Moncrieff,State-controlled,No Roadway Feature,No traffic control,70 km/h,Sealed - Dry,Clear,Daylight,Straight,Level,301,Veh'S Same Direction: Rear End,Rear-end,W,0,1,0,0,1,5,0,0,0,0,0,0
353691,Minor injury,2021,April,Friday,16,Angle,Multi-Vehicle,153.4423719,-28.06932949,Gold Coast Hwy,Hythe St,Gold Coast Highway (Broadbeach - Coolangatta),Miami,Gold Coast City,4220,Broadbeach,Gold Coast,South Eastern,SEQ South,South Coast,Miami,Broadbeach - Burleigh,Gold Coast,Major Cities,Mermaid Beach,Moncrieff,State-controlled,Intersection - T-Junction,No traffic control,60 km/h,Sealed - Dry,Clear,Daylight,Straight,Level,202,Veh'S Opposite Approach: Thru-Right,Opposing vehicles turning,N,0,0,0,1,1,1,1,0,0,0,0,0
353692,Medical treatment,2021,April,Saturday,5,Angle,Multi-Vehicle,153.4097729,-28.01095349,Ashmore Rd,Upton St,,Bundall,Gold Coast City,4217,Broadbeach,Gold Coast,South Eastern,SEQ South,South Coast,Bundall,Surfers Paradise,Gold Coast,Major Cities,Surfers Paradise,Moncrieff,Locally-controlled,Intersection - Roundabout,Give way sign,0 - 50 km/h,Sealed - Dry,Clear,Dawn/Dusk,Straight,Level,102,Veh'S Adjacent Approach: Right-Thru,Intersection from adjacent approaches,S,0,0,1,0,1,1,0,0,0,1,0,0
353693,Hospitalisation,2021,April,Sunday,19,Angle,Multi-Vehicle,153.4375389,-28.05998449,Albicore St,Gold Coast Hwy,Gold Coast Highway (Broadbeach - Coolangatta),Mermaid Waters,Gold Coast City,4218,Broadbeach,Gold Coast,South Eastern,SEQ South,South Coast,Mermaid Beach - Broadbeach,Broadbeach - Burleigh,Gold Coast,Major Cities,Mermaid Beach,Moncrieff,State-controlled,Intersection - Cross,Operating traffic lights,60 km/h,Sealed - Dry,Clear,Darkness - Lighted,Straight,Level,104,Veh'S Adjacent Approach: Thru-Right,Intersection from adjacent approaches,N,0,3,0,0,3,1,0,0,1,0,0,0
353694,Medical treatment,2021,April,Sunday,13,Rear-end,Multi-Vehicle,153.4075659,-28.01060149,Ashmore Rd,Tiwi St,,Bundall,Gold Coast City,4217,Broadbeach,Gold Coast,South Eastern,SEQ South,South Coast,Bundall,Surfers Paradise,Gold Coast,Major Cities,Surfers Paradise,Moncrieff,Locally-controlled,Intersection - T-Junction,Operating traffic lights,60 km/h,Sealed - Dry,Clear,Daylight,Straight,Level,301,Veh'S Same Direction: Rear End,Rear-end,E,0,0,1,0,1,2,0,0,0,0,0,0
353695,Minor injury,2021,April,Monday,16,Angle,Multi-Vehicle,153.4052789,-27.99960049,Waterford Ct,,,Bundall,Gold Coast City,4217,Broadbeach,Gold Coast,South Eastern,SEQ South,South Coast,Bundall,Surfers Paradise,Gold Coast,Major Cities,Southport,Moncrieff,Locally-controlled,No Roadway Feature,No traffic control,0 - 50 km/h,Sealed - Dry,Clear,Daylight,Straight,Level,406,Veh'S Manoeuvring: Leaving Driveway,Vehicle leaving driveway,E,0,0,0,1,1,2,0,0,0,0,0,0
353696,Minor injury,2021,April,Monday,11,Rear-end,Multi-Vehicle,153.4118619,-28.01128549,Ashmore Rd,Bundall Rd,Southport - Burleigh Road,Bundall,Gold Coast City,4217,Broadbeach,Gold Coast,South Eastern,SEQ South,South Coast,Bundall,Surfers Paradise,Gold Coast,Major Cities,Surfers Paradise,Moncrieff,State-controlled,Intersection - Cross,Operating traffic lights,60 km/h,Sealed - Dry,Clear,Daylight,Straight,Level,301,Veh'S Same Direction: Rear End,Rear-end,N,0,0,0,1,1,3,0,0,0,0,0,0
353697,Hospitalisation,2021,April,Tuesday,8,Hit object,Single Vehicle,153.4023905,-28.03208142,Nerang - Broadbeach Rd,,Nerang - Broadbeach Road,Broadbeach Waters,Gold Coast City,4218,Broadbeach,Gold Coast,South Eastern,SEQ South,South Coast,Clear Island Waters,Robina,Gold Coast,Major Cities,Surfers Paradise,Mcpherson,State-controlled,No Roadway Feature,No traffic control,60 km/h,Sealed - Dry,Clear,Daylight,Straight,Level,201,Veh'S Opposite Approach: Head On,Head-on,E,0,1,0,0,1,2,0,0,0,0,0,0
353698,Medical treatment,2021,April,Monday,11,Sideswipe,Multi-Vehicle,153.4348578,-28.04441584,Gold Coast Hwy,,Gold Coast Highway (Broadbeach - Coolangatta),Mermaid Beach,Gold Coast City,4218,Broadbeach,Gold Coast,South Eastern,SEQ South,South Coast,Mermaid Beach - Broadbeach,Broadbeach - Burleigh,Gold Coast,Major Cities,Mermaid Beach,Moncrieff,State-controlled,No Roadway Feature,No traffic control,60 km/h,Sealed - Dry,Clear,Daylight,Straight,Level,306,Veh'S Same Direction: Lane Change Right,Lane changes,S,0,0,1,0,1,3,0,0,0,0,0,0
353699,Minor injury,2021,April,Thursday,18,Rear-end,Multi-Vehicle,153.4187399,-28.06513549,Bermuda St,Cottesloe Dr,Southport - Burleigh Road,Mermaid Waters,Gold Coast City,4218,Robina,Gold Coast,South Eastern,SEQ South,South Coast,Mermaid Waters,Broadbeach - Burleigh,Gold Coast,Major Cities,Mermaid Beach,Moncrieff,State-controlled,Intersection - Cross,Operating traffic lights,80 - 90 km/h,Sealed - Dry,Clear,Dawn/Dusk,Straight,Level,301,Veh'S Same Direction: Rear End,Rear-end,S,0,0,0,1,1,2,0,0,0,0,0,0
353700,Medical treatment,2021,May,Saturday,13,Rear-end,Multi-Vehicle,153.4371249,-28.05363749,Gold Coast Hwy,Heron Ave,Gold Coast Highway (Broadbeach - Coolangatta),Mermaid Beach,Gold Coast City,4218,Broadbeach,Gold Coast,South Eastern,SEQ South,South Coast,Mermaid Beach - Broadbeach,Broadbeach - Burleigh,Gold Coast,Major Cities,Mermaid Beach,Moncrieff,State-controlled,Intersection - Cross,Operating traffic lights,60 km/h,Sealed - Wet,Clear,Daylight,Straight,Level,301,Veh'S Same Direction: Rear End,Rear-end,S,0,0,1,0,1,2,0,0,0,0,0,0
353701,Minor injury,2021,May,Tuesday,9,Fall from vehicle,Single Vehicle,153.4371123,-28.06111479,Gold Coast Hwy,,Gold Coast Highway (Broadbeach - Coolangatta),Mermaid Waters,Gold Coast City,4218,Broadbeach,Gold Coast,South Eastern,SEQ South,South Coast,Mermaid Waters,Broadbeach - Burleigh,Gold Coast,Major Cities,Mermaid Beach,Moncrieff,State-controlled,No Roadway Feature,No traffic control,60 km/h,Sealed - Dry,Clear,Daylight,Straight,Level,400,Veh'S Manoeuvring: Other,Other,N,0,0,0,1,1,1,0,0,0,1,0,0
353702,Hospitalisation,2021,May,Thursday,13,Angle,Multi-Vehicle,153.4409399,-28.07511149,Mountain View Ave,Nobby Pde,,Miami,Gold Coast City,4220,Broadbeach,Gold Coast,South Eastern,SEQ South,South Coast,Miami,Broadbeach - Burleigh,Gold Coast,Major Cities,Mermaid Beach,Moncrieff,Locally-controlled,Intersection - Roundabout,Give way sign,0 - 50 km/h,Sealed - Dry,Clear,Daylight,Straight,Level,101,Veh'S Adjacent Approach: Thru-Thru,Intersection from adjacent approaches,E,0,1,0,0,1,1,0,0,0,1,0,0
353703,Hospitalisation,2021,May,Friday,6,Hit parked vehicle,Single Vehicle,153.4312819,-28.01952349,Second Ave,Surf Pde,,Broadbeach,Gold Coast City,4218,Broadbeach,Gold Coast,South Eastern,SEQ South,South Coast,Mermaid Beach - Broadbeach,Broadbeach - Burleigh,Gold Coast,Major Cities,Surfers Paradise,Moncrieff,Locally-controlled,Intersection - Cross,Stop sign,0 - 50 km/h,Sealed - Dry,Clear,Daylight,Straight,Level,704,Off Path-Straight:Right Off Cway Hit Obj,Off carriageway on straight hit object,W,0,1,0,0,1,4,0,0,0,0,0,0
353704,Hospitalisation,2021,May,Friday,17,Angle,Multi-Vehicle,153.4175779,-28.02657749,Rio Vista Blvd,T.E. Peters Dr,,Broadbeach Waters,Gold Coast City,4218,Broadbeach,Gold Coast,South Eastern,SEQ South,South Coast,Broadbeach Waters,Broadbeach - Burleigh,Gold Coast,Major Cities,Surfers Paradise,Moncrieff,Locally-controlled,Intersection - Roundabout,Give way sign,60 km/h,Sealed - Dry,Clear,Dawn/Dusk,Straight,Level,105,Veh'S Adjacent Approach: Right-Right,Intersection from adjacent approaches,W,0,1,0,0,1,1,1,0,0,0,0,0
353705,Medical treatment,2021,May,Saturday,17,Rear-end,Multi-Vehicle,153.4139529,-28.00163419,Bundall Rd,,Southport - Burleigh Road,Bundall,Gold Coast City,4217,Broadbeach,Gold Coast,South Eastern,SEQ South,South Coast,Bundall,Surfers Paradise,Gold Coast,Major Cities,Surfers Paradise,Moncrieff,State-controlled,No Roadway Feature,No traffic control,60 km/h,Sealed - Dry,Clear,Dawn/Dusk,Straight,Level,301,Veh'S Same Direction: Rear End,Rear-end,N,0,0,1,0,1,2,0,0,0,0,0,0
353706,Medical treatment,2021,May,Monday,10,Angle,Multi-Vehicle,153.4364039,-28.03856449,Hedges Ave,Sunbrite Ave,,Mermaid Beach,Gold Coast City,4218,Broadbeach,Gold Coast,South Eastern,SEQ South,South Coast,Mermaid Beach - Broadbeach,Broadbeach - Burleigh,Gold Coast,Major Cities,Mermaid Beach,Moncrieff,Locally-controlled,Intersection - Cross,Stop sign,0 - 50 km/h,Sealed - Dry,Clear,Daylight,Straight,Level,408,Veh'S Manoeuvring: Entering From Footway,Vehicle leaving driveway,W,0,0,1,0,1,1,0,0,0,1,0,0
353707,Medical treatment,2021,May,Wednesday,8,Fall from vehicle,Single Vehicle,153.4317809,-28.03187949,Philip Ave,Surf Pde,,Broadbeach,Gold Coast City,4218,Broadbeach,Gold Coast,South Eastern,SEQ South,South Coast,Mermaid Beach - Broadbeach,Broadbeach - Burleigh,Gold Coast,Major Cities,Surfers Paradise,Moncrieff,Locally-controlled,Intersection - T-Junction,No traffic control,0 - 50 km/h,Sealed - Wet,Clear,Daylight,Straight,Level,303,Veh'S Same Direction: Right Rear,Rear-end,N,0,0,1,0,1,1,1,0,0,0,0,0
353708,Hospitalisation,2021,May,Wednesday,14,Rear-end,Multi-Vehicle,153.4038567,-28.066217,Ron Penhaligon Way,,,Robina,Gold Coast City,4226,Broadbeach,Gold Coast,South Eastern,SEQ South,South Coast,Robina,Robina,Gold Coast,Major Cities,Mermaid Beach,Mcpherson,Locally-controlled,No Roadway Feature,No traffic control,0 - 50 km/h,Sealed - Wet,Raining,Daylight,Straight,Level,301,Veh'S Same Direction: Rear End,Rear-end,S,0,1,0,0,1,3,0,0,0,0,0,0
353709,Minor injury,2021,May,Wednesday,19,Rear-end,Multi-Vehicle,153.4102589,-28.02843949,Bermuda St,Sophie Ave,Southport - Burleigh Road,Broadbeach Waters,Gold Coast City,4218,Broadbeach,Gold Coast,South Eastern,SEQ South,South Coast,Broadbeach Waters,Broadbeach - Burleigh,Gold Coast,Major Cities,Surfers Paradise,Moncrieff,State-controlled,No Roadway Feature,No traffic control,60 km/h,Sealed - Dry,Clear,Darkness - Lighted,Straight,Level,302,Veh'S Same Direction: Left Rear,Rear-end,S,0,0,0,2,2,2,0,0,0,0,0,0
353710,Hospitalisation,2021,May,Friday,12,Head-on,Multi-Vehicle,153.4427663,-28.06298088,Marine Pde,,,Miami,Gold Coast City,4220,Broadbeach,Gold Coast,South Eastern,SEQ South,South Coast,Miami,Broadbeach - Burleigh,Gold Coast,Major Cities,Mermaid Beach,Moncrieff,Locally-controlled,No Roadway Feature,No traffic control,0 - 50 km/h,Sealed - Dry,Clear,Daylight,Straight,Level,400,Veh'S Manoeuvring: Other,Other,,0,1,0,0,1,0,0,0,0,2,0,0
353711,Hospitalisation,2021,May,Friday,17,Hit object,Single Vehicle,153.4315129,-28.03522649,Gold Coast Hwy,,Gold Coast Highway (Broadbeach - Coolangatta),Broadbeach,Gold Coast City,4218,Broadbeach,Gold Coast,South Eastern,SEQ South,South Coast,Mermaid Beach - Broadbeach,Broadbeach - Burleigh,Gold Coast,Major Cities,Mermaid Beach,Moncrieff,State-controlled,No Roadway Feature,No traffic control,60 km/h,Sealed - Dry,Clear,Darkness - Lighted,Curved - view open,Level,808,Off Path-Curve: Mounts Traffic Island,Off carriageway on curve hit object,N,0,1,0,0,1,1,0,0,0,0,0,1
353712,Hospitalisation,2021,May,Monday,7,Angle,Multi-Vehicle,153.4244347,-28.01740056,Monaco St,,,Broadbeach Waters,Gold Coast City,4218,Broadbeach,Gold Coast,South Eastern,SEQ South,South Coast,Broadbeach Waters,Broadbeach - Burleigh,Gold Coast,Major Cities,Surfers Paradise,Moncrieff,Locally-controlled,No Roadway Feature,No traffic control,60 km/h,Sealed - Dry,Clear,Daylight,Curved - view open,Level,400,Veh'S Manoeuvring: Other,Other,,0,1,0,0,1,1,0,0,0,0,0,1
353713,Medical treatment,2021,May,Monday,17,Rear-end,Multi-Vehicle,153.4135439,-28.00326949,Bundall Rd,Crombie Ave,Southport - Burleigh Road,Bundall,Gold Coast City,4217,Broadbeach,Gold Coast,South Eastern,SEQ South,South Coast,Bundall,Surfers Paradise,Gold Coast,Major Cities,Southport,Moncrieff,State-controlled,Intersection - Cross,Operating traffic lights,60 km/h,Sealed - Dry,Clear,Daylight,Straight,Level,301,Veh'S Same Direction: Rear End,Rear-end,U,0,0,1,0,1,2,0,0,0,0,0,0
353714,Medical treatment,2021,May,Tuesday,13,Rear-end,Multi-Vehicle,153.4343839,-28.04247249,Gold Coast Hwy,Montana Rd,Gold Coast Highway (Broadbeach - Coolangatta),Mermaid Beach,Gold Coast City,4218,Broadbeach,Gold Coast,South Eastern,SEQ South,South Coast,Mermaid Beach - Broadbeach,Broadbeach - Burleigh,Gold Coast,Major Cities,Mermaid Beach,Moncrieff,State-controlled,Intersection - T-Junction,Operating traffic lights,60 km/h,Sealed - Dry,Clear,Daylight,Straight,Level,301,Veh'S Same Direction: Rear End,Rear-end,S,0,0,1,0,1,2,0,0,0,0,0,0
353715,Medical treatment,2021,May,Tuesday,15,Rear-end,Multi-Vehicle,153.4272219,-28.04803449,Markeri St,Sunshine Blvd,,Mermaid Waters,Gold Coast City,4218,Broadbeach,Gold Coast,South Eastern,SEQ South,South Coast,Mermaid Waters,Broadbeach - Burleigh,Gold Coast,Major Cities,Mermaid Beach,Moncrieff,Locally-controlled,Intersection - Cross,Operating traffic lights,60 km/h,Sealed - Dry,Clear,Daylight,Straight,Level,301,Veh'S Same Direction: Rear End,Rear-end,S,0,0,1,0,1,2,0,0,0,0,0,0
353716,Hospitalisation,2021,May,Friday,17,Rear-end,Multi-Vehicle,153.4118319,-28.01163849,Ashmore Rd,Bundall Rd,Southport - Burleigh Road,Bundall,Gold Coast City,4217,Broadbeach,Gold Coast,South Eastern,SEQ South,South Coast,Bundall,Surfers Paradise,Gold Coast,Major Cities,Surfers Paradise,Moncrieff,State-controlled,Intersection - Cross,Operating traffic lights,60 km/h,Sealed - Dry,Clear,Daylight,Straight,Level,301,Veh'S Same Direction: Rear End,Rear-end,N,0,2,0,0,2,2,0,0,0,0,0,0
353717,Minor injury,2021,May,Friday,8,Rear-end,Multi-Vehicle,153.3859839,-28.03262249,Gooding Dr,Nerang - Broadbeach Rd,Nerang - Broadbeach Road,Merrimac,Gold Coast City,4226,Broadbeach,Gold Coast,South Eastern,SEQ South,South Coast,Merrimac,Robina,Gold Coast,Major Cities,Mudgeeraba,Mcpherson,State-controlled,Intersection - Roundabout,Give way sign,60 km/h,Sealed - Dry,Clear,Darkness - Lighted,Straight,Level,301,Veh'S Same Direction: Rear End,Rear-end,W,0,0,0,1,1,2,0,0,0,0,0,0
353718,Hospitalisation,2021,May,Tuesday,13,Hit object,Single Vehicle,153.4073629,-28.00225549,Crombie Ave,,,Bundall,Gold Coast City,4217,Broadbeach,Gold Coast,South Eastern,SEQ South,South Coast,Bundall,Surfers Paradise,Gold Coast,Major Cities,Southport,Moncrieff,Locally-controlled,No Roadway Feature,No traffic control,0 - 50 km/h,Sealed - Dry,Clear,Daylight,Straight,Level,703,Off Path-Straight: Left Off Cway Hit Obj,Off carriageway on straight hit object,E,0,1,0,0,1,1,0,0,0,0,0,0
353719,Medical treatment,2021,May,Tuesday,14,Angle,Multi-Vehicle,153.4141319,-27.99762149,Bundall Rd,Slatyer Ave,Southport - Burleigh Road,Bundall,Gold Coast City,4217,Southport,Gold Coast,South Eastern,SEQ South,South Coast,Bundall,Surfers Paradise,Gold Coast,Major Cities,Surfers Paradise,Moncrieff,State-controlled,Intersection - Cross,No traffic control,60 km/h,Sealed - Dry,Clear,Daylight,Straight,Level,101,Veh'S Adjacent Approach: Thru-Thru,Intersection from adjacent approaches,W,0,0,1,0,1,2,0,0,1,0,0,0
353720,Minor injury,2021,May,Thursday,20,Hit pedestrian,Hit pedestrian,153.4313157,-28.02972562,Surf Pde,,,Broadbeach,Gold Coast City,4218,Broadbeach,Gold Coast,South Eastern,SEQ South,South Coast,Mermaid Beach - Broadbeach,Broadbeach - Burleigh,Gold Coast,Major Cities,Surfers Paradise,Moncrieff,Locally-controlled,No Roadway Feature,No traffic control,0 - 50 km/h,Sealed - Dry,Clear,Darkness - Lighted,Straight,Level,1,Ped'N: Near Side Vehicle Hit From Right,Pedestrian,S,0,0,0,1,1,1,0,0,0,0,1,0
353721,Minor injury,2021,May,Saturday,17,Rear-end,Multi-Vehicle,153.4298089,-28.02920949,Gold Coast Hwy,T.E. Peters Dr,,Broadbeach,Gold Coast City,4218,Broadbeach,Gold Coast,South Eastern,SEQ South,South Coast,Mermaid Beach - Broadbeach,Broadbeach - Burleigh,Gold Coast,Major Cities,Surfers Paradise,Moncrieff,Locally-controlled,Intersection - T-Junction,No traffic control,60 km/h,Sealed - Dry,Clear,Dawn/Dusk,Straight,Level,302,Veh'S Same Direction: Left Rear,Rear-end,N,0,0,0,1,1,2,0,0,0,0,0,0
353722,Medical treatment,2021,June,Tuesday,18,Rear-end,Multi-Vehicle,153.4263309,-28.05945249,Oceanic Dr,,,Mermaid Waters,Gold Coast City,4218,Broadbeach,Gold Coast,South Eastern,SEQ South,South Coast,Mermaid Waters,Broadbeach - Burleigh,Gold Coast,Major Cities,Mermaid Beach,Moncrieff,Locally-controlled,No Roadway Feature,No traffic control,0 - 50 km/h,Sealed - Dry,Clear,Darkness - Lighted,Straight,Level,301,Veh'S Same Direction: Rear End,Rear-end,W,0,0,1,0,1,2,0,0,0,0,0,0
353723,Medical treatment,2021,June,Saturday,6,Fall from vehicle,Single Vehicle,153.4308349,-28.01857249,First Ave,,,Broadbeach,Gold Coast City,4218,Broadbeach,Gold Coast,South Eastern,SEQ South,South Coast,Mermaid Beach - Broadbeach,Broadbeach - Burleigh,Gold Coast,Major Cities,Surfers Paradise,Moncrieff,Locally-controlled,No Roadway Feature,No traffic control,0 - 50 km/h,Sealed - Dry,Clear,Daylight,Straight,Level,601,Veh'S On Path: Parked,Hit parked vehicle,W,0,0,1,0,1,1,1,0,0,0,0,0