Crash_Severity,Crash_Year,Crash_Month,Crash_Day_Of_Week,Crash_Hour,Crash_Nature,Crash_Type,Crash_Longitude,Crash_Latitude,Crash_Street,Crash_Street_Intersecting,State_Road_Name,Loc_Suburb,Loc_Local_Government_Area,Loc_Post_Code,Loc_Police_Division,Loc_Police_District,Loc_Police_Region,Loc_Queensland_Transport_Region,Loc_Main_Roads_Region,Loc_ABS_Statistical_Area_2,Loc_ABS_Statistical_Area_3,Loc_ABS_Statistical_Area_4,Loc_ABS_Remoteness,Loc_State_Electorate,Loc_Federal_Electorate,Crash_Controlling_Authority,Crash_Roadway_Feature,Crash_Traffic_Control,Crash_Speed_Limit,Crash_Road_Surface_Condition,Crash_Atmospheric_Condition,Crash_Lighting_Condition,Crash_Road_Horiz_Align,Crash_Road_Vert_Align,Crash_DCA_Code,Crash_DCA_Description,Crash_DCA_Group_Description,DCA_Key_Approach_Dir,Count_Casualty_Fatality,Count_Casualty_Hospitalised,Count_Casualty_MedicallyTreated,Count_Casualty_MinorInjury,Count_Casualty_Total,Count_Unit_Car,Count_Unit_Motorcycle_Moped,Count_Unit_Truck,Count_Unit_Bus,Count_Unit_Bicycle,Count_Unit_Pedestrian,Count_Unit_Other,
353724,Medical treatment,2021,June,Thursday,10,Hit object,Single Vehicle,153.3919049,-28.03179349,Gooding Dr,Manchester Rd,Nerang - Broadbeach Road,Carrara,Gold Coast City,4211,Broadbeach,Gold Coast,South Eastern,SEQ South,South Coast,Carrara,Nerang,Gold Coast,Major Cities,Surfers Paradise,Moncrieff,State-controlled,Intersection - Cross,Operating traffic lights,60 km/h,Sealed - Dry,Clear,Daylight,Straight,Level,708,Off Path-Straight: Mounts Traffic Island,Off carriageway on straight hit object,E,0,0,1,0,1,1,0,0,0,0,0,0
353725,Medical treatment,2021,June,Friday,7,Angle,Multi-Vehicle,153.3997239,-28.05385849,Markeri St,Yarraville St,,Robina,Gold Coast City,4226,Broadbeach,Gold Coast,South Eastern,SEQ South,South Coast,Robina,Robina,Gold Coast,Major Cities,Mermaid Beach,Mcpherson,Locally-controlled,Intersection - Roundabout,Give way sign,0 - 50 km/h,Sealed - Dry,Clear,Daylight,Straight,Level,408,Veh'S Manoeuvring: Entering From Footway,Vehicle leaving driveway,W,0,0,1,0,1,1,0,0,0,1,0,0
353726,Medical treatment,2021,June,Monday,17,Rear-end,Multi-Vehicle,153.4359179,-28.04873749,Gold Coast Hwy,Markeri St,Gold Coast Highway (Broadbeach - Coolangatta),Mermaid Beach,Gold Coast City,4218,Broadbeach,Gold Coast,South Eastern,SEQ South,South Coast,Mermaid Beach - Broadbeach,Broadbeach - Burleigh,Gold Coast,Major Cities,Mermaid Beach,Moncrieff,State-controlled,Intersection - T-Junction,Operating traffic lights,60 km/h,Sealed - Dry,Clear,Dawn/Dusk,Straight,Level,303,Veh'S Same Direction: Right Rear,Rear-end,S,0,0,1,0,1,2,0,0,0,0,0,0
353727,Minor injury,2021,June,Monday,17,Rear-end,Multi-Vehicle,153.3900919,-28.09081249,Pacific Hwy,,Pacific Highway (Pacific Motorway),Robina,Gold Coast City,4226,Robina,Gold Coast,South Eastern,SEQ South,South Coast,Robina,Robina,Gold Coast,Major Cities,Mudgeeraba,Mcpherson,State-controlled,No Roadway Feature,No traffic control,100 - 110 km/h,Sealed - Dry,Clear,Darkness - Lighted,Straight,Level,301,Veh'S Same Direction: Rear End,Rear-end,S,0,0,0,1,1,2,0,0,0,0,0,0
353728,Hospitalisation,2021,June,Wednesday,7,Hit object,Single Vehicle,153.4173638,-28.04552908,Markeri St,,,Mermaid Waters,Gold Coast City,4218,Broadbeach,Gold Coast,South Eastern,SEQ South,South Coast,Mermaid Waters,Broadbeach - Burleigh,Gold Coast,Major Cities,Mermaid Beach,Moncrieff,Locally-controlled,No Roadway Feature,No traffic control,60 km/h,Sealed - Dry,Clear,Daylight,Curved - view open,Level,808,Off Path-Curve: Mounts Traffic Island,Off carriageway on curve hit object,E,0,1,0,0,1,1,0,0,0,0,0,0
353729,Medical treatment,2021,June,Thursday,10,Rear-end,Multi-Vehicle,153.4070769,-28.04409049,Bermuda St,,Southport - Burleigh Road,Mermaid Waters,Gold Coast City,4218,Broadbeach,Gold Coast,South Eastern,SEQ South,South Coast,Clear Island Waters,Robina,Gold Coast,Major Cities,Mermaid Beach,Mcpherson,State-controlled,Merge Lane,No traffic control,80 - 90 km/h,Sealed - Dry,Clear,Daylight,Straight,Level,301,Veh'S Same Direction: Rear End,Rear-end,S,0,0,1,1,2,2,0,0,0,0,0,0
353730,Hospitalisation,2021,June,Friday,13,Sideswipe,Multi-Vehicle,153.4078297,-28.05495507,Ron Penhaligon Way,,,Robina,Gold Coast City,4226,Broadbeach,Gold Coast,South Eastern,SEQ South,South Coast,Robina,Robina,Gold Coast,Major Cities,Mermaid Beach,Mcpherson,Locally-controlled,No Roadway Feature,No traffic control,0 - 50 km/h,Sealed - Dry,Clear,Daylight,Curved - view open,Level,408,Veh'S Manoeuvring: Entering From Footway,Vehicle leaving driveway,S,0,1,0,0,1,2,0,0,0,0,0,0
353731,Medical treatment,2021,June,Saturday,2,Hit parked vehicle,Single Vehicle,153.4085289,-28.04999349,Barrier Reef Dr,,,Mermaid Waters,Gold Coast City,4218,Broadbeach,Gold Coast,South Eastern,SEQ South,South Coast,Mermaid Waters,Broadbeach - Burleigh,Gold Coast,Major Cities,Mermaid Beach,Moncrieff,Locally-controlled,No Roadway Feature,No traffic control,0 - 50 km/h,Sealed - Dry,Clear,Darkness - Lighted,Curved - view open,Level,804,Off Path-Curve: Off Cway Lt Bend Hit Obj,Off carriageway on curve hit object,S,0,0,2,0,2,2,0,0,0,0,0,0
353732,Medical treatment,2021,June,Saturday,17,Angle,Multi-Vehicle,153.3913969,-28.08443449,Christine Ave,Scottsdale Dr,,Robina,Gold Coast City,4226,Robina,Gold Coast,South Eastern,SEQ South,South Coast,Robina,Robina,Gold Coast,Major Cities,Mermaid Beach,Mcpherson,Locally-controlled,Intersection - Cross,Operating traffic lights,60 km/h,Sealed - Dry,Clear,Darkness - Lighted,Straight,Level,202,Veh'S Opposite Approach: Thru-Right,Opposing vehicles turning,N,0,0,1,1,2,2,0,0,0,0,0,0
353733,Minor injury,2021,June,Tuesday,15,Angle,Multi-Vehicle,153.4190059,-28.05069349,Rio Vista Blvd,,,Mermaid Waters,Gold Coast City,4218,Broadbeach,Gold Coast,South Eastern,SEQ South,South Coast,Mermaid Waters,Broadbeach - Burleigh,Gold Coast,Major Cities,Mermaid Beach,Moncrieff,Locally-controlled,No Roadway Feature,No traffic control,0 - 50 km/h,Sealed - Dry,Clear,Daylight,Straight,Level,300,Veh'S Same Direction: Other,Other,W,0,0,0,1,1,1,0,0,0,1,0,0
353734,Medical treatment,2021,June,Wednesday,16,Rear-end,Multi-Vehicle,153.4000359,-28.06771449,Killarney Ave,,,Robina,Gold Coast City,4226,Robina,Gold Coast,South Eastern,SEQ South,South Coast,Robina,Robina,Gold Coast,Major Cities,Mermaid Beach,Mcpherson,Locally-controlled,No Roadway Feature,No traffic control,0 - 50 km/h,Sealed - Dry,Clear,Daylight,Straight,Level,301,Veh'S Same Direction: Rear End,Rear-end,S,0,0,1,0,1,2,0,0,0,0,0,0
353735,Hospitalisation,2021,June,Thursday,17,Rear-end,Multi-Vehicle,153.4087659,-28.03528749,Bermuda St,Hooker Blvd,Southport - Burleigh Road,Broadbeach Waters,Gold Coast City,4218,Broadbeach,Gold Coast,South Eastern,SEQ South,South Coast,Clear Island Waters,Robina,Gold Coast,Major Cities,Mermaid Beach,Mcpherson,State-controlled,Intersection - Cross,Operating traffic lights,70 km/h,Sealed - Dry,Clear,Dawn/Dusk,Straight,Level,303,Veh'S Same Direction: Right Rear,Rear-end,N,0,2,0,0,2,2,0,0,0,0,0,0
353736,Minor injury,2021,June,Sunday,12,Hit parked vehicle,Single Vehicle,153.4324543,-28.0199921,Old Burleigh Rd,,,Broadbeach,Gold Coast City,4218,Broadbeach,Gold Coast,South Eastern,SEQ South,South Coast,Mermaid Beach - Broadbeach,Broadbeach - Burleigh,Gold Coast,Major Cities,Surfers Paradise,Moncrieff,Locally-controlled,No Roadway Feature,No traffic control,0 - 50 km/h,Sealed - Dry,Clear,Daylight,Straight,Level,604,Veh'S On Path: Car Door,Hit parked vehicle,S,0,0,0,1,1,1,0,0,0,1,0,0
353737,Hospitalisation,2021,June,Sunday,20,Angle,Multi-Vehicle,153.4185529,-28.06524149,Bermuda St,Cottesloe Dr,Southport - Burleigh Road,Robina,Gold Coast City,4226,Robina,Gold Coast,South Eastern,SEQ South,South Coast,Robina,Robina,Gold Coast,Major Cities,Mermaid Beach,Mcpherson,State-controlled,Intersection - Cross,Operating traffic lights,80 - 90 km/h,Sealed - Dry,Clear,Darkness - Lighted,Straight,Level,102,Veh'S Adjacent Approach: Right-Thru,Intersection from adjacent approaches,W,0,2,3,0,5,2,0,0,0,0,0,0
353884,Hospitalisation,2021,January,Wednesday,3,Hit object,Single Vehicle,152.4073547,-27.20090668,Brisbane Valley Hwy,,Brisbane Valley Highway (Ipswich - Harlin),Coal Creek,Somerset Region,4312,Esk,Ipswich,Southern,SEQ North,North Coast,Esk,Ipswich Hinterland,Ipswich,Inner Regional,Nanango,Blair,State-controlled,No Roadway Feature,No traffic control,100 - 110 km/h,Sealed - Dry,Clear,Darkness - Not lighted,Curved - view open,Level,803,Off Path-Curve: Off Cway Rt Bend Hit Obj,Off carriageway on curve hit object,S,0,1,0,0,1,1,0,0,0,0,0,0
353885,Hospitalisation,2021,February,Sunday,16,Hit object,Single Vehicle,152.6835791,-27.30478141,Mount Glorious Rd,,Mount Glorious Road,Dundas,Somerset Region,4306,Esk,Ipswich,Southern,SEQ North,North Coast,Esk,Ipswich Hinterland,Ipswich,Inner Regional,Nanango,Blair,State-controlled,No Roadway Feature,No traffic control,80 - 90 km/h,Sealed - Dry,Clear,Daylight,Curved - view open,Grade,804,Off Path-Curve: Off Cway Lt Bend Hit Obj,Off carriageway on curve hit object,W,0,1,0,0,1,0,1,0,0,0,0,0
353886,Hospitalisation,2021,February,Thursday,0,Overturned,Single Vehicle,152.504963,-27.31394212,Brisbane Valley Hwy,,Brisbane Valley Highway (Ipswich - Harlin),Moombra,Somerset Region,4312,Esk,Ipswich,Southern,SEQ North,North Coast,Esk,Ipswich Hinterland,Ipswich,Inner Regional,Nanango,Blair,State-controlled,No Roadway Feature,No traffic control,100 - 110 km/h,Sealed - Dry,Clear,Darkness - Not lighted,Straight,Level,702,Off Path-Straight: Right Off Cway,Off carriageway on straight,N,0,1,0,0,1,1,0,0,0,0,0,0
353887,Hospitalisation,2021,February,Sunday,15,Struck by internal load,Other,152.3603832,-26.97655738,Brisbane Valley Hwy,,Brisbane Valley Highway (Ipswich - Harlin),Harlin,Somerset Region,4306,Toogoolawah,Ipswich,Southern,SEQ North,North Coast,Kilcoy,Caboolture Hinterland,Moreton Bay - North,Inner Regional,Nanango,Blair,State-controlled,No Roadway Feature,No traffic control,70 km/h,Sealed - Dry,Clear,Daylight,Curved - view open,Level,900,Pass & Misc: Other,Other,S,0,2,0,0,2,1,0,0,0,0,0,0
353888,Medical treatment,2021,March,Friday,9,Hit object,Single Vehicle,152.3979321,-27.16965438,Brisbane Valley Hwy,Calcite Rd,Brisbane Valley Highway (Ipswich - Harlin),Biarra,Somerset Region,4313,Esk,Ipswich,Southern,SEQ North,North Coast,Esk,Ipswich Hinterland,Ipswich,Inner Regional,Nanango,Blair,State-controlled,Intersection - T-Junction,No traffic control,60 km/h,Sealed - Dry,Clear,Daylight,Curved - view open,Dip,803,Off Path-Curve: Off Cway Rt Bend Hit Obj,Off carriageway on curve hit object,S,0,0,1,0,1,1,0,0,0,0,0,0
353889,Medical treatment,2021,March,Saturday,12,Hit object,Single Vehicle,152.4237581,-27.24992038,Middle St,South St,Gatton-Esk Road,Esk,Somerset Region,4312,Esk,Ipswich,Southern,SEQ North,North Coast,Esk,Ipswich Hinterland,Ipswich,Inner Regional,Nanango,Blair,State-controlled,Intersection - T-Junction,No traffic control,60 km/h,Sealed - Dry,Clear,Daylight,Curved - view obscured,Dip,803,Off Path-Curve: Off Cway Rt Bend Hit Obj,Off carriageway on curve hit object,W,0,0,1,0,1,1,0,0,0,0,0,0
353890,Hospitalisation,2021,March,Wednesday,16,Rear-end,Multi-Vehicle,152.4211691,-27.30695238,Aspen Dr,Gatton - Esk Rd,Gatton-Esk Road,Esk,Somerset Region,4312,Esk,Ipswich,Southern,SEQ North,North Coast,Esk,Ipswich Hinterland,Ipswich,Inner Regional,Nanango,Blair,State-controlled,Intersection - T-Junction,No traffic control,100 - 110 km/h,Sealed - Dry,Clear,Daylight,Straight,Crest,302,Veh'S Same Direction: Left Rear,Rear-end,N,0,2,0,0,2,2,0,0,0,0,0,0
353891,Hospitalisation,2021,April,Tuesday,6,Hit object,Single Vehicle,152.5539881,-27.1313264,Esk - Kilcoy Rd,,Esk - Kilcoy Road,Lake Wivenhoe,Somerset Region,4312,Esk,Ipswich,Southern,SEQ North,North Coast,Esk,Ipswich Hinterland,Ipswich,Inner Regional,Nanango,Blair,State-controlled,No Roadway Feature,No traffic control,100 - 110 km/h,Sealed - Wet,Fog,Darkness - Not lighted,Curved - view open,Level,607,Veh'S On Path: Temporary Object On C'Way,Other,N,0,1,0,0,1,1,0,0,0,0,0,0
353892,Hospitalisation,2021,April,Saturday,18,Hit object,Single Vehicle,152.5591151,-27.1832184,Wivenhoe - Somerset Rd,,Wivenhoe - Somerset Road,Crossdale,Somerset Region,4312,Esk,Ipswich,Southern,SEQ North,North Coast,Esk,Ipswich Hinterland,Ipswich,Inner Regional,Nanango,Blair,State-controlled,No Roadway Feature,No traffic control,100 - 110 km/h,Sealed - Dry,Clear,Daylight,Curved - view open,Level,804,Off Path-Curve: Off Cway Lt Bend Hit Obj,Off carriageway on curve hit object,S,0,2,0,0,2,1,0,0,0,0,0,0
353893,Hospitalisation,2021,April,Tuesday,16,Hit object,Single Vehicle,152.3788201,-27.19874877,Esk - Crows Nest Rd,,,Biarra,Somerset Region,4313,Esk,Ipswich,Southern,SEQ North,North Coast,Esk,Ipswich Hinterland,Ipswich,Inner Regional,Nanango,Blair,Locally-controlled,Bridge/Causeway,No traffic control,100 - 110 km/h,Sealed - Dry,Clear,Daylight,Curved - view open,Dip,803,Off Path-Curve: Off Cway Rt Bend Hit Obj,Off carriageway on curve hit object,N,0,2,0,0,2,1,0,0,0,0,0,0
353894,Medical treatment,2021,April,Thursday,15,Hit object,Single Vehicle,152.4340161,-27.28929438,Dunlop Rd,,Gatton-Esk Road,Esk,Somerset Region,4312,Esk,Ipswich,Southern,SEQ North,North Coast,Esk,Ipswich Hinterland,Ipswich,Inner Regional,Nanango,Blair,State-controlled,No Roadway Feature,No traffic control,100 - 110 km/h,Sealed - Dry,Clear,Daylight,Curved - view open,Level,803,Off Path-Curve: Off Cway Rt Bend Hit Obj,Off carriageway on curve hit object,N,0,0,2,0,2,1,0,0,0,0,0,0
353895,Hospitalisation,2021,April,Friday,13,Fall from vehicle,Single Vehicle,152.6520527,-27.29654682,Mount Glorious Rd,,Mount Glorious Road,Dundas,Somerset Region,4306,Lowood,Ipswich,Southern,SEQ North,North Coast,Esk,Ipswich Hinterland,Ipswich,Inner Regional,Nanango,Blair,State-controlled,No Roadway Feature,No traffic control,80 - 90 km/h,Sealed - Dry,Clear,Daylight,Curved - view obscured,Level,801,Off Path-Curve: Off Cway Right Bend,Off carriageway on curve,E,0,1,0,0,1,0,1,0,0,0,0,0
353896,Hospitalisation,2021,April,Sunday,17,Hit object,Single Vehicle,152.6838811,-27.30480141,Mount Glorious Rd,,Mount Glorious Road,Dundas,Somerset Region,4306,Esk,Ipswich,Southern,SEQ North,North Coast,Esk,Ipswich Hinterland,Ipswich,Inner Regional,Nanango,Blair,State-controlled,No Roadway Feature,No traffic control,60 km/h,Sealed - Dry,Clear,Daylight,Curved - view obscured,Dip,607,Veh'S On Path: Temporary Object On C'Way,Other,W,0,1,0,0,1,0,1,0,0,0,0,0
353897,Medical treatment,2021,May,Tuesday,13,Angle,Multi-Vehicle,152.3761862,-27.08598638,Cairnscroft St,Dingyarra St,,Toogoolawah,Somerset Region,4313,Toogoolawah,Ipswich,Southern,SEQ North,North Coast,Esk,Ipswich Hinterland,Ipswich,Inner Regional,Nanango,Blair,Locally-controlled,Intersection - Cross,Give way sign,0 - 50 km/h,Sealed - Dry,Clear,Daylight,Straight,Level,101,Veh'S Adjacent Approach: Thru-Thru,Intersection from adjacent approaches,S,0,0,1,1,2,2,0,0,0,0,0,0
353898,Hospitalisation,2021,May,Tuesday,19,Hit object,Single Vehicle,152.3784915,-27.00458932,Gregors Creek Rd,,,Gregors Creek,Somerset Region,4313,Toogoolawah,Ipswich,Southern,SEQ North,North Coast,Kilcoy,Caboolture Hinterland,Moreton Bay - North,Inner Regional,Nanango,Blair,Locally-controlled,No Roadway Feature,No traffic control,100 - 110 km/h,Sealed - Dry,Clear,Darkness - Not lighted,Curved - view obscured,Grade,803,Off Path-Curve: Off Cway Rt Bend Hit Obj,Off carriageway on curve hit object,N,0,2,0,0,2,1,0,0,0,0,0,0
353899,Medical treatment,2021,May,Sunday,17,Hit animal,Other,152.3860931,-27.13861538,Brisbane Valley Hwy,,Brisbane Valley Highway (Ipswich - Harlin),Ottaba,Somerset Region,4313,Toogoolawah,Ipswich,Southern,SEQ North,North Coast,Esk,Ipswich Hinterland,Ipswich,Inner Regional,Nanango,Blair,State-controlled,Intersection - T-Junction,No traffic control,100 - 110 km/h,Sealed - Dry,Clear,Darkness - Not lighted,Straight,Level,609,Pass & Misc: Hit Animal,Hit animal,S,0,0,2,0,2,1,0,0,0,0,0,0
353900,Hospitalisation,2021,June,Thursday,14,Overturned,Single Vehicle,152.3944118,-27.15725058,Brisbane Valley Hwy,,Brisbane Valley Highway (Ipswich - Harlin),Ottaba,Somerset Region,4313,Esk,Ipswich,Southern,SEQ North,North Coast,Esk,Ipswich Hinterland,Ipswich,Inner Regional,Nanango,Blair,State-controlled,No Roadway Feature,No traffic control,100 - 110 km/h,Sealed - Dry,Clear,Daylight,Straight,Grade,701,Off Path-Straight: Left Off Cway,Off carriageway on straight,N,0,1,0,0,1,1,0,0,0,0,0,0
353901,Hospitalisation,2021,June,Saturday,9,Hit object,Single Vehicle,152.6839342,-27.3048056,Mount Glorious Rd,,Mount Glorious Road,Dundas,Somerset Region,4306,Esk,Ipswich,Southern,SEQ North,North Coast,Esk,Ipswich Hinterland,Ipswich,Inner Regional,Nanango,Blair,State-controlled,No Roadway Feature,No traffic control,80 - 90 km/h,Sealed - Dry,Clear,Daylight,Curved - view open,Crest,803,Off Path-Curve: Off Cway Rt Bend Hit Obj,Off carriageway on curve hit object,E,0,1,0,0,1,0,1,0,0,0,0,0
353902,Fatal,2021,June,Thursday,2,Hit object,Single Vehicle,152.4129691,-27.22171538,Brisbane Valley Hwy,,Brisbane Valley Highway (Ipswich - Harlin),Esk,Somerset Region,4312,Esk,Ipswich,Southern,SEQ North,North Coast,Esk,Ipswich Hinterland,Ipswich,Inner Regional,Nanango,Blair,State-controlled,No Roadway Feature,No traffic control,100 - 110 km/h,Sealed - Dry,Clear,Darkness - Not lighted,Curved - view open,Level,804,Off Path-Curve: Off Cway Lt Bend Hit Obj,Off carriageway on curve hit object,N,1,0,0,0,1,1,0,0,0,0,0,0
353903,Hospitalisation,2021,June,Friday,13,Hit object,Single Vehicle,152.3926561,-27.21065538,Esk - Crows Nest Rd,,,Biarra,Somerset Region,4313,Esk,Ipswich,Southern,SEQ North,North Coast,Esk,Ipswich Hinterland,Ipswich,Inner Regional,Nanango,Blair,Locally-controlled,No Roadway Feature,No traffic control,100 - 110 km/h,Sealed - Wet,Raining,Daylight,Curved - view obscured,Dip,805,Off Path-Curve: Out Of Control On Cway,Out of control on curve,E,0,2,0,0,2,1,0,0,0,0,0,0
353922,Hospitalisation,2021,February,Saturday,8,Angle,Multi-Vehicle,139.4947049,-20.72653841,Rodeo Dr,,,Mount Isa City,Mount Isa City,4825,Mount Isa,Mount Isa,Northern,Northern,North Queensland,Mount Isa,Outback - North,Queensland - Outback,Remote,Traeger,Kennedy,Locally-controlled,No Roadway Feature,Pedestrian crossing sign,0 - 50 km/h,Sealed - Dry,Clear,Daylight,Straight,Level,408,Veh'S Manoeuvring: Entering From Footway,Vehicle leaving driveway,E,0,1,0,0,1,1,0,0,0,1,0,0
353923,Hospitalisation,2021,February,Wednesday,21,Fall from vehicle,Single Vehicle,139.4880547,-20.73080247,Fourth Ave,,,Parkside,Mount Isa City,4825,Mount Isa,Mount Isa,Northern,Northern,North Queensland,Mount Isa,Outback - North,Queensland - Outback,Remote,Traeger,Kennedy,Locally-controlled,No Roadway Feature,No traffic control,60 km/h,Sealed - Dry,Clear,Darkness - Lighted,Straight,Level,705,Off Path-Straight:Out Of Control On Cway,Out of control on straight,S,0,1,0,0,1,0,0,0,0,1,0,0
353924,Minor injury,2021,February,Wednesday,20,Sideswipe,Multi-Vehicle,139.4948619,-20.71526841,Miles St,Zena St,,Menzies,Mount Isa City,4825,Mount Isa,Mount Isa,Northern,Northern,North Queensland,Mount Isa,Outback - North,Queensland - Outback,Remote,Traeger,Kennedy,Locally-controlled,Intersection - Cross,Give way sign,60 km/h,Sealed - Dry,Clear,Darkness - Lighted,Straight,Level,101,Veh'S Adjacent Approach: Thru-Thru,Intersection from adjacent approaches,W,0,0,0,1,1,2,0,0,0,0,0,0
353925,Hospitalisation,2021,February,Friday,18,Fall from vehicle,Single Vehicle,139.4950649,-20.74520341,Mt Isa - Duchess Rd,,Mount Isa - Duchess Road,Happy Valley,Mount Isa City,4825,Mount Isa,Mount Isa,Northern,Northern,North Queensland,Mount Isa,Outback - North,Queensland - Outback,Remote,Traeger,Kennedy,State-controlled,No Roadway Feature,No traffic control,60 km/h,Unsealed - Dry,Clear,Dawn/Dusk,Straight,Level,400,Veh'S Manoeuvring: Other,Other,N,0,1,0,0,1,0,1,0,0,0,0,0
353926,Hospitalisation,2021,February,Saturday,0,Hit object,Single Vehicle,139.4858539,-20.72742041,Barkly Hwy,Isa St,Diamantina Developmental Road (Dajarra - Mount Isa),Parkside,Mount Isa City,4825,Mount Isa,Mount Isa,Northern,Northern,North Queensland,Mount Isa,Outback - North,Queensland - Outback,Remote,Traeger,Kennedy,State-controlled,Intersection - T-Junction,No traffic control,60 km/h,Sealed - Dry,Clear,Darkness - Lighted,Curved - view obscured,Level,804,Off Path-Curve: Off Cway Lt Bend Hit Obj,Off carriageway on curve hit object,W,0,1,0,0,1,1,0,0,0,0,0,0
353927,Minor injury,2021,March,Friday,9,Angle,Multi-Vehicle,139.4954429,-20.71363041,Miles St,Patricia St,,Menzies,Mount Isa City,4825,Mount Isa,Mount Isa,Northern,Northern,North Queensland,Mount Isa,Outback - North,Queensland - Outback,Remote,Traeger,Kennedy,Locally-controlled,Intersection - Cross,Give way sign,60 km/h,Sealed - Dry,Clear,Daylight,Straight,Level,102,Veh'S Adjacent Approach: Right-Thru,Intersection from adjacent approaches,W,0,0,0,1,1,2,0,0,0,0,0,0
353928,Hospitalisation,2021,March,Wednesday,17,Angle,Multi-Vehicle,139.4883779,-20.74478941,Fourth Ave,Twenty Third Ave,,Happy Valley,Mount Isa City,4825,Mount Isa,Mount Isa,Northern,Northern,North Queensland,Mount Isa,Outback - North,Queensland - Outback,Remote,Traeger,Kennedy,Locally-controlled,Intersection - Cross,No traffic control,60 km/h,Sealed - Dry,Clear,Daylight,Straight,Level,202,Veh'S Opposite Approach: Thru-Right,Opposing vehicles turning,W,0,1,0,0,1,1,1,0,0,0,0,0
353929,Hospitalisation,2021,April,Thursday,8,Hit object,Single Vehicle,139.4906749,-20.72442241,West St,,,Miles End,Mount Isa City,4825,Mount Isa,Mount Isa,Northern,Northern,North Queensland,Mount Isa,Outback - North,Queensland - Outback,Remote,Traeger,Kennedy,Locally-controlled,Merge Lane,Operating traffic lights,60 km/h,Sealed - Dry,Clear,Daylight,Straight,Level,705,Off Path-Straight:Out Of Control On Cway,Out of control on straight,S,0,1,0,0,1,1,0,0,0,0,0,0
353930,Hospitalisation,2021,April,Friday,10,Angle,Multi-Vehicle,139.5050039,-20.73146841,Pamela St,Trainor St,,Townview,Mount Isa City,4825,Mount Isa,Mount Isa,Northern,Northern,North Queensland,Mount Isa,Outback - North,Queensland - Outback,Remote,Traeger,Kennedy,Locally-controlled,Intersection - Cross,Give way sign,60 km/h,Sealed - Dry,Clear,Daylight,Straight,Grade,101,Veh'S Adjacent Approach: Thru-Thru,Intersection from adjacent approaches,N,0,1,0,0,1,2,0,0,0,0,0,0
353931,Hospitalisation,2021,April,Saturday,22,Angle,Multi-Vehicle,139.4954429,-20.71363041,Miles St,Patricia St,,Menzies,Mount Isa City,4825,Mount Isa,Mount Isa,Northern,Northern,North Queensland,Mount Isa,Outback - North,Queensland - Outback,Remote,Traeger,Kennedy,Locally-controlled,Intersection - Cross,Give way sign,60 km/h,Sealed - Dry,Clear,Darkness - Lighted,Straight,Level,101,Veh'S Adjacent Approach: Thru-Thru,Intersection from adjacent approaches,W,0,1,1,0,2,2,0,0,0,0,0,0
353932,Hospitalisation,2021,April,Tuesday,15,Overturned,Single Vehicle,138.7728444,-20.07383287,Barkly Hwy,,Barkly Highway (Mount Isa - Camooweal),Barkly,Mount Isa City,4825,Mount Isa,Mount Isa,Northern,Northern,North Queensland,Mount Isa Region,Outback - North,Queensland - Outback,Very Remote,Traeger,Kennedy,State-controlled,No Roadway Feature,No traffic control,100 - 110 km/h,Sealed - Dry,Clear,Daylight,Straight,Level,702,Off Path-Straight: Right Off Cway,Off carriageway on straight,W,0,2,0,0,2,1,0,0,0,0,0,0
353933,Minor injury,2021,April,Friday,12,Angle,Multi-Vehicle,139.4939859,-20.71768441,Alma St,Miles St,,Menzies,Mount Isa City,4825,Mount Isa,Mount Isa,Northern,Northern,North Queensland,Mount Isa,Outback - North,Queensland - Outback,Remote,Traeger,Kennedy,Locally-controlled,Intersection - Cross,Give way sign,60 km/h,Sealed - Dry,Clear,Daylight,Straight,Level,101,Veh'S Adjacent Approach: Thru-Thru,Intersection from adjacent approaches,W,0,0,0,1,1,2,0,0,0,0,0,0
353934,Medical treatment,2021,May,Monday,17,Hit pedestrian,Hit pedestrian,139.4939029,-20.72654041,Rodeo Dr,,,Mount Isa City,Mount Isa City,4825,Mount Isa,Mount Isa,Northern,Northern,North Queensland,Mount Isa,Outback - North,Queensland - Outback,Remote,Traeger,Kennedy,Locally-controlled,No Roadway Feature,No traffic control,0 - 50 km/h,Sealed - Dry,Clear,Dawn/Dusk,Straight,Level,3,Ped'N: Far Side Vehicle Hit From Left,Pedestrian,W,0,0,1,1,2,1,0,0,0,0,2,0
353935,Hospitalisation,2021,May,Saturday,19,Overturned,Single Vehicle,139.5007049,-20.68667241,Ryan Rd,,,Lanskey,Mount Isa City,4825,Mount Isa,Mount Isa,Northern,Northern,North Queensland,Mount Isa,Outback - North,Queensland - Outback,Remote,Traeger,Kennedy,Locally-controlled,No Roadway Feature,No traffic control,80 - 90 km/h,Sealed - Dry,Clear,Darkness - Not lighted,Straight,Level,705,Off Path-Straight:Out Of Control On Cway,Out of control on straight,S,0,1,0,0,1,1,0,0,0,0,0,0
353936,Medical treatment,2021,May,Monday,8,Angle,Multi-Vehicle,139.4954429,-20.71363041,Miles St,Patricia St,,Menzies,Mount Isa City,4825,Mount Isa,Mount Isa,Northern,Northern,North Queensland,Mount Isa,Outback - North,Queensland - Outback,Remote,Traeger,Kennedy,Locally-controlled,Intersection - Cross,Give way sign,60 km/h,Sealed - Dry,Clear,Daylight,Straight,Level,101,Veh'S Adjacent Approach: Thru-Thru,Intersection from adjacent approaches,W,0,0,1,0,1,2,0,0,0,0,0,0