Crash_Severity,Crash_Year,Crash_Month,Crash_Day_Of_Week,Crash_Hour,Crash_Nature,Crash_Type,Crash_Longitude,Crash_Latitude,Crash_Street,Crash_Street_Intersecting,State_Road_Name,Loc_Suburb,Loc_Local_Government_Area,Loc_Post_Code,Loc_Police_Division,Loc_Police_District,Loc_Police_Region,Loc_Queensland_Transport_Region,Loc_Main_Roads_Region,Loc_ABS_Statistical_Area_2,Loc_ABS_Statistical_Area_3,Loc_ABS_Statistical_Area_4,Loc_ABS_Remoteness,Loc_State_Electorate,Loc_Federal_Electorate,Crash_Controlling_Authority,Crash_Roadway_Feature,Crash_Traffic_Control,Crash_Speed_Limit,Crash_Road_Surface_Condition,Crash_Atmospheric_Condition,Crash_Lighting_Condition,Crash_Road_Horiz_Align,Crash_Road_Vert_Align,Crash_DCA_Code,Crash_DCA_Description,Crash_DCA_Group_Description,DCA_Key_Approach_Dir,Count_Casualty_Fatality,Count_Casualty_Hospitalised,Count_Casualty_MedicallyTreated,Count_Casualty_MinorInjury,Count_Casualty_Total,Count_Unit_Car,Count_Unit_Motorcycle_Moped,Count_Unit_Truck,Count_Unit_Bus,Count_Unit_Bicycle,Count_Unit_Pedestrian,Count_Unit_Other,
354158,Hospitalisation,2021,January,Saturday,10,Hit object,Single Vehicle,153.1226271,-27.06495645,Bribie Island Rd,,Caboolture - Bribie Island Road,Sandstone Point,Moreton Bay Region,4511,Bribie Island,Moreton,North Coast,SEQ North,North Coast,Beachmere - Sandstone Point,Bribie - Beachmere,Moreton Bay - North,Major Cities,Pumicestone,Longman,State-controlled,No Roadway Feature,No traffic control,80 - 90 km/h,Sealed - Wet,Raining,Daylight,Straight,Level,703,Off Path-Straight: Left Off Cway Hit Obj,Off carriageway on straight hit object,E,0,1,0,0,1,1,0,0,0,0,0,0
354159,Hospitalisation,2021,January,Thursday,15,Hit parked vehicle,Single Vehicle,153.1358201,-27.08228645,Bestmann Rd E,,,Sandstone Point,Moreton Bay Region,4511,Bribie Island,Moreton,North Coast,SEQ North,North Coast,Beachmere - Sandstone Point,Bribie - Beachmere,Moreton Bay - North,Major Cities,Pumicestone,Longman,Locally-controlled,No Roadway Feature,No traffic control,60 km/h,Sealed - Dry,Clear,Daylight,Curved - view open,Level,400,Veh'S Manoeuvring: Other,Other,,0,1,0,0,1,1,0,0,0,1,0,0
354160,Medical treatment,2021,January,Saturday,9,Rear-end,Multi-Vehicle,153.1632801,-27.07344746,Goodwin Dr,,,Bongaree,Moreton Bay Region,4507,Bribie Island,Moreton,North Coast,SEQ North,North Coast,Bribie Island,Bribie - Beachmere,Moreton Bay - North,Inner Regional,Pumicestone,Longman,Locally-controlled,No Roadway Feature,No traffic control,60 km/h,Sealed - Dry,Clear,Daylight,Straight,Level,301,Veh'S Same Direction: Rear End,Rear-end,E,0,0,1,0,1,2,0,0,0,0,0,0
354161,Medical treatment,2021,January,Sunday,13,Rear-end,Multi-Vehicle,153.1340361,-27.07130545,Bribie Island Rd,,Caboolture - Bribie Island Road,Sandstone Point,Moreton Bay Region,4511,Bribie Island,Moreton,North Coast,SEQ North,North Coast,Beachmere - Sandstone Point,Bribie - Beachmere,Moreton Bay - North,Major Cities,Pumicestone,Longman,State-controlled,No Roadway Feature,No traffic control,70 km/h,Sealed - Dry,Clear,Daylight,Straight,Level,301,Veh'S Same Direction: Rear End,Rear-end,E,0,0,1,2,3,3,0,0,0,0,0,0
354162,Medical treatment,2021,January,Friday,15,Angle,Multi-Vehicle,153.1568551,-27.06506146,Goodwin Dr,,,Bongaree,Moreton Bay Region,4507,Bribie Island,Moreton,North Coast,SEQ North,North Coast,Bribie Island,Bribie - Beachmere,Moreton Bay - North,Inner Regional,Pumicestone,Longman,Locally-controlled,No Roadway Feature,No traffic control,0 - 50 km/h,Sealed - Dry,Clear,Daylight,Straight,Level,400,Veh'S Manoeuvring: Other,Other,,0,0,1,0,1,1,0,0,0,1,0,0
354163,Hospitalisation,2021,February,Monday,21,Hit pedestrian,Hit pedestrian,153.1552801,-27.05726945,Marina Blvd,Sunderland Dr,,Bellara,Moreton Bay Region,4507,Bribie Island,Moreton,North Coast,SEQ North,North Coast,Bribie Island,Bribie - Beachmere,Moreton Bay - North,Inner Regional,Pumicestone,Longman,Locally-controlled,Intersection - Roundabout,Give way sign,60 km/h,Sealed - Dry,Clear,Darkness - Lighted,Straight,Level,1,Ped'N: Near Side Vehicle Hit From Right,Pedestrian,U,0,1,0,0,1,1,0,0,0,0,1,0
354164,Hospitalisation,2021,March,Thursday,7,Rear-end,Multi-Vehicle,153.0988011,-27.06571445,Bribie Island Rd,Rita Ave,Caboolture - Bribie Island Road,Ningi,Moreton Bay Region,4511,Bribie Island,Moreton,North Coast,SEQ North,North Coast,Beachmere - Sandstone Point,Bribie - Beachmere,Moreton Bay - North,Major Cities,Pumicestone,Longman,State-controlled,Intersection - T-Junction,No traffic control,60 km/h,Sealed - Wet,Raining,Daylight,Straight,Level,301,Veh'S Same Direction: Rear End,Rear-end,W,0,1,0,0,1,2,0,0,0,0,0,0
354165,Medical treatment,2021,March,Sunday,11,Rear-end,Multi-Vehicle,153.1439203,-27.07185772,Bribie Island Rd,,Caboolture - Bribie Island Road,Sandstone Point,Moreton Bay Region,4511,Bribie Island,Moreton,North Coast,SEQ North,North Coast,Beachmere - Sandstone Point,Bribie - Beachmere,Moreton Bay - North,Major Cities,Pumicestone,Longman,State-controlled,Bridge/Causeway,No traffic control,60 km/h,Sealed - Dry,Clear,Daylight,Straight,Level,301,Veh'S Same Direction: Rear End,Rear-end,W,0,0,2,0,2,2,0,0,0,0,0,0
354166,Medical treatment,2021,March,Sunday,23,Hit object,Single Vehicle,153.1161461,-27.08066545,Bestmann Rd,,,Sandstone Point,Moreton Bay Region,4511,Bribie Island,Moreton,North Coast,SEQ North,North Coast,Beachmere - Sandstone Point,Bribie - Beachmere,Moreton Bay - North,Major Cities,Pumicestone,Longman,Locally-controlled,No Roadway Feature,No traffic control,60 km/h,Sealed - Dry,Clear,Darkness - Lighted,Curved - view open,Level,804,Off Path-Curve: Off Cway Lt Bend Hit Obj,Off carriageway on curve hit object,E,0,0,1,1,2,1,0,0,0,0,0,0
354167,Hospitalisation,2021,March,Thursday,8,Hit pedestrian,Hit pedestrian,153.1547801,-27.06363045,Sunderland Dr,,,Bellara,Moreton Bay Region,4507,Bribie Island,Moreton,North Coast,SEQ North,North Coast,Bribie Island,Bribie - Beachmere,Moreton Bay - North,Inner Regional,Pumicestone,Longman,Locally-controlled,No Roadway Feature,No traffic control,60 km/h,Sealed - Wet,Raining,Daylight,Curved - view open,Level,3,Ped'N: Far Side Vehicle Hit From Left,Pedestrian,S,0,1,0,0,1,1,0,0,0,0,1,0
354168,Hospitalisation,2021,March,Friday,11,Angle,Multi-Vehicle,153.1348301,-27.07213045,Bribie Island Rd,Spinnaker Dr,Caboolture - Bribie Island Road,Sandstone Point,Moreton Bay Region,4511,Bribie Island,Moreton,North Coast,SEQ North,North Coast,Beachmere - Sandstone Point,Bribie - Beachmere,Moreton Bay - North,Major Cities,Pumicestone,Longman,State-controlled,Intersection - T-Junction,Give way sign,70 km/h,Sealed - Dry,Clear,Daylight,Straight,Level,202,Veh'S Opposite Approach: Thru-Right,Opposing vehicles turning,W,0,1,0,0,1,1,1,0,0,0,0,0
354169,Hospitalisation,2021,March,Saturday,10,Rear-end,Multi-Vehicle,153.0940271,-27.06408245,Bribie Island Rd,,Caboolture - Bribie Island Road,Ningi,Moreton Bay Region,4511,Bribie Island,Moreton,North Coast,SEQ North,North Coast,Beachmere - Sandstone Point,Bribie - Beachmere,Moreton Bay - North,Major Cities,Pumicestone,Longman,State-controlled,No Roadway Feature,No traffic control,60 km/h,Sealed - Wet,Raining,Daylight,Straight,Level,301,Veh'S Same Direction: Rear End,Rear-end,W,0,1,0,0,1,4,0,0,0,0,0,0
354170,Medical treatment,2021,April,Friday,12,Rear-end,Multi-Vehicle,153.1084061,-27.06733945,Bribie Island Rd,Redondo St,Caboolture - Bribie Island Road,Ningi,Moreton Bay Region,4511,Bribie Island,Moreton,North Coast,SEQ North,North Coast,Beachmere - Sandstone Point,Bribie - Beachmere,Moreton Bay - North,Major Cities,Pumicestone,Longman,State-controlled,Intersection - Cross,Operating traffic lights,60 km/h,Sealed - Dry,Clear,Daylight,Straight,Level,301,Veh'S Same Direction: Rear End,Rear-end,N,0,0,2,0,2,2,0,0,0,0,0,0
354171,Hospitalisation,2021,April,Saturday,12,Hit object,Single Vehicle,153.1554641,-27.05766145,Sunderland Dr,,,Bellara,Moreton Bay Region,4507,Bribie Island,Moreton,North Coast,SEQ North,North Coast,Bribie Island,Bribie - Beachmere,Moreton Bay - North,Inner Regional,Pumicestone,Longman,Locally-controlled,No Roadway Feature,No traffic control,60 km/h,Sealed - Dry,Clear,Daylight,Straight,Level,704,Off Path-Straight:Right Off Cway Hit Obj,Off carriageway on straight hit object,N,0,1,0,0,1,1,0,0,0,0,0,0
354172,Hospitalisation,2021,April,Monday,10,Angle,Multi-Vehicle,153.1641771,-27.07629446,Cotterill Ave,Goodwin Dr,,Bongaree,Moreton Bay Region,4507,Bribie Island,Moreton,North Coast,SEQ North,North Coast,Bribie Island,Bribie - Beachmere,Moreton Bay - North,Inner Regional,Pumicestone,Longman,Locally-controlled,Intersection - Roundabout,No traffic control,0 - 50 km/h,Sealed - Dry,Clear,Daylight,Straight,Level,408,Veh'S Manoeuvring: Entering From Footway,Vehicle leaving driveway,S,0,1,0,0,1,1,0,0,0,1,0,0
354173,Medical treatment,2021,May,Saturday,17,Angle,Multi-Vehicle,153.1419681,-27.03409445,Bowsprit Cres,Quarterdeck Dr,,Banksia Beach,Moreton Bay Region,4507,Bribie Island,Moreton,North Coast,SEQ North,North Coast,Bribie Island,Bribie - Beachmere,Moreton Bay - North,Inner Regional,Pumicestone,Longman,Locally-controlled,Intersection - T-Junction,No traffic control,0 - 50 km/h,Sealed - Wet,Clear,Daylight,Straight,Level,101,Veh'S Adjacent Approach: Thru-Thru,Intersection from adjacent approaches,S,0,0,1,0,1,1,0,0,0,1,0,0
354174,Medical treatment,2021,May,Monday,8,Hit pedestrian,Hit pedestrian,153.2026591,-27.07278346,Invalid Street From Police,,,Woorim,Moreton Bay Region,4507,Bribie Island,Moreton,North Coast,SEQ North,North Coast,Bribie Island,Bribie - Beachmere,Moreton Bay - North,Inner Regional,Pumicestone,Longman,Locally-controlled,No Roadway Feature,No traffic control,0 - 50 km/h,Sealed - Dry,Clear,Daylight,Straight,Level,4,Ped'N: Play; Work; Stand; Lie On C'Way,Pedestrian,W,0,0,1,0,1,0,0,0,0,0,1,1
354175,Medical treatment,2021,May,Thursday,9,Angle,Multi-Vehicle,153.1629571,-27.07284146,Fauna La,Goodwin Dr,,Bongaree,Moreton Bay Region,4507,Bribie Island,Moreton,North Coast,SEQ North,North Coast,Bribie Island,Bribie - Beachmere,Moreton Bay - North,Inner Regional,Pumicestone,Longman,Locally-controlled,No Roadway Feature,No traffic control,60 km/h,Sealed - Dry,Clear,Daylight,Straight,Level,406,Veh'S Manoeuvring: Leaving Driveway,Vehicle leaving driveway,E,0,0,1,0,1,2,0,0,0,0,0,0
354176,Hospitalisation,2021,May,Thursday,19,Angle,Multi-Vehicle,153.1530127,-27.06525129,Goodwin Dr,,,Bongaree,Moreton Bay Region,4507,Bribie Island,Moreton,North Coast,SEQ North,North Coast,Bribie Island,Bribie - Beachmere,Moreton Bay - North,Inner Regional,Pumicestone,Longman,Locally-controlled,No Roadway Feature,No traffic control,60 km/h,Sealed - Dry,Clear,Darkness - Lighted,Straight,Grade,703,Off Path-Straight: Left Off Cway Hit Obj,Off carriageway on straight hit object,W,0,1,0,0,1,0,1,0,1,0,0,0
354177,Hospitalisation,2021,June,Wednesday,13,Sideswipe,Multi-Vehicle,153.0786471,-27.06174545,Bestmann Rd,Bribie Island Rd,Caboolture - Bribie Island Road,Ningi,Moreton Bay Region,4511,Bribie Island,Moreton,North Coast,SEQ North,North Coast,Beachmere - Sandstone Point,Bribie - Beachmere,Moreton Bay - North,Major Cities,Pumicestone,Longman,State-controlled,Intersection - Roundabout,No traffic control,60 km/h,Sealed - Dry,Clear,Daylight,Curved - view obscured,Level,306,Veh'S Same Direction: Lane Change Right,Lane changes,W,0,1,0,0,1,2,0,0,0,0,0,0
354178,Hospitalisation,2021,June,Monday,11,Rear-end,Multi-Vehicle,153.1352181,-27.08300545,Bestmann Rd E,Lachlan Cres,,Sandstone Point,Moreton Bay Region,4511,Bribie Island,Moreton,North Coast,SEQ North,North Coast,Beachmere - Sandstone Point,Bribie - Beachmere,Moreton Bay - North,Major Cities,Pumicestone,Longman,Locally-controlled,Intersection - T-Junction,No traffic control,60 km/h,Sealed - Dry,Clear,Daylight,Straight,Level,102,Veh'S Adjacent Approach: Right-Thru,Intersection from adjacent approaches,E,0,1,0,0,1,2,0,0,0,0,0,0
354246,Medical treatment,2021,January,Friday,3,Rear-end,Multi-Vehicle,153.034177,-27.49179845,South East Arterial Rd,,South-East Arterial Road (Pacific Motorway),Woolloongabba,Brisbane City,4102,Dutton Park,South Brisbane,Brisbane,SEQ South,Metropolitan,Woolloongabba,Holland Park - Yeronga,Brisbane - South,Major Cities,South Brisbane,Griffith,State-controlled,No Roadway Feature,No traffic control,80 - 90 km/h,Sealed - Wet,Raining,Darkness - Lighted,Curved - view open,Level,301,Veh'S Same Direction: Rear End,Rear-end,E,0,0,4,1,5,2,0,0,0,0,0,0
354247,Hospitalisation,2021,January,Friday,12,Angle,Multi-Vehicle,153.046727,-27.49279445,Annie St,Deshon St,,Woolloongabba,Brisbane City,4102,Dutton Park,South Brisbane,Brisbane,SEQ South,Metropolitan,Woolloongabba,Holland Park - Yeronga,Brisbane - South,Major Cities,South Brisbane,Griffith,Locally-controlled,Intersection - T-Junction,Give way sign,60 km/h,Sealed - Dry,Clear,Daylight,Straight,Level,104,Veh'S Adjacent Approach: Thru-Right,Intersection from adjacent approaches,W,0,1,0,0,1,1,1,0,0,0,0,0
354248,Hospitalisation,2021,January,Sunday,8,Angle,Multi-Vehicle,153.035404,-27.46858145,Baildon St,Main St,,Kangaroo Point,Brisbane City,4169,Dutton Park,South Brisbane,Brisbane,SEQ South,Metropolitan,Kangaroo Point,Brisbane Inner,Brisbane Inner City,Major Cities,South Brisbane,Griffith,Locally-controlled,Intersection - T-Junction,No traffic control,60 km/h,Sealed - Dry,Clear,Darkness - Lighted,Straight,Grade,104,Veh'S Adjacent Approach: Thru-Right,Intersection from adjacent approaches,S,0,1,0,0,1,2,0,0,0,0,0,0
354249,Medical treatment,2021,January,Wednesday,9,Rear-end,Multi-Vehicle,153.035734,-27.47554045,Main St,,,Kangaroo Point,Brisbane City,4169,Dutton Park,South Brisbane,Brisbane,SEQ South,Metropolitan,Kangaroo Point,Brisbane Inner,Brisbane Inner City,Major Cities,South Brisbane,Griffith,Locally-controlled,No Roadway Feature,No traffic control,60 km/h,Sealed - Dry,Clear,Daylight,Straight,Level,301,Veh'S Same Direction: Rear End,Rear-end,S,0,0,1,0,1,2,0,0,0,0,0,0
354250,Hospitalisation,2021,January,Monday,13,Hit pedestrian,Hit pedestrian,153.018404,-27.47396444,Grey St,Melbourne St,South East Busway (Brisbane Cbd - Woolloongabba),South Brisbane,Brisbane City,4101,West End,South Brisbane,Brisbane,SEQ South,Metropolitan,South Brisbane,Brisbane Inner,Brisbane Inner City,Major Cities,South Brisbane,Griffith,State-controlled,Intersection - Cross,Operating traffic lights,0 - 50 km/h,Sealed - Dry,Clear,Daylight,Straight,Level,1,Ped'N: Near Side Vehicle Hit From Right,Pedestrian,S,0,1,0,0,1,0,0,0,1,0,1,0
354251,Medical treatment,2021,January,Wednesday,8,Rear-end,Multi-Vehicle,153.042317,-27.48548445,Lisburn St,Vulture St East,,East Brisbane,Brisbane City,4169,Dutton Park,South Brisbane,Brisbane,SEQ South,Metropolitan,East Brisbane,Brisbane Inner - East,Brisbane Inner City,Major Cities,South Brisbane,Griffith,Locally-controlled,Intersection - Cross,Operating traffic lights,0 - 50 km/h,Sealed - Dry,Clear,Daylight,Straight,Level,301,Veh'S Same Direction: Rear End,Rear-end,E,0,0,1,0,1,2,0,0,0,0,0,0
354252,Minor injury,2021,January,Thursday,10,Rear-end,Multi-Vehicle,153.035059,-27.50100945,Cornwall St,Ipswich Rd,,Woolloongabba,Brisbane City,4102,Dutton Park,South Brisbane,Brisbane,SEQ South,Metropolitan,Woolloongabba,Holland Park - Yeronga,Brisbane - South,Major Cities,South Brisbane,Moreton,Locally-controlled,Intersection - T-Junction,Give way sign,60 km/h,Sealed - Dry,Clear,Daylight,Straight,Level,302,Veh'S Same Direction: Left Rear,Rear-end,E,0,0,0,1,1,2,0,0,0,0,0,0
354253,Medical treatment,2021,January,Saturday,11,Angle,Multi-Vehicle,153.035893,-27.48455145,Main St,Vulture St,,Woolloongabba,Brisbane City,4102,Dutton Park,South Brisbane,Brisbane,SEQ South,Metropolitan,Woolloongabba,Holland Park - Yeronga,Brisbane - South,Major Cities,South Brisbane,Griffith,Locally-controlled,Intersection - Cross,Operating traffic lights,60 km/h,Sealed - Dry,Clear,Daylight,Straight,Grade,101,Veh'S Adjacent Approach: Thru-Thru,Intersection from adjacent approaches,N,0,0,1,0,1,1,0,0,0,0,0,1
354254,Medical treatment,2021,January,Sunday,9,Angle,Multi-Vehicle,153.040845,-27.48727045,Hampton St,Potts St,,East Brisbane,Brisbane City,4169,Dutton Park,South Brisbane,Brisbane,SEQ South,Metropolitan,East Brisbane,Brisbane Inner - East,Brisbane Inner City,Major Cities,South Brisbane,Griffith,Locally-controlled,Intersection - Cross,Give way sign,60 km/h,Sealed - Dry,Clear,Daylight,Straight,Level,101,Veh'S Adjacent Approach: Thru-Thru,Intersection from adjacent approaches,S,0,0,1,1,2,2,0,0,0,0,0,0
354255,Minor injury,2021,January,Monday,19,Angle,Multi-Vehicle,153.013846,-27.47882444,Browning St,Russell St,,South Brisbane,Brisbane City,4101,West End,South Brisbane,Brisbane,SEQ South,Metropolitan,South Brisbane,Brisbane Inner,Brisbane Inner City,Major Cities,South Brisbane,Griffith,Locally-controlled,Intersection - Cross,Operating traffic lights,0 - 50 km/h,Sealed - Wet,Raining,Darkness - Lighted,Straight,Grade,101,Veh'S Adjacent Approach: Thru-Thru,Intersection from adjacent approaches,S,0,0,0,1,1,2,0,0,0,0,0,0
354256,Medical treatment,2021,January,Tuesday,23,Head-on,Multi-Vehicle,153.035357,-27.47645945,River Tce,,,Kangaroo Point,Brisbane City,4169,Dutton Park,South Brisbane,Brisbane,SEQ South,Metropolitan,Kangaroo Point,Brisbane Inner,Brisbane Inner City,Major Cities,South Brisbane,Griffith,Locally-controlled,No Roadway Feature,No traffic control,0 - 50 km/h,Sealed - Dry,Clear,Darkness - Lighted,Straight,Level,207,Veh'S Opposite Approach: U-Turn,U-turn,N,0,0,1,0,1,1,1,0,0,0,0,0
354257,Minor injury,2021,January,Wednesday,19,Fall from vehicle,Single Vehicle,153.032917,-27.48349945,Leopard St,,,Kangaroo Point,Brisbane City,4169,Dutton Park,South Brisbane,Brisbane,SEQ South,Metropolitan,Kangaroo Point,Brisbane Inner,Brisbane Inner City,Major Cities,South Brisbane,Griffith,Locally-controlled,No Roadway Feature,No traffic control,60 km/h,Sealed - Dry,Clear,Darkness - Lighted,Straight,Grade,301,Veh'S Same Direction: Rear End,Rear-end,S,0,0,0,1,1,1,1,0,0,0,0,0
354258,Hospitalisation,2021,January,Thursday,8,Rear-end,Multi-Vehicle,153.033045,-27.49000645,Pacific Hwy,,South-East Arterial Road (Pacific Motorway),Woolloongabba,Brisbane City,4102,Dutton Park,South Brisbane,Brisbane,SEQ South,Metropolitan,Woolloongabba,Holland Park - Yeronga,Brisbane - South,Major Cities,South Brisbane,Griffith,State-controlled,No Roadway Feature,No traffic control,80 - 90 km/h,Sealed - Dry,Clear,Daylight,Straight,Level,301,Veh'S Same Direction: Rear End,Rear-end,N,0,1,0,0,1,1,1,0,0,0,0,0
354259,Hospitalisation,2021,January,Thursday,20,Rear-end,Multi-Vehicle,153.03288,-27.48408445,Leopard St,Vulture St,,Kangaroo Point,Brisbane City,4169,Dutton Park,South Brisbane,Brisbane,SEQ South,Metropolitan,Kangaroo Point,Brisbane Inner,Brisbane Inner City,Major Cities,South Brisbane,Griffith,Locally-controlled,Intersection - Cross,Operating traffic lights,60 km/h,Sealed - Dry,Clear,Darkness - Lighted,Straight,Level,301,Veh'S Same Direction: Rear End,Rear-end,S,0,1,0,0,1,1,1,0,0,0,0,0
354260,Hospitalisation,2021,January,Friday,18,Sideswipe,Multi-Vehicle,153.032184,-27.48683445,Pacific Hwy,,South-East Arterial Road (Pacific Motorway),Woolloongabba,Brisbane City,4102,Dutton Park,South Brisbane,Brisbane,SEQ South,Metropolitan,Woolloongabba,Holland Park - Yeronga,Brisbane - South,Major Cities,South Brisbane,Griffith,State-controlled,No Roadway Feature,No traffic control,80 - 90 km/h,Sealed - Dry,Clear,Dawn/Dusk,Straight,Level,307,Veh'S Same Direction: Lane Change Left,Lane changes,N,0,1,0,0,1,1,1,0,0,0,0,0
354261,Medical treatment,2021,January,Friday,19,Angle,Multi-Vehicle,153.032848,-27.48251245,Leopard St,,,Kangaroo Point,Brisbane City,4169,Dutton Park,South Brisbane,Brisbane,SEQ South,Metropolitan,Kangaroo Point,Brisbane Inner,Brisbane Inner City,Major Cities,South Brisbane,Griffith,Locally-controlled,No Roadway Feature,No traffic control,60 km/h,Sealed - Dry,Clear,Darkness - Lighted,Curved - view open,Level,308,Veh'S Same Direction: Right Turn S/Swipe,Parallel lanes turning,E,0,0,1,0,1,1,1,0,0,0,0,0
354262,Medical treatment,2021,January,Sunday,11,Angle,Multi-Vehicle,153.0357149,-27.4777244,Main St,,,Kangaroo Point,Brisbane City,4169,Dutton Park,South Brisbane,Brisbane,SEQ South,Metropolitan,Kangaroo Point,Brisbane Inner,Brisbane Inner City,Major Cities,South Brisbane,Griffith,Locally-controlled,No Roadway Feature,No traffic control,60 km/h,Sealed - Dry,Clear,Daylight,Straight,Level,308,Veh'S Same Direction: Right Turn S/Swipe,Parallel lanes turning,S,0,0,1,0,1,1,1,0,0,0,0,0
354263,Medical treatment,2021,January,Monday,7,Angle,Multi-Vehicle,153.042283,-27.49776945,Logan Rd,O'Keefe St,,Woolloongabba,Brisbane City,4102,Dutton Park,South Brisbane,Brisbane,SEQ South,Metropolitan,Woolloongabba,Holland Park - Yeronga,Brisbane - South,Major Cities,South Brisbane,Griffith,Locally-controlled,Intersection - Roundabout,Give way sign,60 km/h,Sealed - Dry,Clear,Daylight,Straight,Level,104,Veh'S Adjacent Approach: Thru-Right,Intersection from adjacent approaches,E,0,0,1,0,1,1,0,0,0,1,0,0
354264,Minor injury,2021,January,Sunday,12,Rear-end,Multi-Vehicle,153.0411356,-27.47852162,Shafston Ave,,,Kangaroo Point,Brisbane City,4169,Dutton Park,South Brisbane,Brisbane,SEQ South,Metropolitan,Kangaroo Point,Brisbane Inner,Brisbane Inner City,Major Cities,South Brisbane,Griffith,Locally-controlled,No Roadway Feature,No traffic control,60 km/h,Sealed - Dry,Clear,Daylight,Straight,Level,301,Veh'S Same Direction: Rear End,Rear-end,E,0,0,0,1,1,2,0,0,0,0,0,0
354265,Hospitalisation,2021,February,Monday,14,Hit pedestrian,Hit pedestrian,153.039247,-27.48982245,Logan Rd,Wellington Rd,,East Brisbane,Brisbane City,4169,Dutton Park,South Brisbane,Brisbane,SEQ South,Metropolitan,Woolloongabba,Holland Park - Yeronga,Brisbane - South,Major Cities,South Brisbane,Griffith,Locally-controlled,Intersection - T-Junction,Give way sign,60 km/h,Sealed - Dry,Clear,Daylight,Straight,Level,1,Ped'N: Near Side Vehicle Hit From Right,Pedestrian,E,0,1,0,0,1,1,0,0,0,0,1,0
354266,Minor injury,2021,February,Tuesday,8,Hit pedestrian,Hit pedestrian,153.039058,-27.48490645,Vulture St,,,Kangaroo Point,Brisbane City,4169,Dutton Park,South Brisbane,Brisbane,SEQ South,Metropolitan,Kangaroo Point,Brisbane Inner,Brisbane Inner City,Major Cities,South Brisbane,Griffith,Locally-controlled,No Roadway Feature,No traffic control,0 - 50 km/h,Sealed - Dry,Clear,Daylight,Straight,Level,7,Ped'N: Hit By Vehicle Enter/Leave D'Way,Pedestrian,S,0,0,0,1,1,1,0,0,0,0,1,0
354267,Medical treatment,2021,February,Wednesday,16,Rear-end,Multi-Vehicle,153.03288,-27.48408445,Leopard St,Vulture St,,Kangaroo Point,Brisbane City,4169,Dutton Park,South Brisbane,Brisbane,SEQ South,Metropolitan,Kangaroo Point,Brisbane Inner,Brisbane Inner City,Major Cities,South Brisbane,Griffith,Locally-controlled,Intersection - Cross,Operating traffic lights,60 km/h,Sealed - Dry,Clear,Daylight,Straight,Dip,301,Veh'S Same Direction: Rear End,Rear-end,S,0,0,1,0,1,2,0,0,0,0,0,0
354268,Medical treatment,2021,February,Friday,17,Fall from vehicle,Single Vehicle,153.0280402,-27.48441707,South East Busway,,South East Busway (Brisbane Cbd - Woolloongabba),South Brisbane,Brisbane City,4101,Dutton Park,South Brisbane,Brisbane,SEQ South,Metropolitan,South Brisbane,Brisbane Inner,Brisbane Inner City,Major Cities,South Brisbane,Griffith,State-controlled,No Roadway Feature,No traffic control,60 km/h,Sealed - Dry,Clear,Dawn/Dusk,Straight,Level,901,Pass & Misc: Fell In/From Vehicle,Other,,0,0,1,0,1,0,0,0,1,0,0,0
354269,Medical treatment,2021,February,Saturday,17,Hit pedestrian,Hit pedestrian,153.014562,-27.47604444,Manning St,Melbourne St,,South Brisbane,Brisbane City,4101,West End,South Brisbane,Brisbane,SEQ South,Metropolitan,South Brisbane,Brisbane Inner,Brisbane Inner City,Major Cities,South Brisbane,Griffith,Locally-controlled,Intersection - Cross,Stop sign,60 km/h,Sealed - Dry,Clear,Daylight,Straight,Grade,1,Ped'N: Near Side Vehicle Hit From Right,Pedestrian,W,0,0,1,0,1,1,0,0,0,0,1,0
354270,Medical treatment,2021,February,Saturday,10,Angle,Multi-Vehicle,153.019709,-27.48776544,Gloucester St,,,Highgate Hill,Brisbane City,4101,West End,South Brisbane,Brisbane,SEQ South,Metropolitan,Highgate Hill,Brisbane Inner,Brisbane Inner City,Major Cities,South Brisbane,Griffith,Locally-controlled,No Roadway Feature,No traffic control,0 - 50 km/h,Sealed - Dry,Clear,Daylight,Straight,Grade,406,Veh'S Manoeuvring: Leaving Driveway,Vehicle leaving driveway,E,0,0,1,0,1,2,0,0,0,0,0,0
354271,Minor injury,2021,February,Monday,15,Angle,Multi-Vehicle,153.032126,-27.48596645,Leopard St,South East Arterial Rd,South-East Arterial Road (Pacific Motorway),Woolloongabba,Brisbane City,4102,Dutton Park,South Brisbane,Brisbane,SEQ South,Metropolitan,Woolloongabba,Holland Park - Yeronga,Brisbane - South,Major Cities,South Brisbane,Griffith,State-controlled,Forestry/National Park Road,Operating traffic lights,60 km/h,Sealed - Dry,Clear,Daylight,Straight,Level,308,Veh'S Same Direction: Right Turn S/Swipe,Parallel lanes turning,S,0,0,0,1,1,1,1,0,0,0,0,0
354272,Medical treatment,2021,February,Tuesday,15,Sideswipe,Multi-Vehicle,153.0456333,-27.48598489,Vulture St East,,,East Brisbane,Brisbane City,4169,Dutton Park,South Brisbane,Brisbane,SEQ South,Metropolitan,East Brisbane,Brisbane Inner - East,Brisbane Inner City,Major Cities,South Brisbane,Griffith,Locally-controlled,No Roadway Feature,No traffic control,60 km/h,Sealed - Dry,Clear,Daylight,Straight,Level,306,Veh'S Same Direction: Lane Change Right,Lane changes,E,0,0,1,0,1,2,0,0,0,0,0,0