Crash_Severity,Crash_Year,Crash_Month,Crash_Day_Of_Week,Crash_Hour,Crash_Nature,Crash_Type,Crash_Longitude,Crash_Latitude,Crash_Street,Crash_Street_Intersecting,State_Road_Name,Loc_Suburb,Loc_Local_Government_Area,Loc_Post_Code,Loc_Police_Division,Loc_Police_District,Loc_Police_Region,Loc_Queensland_Transport_Region,Loc_Main_Roads_Region,Loc_ABS_Statistical_Area_2,Loc_ABS_Statistical_Area_3,Loc_ABS_Statistical_Area_4,Loc_ABS_Remoteness,Loc_State_Electorate,Loc_Federal_Electorate,Crash_Controlling_Authority,Crash_Roadway_Feature,Crash_Traffic_Control,Crash_Speed_Limit,Crash_Road_Surface_Condition,Crash_Atmospheric_Condition,Crash_Lighting_Condition,Crash_Road_Horiz_Align,Crash_Road_Vert_Align,Crash_DCA_Code,Crash_DCA_Description,Crash_DCA_Group_Description,DCA_Key_Approach_Dir,Count_Casualty_Fatality,Count_Casualty_Hospitalised,Count_Casualty_MedicallyTreated,Count_Casualty_MinorInjury,Count_Casualty_Total,Count_Unit_Car,Count_Unit_Motorcycle_Moped,Count_Unit_Truck,Count_Unit_Bus,Count_Unit_Bicycle,Count_Unit_Pedestrian,Count_Unit_Other,
354547,Medical treatment,2021,February,Thursday,17,Sideswipe,Multi-Vehicle,153.184978,-27.67478246,Beenleigh - Redland Bay Rd,Cairns St,Beenleigh - Redland Bay Road,Loganholme,Logan City,4129,Loganholme,Logan,South Eastern,SEQ South,South Coast,Loganholme - Tanah Merah,Loganlea - Carbrook,Logan - Beaudesert,Major Cities,Macalister,Forde,State-controlled,Intersection - Roundabout,Give way sign,60 km/h,Sealed - Dry,Clear,Daylight,Curved - view open,Level,308,Veh'S Same Direction: Right Turn S/Swipe,Parallel lanes turning,N,0,0,1,0,1,1,1,0,0,0,0,0
354548,Hospitalisation,2021,February,Thursday,16,Rear-end,Multi-Vehicle,153.194617,-27.69394646,Pacific Hwy,,Pacific Highway (Pacific Motorway),Loganholme,Logan City,4129,Loganholme,Logan,South Eastern,SEQ South,South Coast,Loganholme - Tanah Merah,Loganlea - Carbrook,Logan - Beaudesert,Major Cities,Macalister,Forde,State-controlled,No Roadway Feature,No traffic control,100 - 110 km/h,Sealed - Dry,Clear,Daylight,Straight,Level,301,Veh'S Same Direction: Rear End,Rear-end,N,0,1,0,0,1,2,0,0,0,0,0,0
354549,Hospitalisation,2021,February,Friday,21,Hit object,Single Vehicle,153.2320532,-27.66428988,Mt Cotton Rd,,Mount Cotton Road,Cornubia,Logan City,4130,Loganholme,Logan,South Eastern,SEQ South,South Coast,Cornubia - Carbrook,Loganlea - Carbrook,Logan - Beaudesert,Major Cities,Macalister,Forde,State-controlled,No Roadway Feature,No traffic control,80 - 90 km/h,Sealed - Dry,Clear,Darkness - Not lighted,Straight,Level,704,Off Path-Straight:Right Off Cway Hit Obj,Off carriageway on straight hit object,N,0,3,0,0,3,1,0,0,0,0,0,0
354550,Hospitalisation,2021,February,Monday,1,Hit parked vehicle,Single Vehicle,153.164563,-27.65052946,Shailer Rd,,,Shailer Park,Logan City,4128,Loganholme,Logan,South Eastern,SEQ South,South Coast,Shailer Park,Loganlea - Carbrook,Logan - Beaudesert,Major Cities,Springwood,Forde,Locally-controlled,No Roadway Feature,No traffic control,60 km/h,Sealed - Dry,Clear,Darkness - Lighted,Straight,Level,705,Off Path-Straight:Out Of Control On Cway,Out of control on straight,W,0,1,0,0,1,2,0,0,0,0,0,0
354551,Hospitalisation,2021,February,Monday,6,Rear-end,Multi-Vehicle,153.176772,-27.68439346,Logan Mwy,,Logan Motorway (Gailes - Loganholme),Tanah Merah,Logan City,4128,Loganholme,Logan,South Eastern,SEQ South,South Coast,Loganholme - Tanah Merah,Loganlea - Carbrook,Logan - Beaudesert,Major Cities,Waterford,Forde,State-controlled,No Roadway Feature,No traffic control,100 - 110 km/h,Sealed - Dry,Clear,Daylight,Straight,Level,301,Veh'S Same Direction: Rear End,Rear-end,W,0,1,0,1,2,5,1,0,0,0,0,0
354552,Hospitalisation,2021,February,Tuesday,8,Rear-end,Multi-Vehicle,153.191911,-27.69031846,Pacific Hwy,,Pacific Highway (Pacific Motorway),Loganholme,Logan City,4129,Loganholme,Logan,South Eastern,SEQ South,South Coast,Loganholme - Tanah Merah,Loganlea - Carbrook,Logan - Beaudesert,Major Cities,Macalister,Forde,State-controlled,No Roadway Feature,No traffic control,100 - 110 km/h,Sealed - Dry,Clear,Daylight,Straight,Level,301,Veh'S Same Direction: Rear End,Rear-end,N,0,1,1,0,2,3,0,0,0,0,0,0
354553,Hospitalisation,2021,February,Friday,17,Sideswipe,Multi-Vehicle,153.167008,-27.65801246,Pacific Hwy,,Pacific Highway (Pacific Motorway),Shailer Park,Logan City,4128,Loganholme,Logan,South Eastern,SEQ South,South Coast,Shailer Park,Loganlea - Carbrook,Logan - Beaudesert,Major Cities,Springwood,Forde,State-controlled,No Roadway Feature,No traffic control,100 - 110 km/h,Sealed - Dry,Clear,Daylight,Straight,Level,307,Veh'S Same Direction: Lane Change Left,Lane changes,E,0,1,0,0,1,1,1,0,0,0,0,0
354554,Medical treatment,2021,February,Tuesday,15,Rear-end,Multi-Vehicle,153.171554,-27.65463946,Plantain Rd,,,Shailer Park,Logan City,4128,Loganholme,Logan,South Eastern,SEQ South,South Coast,Shailer Park,Loganlea - Carbrook,Logan - Beaudesert,Major Cities,Springwood,Forde,Locally-controlled,No Roadway Feature,No traffic control,60 km/h,Sealed - Dry,Clear,Daylight,Straight,Grade,301,Veh'S Same Direction: Rear End,Rear-end,N,0,0,1,0,1,2,0,0,0,0,0,0
354555,Hospitalisation,2021,February,Wednesday,14,Fall from vehicle,Single Vehicle,153.192397,-27.69127446,Logan Mwy,Pacific Hwy,Pacific Highway (Pacific Motorway),Loganholme,Logan City,4129,Loganholme,Logan,South Eastern,SEQ South,South Coast,Loganholme - Tanah Merah,Loganlea - Carbrook,Logan - Beaudesert,Major Cities,Macalister,Forde,State-controlled,Intersection - Interchange,No traffic control,100 - 110 km/h,Sealed - Dry,Clear,Daylight,Straight,Level,901,Pass & Misc: Fell In/From Vehicle,Other,N,0,1,0,0,1,0,1,0,0,0,0,0
354556,Medical treatment,2021,March,Wednesday,8,Rear-end,Multi-Vehicle,153.2217523,-27.6750959,Beenleigh - Redland Bay Rd,,Beenleigh - Redland Bay Road,Carbrook,Logan City,4130,Loganholme,Logan,South Eastern,SEQ South,South Coast,Cornubia - Carbrook,Loganlea - Carbrook,Logan - Beaudesert,Major Cities,Macalister,Forde,State-controlled,No Roadway Feature,No traffic control,70 km/h,Sealed - Wet,Raining,Daylight,Curved - view obscured,Grade,301,Veh'S Same Direction: Rear End,Rear-end,W,0,0,1,0,1,1,0,1,0,0,0,0
354557,Medical treatment,2021,March,Friday,21,Angle,Multi-Vehicle,153.188838,-27.66719546,Bryants Rd,Torres St,,Shailer Park,Logan City,4128,Loganholme,Logan,South Eastern,SEQ South,South Coast,Shailer Park,Loganlea - Carbrook,Logan - Beaudesert,Major Cities,Springwood,Forde,Locally-controlled,Intersection - T-Junction,Operating traffic lights,60 km/h,Sealed - Dry,Clear,Darkness - Lighted,Straight,Level,202,Veh'S Opposite Approach: Thru-Right,Opposing vehicles turning,W,0,0,1,1,2,2,0,0,0,0,0,0
354558,Medical treatment,2021,March,Wednesday,5,Rear-end,Multi-Vehicle,153.228424,-27.67557147,Mt Cotton Rd,,Mount Cotton Road,Carbrook,Logan City,4130,Loganholme,Logan,South Eastern,SEQ South,South Coast,Cornubia - Carbrook,Loganlea - Carbrook,Logan - Beaudesert,Major Cities,Macalister,Forde,State-controlled,No Roadway Feature,No traffic control,80 - 90 km/h,Sealed - Dry,Clear,Dawn/Dusk,Straight,Level,301,Veh'S Same Direction: Rear End,Rear-end,S,0,0,1,0,1,2,0,0,0,0,0,0
354559,Minor injury,2021,March,Tuesday,12,Rear-end,Multi-Vehicle,153.169467,-27.67936146,Logan Mwy,,Logan Motorway (Gailes - Loganholme),Tanah Merah,Logan City,4128,Loganholme,Logan,South Eastern,SEQ South,South Coast,Loganholme - Tanah Merah,Loganlea - Carbrook,Logan - Beaudesert,Major Cities,Waterford,Forde,State-controlled,No Roadway Feature,No traffic control,100 - 110 km/h,Sealed - Wet,Raining,Daylight,Straight,Level,301,Veh'S Same Direction: Rear End,Rear-end,E,0,0,0,2,2,3,0,0,0,0,0,0
354560,Hospitalisation,2021,March,Thursday,19,Hit parked vehicle,Single Vehicle,153.18269,-27.67438746,Pacific Hwy,,Pacific Highway (Pacific Motorway),Loganholme,Logan City,4129,Loganholme,Logan,South Eastern,SEQ South,South Coast,Loganholme - Tanah Merah,Loganlea - Carbrook,Logan - Beaudesert,Major Cities,Waterford,Forde,State-controlled,Intersection - Interchange,No traffic control,100 - 110 km/h,Sealed - Dry,Clear,Darkness - Lighted,Straight,Level,704,Off Path-Straight:Right Off Cway Hit Obj,Off carriageway on straight hit object,W,0,2,0,0,2,2,0,0,0,0,0,0
354561,Hospitalisation,2021,March,Wednesday,9,Hit object,Single Vehicle,153.172413,-27.66328046,Fels St,,,Loganholme,Logan City,4129,Loganholme,Logan,South Eastern,SEQ South,South Coast,Loganholme - Tanah Merah,Loganlea - Carbrook,Logan - Beaudesert,Major Cities,Macalister,Forde,Locally-controlled,Median Opening,No traffic control,60 km/h,Sealed - Dry,Clear,Daylight,Curved - view open,Level,803,Off Path-Curve: Off Cway Rt Bend Hit Obj,Off carriageway on curve hit object,N,0,2,0,0,2,1,0,0,0,0,0,0
354562,Hospitalisation,2021,April,Sunday,6,Rear-end,Multi-Vehicle,153.192782,-27.67070746,Beenleigh - Redland Bay Rd,,Beenleigh - Redland Bay Road,Loganholme,Logan City,4129,Loganholme,Logan,South Eastern,SEQ South,South Coast,Loganholme - Tanah Merah,Loganlea - Carbrook,Logan - Beaudesert,Major Cities,Macalister,Forde,State-controlled,No Roadway Feature,No traffic control,70 km/h,Sealed - Wet,Clear,Daylight,Curved - view open,Level,301,Veh'S Same Direction: Rear End,Rear-end,E,0,2,0,0,2,4,0,0,0,0,0,0
354563,Hospitalisation,2021,April,Wednesday,13,Angle,Multi-Vehicle,153.184105,-27.67623146,Beenleigh - Redland Bay Rd,Pacific Hwy,Pacific Highway (Pacific Motorway),Loganholme,Logan City,4129,Loganholme,Logan,South Eastern,SEQ South,South Coast,Loganholme - Tanah Merah,Loganlea - Carbrook,Logan - Beaudesert,Major Cities,Waterford,Forde,State-controlled,Intersection - Interchange,Operating traffic lights,60 km/h,Sealed - Dry,Clear,Daylight,Curved - view obscured,Level,104,Veh'S Adjacent Approach: Thru-Right,Intersection from adjacent approaches,W,0,1,0,0,1,2,0,0,0,0,0,0
354564,Medical treatment,2021,April,Thursday,17,Rear-end,Multi-Vehicle,153.189367,-27.68524546,Pacific Hwy,,Pacific Highway (Pacific Motorway),Loganholme,Logan City,4129,Loganholme,Logan,South Eastern,SEQ South,South Coast,Loganholme - Tanah Merah,Loganlea - Carbrook,Logan - Beaudesert,Major Cities,Macalister,Forde,State-controlled,No Roadway Feature,No traffic control,100 - 110 km/h,Sealed - Dry,Clear,Daylight,Straight,Level,301,Veh'S Same Direction: Rear End,Rear-end,S,0,0,1,0,1,4,0,0,0,0,0,0
354565,Medical treatment,2021,April,Thursday,17,Rear-end,Multi-Vehicle,153.18929,-27.68551846,Pacific Hwy,,Pacific Highway (Pacific Motorway),Loganholme,Logan City,4129,Loganholme,Logan,South Eastern,SEQ South,South Coast,Loganholme - Tanah Merah,Loganlea - Carbrook,Logan - Beaudesert,Major Cities,Macalister,Forde,State-controlled,No Roadway Feature,No traffic control,100 - 110 km/h,Sealed - Dry,Clear,Daylight,Straight,Level,301,Veh'S Same Direction: Rear End,Rear-end,N,0,0,1,0,1,2,0,0,0,0,0,0
354566,Minor injury,2021,April,Friday,16,Rear-end,Multi-Vehicle,153.1765673,-27.68423621,Logan Mwy,,Logan Motorway (Gailes - Loganholme),Tanah Merah,Logan City,4128,Loganholme,Logan,South Eastern,SEQ South,South Coast,Loganholme - Tanah Merah,Loganlea - Carbrook,Logan - Beaudesert,Major Cities,Waterford,Forde,State-controlled,No Roadway Feature,No traffic control,100 - 110 km/h,Sealed - Dry,Clear,Daylight,Straight,Level,301,Veh'S Same Direction: Rear End,Rear-end,E,0,0,0,1,1,1,0,0,0,0,0,1
354567,Hospitalisation,2021,April,Monday,18,Angle,Multi-Vehicle,153.185108,-27.68563618,Logan Mwy,,Pacific Highway (Pacific Motorway),Loganholme,Logan City,4129,Loganholme,Logan,South Eastern,SEQ South,South Coast,Loganholme - Tanah Merah,Loganlea - Carbrook,Logan - Beaudesert,Major Cities,Waterford,Forde,State-controlled,Intersection - Interchange,No traffic control,80 - 90 km/h,Sealed - Dry,Clear,Darkness - Lighted,Straight,Level,700,Off Path-Straight: Other,Other,W,0,1,1,0,2,1,0,0,0,0,0,0
354568,Medical treatment,2021,April,Friday,9,Angle,Multi-Vehicle,153.185956,-27.66570646,Bismark St,Bryants Rd,,Loganholme,Logan City,4129,Loganholme,Logan,South Eastern,SEQ South,South Coast,Loganholme - Tanah Merah,Loganlea - Carbrook,Logan - Beaudesert,Major Cities,Macalister,Forde,Locally-controlled,Intersection - T-Junction,Operating traffic lights,60 km/h,Sealed - Dry,Clear,Daylight,Straight,Level,202,Veh'S Opposite Approach: Thru-Right,Opposing vehicles turning,E,0,0,2,0,2,2,0,0,0,0,0,0
354569,Medical treatment,2021,April,Saturday,21,Hit object,Single Vehicle,153.183453,-27.67568546,Pacific Hwy,,Pacific Highway (Pacific Motorway),Loganholme,Logan City,4129,Loganholme,Logan,South Eastern,SEQ South,South Coast,Loganholme - Tanah Merah,Loganlea - Carbrook,Logan - Beaudesert,Major Cities,Waterford,Forde,State-controlled,Intersection - Interchange,No traffic control,60 km/h,Sealed - Wet,Clear,Darkness - Lighted,Curved - view open,Grade,803,Off Path-Curve: Off Cway Rt Bend Hit Obj,Off carriageway on curve hit object,N,0,0,2,0,2,1,0,0,0,0,0,0
354570,Medical treatment,2021,April,Tuesday,7,Rear-end,Multi-Vehicle,153.200231,-27.67042446,Beenleigh - Redland Bay Rd,,Beenleigh - Redland Bay Road,Cornubia,Logan City,4130,Loganholme,Logan,South Eastern,SEQ South,South Coast,Cornubia - Carbrook,Loganlea - Carbrook,Logan - Beaudesert,Major Cities,Macalister,Forde,State-controlled,No Roadway Feature,No traffic control,70 km/h,Sealed - Dry,Clear,Daylight,Straight,Level,301,Veh'S Same Direction: Rear End,Rear-end,W,0,0,1,1,2,4,0,0,0,0,0,0
354571,Hospitalisation,2021,April,Saturday,8,Angle,Multi-Vehicle,153.172234,-27.65727446,Hyperdome Accs,Mandew St,,Shailer Park,Logan City,4128,Loganholme,Logan,South Eastern,SEQ South,South Coast,Shailer Park,Loganlea - Carbrook,Logan - Beaudesert,Major Cities,Springwood,Forde,Locally-controlled,No Roadway Feature,Operating traffic lights,60 km/h,Sealed - Dry,Clear,Daylight,Straight,Level,202,Veh'S Opposite Approach: Thru-Right,Opposing vehicles turning,S,0,1,0,0,1,2,0,0,0,0,0,0
354572,Minor injury,2021,April,Friday,19,Angle,Multi-Vehicle,153.178263,-27.66317846,Bryants Rd,,,Loganholme,Logan City,4129,Loganholme,Logan,South Eastern,SEQ South,South Coast,Loganholme - Tanah Merah,Loganlea - Carbrook,Logan - Beaudesert,Major Cities,Macalister,Forde,Locally-controlled,No Roadway Feature,Operating traffic lights,60 km/h,Sealed - Wet,Clear,Darkness - Lighted,Straight,Grade,202,Veh'S Opposite Approach: Thru-Right,Opposing vehicles turning,E,0,0,0,2,2,2,0,0,0,0,0,0
354573,Hospitalisation,2021,May,Wednesday,11,Angle,Multi-Vehicle,153.178272,-27.68463046,Logan Mwy,,Logan Motorway (Gailes - Loganholme),Tanah Merah,Logan City,4128,Loganholme,Logan,South Eastern,SEQ South,South Coast,Loganholme - Tanah Merah,Loganlea - Carbrook,Logan - Beaudesert,Major Cities,Waterford,Forde,State-controlled,No Roadway Feature,No traffic control,100 - 110 km/h,Sealed - Wet,Raining,Daylight,Straight,Grade,200,Veh'S Opposite Approach: Other,Other,E,0,1,0,1,2,2,0,0,0,0,0,0
354574,Hospitalisation,2021,May,Friday,20,Angle,Multi-Vehicle,153.1646513,-27.65558094,Pacific Hwy,,Pacific Highway (Pacific Motorway),Shailer Park,Logan City,4128,Loganholme,Logan,South Eastern,SEQ South,South Coast,Shailer Park,Loganlea - Carbrook,Logan - Beaudesert,Major Cities,Springwood,Forde,State-controlled,No Roadway Feature,No traffic control,100 - 110 km/h,Sealed - Dry,Clear,Darkness - Lighted,Straight,Level,307,Veh'S Same Direction: Lane Change Left,Lane changes,S,0,1,0,0,1,1,0,1,0,0,0,0
354575,Minor injury,2021,May,Friday,14,Rear-end,Multi-Vehicle,153.192491,-27.69142846,Pacific Hwy,,Pacific Highway (Pacific Motorway),Loganholme,Logan City,4129,Loganholme,Logan,South Eastern,SEQ South,South Coast,Loganholme - Tanah Merah,Loganlea - Carbrook,Logan - Beaudesert,Major Cities,Macalister,Forde,State-controlled,No Roadway Feature,No traffic control,100 - 110 km/h,Sealed - Dry,Clear,Daylight,Straight,Level,301,Veh'S Same Direction: Rear End,Rear-end,N,0,0,0,2,2,3,0,1,0,0,0,0
354576,Medical treatment,2021,May,Sunday,13,Rear-end,Multi-Vehicle,153.18929,-27.68551846,Pacific Hwy,,Pacific Highway (Pacific Motorway),Loganholme,Logan City,4129,Loganholme,Logan,South Eastern,SEQ South,South Coast,Loganholme - Tanah Merah,Loganlea - Carbrook,Logan - Beaudesert,Major Cities,Macalister,Forde,State-controlled,No Roadway Feature,No traffic control,100 - 110 km/h,Sealed - Dry,Clear,Daylight,Straight,Level,301,Veh'S Same Direction: Rear End,Rear-end,N,0,0,1,0,1,4,0,0,0,0,0,0
354577,Medical treatment,2021,May,Friday,15,Rear-end,Multi-Vehicle,153.157945,-27.64979346,Pacific Hwy,,Pacific Highway (Pacific Motorway),Slacks Creek,Logan City,4127,Loganholme,Logan,South Eastern,SEQ South,South Coast,Shailer Park,Loganlea - Carbrook,Logan - Beaudesert,Major Cities,Springwood,Forde,State-controlled,No Roadway Feature,No traffic control,100 - 110 km/h,Sealed - Dry,Clear,Daylight,Straight,Level,301,Veh'S Same Direction: Rear End,Rear-end,E,0,0,1,0,1,3,0,0,0,0,0,0
354578,Medical treatment,2021,May,Thursday,16,Sideswipe,Multi-Vehicle,153.174705,-27.66211046,Mandew St,,,Shailer Park,Logan City,4128,Loganholme,Logan,South Eastern,SEQ South,South Coast,Shailer Park,Loganlea - Carbrook,Logan - Beaudesert,Major Cities,Springwood,Forde,Locally-controlled,No Roadway Feature,No traffic control,60 km/h,Sealed - Dry,Clear,Daylight,Straight,Level,307,Veh'S Same Direction: Lane Change Left,Lane changes,S,0,0,1,0,1,1,0,0,1,0,0,0
354579,Minor injury,2021,May,Friday,15,Rear-end,Multi-Vehicle,153.202772,-27.66982946,Beenleigh - Redland Bay Rd,California Ck Rd,Beenleigh - Redland Bay Road,Cornubia,Logan City,4130,Loganholme,Logan,South Eastern,SEQ South,South Coast,Cornubia - Carbrook,Loganlea - Carbrook,Logan - Beaudesert,Major Cities,Macalister,Forde,State-controlled,Intersection - T-Junction,Operating traffic lights,70 km/h,Sealed - Dry,Clear,Daylight,Straight,Level,301,Veh'S Same Direction: Rear End,Rear-end,S,0,0,0,1,1,1,0,1,0,0,0,0
354580,Hospitalisation,2021,June,Thursday,9,Sideswipe,Multi-Vehicle,153.167319,-27.65798646,Pacific Hwy,,,Shailer Park,Logan City,4128,Loganholme,Logan,South Eastern,SEQ South,South Coast,Shailer Park,Loganlea - Carbrook,Logan - Beaudesert,Major Cities,Springwood,Forde,Locally-controlled,No Roadway Feature,No traffic control,60 km/h,Sealed - Dry,Clear,Daylight,Straight,Level,306,Veh'S Same Direction: Lane Change Right,Lane changes,S,0,1,0,0,1,1,0,1,0,0,0,0
354581,Hospitalisation,2021,June,Tuesday,5,Sideswipe,Multi-Vehicle,153.1697644,-27.66151222,Pacific Hwy,,Pacific Highway (Pacific Motorway),Tanah Merah,Logan City,4128,Loganholme,Logan,South Eastern,SEQ South,South Coast,Loganholme - Tanah Merah,Loganlea - Carbrook,Logan - Beaudesert,Major Cities,Springwood,Forde,State-controlled,No Roadway Feature,No traffic control,100 - 110 km/h,Sealed - Dry,Clear,Dawn/Dusk,Straight,Level,306,Veh'S Same Direction: Lane Change Right,Lane changes,N,0,1,0,0,1,1,0,1,0,0,0,0
354582,Hospitalisation,2021,June,Thursday,18,Rear-end,Multi-Vehicle,153.169165,-27.66061646,Pacific Hwy,,Pacific Highway (Pacific Motorway),Tanah Merah,Logan City,4128,Loganholme,Logan,South Eastern,SEQ South,South Coast,Loganholme - Tanah Merah,Loganlea - Carbrook,Logan - Beaudesert,Major Cities,Springwood,Forde,State-controlled,No Roadway Feature,No traffic control,100 - 110 km/h,Sealed - Dry,Clear,Darkness - Lighted,Straight,Level,301,Veh'S Same Direction: Rear End,Rear-end,S,0,1,0,0,1,3,0,0,0,0,0,0
354583,Hospitalisation,2021,June,Thursday,18,Hit object,Single Vehicle,153.184105,-27.67623146,Beenleigh - Redland Bay Rd,Pacific Hwy,Pacific Highway (Pacific Motorway),Loganholme,Logan City,4129,Loganholme,Logan,South Eastern,SEQ South,South Coast,Loganholme - Tanah Merah,Loganlea - Carbrook,Logan - Beaudesert,Major Cities,Waterford,Forde,State-controlled,Intersection - Interchange,Operating traffic lights,60 km/h,Sealed - Dry,Clear,Dawn/Dusk,Curved - view open,Level,803,Off Path-Curve: Off Cway Rt Bend Hit Obj,Off carriageway on curve hit object,N,0,1,0,0,1,1,0,0,0,0,0,0
354584,Minor injury,2021,June,Thursday,15,Rear-end,Multi-Vehicle,153.1860666,-27.67924292,Pacific Hwy,,Pacific Highway (Pacific Motorway),Loganholme,Logan City,4129,Loganholme,Logan,South Eastern,SEQ South,South Coast,Loganholme - Tanah Merah,Loganlea - Carbrook,Logan - Beaudesert,Major Cities,Waterford,Forde,State-controlled,No Roadway Feature,No traffic control,100 - 110 km/h,Sealed - Dry,Clear,Daylight,Straight,Level,301,Veh'S Same Direction: Rear End,Rear-end,N,0,0,0,1,1,2,0,0,0,0,0,0
354585,Hospitalisation,2021,June,Sunday,20,Overturned,Single Vehicle,153.1766479,-27.68425249,Logan Mwy,,Logan Motorway (Gailes - Loganholme),Tanah Merah,Logan City,4128,Loganholme,Logan,South Eastern,SEQ South,South Coast,Loganholme - Tanah Merah,Loganlea - Carbrook,Logan - Beaudesert,Major Cities,Waterford,Forde,State-controlled,No Roadway Feature,No traffic control,60 km/h,Sealed - Dry,Clear,Darkness - Lighted,Curved - view open,Level,805,Off Path-Curve: Out Of Control On Cway,Out of control on curve,E,0,1,1,0,2,1,0,0,0,0,0,0
354586,Medical treatment,2021,June,Saturday,13,Rear-end,Multi-Vehicle,153.234609,-27.65867347,Mt Cotton Rd,Wuduru Rd,Mount Cotton Road,Cornubia,Logan City,4130,Loganholme,Logan,South Eastern,SEQ South,South Coast,Cornubia - Carbrook,Loganlea - Carbrook,Logan - Beaudesert,Major Cities,Macalister,Forde,State-controlled,Intersection - T-Junction,Give way sign,60 km/h,Sealed - Dry,Clear,Daylight,Straight,Level,302,Veh'S Same Direction: Left Rear,Rear-end,E,0,0,1,0,1,2,0,0,0,0,0,0
354587,Hospitalisation,2021,June,Sunday,8,Sideswipe,Multi-Vehicle,153.174516,-27.66261046,Bryants Rd,Grandis St,,Loganholme,Logan City,4129,Loganholme,Logan,South Eastern,SEQ South,South Coast,Loganholme - Tanah Merah,Loganlea - Carbrook,Logan - Beaudesert,Major Cities,Macalister,Forde,Locally-controlled,Intersection - Cross,Operating traffic lights,60 km/h,Sealed - Dry,Clear,Daylight,Straight,Level,101,Veh'S Adjacent Approach: Thru-Thru,Intersection from adjacent approaches,S,0,2,0,0,2,2,0,0,0,0,0,0
354614,Hospitalisation,2021,January,Tuesday,22,Hit object,Single Vehicle,153.2526879,-28.04000347,Beechmont Rd,,Beechmont Road,Lower Beechmont,Gold Coast City,4211,Nerang,Gold Coast,South Eastern,SEQ South,South Coast,Guanaba - Springbrook,Gold Coast Hinterland,Gold Coast,Inner Regional,Mudgeeraba,Wright,State-controlled,No Roadway Feature,No traffic control,60 km/h,Sealed - Dry,Clear,Darkness - Not lighted,Curved - view obscured,Grade,804,Off Path-Curve: Off Cway Lt Bend Hit Obj,Off carriageway on curve hit object,S,0,2,0,0,2,1,0,0,0,0,0,0
354615,Hospitalisation,2021,January,Thursday,9,Angle,Multi-Vehicle,153.3581819,-28.01923848,Nielsens Rd,,,Carrara,Gold Coast City,4211,Nerang,Gold Coast,South Eastern,SEQ South,South Coast,Carrara,Nerang,Gold Coast,Major Cities,Gaven,Moncrieff,Locally-controlled,No Roadway Feature,No traffic control,70 km/h,Sealed - Dry,Clear,Daylight,Straight,Level,306,Veh'S Same Direction: Lane Change Right,Lane changes,W,0,1,0,0,1,2,0,0,0,0,0,0
354616,Medical treatment,2021,January,Friday,13,Angle,Multi-Vehicle,153.3440019,-27.95077248,Kingston Dr,Smith St,Smith Street Connection,Arundel,Gold Coast City,4214,Southport,Gold Coast,South Eastern,SEQ South,South Coast,Arundel,Gold Coast - North,Gold Coast,Major Cities,Bonney,Fadden,State-controlled,Intersection - Cross,Operating traffic lights,60 km/h,Sealed - Wet,Raining,Daylight,Straight,Dip,202,Veh'S Opposite Approach: Thru-Right,Opposing vehicles turning,W,0,0,1,0,1,2,0,0,0,0,0,0
354617,Hospitalisation,2021,January,Saturday,16,Hit object,Single Vehicle,153.3244899,-27.92624448,Binstead Wy,Universal Dr,,Pacific Pines,Gold Coast City,4211,Nerang,Gold Coast,South Eastern,SEQ South,South Coast,Pacific Pines - Gaven,Nerang,Gold Coast,Major Cities,Theodore,Fadden,Locally-controlled,Intersection - Roundabout,Give way sign,60 km/h,Sealed - Dry,Clear,Daylight,Curved - view open,Level,804,Off Path-Curve: Off Cway Lt Bend Hit Obj,Off carriageway on curve hit object,E,0,1,0,0,1,1,0,0,0,0,0,0
354618,Hospitalisation,2021,January,Wednesday,14,Rear-end,Multi-Vehicle,153.3484149,-27.99534148,Nerang - Broadbeach Rd,,Nerang - Broadbeach Road,Nerang,Gold Coast City,4211,Nerang,Gold Coast,South Eastern,SEQ South,South Coast,Nerang - Mount Nathan,Nerang,Gold Coast,Major Cities,Gaven,Moncrieff,State-controlled,Merge Lane,No traffic control,60 km/h,Sealed - Dry,Clear,Daylight,Straight,Dip,301,Veh'S Same Direction: Rear End,Rear-end,W,0,1,2,0,3,3,1,0,0,0,0,0
354619,Hospitalisation,2021,January,Wednesday,20,Hit parked vehicle,Single Vehicle,153.3667686,-28.02331032,Alison Rd,,,Carrara,Gold Coast City,4211,Nerang,Gold Coast,South Eastern,SEQ South,South Coast,Carrara,Nerang,Gold Coast,Major Cities,Gaven,Moncrieff,Locally-controlled,No Roadway Feature,No traffic control,0 - 50 km/h,Sealed - Dry,Clear,Darkness - Lighted,Curved - view open,Level,601,Veh'S On Path: Parked,Hit parked vehicle,E,0,3,0,0,3,2,0,0,0,0,0,0
354620,Medical treatment,2021,January,Thursday,12,Rear-end,Multi-Vehicle,153.341998,-27.94978509,Pacific Hwy,,Pacific Highway (Pacific Motorway),Arundel,Gold Coast City,4214,Nerang,Gold Coast,South Eastern,SEQ South,South Coast,Arundel,Gold Coast - North,Gold Coast,Major Cities,Gaven,Fadden,State-controlled,No Roadway Feature,No traffic control,100 - 110 km/h,Sealed - Dry,Clear,Daylight,Straight,Level,301,Veh'S Same Direction: Rear End,Rear-end,S,0,0,1,0,1,1,0,0,1,0,0,0