Crash_Severity,Crash_Year,Crash_Month,Crash_Day_Of_Week,Crash_Hour,Crash_Nature,Crash_Type,Crash_Longitude,Crash_Latitude,Crash_Street,Crash_Street_Intersecting,State_Road_Name,Loc_Suburb,Loc_Local_Government_Area,Loc_Post_Code,Loc_Police_Division,Loc_Police_District,Loc_Police_Region,Loc_Queensland_Transport_Region,Loc_Main_Roads_Region,Loc_ABS_Statistical_Area_2,Loc_ABS_Statistical_Area_3,Loc_ABS_Statistical_Area_4,Loc_ABS_Remoteness,Loc_State_Electorate,Loc_Federal_Electorate,Crash_Controlling_Authority,Crash_Roadway_Feature,Crash_Traffic_Control,Crash_Speed_Limit,Crash_Road_Surface_Condition,Crash_Atmospheric_Condition,Crash_Lighting_Condition,Crash_Road_Horiz_Align,Crash_Road_Vert_Align,Crash_DCA_Code,Crash_DCA_Description,Crash_DCA_Group_Description,DCA_Key_Approach_Dir,Count_Casualty_Fatality,Count_Casualty_Hospitalised,Count_Casualty_MedicallyTreated,Count_Casualty_MinorInjury,Count_Casualty_Total,Count_Unit_Car,Count_Unit_Motorcycle_Moped,Count_Unit_Truck,Count_Unit_Bus,Count_Unit_Bicycle,Count_Unit_Pedestrian,Count_Unit_Other,
354670,Medical treatment,2021,March,Thursday,13,Rear-end,Multi-Vehicle,153.3463319,-28.00982048,Spencer Rd,,,Carrara,Gold Coast City,4211,Nerang,Gold Coast,South Eastern,SEQ South,South Coast,Carrara,Nerang,Gold Coast,Major Cities,Gaven,Moncrieff,Locally-controlled,No Roadway Feature,No traffic control,60 km/h,Sealed - Wet,Clear,Daylight,Straight,Crest,301,Veh'S Same Direction: Rear End,Rear-end,N,0,0,3,0,3,3,0,0,0,0,0,0
354671,Medical treatment,2021,March,Wednesday,16,Hit parked vehicle,Single Vehicle,153.2951329,-27.93211148,Hoop Pine Cct,Plum Pine St,,Maudsland,Gold Coast City,4210,Nerang,Gold Coast,South Eastern,SEQ South,South Coast,Oxenford - Maudsland,Ormeau - Oxenford,Gold Coast,Major Cities,Theodore,Wright,Locally-controlled,Intersection - T-Junction,No traffic control,0 - 50 km/h,Sealed - Wet,Raining,Daylight,Curved - view open,Crest,200,Veh'S Opposite Approach: Other,Other,S,0,0,1,0,1,2,0,0,0,0,0,0
354672,Medical treatment,2021,March,Wednesday,0,Rear-end,Multi-Vehicle,153.3448579,-27.98276148,Riverwood Dr,Southport - Nerang Rd,Southport - Nerang Road,Ashmore,Gold Coast City,4214,Nerang,Gold Coast,South Eastern,SEQ South,South Coast,Ashmore,Southport,Gold Coast,Major Cities,Southport,Moncrieff,State-controlled,Intersection - Cross,Operating traffic lights,70 km/h,Sealed - Dry,Clear,Daylight,Straight,Level,301,Veh'S Same Direction: Rear End,Rear-end,S,0,0,1,0,1,2,0,0,0,0,0,0
354673,Minor injury,2021,March,Thursday,11,Angle,Multi-Vehicle,153.3452451,-28.00183646,Lawrence Dr,,,Nerang,Gold Coast City,4211,Nerang,Gold Coast,South Eastern,SEQ South,South Coast,Nerang - Mount Nathan,Nerang,Gold Coast,Major Cities,Gaven,Moncrieff,Locally-controlled,No Roadway Feature,No traffic control,0 - 50 km/h,Sealed - Dry,Clear,Daylight,Curved - view open,Level,406,Veh'S Manoeuvring: Leaving Driveway,Vehicle leaving driveway,E,0,0,0,1,1,1,0,0,0,0,0,1
354674,Hospitalisation,2021,March,Friday,11,Rear-end,Multi-Vehicle,153.3441619,-27.95475948,Pacific Hwy,,Pacific Highway (Pacific Motorway),Arundel,Gold Coast City,4214,Nerang,Gold Coast,South Eastern,SEQ South,South Coast,Parkwood,Southport,Gold Coast,Major Cities,Gaven,Fadden,State-controlled,No Roadway Feature,No traffic control,100 - 110 km/h,Sealed - Dry,Clear,Daylight,Straight,Level,301,Veh'S Same Direction: Rear End,Rear-end,S,0,1,0,1,2,2,0,0,0,0,0,0
354675,Hospitalisation,2021,March,Saturday,21,Hit object,Single Vehicle,153.3190041,-28.00109608,Mclaren Rd,,,Nerang,Gold Coast City,4211,Nerang,Gold Coast,South Eastern,SEQ South,South Coast,Nerang - Mount Nathan,Nerang,Gold Coast,Major Cities,Gaven,Moncrieff,Locally-controlled,No Roadway Feature,No traffic control,60 km/h,Sealed - Wet,Raining,Darkness - Lighted,Straight,Crest,705,Off Path-Straight:Out Of Control On Cway,Out of control on straight,N,0,2,0,0,2,1,0,0,0,0,0,0
354676,Hospitalisation,2021,March,Sunday,12,Sideswipe,Multi-Vehicle,153.3428091,-27.95134257,Pacific Hwy,,Pacific Highway (Pacific Motorway),Arundel,Gold Coast City,4214,Nerang,Gold Coast,South Eastern,SEQ South,South Coast,Parkwood,Southport,Gold Coast,Major Cities,Gaven,Fadden,State-controlled,No Roadway Feature,No traffic control,100 - 110 km/h,Sealed - Wet,Raining,Daylight,Straight,Level,305,Veh'S Same Direction: Lane Side Swipe,Lane changes,S,0,4,0,0,4,2,0,0,0,0,0,0
354677,Hospitalisation,2021,March,Tuesday,0,Overturned,Single Vehicle,153.3635569,-28.00588948,Nerang - Broadbeach Rd,,Nerang - Broadbeach Road,Carrara,Gold Coast City,4211,Nerang,Gold Coast,South Eastern,SEQ South,South Coast,Carrara,Nerang,Gold Coast,Major Cities,Gaven,Moncrieff,State-controlled,No Roadway Feature,No traffic control,80 - 90 km/h,Sealed - Wet,Raining,Darkness - Lighted,Straight,Level,703,Off Path-Straight: Left Off Cway Hit Obj,Off carriageway on straight hit object,W,0,5,0,0,5,1,0,0,0,0,0,0
354678,Medical treatment,2021,March,Tuesday,21,Sideswipe,Multi-Vehicle,153.3424212,-27.97949962,Pacific Hwy,,Pacific Highway (Pacific Motorway),Nerang,Gold Coast City,4211,Nerang,Gold Coast,South Eastern,SEQ South,South Coast,Nerang - Mount Nathan,Nerang,Gold Coast,Major Cities,Gaven,Moncrieff,State-controlled,No Roadway Feature,No traffic control,100 - 110 km/h,Sealed - Wet,Raining,Darkness - Lighted,Straight,Grade,307,Veh'S Same Direction: Lane Change Left,Lane changes,N,0,0,1,0,1,1,0,1,0,0,0,0
354679,Medical treatment,2021,March,Thursday,12,Sideswipe,Multi-Vehicle,153.3432749,-28.00671948,Pappas Way,Spencer Rd,Pacific Highway (Pacific Motorway),Carrara,Gold Coast City,4211,Nerang,Gold Coast,South Eastern,SEQ South,South Coast,Nerang - Mount Nathan,Nerang,Gold Coast,Major Cities,Gaven,Moncrieff,State-controlled,Intersection - Roundabout,Give way sign,0 - 50 km/h,Sealed - Dry,Clear,Daylight,Straight,Level,308,Veh'S Same Direction: Right Turn S/Swipe,Parallel lanes turning,S,0,0,1,0,1,1,0,0,0,1,0,0
354680,Hospitalisation,2021,March,Friday,14,Sideswipe,Multi-Vehicle,153.3399009,-27.99353348,Nerang - Broadbeach Rd,Nerang Connection Rd,Nerang Connection Road,Nerang,Gold Coast City,4211,Nerang,Gold Coast,South Eastern,SEQ South,South Coast,Nerang - Mount Nathan,Nerang,Gold Coast,Major Cities,Gaven,Moncrieff,State-controlled,Intersection - Cross,Operating traffic lights,0 - 50 km/h,Sealed - Dry,Clear,Daylight,Straight,Grade,408,Veh'S Manoeuvring: Entering From Footway,Vehicle leaving driveway,N,0,1,0,0,1,1,1,0,0,0,0,0
354681,Medical treatment,2021,March,Monday,10,Rear-end,Multi-Vehicle,153.3465189,-27.99466848,Nerang - Broadbeach Rd,,Nerang - Broadbeach Road,Nerang,Gold Coast City,4211,Nerang,Gold Coast,South Eastern,SEQ South,South Coast,Nerang - Mount Nathan,Nerang,Gold Coast,Major Cities,Gaven,Moncrieff,State-controlled,No Roadway Feature,No traffic control,60 km/h,Sealed - Dry,Clear,Daylight,Straight,Level,301,Veh'S Same Direction: Rear End,Rear-end,W,0,0,1,0,1,2,0,0,0,0,0,0
354682,Medical treatment,2021,March,Tuesday,20,Angle,Multi-Vehicle,153.3695499,-28.01100848,Birmingham Rd,Nerang - Broadbeach Rd,Nerang - Broadbeach Road,Carrara,Gold Coast City,4211,Nerang,Gold Coast,South Eastern,SEQ South,South Coast,Carrara,Nerang,Gold Coast,Major Cities,Gaven,Moncrieff,State-controlled,Intersection - Cross,Operating traffic lights,80 - 90 km/h,Sealed - Dry,Clear,Darkness - Lighted,Straight,Level,202,Veh'S Opposite Approach: Thru-Right,Opposing vehicles turning,W,0,0,1,0,1,2,0,0,0,0,0,0
354683,Fatal,2021,April,Sunday,21,Hit object,Single Vehicle,153.3741629,-28.04161548,Gooding Dr,,Gold Coast - Springbrook Road,Carrara,Gold Coast City,4211,Mudgeeraba,Gold Coast,South Eastern,SEQ South,South Coast,Carrara,Nerang,Gold Coast,Major Cities,Mudgeeraba,Moncrieff,State-controlled,No Roadway Feature,No traffic control,70 km/h,Sealed - Wet,Raining,Darkness - Lighted,Curved - view open,Level,803,Off Path-Curve: Off Cway Rt Bend Hit Obj,Off carriageway on curve hit object,S,1,0,0,0,1,1,0,0,0,0,0,0
354684,Hospitalisation,2021,April,Friday,16,Rear-end,Multi-Vehicle,153.3452187,-27.96229685,Pacific Hwy,,Pacific Highway (Pacific Motorway),Gaven,Gold Coast City,4211,Nerang,Gold Coast,South Eastern,SEQ South,South Coast,Pacific Pines - Gaven,Nerang,Gold Coast,Major Cities,Gaven,Fadden,State-controlled,No Roadway Feature,No traffic control,100 - 110 km/h,Sealed - Dry,Clear,Dawn/Dusk,Straight,Level,301,Veh'S Same Direction: Rear End,Rear-end,N,0,2,0,0,2,4,0,0,0,0,0,0
354685,Medical treatment,2021,April,Friday,20,Rear-end,Multi-Vehicle,153.3416149,-27.99365348,Nerang - Broadbeach Rd,Riverview Rd,Nerang - Broadbeach Road,Nerang,Gold Coast City,4211,Nerang,Gold Coast,South Eastern,SEQ South,South Coast,Nerang - Mount Nathan,Nerang,Gold Coast,Major Cities,Gaven,Moncrieff,State-controlled,Intersection - T-Junction,No traffic control,0 - 50 km/h,Sealed - Dry,Clear,Darkness - Lighted,Straight,Level,303,Veh'S Same Direction: Right Rear,Rear-end,E,0,0,1,0,1,2,0,0,0,0,0,0
354686,Hospitalisation,2021,April,Saturday,12,Hit object,Single Vehicle,153.3334163,-28.00480864,Mortensen Rd,,,Nerang,Gold Coast City,4211,Nerang,Gold Coast,South Eastern,SEQ South,South Coast,Nerang - Mount Nathan,Nerang,Gold Coast,Major Cities,Gaven,Moncrieff,Locally-controlled,No Roadway Feature,No traffic control,60 km/h,Sealed - Dry,Clear,Daylight,Straight,Level,703,Off Path-Straight: Left Off Cway Hit Obj,Off carriageway on straight hit object,E,0,1,0,0,1,2,0,0,0,0,0,0
354687,Hospitalisation,2021,April,Sunday,11,Fall from vehicle,Single Vehicle,153.2563519,-28.03137047,Beechmont Rd,,Beechmont Road,Lower Beechmont,Gold Coast City,4211,Nerang,Gold Coast,South Eastern,SEQ South,South Coast,Guanaba - Springbrook,Gold Coast Hinterland,Gold Coast,Inner Regional,Mudgeeraba,Wright,State-controlled,No Roadway Feature,No traffic control,60 km/h,Sealed - Dry,Clear,Daylight,Curved - view obscured,Grade,607,Veh'S On Path: Temporary Object On C'Way,Other,S,0,1,0,0,1,0,1,0,0,0,0,0
354688,Minor injury,2021,April,Tuesday,15,Rear-end,Multi-Vehicle,153.3417829,-27.98211648,Pacific Hwy,,Pacific Highway (Pacific Motorway),Nerang,Gold Coast City,4211,Nerang,Gold Coast,South Eastern,SEQ South,South Coast,Nerang - Mount Nathan,Nerang,Gold Coast,Major Cities,Gaven,Moncrieff,State-controlled,No Roadway Feature,No traffic control,100 - 110 km/h,Sealed - Dry,Clear,Daylight,Straight,Level,301,Veh'S Same Direction: Rear End,Rear-end,N,0,0,0,2,2,2,0,0,0,0,0,0
354689,Hospitalisation,2021,April,Thursday,20,Hit object,Single Vehicle,153.2999919,-27.92668648,Gaven Arterial Rd,Terence Dr,,Maudsland,Gold Coast City,4210,Nerang,Gold Coast,South Eastern,SEQ South,South Coast,Oxenford - Maudsland,Ormeau - Oxenford,Gold Coast,Major Cities,Theodore,Wright,Locally-controlled,Intersection - Roundabout,Give way sign,60 km/h,Sealed - Dry,Clear,Darkness - Lighted,Straight,Level,703,Off Path-Straight: Left Off Cway Hit Obj,Off carriageway on straight hit object,W,0,1,0,0,1,1,0,0,0,0,0,0
354690,Hospitalisation,2021,April,Friday,21,Hit object,Single Vehicle,153.3455829,-27.96193248,Pacific Hwy,,Pacific Highway (Pacific Motorway),Molendinar,Gold Coast City,4214,Nerang,Gold Coast,South Eastern,SEQ South,South Coast,Molendinar,Southport,Gold Coast,Major Cities,Southport,Moncrieff,State-controlled,No Roadway Feature,No traffic control,100 - 110 km/h,Sealed - Dry,Clear,Darkness - Lighted,Straight,Level,703,Off Path-Straight: Left Off Cway Hit Obj,Off carriageway on straight hit object,S,0,1,0,0,1,1,0,0,0,0,0,0
354691,Minor injury,2021,April,Friday,20,Rear-end,Multi-Vehicle,153.3665349,-28.00905648,Alabaster Dr,Nerang - Broadbeach Rd,Nerang - Broadbeach Road,Carrara,Gold Coast City,4211,Nerang,Gold Coast,South Eastern,SEQ South,South Coast,Carrara,Nerang,Gold Coast,Major Cities,Gaven,Moncrieff,State-controlled,Intersection - Cross,Operating traffic lights,60 km/h,Sealed - Dry,Clear,Darkness - Lighted,Straight,Level,301,Veh'S Same Direction: Rear End,Rear-end,N,0,0,0,2,2,2,0,0,0,0,0,0
354692,Hospitalisation,2021,April,Saturday,0,Hit object,Single Vehicle,153.2952649,-27.94481848,Roberts Dr,,,Maudsland,Gold Coast City,4210,Nerang,Gold Coast,South Eastern,SEQ South,South Coast,Oxenford - Maudsland,Ormeau - Oxenford,Gold Coast,Major Cities,Theodore,Wright,Locally-controlled,No Roadway Feature,No traffic control,0 - 50 km/h,Sealed - Dry,Clear,Darkness - Lighted,Curved - view open,Level,803,Off Path-Curve: Off Cway Rt Bend Hit Obj,Off carriageway on curve hit object,S,0,1,0,0,1,2,0,0,0,0,0,0
354693,Fatal,2021,April,Saturday,15,Hit object,Single Vehicle,153.3427849,-27.98010448,Pacific Hwy,,Pacific Highway (Pacific Motorway),Molendinar,Gold Coast City,4214,Nerang,Gold Coast,South Eastern,SEQ South,South Coast,Molendinar,Southport,Gold Coast,Major Cities,Southport,Moncrieff,State-controlled,Intersection - Interchange,No traffic control,70 km/h,Sealed - Dry,Clear,Daylight,Curved - view open,Crest,804,Off Path-Curve: Off Cway Lt Bend Hit Obj,Off carriageway on curve hit object,S,1,0,0,0,1,0,1,0,0,0,0,0
354694,Hospitalisation,2021,April,Monday,7,Rear-end,Multi-Vehicle,153.3036731,-27.99714701,Beaudesert - Nerang Rd,,Beaudesert - Nerang Road,Nerang,Gold Coast City,4211,Nerang,Gold Coast,South Eastern,SEQ South,South Coast,Nerang - Mount Nathan,Nerang,Gold Coast,Major Cities,Gaven,Wright,State-controlled,No Roadway Feature,No traffic control,70 km/h,Sealed - Dry,Clear,Daylight,Curved - view open,Level,301,Veh'S Same Direction: Rear End,Rear-end,E,0,1,0,1,2,3,0,0,0,0,0,0
354695,Medical treatment,2021,April,Tuesday,12,Angle,Multi-Vehicle,153.3364289,-27.98936948,Ferry St,Price St,Nerang Connection Road,Nerang,Gold Coast City,4211,Nerang,Gold Coast,South Eastern,SEQ South,South Coast,Nerang - Mount Nathan,Nerang,Gold Coast,Major Cities,Gaven,Moncrieff,State-controlled,Intersection - Cross,Operating traffic lights,60 km/h,Sealed - Dry,Clear,Daylight,Straight,Level,104,Veh'S Adjacent Approach: Thru-Right,Intersection from adjacent approaches,W,0,0,2,0,2,2,0,0,0,0,0,0
354696,Hospitalisation,2021,April,Wednesday,16,Angle,Multi-Vehicle,153.3667309,-28.00898048,Alabaster Dr,Nerang - Broadbeach Rd,Nerang - Broadbeach Road,Carrara,Gold Coast City,4211,Nerang,Gold Coast,South Eastern,SEQ South,South Coast,Carrara,Nerang,Gold Coast,Major Cities,Gaven,Moncrieff,State-controlled,Intersection - T-Junction,Operating traffic lights,70 km/h,Sealed - Dry,Clear,Daylight,Straight,Level,406,Veh'S Manoeuvring: Leaving Driveway,Vehicle leaving driveway,W,0,1,0,0,1,2,0,0,0,0,0,0
354697,Minor injury,2021,April,Wednesday,15,Rear-end,Multi-Vehicle,153.341021,-27.98789462,Pacific Hwy,,Pacific Highway (Pacific Motorway),Nerang,Gold Coast City,4211,Nerang,Gold Coast,South Eastern,SEQ South,South Coast,Nerang - Mount Nathan,Nerang,Gold Coast,Major Cities,Gaven,Moncrieff,State-controlled,No Roadway Feature,No traffic control,100 - 110 km/h,Sealed - Dry,Clear,Daylight,Straight,Level,301,Veh'S Same Direction: Rear End,Rear-end,S,0,0,0,1,1,2,0,0,0,0,0,0
354698,Medical treatment,2021,April,Thursday,16,Rear-end,Multi-Vehicle,153.3469062,-27.96989346,Pacific Hwy,,Pacific Highway (Pacific Motorway),Gaven,Gold Coast City,4211,Nerang,Gold Coast,South Eastern,SEQ South,South Coast,Pacific Pines - Gaven,Nerang,Gold Coast,Major Cities,Gaven,Fadden,State-controlled,No Roadway Feature,No traffic control,100 - 110 km/h,Sealed - Dry,Clear,Daylight,Straight,Crest,301,Veh'S Same Direction: Rear End,Rear-end,N,0,0,1,0,1,2,0,0,0,0,0,0
354699,Medical treatment,2021,April,Thursday,18,Rear-end,Multi-Vehicle,153.3454749,-27.96179848,Pacific Hwy,,Pacific Highway (Pacific Motorway),Molendinar,Gold Coast City,4214,Nerang,Gold Coast,South Eastern,SEQ South,South Coast,Molendinar,Southport,Gold Coast,Major Cities,Gaven,Moncrieff,State-controlled,Intersection - Interchange,No traffic control,100 - 110 km/h,Sealed - Dry,Clear,Darkness - Lighted,Straight,Level,301,Veh'S Same Direction: Rear End,Rear-end,S,0,0,2,0,2,3,0,0,0,0,0,0
354700,Hospitalisation,2021,April,Saturday,14,Rear-end,Multi-Vehicle,153.3369889,-27.98875848,Price St,,Southport - Nerang Road,Nerang,Gold Coast City,4211,Nerang,Gold Coast,South Eastern,SEQ South,South Coast,Nerang - Mount Nathan,Nerang,Gold Coast,Major Cities,Gaven,Moncrieff,State-controlled,No Roadway Feature,No traffic control,60 km/h,Sealed - Dry,Clear,Daylight,Straight,Grade,301,Veh'S Same Direction: Rear End,Rear-end,S,0,1,0,0,1,2,0,0,0,0,0,0
354701,Hospitalisation,2021,April,Thursday,19,Hit object,Single Vehicle,153.331755,-27.93057476,Glade Dr,,,Gaven,Gold Coast City,4211,Nerang,Gold Coast,South Eastern,SEQ South,South Coast,Pacific Pines - Gaven,Nerang,Gold Coast,Major Cities,Gaven,Fadden,Locally-controlled,No Roadway Feature,No traffic control,0 - 50 km/h,Sealed - Dry,Clear,Darkness - Lighted,Curved - view open,Level,804,Off Path-Curve: Off Cway Lt Bend Hit Obj,Off carriageway on curve hit object,N,0,1,0,0,1,1,0,0,0,0,0,0
354702,Hospitalisation,2021,April,Friday,18,Rear-end,Multi-Vehicle,153.3431438,-27.95332158,Pacific Hwy,,Pacific Highway (Pacific Motorway),Gaven,Gold Coast City,4211,Nerang,Gold Coast,South Eastern,SEQ South,South Coast,Pacific Pines - Gaven,Nerang,Gold Coast,Major Cities,Gaven,Fadden,State-controlled,Intersection - Interchange,No traffic control,70 km/h,Sealed - Wet,Raining,Darkness - Lighted,Straight,Level,301,Veh'S Same Direction: Rear End,Rear-end,N,0,1,0,0,1,2,0,0,1,0,0,0
354703,Minor injury,2021,April,Friday,12,Rear-end,Multi-Vehicle,153.3278369,-27.92599548,Binstead Wy,Heslop Rd,Pacific Highway (Pacific Motorway),Oxenford,Gold Coast City,4210,Coomera,Gold Coast,South Eastern,SEQ South,South Coast,Oxenford - Maudsland,Ormeau - Oxenford,Gold Coast,Major Cities,Theodore,Fadden,State-controlled,Intersection - Cross,Operating traffic lights,60 km/h,Sealed - Dry,Clear,Daylight,Straight,Level,301,Veh'S Same Direction: Rear End,Rear-end,N,0,0,0,1,1,2,0,0,0,0,0,0
354787,Hospitalisation,2021,January,Wednesday,6,Hit pedestrian,Hit pedestrian,145.6340777,-16.81971973,Therwine St,,,Kuranda,Mareeba Shire,4881,Kuranda,Far North,Far Northern,Northern,North Queensland,Kuranda,Tablelands (east) - Kuranda,Cairns,Outer Regional,Barron River,Leichhardt,Locally-controlled,No Roadway Feature,No traffic control,0 - 50 km/h,Sealed - Wet,Raining,Dawn/Dusk,Straight,Crest,8,Ped'N: On Ftway Hit By Vehicle On Ftway,Pedestrian,W,0,1,0,0,1,1,0,0,0,0,1,0
354788,Minor injury,2021,February,Sunday,18,Rear-end,Multi-Vehicle,145.6373137,-16.81338873,Kennedy Hwy,,Kennedy Highway (Cairns - Mareeba),Kuranda,Mareeba Shire,4881,Kuranda,Far North,Far Northern,Northern,North Queensland,Kuranda,Tablelands (east) - Kuranda,Cairns,Outer Regional,Barron River,Leichhardt,State-controlled,No Roadway Feature,No traffic control,60 km/h,Sealed - Dry,Clear,Daylight,Curved - view open,Grade,301,Veh'S Same Direction: Rear End,Rear-end,W,0,0,0,3,3,2,0,0,0,0,0,0
354789,Hospitalisation,2021,March,Friday,11,Head-on,Multi-Vehicle,145.6722248,-16.83663086,Kennedy Hwy,,Kennedy Highway (Cairns - Mareeba),Macalister Range,Cairns Region,4871,Smithfield,Far North,Far Northern,Northern,North Queensland,Clifton Beach - Kewarra Beach,Cairns - North,Cairns,Outer Regional,Barron River,Leichhardt,State-controlled,No Roadway Feature,No traffic control,60 km/h,Sealed - Dry,Clear,Daylight,Curved - view obscured,Grade,201,Veh'S Opposite Approach: Head On,Head-on,S,0,2,1,0,3,2,0,0,0,0,0,0
354790,Medical treatment,2021,March,Thursday,13,Rear-end,Multi-Vehicle,145.5747587,-16.87643372,Kennedy Hwy,,Kennedy Highway (Cairns - Mareeba),Koah,Mareeba Shire,4881,Kuranda,Far North,Far Northern,Northern,North Queensland,Kuranda,Tablelands (east) - Kuranda,Cairns,Outer Regional,Barron River,Leichhardt,State-controlled,No Roadway Feature,No traffic control,100 - 110 km/h,Sealed - Dry,Clear,Daylight,Curved - view open,Level,303,Veh'S Same Direction: Right Rear,Rear-end,S,0,0,1,0,1,2,0,1,0,0,0,0
354791,Minor injury,2021,March,Thursday,16,Rear-end,Multi-Vehicle,145.6247342,-16.82383806,Kennedy Hwy,,Kennedy Highway (Cairns - Mareeba),Kuranda,Mareeba Shire,4881,Kuranda,Far North,Far Northern,Northern,North Queensland,Kuranda,Tablelands (east) - Kuranda,Cairns,Outer Regional,Barron River,Leichhardt,State-controlled,No Roadway Feature,No traffic control,60 km/h,Sealed - Dry,Clear,Darkness - Lighted,Straight,Level,301,Veh'S Same Direction: Rear End,Rear-end,E,0,0,0,1,1,1,0,0,0,0,0,1
354792,Hospitalisation,2021,March,Thursday,12,Angle,Multi-Vehicle,145.6122657,-16.84118672,Kennedy Hwy,,Kennedy Highway (Cairns - Mareeba),Kuranda,Mareeba Shire,4881,Kuranda,Far North,Far Northern,Northern,North Queensland,Kuranda,Tablelands (east) - Kuranda,Cairns,Outer Regional,Barron River,Leichhardt,State-controlled,No Roadway Feature,No traffic control,100 - 110 km/h,Sealed - Dry,Clear,Darkness - Lighted,Curved - view open,Level,201,Veh'S Opposite Approach: Head On,Head-on,E,0,2,0,0,2,4,0,0,0,0,0,0
354793,Hospitalisation,2021,May,Monday,5,Angle,Multi-Vehicle,145.5684187,-16.89520472,Kennedy Hwy,Koah Rd,Kennedy Highway (Cairns - Mareeba),Koah,Mareeba Shire,4881,Kuranda,Far North,Far Northern,Northern,North Queensland,Kuranda,Tablelands (east) - Kuranda,Cairns,Outer Regional,Barron River,Leichhardt,State-controlled,Intersection - T-Junction,No traffic control,100 - 110 km/h,Sealed - Dry,Clear,Dawn/Dusk,Straight,Level,202,Veh'S Opposite Approach: Thru-Right,Opposing vehicles turning,S,0,1,0,0,1,2,0,0,0,0,0,0
354794,Hospitalisation,2021,June,Saturday,13,Rear-end,Multi-Vehicle,145.6390591,-16.81363473,Kennedy Hwy,,Kennedy Highway (Cairns - Mareeba),Kuranda,Mareeba Shire,4881,Kuranda,Far North,Far Northern,Northern,North Queensland,Kuranda,Tablelands (east) - Kuranda,Cairns,Outer Regional,Barron River,Leichhardt,State-controlled,No Roadway Feature,Road/Rail worker,60 km/h,Sealed - Wet,Raining,Daylight,Curved - view obscured,Level,301,Veh'S Same Direction: Rear End,Rear-end,W,0,1,0,0,1,3,0,0,0,0,0,0
354795,Minor injury,2021,March,Tuesday,15,Angle,Multi-Vehicle,153.292674,-27.79981047,Pimpama - Jacobs Well Rd,Wharf Rd,,Pimpama,Gold Coast City,4209,Coomera,Gold Coast,South Eastern,SEQ South,South Coast,Pimpama,Ormeau - Oxenford,Gold Coast,Major Cities,Coomera,Fadden,Locally-controlled,Intersection - Cross,Stop sign,60 km/h,Sealed - Wet,Clear,Daylight,Curved - view open,Level,104,Veh'S Adjacent Approach: Thru-Right,Intersection from adjacent approaches,N,0,0,0,1,1,2,0,0,0,0,0,0
354796,Medical treatment,2021,March,Friday,17,Angle,Multi-Vehicle,153.3167299,-27.88538848,Hope Island Rd,Pacific Hwy,Pacific Highway (Pacific Motorway),Helensvale,Gold Coast City,4212,Coomera,Gold Coast,South Eastern,SEQ South,South Coast,Helensvale,Ormeau - Oxenford,Gold Coast,Major Cities,Theodore,Fadden,State-controlled,Intersection - Interchange,Operating traffic lights,0 - 50 km/h,Sealed - Dry,Clear,Daylight,Curved - view open,Level,101,Veh'S Adjacent Approach: Thru-Thru,Intersection from adjacent approaches,E,0,0,1,0,1,2,0,0,0,0,0,0
354797,Hospitalisation,2021,March,Friday,8,Rear-end,Multi-Vehicle,153.310856,-27.85705148,Old Pacific Hwy,Whitewater Wy,Pacific Highway (Pacific Motorway),Coomera,Gold Coast City,4209,Coomera,Gold Coast,South Eastern,SEQ South,South Coast,Coomera,Ormeau - Oxenford,Gold Coast,Major Cities,Coomera,Fadden,State-controlled,Intersection - Cross,Operating traffic lights,60 km/h,Sealed - Dry,Clear,Daylight,Straight,Level,301,Veh'S Same Direction: Rear End,Rear-end,E,0,1,0,0,1,1,1,0,0,0,0,0
354798,Minor injury,2021,March,Friday,6,Angle,Multi-Vehicle,153.3513919,-27.87052248,Activa Wy,Oxenford - Southport Rd,Hope Island Road,Hope Island,Gold Coast City,4212,Coomera,Gold Coast,South Eastern,SEQ South,South Coast,Hope Island,Ormeau - Oxenford,Gold Coast,Major Cities,Broadwater,Fadden,State-controlled,Intersection - Roundabout,Give way sign,60 km/h,Sealed - Dry,Clear,Dawn/Dusk,Straight,Level,202,Veh'S Opposite Approach: Thru-Right,Opposing vehicles turning,E,0,0,0,1,1,1,0,1,0,0,0,0
354799,Minor injury,2021,March,Friday,17,Rear-end,Multi-Vehicle,153.268017,-27.80841595,Pacific Hwy,,Pacific Highway (Pacific Motorway),Pimpama,Gold Coast City,4209,Coomera,Gold Coast,South Eastern,SEQ South,South Coast,Pimpama,Ormeau - Oxenford,Gold Coast,Major Cities,Coomera,Fadden,State-controlled,No Roadway Feature,No traffic control,100 - 110 km/h,Sealed - Dry,Clear,Daylight,Curved - view open,Level,301,Veh'S Same Direction: Rear End,Rear-end,S,0,0,0,1,1,2,0,0,0,0,0,0
354800,Medical treatment,2021,March,Sunday,1,Hit object,Single Vehicle,153.3151687,-27.88667093,Pacific Hwy,,Pacific Highway (Pacific Motorway),Oxenford,Gold Coast City,4210,Coomera,Gold Coast,South Eastern,SEQ South,South Coast,Oxenford - Maudsland,Ormeau - Oxenford,Gold Coast,Major Cities,Theodore,Fadden,State-controlled,No Roadway Feature,No traffic control,100 - 110 km/h,Sealed - Wet,Raining,Darkness - Lighted,Straight,Level,301,Veh'S Same Direction: Rear End,Rear-end,N,0,0,1,0,1,1,1,0,0,0,0,0
354801,Minor injury,2021,March,Sunday,8,Sideswipe,Multi-Vehicle,153.29942,-27.85234848,Days Rd,Old Coach Rd,,Upper Coomera,Gold Coast City,4209,Coomera,Gold Coast,South Eastern,SEQ South,South Coast,Upper Coomera - Willow Vale,Ormeau - Oxenford,Gold Coast,Major Cities,Coomera,Forde,Locally-controlled,Intersection - Cross,Operating traffic lights,60 km/h,Sealed - Dry,Clear,Daylight,Curved - view open,Level,202,Veh'S Opposite Approach: Thru-Right,Opposing vehicles turning,S,0,0,0,1,1,2,0,0,0,0,0,0