Crash_Severity,Crash_Year,Crash_Month,Crash_Day_Of_Week,Crash_Hour,Crash_Nature,Crash_Type,Crash_Longitude,Crash_Latitude,Crash_Street,Crash_Street_Intersecting,State_Road_Name,Loc_Suburb,Loc_Local_Government_Area,Loc_Post_Code,Loc_Police_Division,Loc_Police_District,Loc_Police_Region,Loc_Queensland_Transport_Region,Loc_Main_Roads_Region,Loc_ABS_Statistical_Area_2,Loc_ABS_Statistical_Area_3,Loc_ABS_Statistical_Area_4,Loc_ABS_Remoteness,Loc_State_Electorate,Loc_Federal_Electorate,Crash_Controlling_Authority,Crash_Roadway_Feature,Crash_Traffic_Control,Crash_Speed_Limit,Crash_Road_Surface_Condition,Crash_Atmospheric_Condition,Crash_Lighting_Condition,Crash_Road_Horiz_Align,Crash_Road_Vert_Align,Crash_DCA_Code,Crash_DCA_Description,Crash_DCA_Group_Description,DCA_Key_Approach_Dir,Count_Casualty_Fatality,Count_Casualty_Hospitalised,Count_Casualty_MedicallyTreated,Count_Casualty_MinorInjury,Count_Casualty_Total,Count_Unit_Car,Count_Unit_Motorcycle_Moped,Count_Unit_Truck,Count_Unit_Bus,Count_Unit_Bicycle,Count_Unit_Pedestrian,Count_Unit_Other,
354851,Minor injury,2021,May,Tuesday,13,Angle,Multi-Vehicle,153.3154659,-27.88545848,Hope Island Rd,Pacific Hwy,Pacific Highway (Pacific Motorway),Oxenford,Gold Coast City,4210,Coomera,Gold Coast,South Eastern,SEQ South,South Coast,Oxenford - Maudsland,Ormeau - Oxenford,Gold Coast,Major Cities,Theodore,Fadden,State-controlled,Intersection - Interchange,Operating traffic lights,60 km/h,Sealed - Dry,Clear,Daylight,Straight,Level,105,Veh'S Adjacent Approach: Right-Right,Intersection from adjacent approaches,S,0,0,0,1,1,2,0,0,0,0,0,0
354852,Medical treatment,2021,May,Wednesday,16,Rear-end,Multi-Vehicle,153.3117095,-27.86305452,Pacific Hwy,,Pacific Highway (Pacific Motorway),Coomera,Gold Coast City,4209,Coomera,Gold Coast,South Eastern,SEQ South,South Coast,Coomera,Ormeau - Oxenford,Gold Coast,Major Cities,Theodore,Fadden,State-controlled,Intersection - Interchange,No traffic control,60 km/h,Sealed - Dry,Clear,Daylight,Straight,Level,301,Veh'S Same Direction: Rear End,Rear-end,S,0,0,1,0,1,2,0,0,0,0,0,0
354853,Medical treatment,2021,May,Wednesday,7,Rear-end,Multi-Vehicle,153.3146889,-27.89613648,Pacific Hwy,,Pacific Highway (Pacific Motorway),Helensvale,Gold Coast City,4212,Coomera,Gold Coast,South Eastern,SEQ South,South Coast,Helensvale,Ormeau - Oxenford,Gold Coast,Major Cities,Theodore,Fadden,State-controlled,No Roadway Feature,No traffic control,100 - 110 km/h,Sealed - Dry,Clear,Daylight,Straight,Level,301,Veh'S Same Direction: Rear End,Rear-end,S,0,0,1,0,1,3,0,0,0,0,0,0
354854,Medical treatment,2021,May,Thursday,6,Hit parked vehicle,Single Vehicle,153.307364,-27.86210948,Abraham Rd,Service Centre Access,Pacific Highway (Pacific Motorway),Upper Coomera,Gold Coast City,4209,Coomera,Gold Coast,South Eastern,SEQ South,South Coast,Upper Coomera - Willow Vale,Ormeau - Oxenford,Gold Coast,Major Cities,Coomera,Forde,State-controlled,Intersection - T-Junction,Operating traffic lights,0 - 50 km/h,Sealed - Dry,Clear,Daylight,Straight,Level,404,Veh'S Manoeuvring: Reversing,Hit parked vehicle,S,0,0,1,0,1,2,0,0,0,0,0,0
354855,Minor injury,2021,May,Saturday,13,Rear-end,Multi-Vehicle,153.3153978,-27.88018313,Pacific Hwy,,Pacific Highway (Pacific Motorway),Helensvale,Gold Coast City,4212,Coomera,Gold Coast,South Eastern,SEQ South,South Coast,Helensvale,Ormeau - Oxenford,Gold Coast,Major Cities,Theodore,Fadden,State-controlled,No Roadway Feature,No traffic control,100 - 110 km/h,Sealed - Dry,Clear,Daylight,Straight,Level,301,Veh'S Same Direction: Rear End,Rear-end,S,0,0,0,1,1,2,0,0,0,0,0,0
354856,Hospitalisation,2021,May,Sunday,16,Angle,Multi-Vehicle,153.3514849,-27.87005048,Activa Wy,Oxenford - Southport Rd,Hope Island Road,Hope Island,Gold Coast City,4212,Coomera,Gold Coast,South Eastern,SEQ South,South Coast,Hope Island,Ormeau - Oxenford,Gold Coast,Major Cities,Broadwater,Fadden,State-controlled,Intersection - Roundabout,Give way sign,0 - 50 km/h,Sealed - Dry,Clear,Daylight,Straight,Level,408,Veh'S Manoeuvring: Entering From Footway,Vehicle leaving driveway,S,0,1,0,0,1,1,0,0,0,1,0,0
354857,Hospitalisation,2021,May,Monday,6,Hit object,Single Vehicle,153.31151,-27.86419548,Pacific Hwy,,Pacific Highway (Pacific Motorway),Upper Coomera,Gold Coast City,4209,Coomera,Gold Coast,South Eastern,SEQ South,South Coast,Upper Coomera - Willow Vale,Ormeau - Oxenford,Gold Coast,Major Cities,Coomera,Forde,State-controlled,No Roadway Feature,No traffic control,100 - 110 km/h,Sealed - Dry,Clear,Daylight,Straight,Level,703,Off Path-Straight: Left Off Cway Hit Obj,Off carriageway on straight hit object,N,0,1,0,0,1,1,0,0,0,0,0,0
354858,Hospitalisation,2021,May,Monday,19,Angle,Multi-Vehicle,153.29654,-27.89636548,Michigan Dr,Tamborine - Oxenford Rd,Tamborine - Oxenford Road,Oxenford,Gold Coast City,4210,Coomera,Gold Coast,South Eastern,SEQ South,South Coast,Oxenford - Maudsland,Ormeau - Oxenford,Gold Coast,Major Cities,Theodore,Fadden,State-controlled,Intersection - T-Junction,No traffic control,60 km/h,Sealed - Dry,Clear,Darkness - Lighted,Curved - view open,Level,202,Veh'S Opposite Approach: Thru-Right,Opposing vehicles turning,N,0,2,0,0,2,2,0,0,0,0,0,0
354859,Minor injury,2021,May,Monday,17,Rear-end,Multi-Vehicle,153.288763,-27.82156447,Attenborough Blvd,Pacific Hwy On Ramp,Pacific Highway (Pacific Motorway),Pimpama,Gold Coast City,4209,Coomera,Gold Coast,South Eastern,SEQ South,South Coast,Pimpama,Ormeau - Oxenford,Gold Coast,Major Cities,Coomera,Forde,State-controlled,Intersection - Roundabout,Give way sign,60 km/h,Sealed - Dry,Clear,Darkness - Not lighted,Curved - view open,Level,301,Veh'S Same Direction: Rear End,Rear-end,W,0,0,0,1,1,2,0,0,0,0,0,0
354860,Minor injury,2021,May,Tuesday,5,Angle,Multi-Vehicle,153.296036,-27.81782748,Mebbin St,Old Pacific Hwy,,Pimpama,Gold Coast City,4209,Coomera,Gold Coast,South Eastern,SEQ South,South Coast,Pimpama,Ormeau - Oxenford,Gold Coast,Major Cities,Coomera,Fadden,Locally-controlled,Intersection - T-Junction,Stop sign,60 km/h,Sealed - Dry,Clear,Dawn/Dusk,Straight,Level,408,Veh'S Manoeuvring: Entering From Footway,Vehicle leaving driveway,E,0,0,0,1,1,1,0,0,0,1,0,0
354861,Hospitalisation,2021,May,Wednesday,23,Hit parked vehicle,Single Vehicle,153.315652,-27.88253248,Hope Island Rd,Pacific Hwy,Pacific Highway (Pacific Motorway),Helensvale,Gold Coast City,4212,Coomera,Gold Coast,South Eastern,SEQ South,South Coast,Helensvale,Ormeau - Oxenford,Gold Coast,Major Cities,Theodore,Fadden,State-controlled,Intersection - Interchange,No traffic control,70 km/h,Sealed - Dry,Clear,Darkness - Lighted,Straight,Level,601,Veh'S On Path: Parked,Hit parked vehicle,S,0,1,0,0,1,1,0,1,0,0,0,0
354862,Medical treatment,2021,May,Wednesday,15,Rear-end,Multi-Vehicle,153.2927,-27.82231247,Pacific Hwy,,Pacific Highway (Pacific Motorway),Pimpama,Gold Coast City,4209,Coomera,Gold Coast,South Eastern,SEQ South,South Coast,Pimpama,Ormeau - Oxenford,Gold Coast,Major Cities,Coomera,Forde,State-controlled,No Roadway Feature,No traffic control,100 - 110 km/h,Sealed - Dry,Clear,Daylight,Straight,Level,301,Veh'S Same Direction: Rear End,Rear-end,E,0,0,1,0,1,1,0,0,0,0,0,1
354863,Hospitalisation,2021,May,Saturday,16,Sideswipe,Multi-Vehicle,153.3150349,-27.88795048,Pacific Hwy,,Pacific Highway (Pacific Motorway),Oxenford,Gold Coast City,4210,Coomera,Gold Coast,South Eastern,SEQ South,South Coast,Oxenford - Maudsland,Ormeau - Oxenford,Gold Coast,Major Cities,Theodore,Fadden,State-controlled,No Roadway Feature,No traffic control,100 - 110 km/h,Sealed - Dry,Clear,Dawn/Dusk,Straight,Level,307,Veh'S Same Direction: Lane Change Left,Lane changes,N,0,1,0,0,1,1,0,1,0,0,0,0
354864,Hospitalisation,2021,June,Tuesday,15,Hit animal,Other,153.32073,-27.87752748,North Bank Ct,,,Helensvale,Gold Coast City,4212,Coomera,Gold Coast,South Eastern,SEQ South,South Coast,Helensvale,Ormeau - Oxenford,Gold Coast,Major Cities,Theodore,Fadden,Locally-controlled,No Roadway Feature,No traffic control,0 - 50 km/h,Sealed - Dry,Clear,Daylight,Straight,Level,609,Pass & Misc: Hit Animal,Hit animal,E,0,1,0,0,1,0,1,0,0,0,0,0
354865,Medical treatment,2021,June,Tuesday,17,Rear-end,Multi-Vehicle,153.306259,-27.84888648,Pacific Hwy,,Pacific Highway (Pacific Motorway),Upper Coomera,Gold Coast City,4209,Coomera,Gold Coast,South Eastern,SEQ South,South Coast,Upper Coomera - Willow Vale,Ormeau - Oxenford,Gold Coast,Major Cities,Coomera,Forde,State-controlled,No Roadway Feature,No traffic control,100 - 110 km/h,Sealed - Dry,Clear,Dawn/Dusk,Straight,Level,301,Veh'S Same Direction: Rear End,Rear-end,N,0,0,1,0,1,2,0,0,0,0,0,0
354866,Hospitalisation,2021,June,Tuesday,17,Sideswipe,Multi-Vehicle,153.3146399,-27.88553248,Hope Island Rd,,Pacific Highway (Pacific Motorway),Oxenford,Gold Coast City,4210,Coomera,Gold Coast,South Eastern,SEQ South,South Coast,Oxenford - Maudsland,Ormeau - Oxenford,Gold Coast,Major Cities,Theodore,Fadden,State-controlled,No Roadway Feature,No traffic control,80 - 90 km/h,Sealed - Dry,Clear,Darkness - Lighted,Straight,Level,307,Veh'S Same Direction: Lane Change Left,Lane changes,W,0,1,0,0,1,2,0,0,0,0,0,0
354867,Medical treatment,2021,June,Wednesday,8,Rear-end,Multi-Vehicle,153.314136,-27.87370633,Pacific Hwy,,Pacific Highway (Pacific Motorway),Coomera,Gold Coast City,4209,Coomera,Gold Coast,South Eastern,SEQ South,South Coast,Coomera,Ormeau - Oxenford,Gold Coast,Major Cities,Theodore,Fadden,State-controlled,No Roadway Feature,No traffic control,100 - 110 km/h,Sealed - Dry,Clear,Dawn/Dusk,Straight,Level,301,Veh'S Same Direction: Rear End,Rear-end,S,0,0,1,0,1,2,0,0,0,0,0,0
354868,Hospitalisation,2021,June,Friday,22,Angle,Multi-Vehicle,153.296258,-27.86779648,Brygon Creek Dr,Jessica Dr,,Upper Coomera,Gold Coast City,4209,Coomera,Gold Coast,South Eastern,SEQ South,South Coast,Upper Coomera - Willow Vale,Ormeau - Oxenford,Gold Coast,Major Cities,Theodore,Forde,Locally-controlled,Intersection - Cross,Operating traffic lights,60 km/h,Sealed - Dry,Clear,Darkness - Lighted,Straight,Level,202,Veh'S Opposite Approach: Thru-Right,Opposing vehicles turning,E,0,1,0,0,1,2,0,0,0,0,0,0
354869,Hospitalisation,2021,June,Monday,8,Sideswipe,Multi-Vehicle,153.315154,-27.88053148,Old Pacific Hwy,Pacific Hwy,Pacific Highway (Pacific Motorway),Oxenford,Gold Coast City,4210,Coomera,Gold Coast,South Eastern,SEQ South,South Coast,Oxenford - Maudsland,Ormeau - Oxenford,Gold Coast,Major Cities,Theodore,Fadden,State-controlled,No Roadway Feature,No traffic control,100 - 110 km/h,Sealed - Dry,Clear,Daylight,Straight,Level,305,Veh'S Same Direction: Lane Side Swipe,Lane changes,N,0,1,0,0,1,1,0,1,0,0,0,0
354870,Minor injury,2021,June,Wednesday,16,Rear-end,Multi-Vehicle,153.314166,-27.87506748,Pacific Hwy,,Pacific Highway (Pacific Motorway),Coomera,Gold Coast City,4209,Coomera,Gold Coast,South Eastern,SEQ South,South Coast,Coomera,Ormeau - Oxenford,Gold Coast,Major Cities,Theodore,Forde,State-controlled,No Roadway Feature,No traffic control,100 - 110 km/h,Sealed - Dry,Clear,Daylight,Straight,Level,301,Veh'S Same Direction: Rear End,Rear-end,S,0,0,0,1,1,2,0,0,0,0,0,0
354871,Medical treatment,2021,June,Thursday,12,Rear-end,Multi-Vehicle,153.3155451,-27.88112328,Pacific Hwy,,Pacific Highway (Pacific Motorway),Helensvale,Gold Coast City,4212,Coomera,Gold Coast,South Eastern,SEQ South,South Coast,Helensvale,Ormeau - Oxenford,Gold Coast,Major Cities,Theodore,Fadden,State-controlled,No Roadway Feature,No traffic control,100 - 110 km/h,Sealed - Dry,Clear,Daylight,Straight,Level,301,Veh'S Same Direction: Rear End,Rear-end,S,0,0,2,0,2,3,0,0,1,0,0,0
354872,Minor injury,2021,June,Thursday,10,Rear-end,Multi-Vehicle,153.3094044,-27.85843237,Pacific Hwy,,Pacific Highway (Pacific Motorway),Coomera,Gold Coast City,4209,Coomera,Gold Coast,South Eastern,SEQ South,South Coast,Coomera,Ormeau - Oxenford,Gold Coast,Major Cities,Theodore,Forde,State-controlled,No Roadway Feature,No traffic control,100 - 110 km/h,Sealed - Dry,Clear,Daylight,Straight,Level,301,Veh'S Same Direction: Rear End,Rear-end,S,0,0,0,2,2,2,0,0,0,0,0,0
354873,Medical treatment,2021,June,Thursday,13,Angle,Multi-Vehicle,153.3149251,-27.89378335,Siganto Dr,,,Helensvale,Gold Coast City,4212,Coomera,Gold Coast,South Eastern,SEQ South,South Coast,Helensvale,Ormeau - Oxenford,Gold Coast,Major Cities,Theodore,Fadden,Locally-controlled,No Roadway Feature,No traffic control,60 km/h,Sealed - Dry,Clear,Daylight,Straight,Level,406,Veh'S Manoeuvring: Leaving Driveway,Vehicle leaving driveway,S,0,0,1,0,1,1,1,0,0,0,0,0
354874,Medical treatment,2021,June,Friday,11,Rear-end,Multi-Vehicle,153.3178969,-27.90858948,Pacific Hwy,,Pacific Highway (Pacific Motorway),Helensvale,Gold Coast City,4212,Coomera,Gold Coast,South Eastern,SEQ South,South Coast,Helensvale,Ormeau - Oxenford,Gold Coast,Major Cities,Theodore,Fadden,State-controlled,No Roadway Feature,No traffic control,100 - 110 km/h,Sealed - Dry,Clear,Daylight,Straight,Level,301,Veh'S Same Direction: Rear End,Rear-end,S,0,0,1,0,1,2,0,0,0,0,0,0
354875,Hospitalisation,2021,June,Saturday,18,Hit object,Single Vehicle,153.2630821,-27.90001004,Tamborine - Oxenford Rd,,Tamborine - Oxenford Road,Upper Coomera,Gold Coast City,4209,Coomera,Gold Coast,South Eastern,SEQ South,South Coast,Upper Coomera - Willow Vale,Ormeau - Oxenford,Gold Coast,Major Cities,Coomera,Forde,State-controlled,No Roadway Feature,No traffic control,60 km/h,Sealed - Dry,Clear,Darkness - Not lighted,Curved - view obscured,Grade,805,Off Path-Curve: Out Of Control On Cway,Out of control on curve,E,0,1,0,0,1,1,0,0,0,0,0,0
354876,Medical treatment,2021,June,Sunday,13,Hit object,Single Vehicle,153.273981,-27.85006847,Peanba Park Rd,,,Willow Vale,Gold Coast City,4209,Coomera,Gold Coast,South Eastern,SEQ South,South Coast,Upper Coomera - Willow Vale,Ormeau - Oxenford,Gold Coast,Major Cities,Coomera,Forde,Locally-controlled,No Roadway Feature,No traffic control,60 km/h,Sealed - Dry,Clear,Daylight,Curved - view open,Grade,803,Off Path-Curve: Off Cway Rt Bend Hit Obj,Off carriageway on curve hit object,E,0,0,1,0,1,1,0,0,0,0,0,0
354877,Minor injury,2021,June,Sunday,11,Rear-end,Multi-Vehicle,153.314788,-27.90262393,Kopps Rd,Old Pacific Hwy,,Oxenford,Gold Coast City,4210,Coomera,Gold Coast,South Eastern,SEQ South,South Coast,Oxenford - Maudsland,Ormeau - Oxenford,Gold Coast,Major Cities,Theodore,Fadden,Locally-controlled,Intersection - Roundabout,Give way sign,60 km/h,Sealed - Dry,Clear,Daylight,Straight,Level,301,Veh'S Same Direction: Rear End,Rear-end,E,0,0,0,2,2,2,0,0,0,0,0,0
354878,Medical treatment,2021,June,Tuesday,5,Rear-end,Multi-Vehicle,153.314418,-27.88393648,Old Pacific Hwy,,,Oxenford,Gold Coast City,4210,Coomera,Gold Coast,South Eastern,SEQ South,South Coast,Oxenford - Maudsland,Ormeau - Oxenford,Gold Coast,Major Cities,Theodore,Fadden,Locally-controlled,No Roadway Feature,No traffic control,60 km/h,Sealed - Dry,Clear,Dawn/Dusk,Straight,Grade,301,Veh'S Same Direction: Rear End,Rear-end,S,0,0,1,0,1,2,0,0,0,0,0,0
354879,Hospitalisation,2021,June,Tuesday,14,Hit object,Single Vehicle,153.35036,-27.84257952,Foxwell Rd,,,Coomera,Gold Coast City,4209,Coomera,Gold Coast,South Eastern,SEQ South,South Coast,Coomera,Ormeau - Oxenford,Gold Coast,Major Cities,Coomera,Fadden,Locally-controlled,No Roadway Feature,No traffic control,70 km/h,Sealed - Dry,Clear,Daylight,Straight,Grade,703,Off Path-Straight: Left Off Cway Hit Obj,Off carriageway on straight hit object,S,0,1,0,0,1,1,0,0,0,0,0,0
354880,Hospitalisation,2021,June,Wednesday,8,Angle,Multi-Vehicle,153.290691,-27.81601547,Pimpama - Jacobs Well Rd,,,Pimpama,Gold Coast City,4209,Coomera,Gold Coast,South Eastern,SEQ South,South Coast,Pimpama,Ormeau - Oxenford,Gold Coast,Major Cities,Coomera,Fadden,Locally-controlled,No Roadway Feature,No traffic control,60 km/h,Sealed - Dry,Clear,Daylight,Straight,Grade,700,Off Path-Straight: Other,Other,,0,1,0,0,1,1,0,0,0,1,0,0
354881,Hospitalisation,2021,June,Wednesday,6,Hit parked vehicle,Single Vehicle,153.3035999,-27.90906248,California Dr,Wimbledon Way,,Oxenford,Gold Coast City,4210,Coomera,Gold Coast,South Eastern,SEQ South,South Coast,Oxenford - Maudsland,Ormeau - Oxenford,Gold Coast,Major Cities,Theodore,Fadden,Locally-controlled,Intersection - T-Junction,No traffic control,60 km/h,Sealed - Dry,Clear,Daylight,Curved - view open,Grade,804,Off Path-Curve: Off Cway Lt Bend Hit Obj,Off carriageway on curve hit object,N,0,1,0,0,1,2,0,0,0,0,0,0
354882,Medical treatment,2021,June,Wednesday,7,Rear-end,Multi-Vehicle,153.3157251,-27.90180416,Pacific Hwy,,Pacific Highway (Pacific Motorway),Helensvale,Gold Coast City,4212,Coomera,Gold Coast,South Eastern,SEQ South,South Coast,Helensvale,Ormeau - Oxenford,Gold Coast,Major Cities,Theodore,Fadden,State-controlled,No Roadway Feature,No traffic control,60 km/h,Sealed - Wet,Raining,Daylight,Straight,Level,301,Veh'S Same Direction: Rear End,Rear-end,S,0,0,1,0,1,2,0,0,0,0,0,0
354883,Minor injury,2021,June,Thursday,6,Angle,Multi-Vehicle,153.3187429,-27.91107348,Pacific Hwy,,Pacific Highway (Pacific Motorway),Helensvale,Gold Coast City,4212,Coomera,Gold Coast,South Eastern,SEQ South,South Coast,Helensvale,Ormeau - Oxenford,Gold Coast,Major Cities,Theodore,Fadden,State-controlled,Intersection - Interchange,No traffic control,100 - 110 km/h,Sealed - Dry,Clear,Dawn/Dusk,Straight,Level,300,Veh'S Same Direction: Other,Other,S,0,0,0,1,1,2,0,0,0,0,0,0
354884,Medical treatment,2021,June,Thursday,16,Rear-end,Multi-Vehicle,153.275702,-27.81389447,Pacific Hwy,,Pacific Highway (Pacific Motorway),Pimpama,Gold Coast City,4209,Coomera,Gold Coast,South Eastern,SEQ South,South Coast,Pimpama,Ormeau - Oxenford,Gold Coast,Major Cities,Coomera,Fadden,State-controlled,No Roadway Feature,No traffic control,100 - 110 km/h,Sealed - Dry,Clear,Daylight,Straight,Level,301,Veh'S Same Direction: Rear End,Rear-end,E,0,0,1,0,1,2,0,0,0,0,0,0
354885,Medical treatment,2021,June,Saturday,9,Rear-end,Multi-Vehicle,153.322185,-27.85209448,Foxwell Rd,,,Coomera,Gold Coast City,4209,Coomera,Gold Coast,South Eastern,SEQ South,South Coast,Coomera,Ormeau - Oxenford,Gold Coast,Major Cities,Coomera,Fadden,Locally-controlled,No Roadway Feature,No traffic control,60 km/h,Sealed - Dry,Clear,Daylight,Curved - view open,Level,301,Veh'S Same Direction: Rear End,Rear-end,E,0,0,1,0,1,2,0,0,0,0,0,0
354886,Hospitalisation,2021,June,Sunday,4,Hit object,Single Vehicle,153.3284519,-27.92472748,Pacific Hwy,,Pacific Highway (Pacific Motorway),Helensvale,Gold Coast City,4212,Coomera,Gold Coast,South Eastern,SEQ South,South Coast,Helensvale,Ormeau - Oxenford,Gold Coast,Major Cities,Theodore,Fadden,State-controlled,No Roadway Feature,No traffic control,100 - 110 km/h,Sealed - Dry,Clear,Darkness - Lighted,Straight,Level,703,Off Path-Straight: Left Off Cway Hit Obj,Off carriageway on straight hit object,E,0,1,0,0,1,1,0,0,0,0,0,0
354887,Medical treatment,2021,June,Monday,13,Rear-end,Multi-Vehicle,153.305314,-27.82211048,Swan Rd,Yawalpah Rd,,Pimpama,Gold Coast City,4209,Coomera,Gold Coast,South Eastern,SEQ South,South Coast,Pimpama,Ormeau - Oxenford,Gold Coast,Major Cities,Coomera,Fadden,Locally-controlled,Intersection - T-Junction,Operating traffic lights,70 km/h,Sealed - Dry,Clear,Daylight,Straight,Level,301,Veh'S Same Direction: Rear End,Rear-end,E,0,0,1,0,1,2,0,0,0,0,0,0
354888,Hospitalisation,2021,June,Wednesday,7,Hit object,Single Vehicle,153.3513919,-27.87052248,Activa Wy,Oxenford - Southport Rd,Hope Island Road,Hope Island,Gold Coast City,4212,Coomera,Gold Coast,South Eastern,SEQ South,South Coast,Hope Island,Ormeau - Oxenford,Gold Coast,Major Cities,Broadwater,Fadden,State-controlled,Intersection - Roundabout,No traffic control,60 km/h,Sealed - Wet,Clear,Daylight,Curved - view open,Level,808,Off Path-Curve: Mounts Traffic Island,Off carriageway on curve hit object,E,0,1,0,0,1,0,0,1,0,0,0,0
354889,Hospitalisation,2021,June,Wednesday,19,Fall from vehicle,Single Vehicle,153.3321639,-27.88060648,Hope Island Rd,Monterey Keys Dr,Hope Island Road,Helensvale,Gold Coast City,4212,Coomera,Gold Coast,South Eastern,SEQ South,South Coast,Helensvale,Ormeau - Oxenford,Gold Coast,Major Cities,Broadwater,Fadden,State-controlled,Intersection - Roundabout,Give way sign,70 km/h,Sealed - Wet,Clear,Darkness - Lighted,Straight,Level,705,Off Path-Straight:Out Of Control On Cway,Out of control on straight,E,0,1,0,0,1,0,1,0,0,0,0,0
354890,Minor injury,2021,June,Wednesday,15,Angle,Multi-Vehicle,153.3134609,-27.89037648,Old Pacific Hwy,Tamborine - Oxenford Rd,,Oxenford,Gold Coast City,4210,Coomera,Gold Coast,South Eastern,SEQ South,South Coast,Oxenford - Maudsland,Ormeau - Oxenford,Gold Coast,Major Cities,Theodore,Fadden,Locally-controlled,Intersection - Cross,Operating traffic lights,60 km/h,Sealed - Dry,Clear,Daylight,Straight,Level,101,Veh'S Adjacent Approach: Thru-Thru,Intersection from adjacent approaches,,0,0,0,1,1,2,0,0,0,0,0,0
354891,Hospitalisation,2021,June,Thursday,17,Rear-end,Multi-Vehicle,153.315011,-27.88012948,Pacific Hwy,,Pacific Highway (Pacific Motorway),Oxenford,Gold Coast City,4210,Coomera,Gold Coast,South Eastern,SEQ South,South Coast,Oxenford - Maudsland,Ormeau - Oxenford,Gold Coast,Major Cities,Theodore,Fadden,State-controlled,No Roadway Feature,No traffic control,100 - 110 km/h,Sealed - Dry,Clear,Darkness - Lighted,Straight,Level,301,Veh'S Same Direction: Rear End,Rear-end,N,0,2,0,0,2,3,0,0,0,0,0,0
354892,Medical treatment,2021,June,Thursday,9,Rear-end,Multi-Vehicle,153.315674,-27.88227948,Hope Island Rd,Pacific Hwy,Pacific Highway (Pacific Motorway),Helensvale,Gold Coast City,4212,Coomera,Gold Coast,South Eastern,SEQ South,South Coast,Helensvale,Ormeau - Oxenford,Gold Coast,Major Cities,Theodore,Fadden,State-controlled,Intersection - Interchange,No traffic control,100 - 110 km/h,Sealed - Dry,Clear,Daylight,Straight,Level,301,Veh'S Same Direction: Rear End,Rear-end,S,0,0,1,0,1,2,0,0,0,0,0,0
354893,Hospitalisation,2021,June,Friday,6,Hit object,Single Vehicle,153.3222455,-27.88505423,Hope Island Rd,,Hope Island Road,Helensvale,Gold Coast City,4212,Coomera,Gold Coast,South Eastern,SEQ South,South Coast,Helensvale,Ormeau - Oxenford,Gold Coast,Major Cities,Theodore,Fadden,State-controlled,No Roadway Feature,No traffic control,60 km/h,Sealed - Dry,Clear,Daylight,Curved - view open,Level,201,Veh'S Opposite Approach: Head On,Head-on,E,0,1,0,0,1,2,0,0,0,0,0,0
354894,Minor injury,2021,June,Monday,16,Rear-end,Multi-Vehicle,153.29942,-27.85234848,Days Rd,Old Coach Rd,,Upper Coomera,Gold Coast City,4209,Coomera,Gold Coast,South Eastern,SEQ South,South Coast,Upper Coomera - Willow Vale,Ormeau - Oxenford,Gold Coast,Major Cities,Coomera,Forde,Locally-controlled,Intersection - Cross,Operating traffic lights,60 km/h,Sealed - Dry,Clear,Daylight,Straight,Level,301,Veh'S Same Direction: Rear End,Rear-end,E,0,0,0,1,1,2,0,0,0,0,0,0
354915,Minor injury,2021,January,Saturday,17,Rear-end,Multi-Vehicle,153.087194,-27.57507145,Padstow Rd,,,Eight Mile Plains,Brisbane City,4113,Upper Mount Gravatt,South Brisbane,Brisbane,SEQ South,Metropolitan,Eight Mile Plains,Mt Gravatt,Brisbane - South,Major Cities,Toohey,Moreton,Locally-controlled,No Roadway Feature,No traffic control,60 km/h,Sealed - Dry,Clear,Daylight,Straight,Grade,301,Veh'S Same Direction: Rear End,Rear-end,E,0,0,0,1,1,3,0,0,0,0,0,0
354916,Minor injury,2021,January,Saturday,9,Angle,Multi-Vehicle,153.081069,-27.55989445,Kessels Rd,Logan Rd,Logan Sub-Arterial Road,Upper Mount Gravatt,Brisbane City,4122,Upper Mount Gravatt,South Brisbane,Brisbane,SEQ South,Metropolitan,Upper Mount Gravatt,Mt Gravatt,Brisbane - South,Major Cities,Mansfield,Bonner,State-controlled,Intersection - Cross,Operating traffic lights,60 km/h,Sealed - Dry,Clear,Darkness - Lighted,Straight,Level,202,Veh'S Opposite Approach: Thru-Right,Opposing vehicles turning,S,0,0,0,1,1,3,0,0,0,0,0,0
354917,Medical treatment,2021,January,Saturday,13,Rear-end,Multi-Vehicle,153.079161,-27.56046145,Kessels Rd,Macgregor St,Griffith Arterial Road,Upper Mount Gravatt,Brisbane City,4122,Upper Mount Gravatt,South Brisbane,Brisbane,SEQ South,Metropolitan,Upper Mount Gravatt,Mt Gravatt,Brisbane - South,Major Cities,Mansfield,Bonner,State-controlled,Intersection - T-Junction,Give way sign,0 - 50 km/h,Sealed - Dry,Clear,Daylight,Curved - view open,Level,302,Veh'S Same Direction: Left Rear,Rear-end,W,0,0,2,0,2,2,0,0,0,0,0,0
354918,Hospitalisation,2021,January,Monday,9,Sideswipe,Multi-Vehicle,153.0918555,-27.54674604,Newnham Rd,,,Upper Mount Gravatt,Brisbane City,4122,Upper Mount Gravatt,South Brisbane,Brisbane,SEQ South,Metropolitan,Wishart,Mt Gravatt,Brisbane - South,Major Cities,Mansfield,Bonner,Locally-controlled,No Roadway Feature,No traffic control,0 - 50 km/h,Sealed - Dry,Clear,Daylight,Straight,Level,400,Veh'S Manoeuvring: Other,Other,,0,1,0,0,1,1,0,0,0,1,0,0
354919,Hospitalisation,2021,January,Wednesday,5,Sideswipe,Multi-Vehicle,153.120375,-27.53632446,Gateway Arterial Rd,,Gateway Motorway (Eight Mile Plains - Nudgee),Mackenzie,Brisbane City,4156,Upper Mount Gravatt,South Brisbane,Brisbane,SEQ South,Metropolitan,Carindale,Carindale,Brisbane - South,Major Cities,Mansfield,Bonner,State-controlled,No Roadway Feature,No traffic control,100 - 110 km/h,Sealed - Dry,Clear,Daylight,Straight,Level,307,Veh'S Same Direction: Lane Change Left,Lane changes,S,0,1,0,0,1,2,0,0,0,0,0,0