Crash_Severity,Crash_Year,Crash_Month,Crash_Day_Of_Week,Crash_Hour,Crash_Nature,Crash_Type,Crash_Longitude,Crash_Latitude,Crash_Street,Crash_Street_Intersecting,State_Road_Name,Loc_Suburb,Loc_Local_Government_Area,Loc_Post_Code,Loc_Police_Division,Loc_Police_District,Loc_Police_Region,Loc_Queensland_Transport_Region,Loc_Main_Roads_Region,Loc_ABS_Statistical_Area_2,Loc_ABS_Statistical_Area_3,Loc_ABS_Statistical_Area_4,Loc_ABS_Remoteness,Loc_State_Electorate,Loc_Federal_Electorate,Crash_Controlling_Authority,Crash_Roadway_Feature,Crash_Traffic_Control,Crash_Speed_Limit,Crash_Road_Surface_Condition,Crash_Atmospheric_Condition,Crash_Lighting_Condition,Crash_Road_Horiz_Align,Crash_Road_Vert_Align,Crash_DCA_Code,Crash_DCA_Description,Crash_DCA_Group_Description,DCA_Key_Approach_Dir,Count_Casualty_Fatality,Count_Casualty_Hospitalised,Count_Casualty_MedicallyTreated,Count_Casualty_MinorInjury,Count_Casualty_Total,Count_Unit_Car,Count_Unit_Motorcycle_Moped,Count_Unit_Truck,Count_Unit_Bus,Count_Unit_Bicycle,Count_Unit_Pedestrian,Count_Unit_Other,
355017,Hospitalisation,2021,May,Friday,14,Angle,Multi-Vehicle,153.100217,-27.58444245,Gateway Arterial Rd,Logan Rd,Logan Sub-Arterial Road,Eight Mile Plains,Brisbane City,4113,Upper Mount Gravatt,South Brisbane,Brisbane,SEQ South,Metropolitan,Eight Mile Plains,Mt Gravatt,Brisbane - South,Major Cities,Toohey,Moreton,State-controlled,Intersection - Interchange,Operating traffic lights,70 km/h,Sealed - Dry,Clear,Daylight,Straight,Grade,102,Veh'S Adjacent Approach: Right-Thru,Intersection from adjacent approaches,S,0,1,0,0,1,2,0,0,0,0,0,0
355018,Medical treatment,2021,May,Friday,16,Rear-end,Multi-Vehicle,153.101281,-27.55365145,Mt Gravatt - Capalaba Rd,,Redland Sub-Arterial Road,Wishart,Brisbane City,4122,Upper Mount Gravatt,South Brisbane,Brisbane,SEQ South,Metropolitan,Wishart,Mt Gravatt,Brisbane - South,Major Cities,Mansfield,Bonner,State-controlled,No Roadway Feature,No traffic control,60 km/h,Sealed - Dry,Clear,Daylight,Straight,Level,301,Veh'S Same Direction: Rear End,Rear-end,N,0,0,1,1,2,1,0,1,0,0,0,0
355019,Minor injury,2021,May,Friday,23,Hit object,Single Vehicle,153.100979,-27.57792445,Pacific Hwy,,South-East Arterial Road (Pacific Motorway),Rochedale,Brisbane City,4123,Upper Mount Gravatt,South Brisbane,Brisbane,SEQ South,Metropolitan,Rochedale - Burbank,Mt Gravatt,Brisbane - South,Major Cities,Mansfield,Bonner,State-controlled,No Roadway Feature,No traffic control,100 - 110 km/h,Sealed - Dry,Clear,Darkness - Lighted,Straight,Level,704,Off Path-Straight:Right Off Cway Hit Obj,Off carriageway on straight hit object,E,0,0,0,1,1,1,0,0,0,0,0,0
355020,Medical treatment,2021,May,Friday,16,Rear-end,Multi-Vehicle,153.063689,-27.54628445,Pacific Hwy,,South-East Arterial Road (Pacific Motorway),Mount Gravatt,Brisbane City,4122,Upper Mount Gravatt,South Brisbane,Brisbane,SEQ South,Metropolitan,Mount Gravatt,Mt Gravatt,Brisbane - South,Major Cities,Mansfield,Bonner,State-controlled,No Roadway Feature,No traffic control,100 - 110 km/h,Sealed - Dry,Clear,Daylight,Straight,Level,301,Veh'S Same Direction: Rear End,Rear-end,S,0,0,1,0,1,2,0,0,0,0,0,0
355021,Medical treatment,2021,May,Monday,21,Sideswipe,Multi-Vehicle,153.083276,-27.59892245,Holmewood St,Warrigal Rd,,Runcorn,Brisbane City,4113,Upper Mount Gravatt,South Brisbane,Brisbane,SEQ South,Metropolitan,Runcorn,Sunnybank,Brisbane - South,Major Cities,Stretton,Moreton,Locally-controlled,Intersection - T-Junction,No traffic control,70 km/h,Sealed - Dry,Clear,Darkness - Lighted,Straight,Level,308,Veh'S Same Direction: Right Turn S/Swipe,Parallel lanes turning,N,0,0,1,0,1,2,0,0,0,0,0,0
355022,Medical treatment,2021,May,Wednesday,21,Angle,Multi-Vehicle,153.0550949,-27.57448265,Station Rd,Turton St,,Sunnybank,Brisbane City,4109,Upper Mount Gravatt,South Brisbane,Brisbane,SEQ South,Metropolitan,Sunnybank,Sunnybank,Brisbane - South,Major Cities,Toohey,Moreton,Locally-controlled,Intersection - Cross,Stop sign,60 km/h,Sealed - Dry,Clear,Darkness - Lighted,Straight,Grade,100,Veh'S Adjacent Approach: Other,Intersection from adjacent approaches,,0,0,1,0,1,2,0,0,0,0,0,0
355023,Fatal,2021,June,Tuesday,0,Hit object,Single Vehicle,153.038243,-27.57074945,Breton St,,,Coopers Plains,Brisbane City,4108,Upper Mount Gravatt,South Brisbane,Brisbane,SEQ South,Metropolitan,Coopers Plains,Nathan,Brisbane - South,Major Cities,Toohey,Moreton,Locally-controlled,No Roadway Feature,No traffic control,60 km/h,Sealed - Dry,Clear,Darkness - Lighted,Curved - view open,Level,804,Off Path-Curve: Off Cway Lt Bend Hit Obj,Off carriageway on curve hit object,,1,0,0,0,1,0,1,0,0,0,0,0
355024,Medical treatment,2021,June,Tuesday,9,Rear-end,Multi-Vehicle,153.1032,-27.58629945,Levington Rd,Logan Rd,Logan Sub-Arterial Road,Eight Mile Plains,Brisbane City,4113,Upper Mount Gravatt,South Brisbane,Brisbane,SEQ South,Metropolitan,Eight Mile Plains,Mt Gravatt,Brisbane - South,Major Cities,Toohey,Moreton,State-controlled,Intersection - Cross,Operating traffic lights,60 km/h,Sealed - Dry,Clear,Darkness - Lighted,Straight,Level,303,Veh'S Same Direction: Right Rear,Rear-end,W,0,0,1,0,1,2,0,0,0,0,0,0
355025,Medical treatment,2021,June,Thursday,16,Angle,Multi-Vehicle,153.085287,-27.58826345,Daw Rd,Warrigal Rd,,Eight Mile Plains,Brisbane City,4113,Upper Mount Gravatt,South Brisbane,Brisbane,SEQ South,Metropolitan,Eight Mile Plains,Mt Gravatt,Brisbane - South,Major Cities,Toohey,Moreton,Locally-controlled,Intersection - T-Junction,Operating traffic lights,60 km/h,Sealed - Wet,Clear,Daylight,Straight,Level,202,Veh'S Opposite Approach: Thru-Right,Opposing vehicles turning,S,0,0,1,0,1,2,0,0,0,0,0,0
355026,Minor injury,2021,June,Friday,22,Fall from vehicle,Single Vehicle,153.050699,-27.55874445,Kessels Rd,Troughton Rd,Griffith Arterial Road,Coopers Plains,Brisbane City,4108,Upper Mount Gravatt,South Brisbane,Brisbane,SEQ South,Metropolitan,Salisbury - Nathan,Nathan,Brisbane - South,Major Cities,Toohey,Moreton,State-controlled,Intersection - Cross,Operating traffic lights,70 km/h,Sealed - Dry,Clear,Darkness - Lighted,Straight,Crest,705,Off Path-Straight:Out Of Control On Cway,Out of control on straight,E,0,0,0,1,1,0,1,0,0,0,0,0
355027,Minor injury,2021,June,Saturday,14,Angle,Multi-Vehicle,153.0917726,-27.5471784,Newnham Rd,Wishart Rd,,Upper Mount Gravatt,Brisbane City,4122,Upper Mount Gravatt,South Brisbane,Brisbane,SEQ South,Metropolitan,Wishart,Mt Gravatt,Brisbane - South,Major Cities,Mansfield,Bonner,Locally-controlled,Intersection - Cross,Operating traffic lights,60 km/h,Sealed - Dry,Clear,Daylight,Straight,Level,202,Veh'S Opposite Approach: Thru-Right,Opposing vehicles turning,N,0,0,0,1,1,2,0,0,0,0,0,0
355028,Hospitalisation,2021,June,Sunday,15,Rear-end,Multi-Vehicle,153.092345,-27.59125645,Gaskell St,Underwood Rd,,Eight Mile Plains,Brisbane City,4113,Upper Mount Gravatt,South Brisbane,Brisbane,SEQ South,Metropolitan,Eight Mile Plains,Mt Gravatt,Brisbane - South,Major Cities,Toohey,Moreton,Locally-controlled,Intersection - T-Junction,No traffic control,70 km/h,Sealed - Dry,Clear,Daylight,Straight,Grade,303,Veh'S Same Direction: Right Rear,Rear-end,W,0,1,0,0,1,2,0,0,0,0,0,0
355029,Minor injury,2021,June,Tuesday,15,Rear-end,Multi-Vehicle,153.103834,-27.58219245,Pacific Hwy,,South-East Arterial Road (Pacific Motorway),Rochedale,Brisbane City,4123,Upper Mount Gravatt,South Brisbane,Brisbane,SEQ South,Metropolitan,Rochedale - Burbank,Mt Gravatt,Brisbane - South,Major Cities,Mansfield,Bonner,State-controlled,No Roadway Feature,No traffic control,100 - 110 km/h,Sealed - Dry,Clear,Daylight,Straight,Level,301,Veh'S Same Direction: Rear End,Rear-end,S,0,0,0,1,1,2,0,0,0,0,0,0
355030,Medical treatment,2021,June,Tuesday,16,Rear-end,Multi-Vehicle,153.086717,-27.56363845,Logan Rd,,Logan Sub-Arterial Road,Upper Mount Gravatt,Brisbane City,4122,Upper Mount Gravatt,South Brisbane,Brisbane,SEQ South,Metropolitan,Upper Mount Gravatt,Mt Gravatt,Brisbane - South,Major Cities,Mansfield,Bonner,State-controlled,No Roadway Feature,No traffic control,60 km/h,Sealed - Dry,Clear,Daylight,Curved - view open,Grade,301,Veh'S Same Direction: Rear End,Rear-end,S,0,0,1,0,1,1,0,0,0,0,0,1
355031,Medical treatment,2021,June,Wednesday,14,Hit object,Single Vehicle,153.043899,-27.55771145,Kessels Rd,Lowndes St,Griffith Arterial Road,Salisbury,Brisbane City,4107,Upper Mount Gravatt,South Brisbane,Brisbane,SEQ South,Metropolitan,Salisbury - Nathan,Nathan,Brisbane - South,Major Cities,Toohey,Moreton,State-controlled,Intersection - T-Junction,Give way sign,70 km/h,Sealed - Dry,Clear,Daylight,Curved - view obscured,Level,803,Off Path-Curve: Off Cway Rt Bend Hit Obj,Off carriageway on curve hit object,E,0,0,1,0,1,0,1,0,0,0,0,0
355032,Minor injury,2021,June,Wednesday,14,Hit parked vehicle,Single Vehicle,153.051446,-27.57539245,Eddington St,,,Sunnybank,Brisbane City,4109,Upper Mount Gravatt,South Brisbane,Brisbane,SEQ South,Metropolitan,Sunnybank,Sunnybank,Brisbane - South,Major Cities,Toohey,Moreton,Locally-controlled,No Roadway Feature,No traffic control,0 - 50 km/h,Sealed - Dry,Clear,Daylight,Straight,Grade,601,Veh'S On Path: Parked,Hit parked vehicle,S,0,0,0,1,1,2,0,0,0,0,0,0
355033,Minor injury,2021,June,Saturday,18,Rear-end,Multi-Vehicle,153.117684,-27.54511345,Gateway Art Rd Ramp Xi,Mt Gravatt - Capalaba Rd,Redland Sub-Arterial Road,Rochedale,Brisbane City,4156,Upper Mount Gravatt,South Brisbane,Brisbane,SEQ South,Metropolitan,Rochedale - Burbank,Mt Gravatt,Brisbane - South,Major Cities,Mansfield,Bonner,State-controlled,Intersection - Interchange,Operating traffic lights,60 km/h,Sealed - Dry,Clear,Darkness - Lighted,Straight,Level,301,Veh'S Same Direction: Rear End,Rear-end,W,0,0,0,2,2,2,0,0,0,0,0,0
355034,Medical treatment,2021,June,Sunday,16,Rear-end,Multi-Vehicle,153.079059,-27.56067545,Kessels Rd,Macgregor St,Griffith Arterial Road,Upper Mount Gravatt,Brisbane City,4122,Upper Mount Gravatt,South Brisbane,Brisbane,SEQ South,Metropolitan,Upper Mount Gravatt,Mt Gravatt,Brisbane - South,Major Cities,Mansfield,Bonner,State-controlled,Intersection - T-Junction,No traffic control,60 km/h,Sealed - Dry,Raining,Daylight,Straight,Level,302,Veh'S Same Direction: Left Rear,Rear-end,W,0,0,1,1,2,2,0,0,0,0,0,0
355035,Minor injury,2021,June,Tuesday,15,Rear-end,Multi-Vehicle,153.1250837,-27.58092065,Rochedale Rd,,,Rochedale,Brisbane City,4123,Upper Mount Gravatt,South Brisbane,Brisbane,SEQ South,Metropolitan,Rochedale - Burbank,Mt Gravatt,Brisbane - South,Major Cities,Mansfield,Bonner,Locally-controlled,No Roadway Feature,No traffic control,60 km/h,Sealed - Dry,Clear,Daylight,Straight,Level,301,Veh'S Same Direction: Rear End,Rear-end,N,0,0,0,1,1,2,0,0,0,0,0,0
355036,Hospitalisation,2021,June,Thursday,14,Sideswipe,Multi-Vehicle,153.106965,-27.58686145,Pacific Hwy,,South-East Arterial Road (Pacific Motorway),Rochedale,Brisbane City,4123,Upper Mount Gravatt,South Brisbane,Brisbane,SEQ South,Metropolitan,Rochedale - Burbank,Mt Gravatt,Brisbane - South,Major Cities,Mansfield,Bonner,State-controlled,Intersection - Interchange,No traffic control,100 - 110 km/h,Sealed - Dry,Clear,Daylight,Straight,Grade,307,Veh'S Same Direction: Lane Change Left,Lane changes,S,0,1,0,0,1,1,1,0,0,0,0,0
355037,Medical treatment,2021,June,Thursday,9,Rear-end,Multi-Vehicle,153.107561,-27.56427045,Gateway Arterial Rd,,Gateway Motorway (Eight Mile Plains - Nudgee),Rochedale,Brisbane City,4123,Upper Mount Gravatt,South Brisbane,Brisbane,SEQ South,Metropolitan,Rochedale - Burbank,Mt Gravatt,Brisbane - South,Major Cities,Mansfield,Bonner,State-controlled,No Roadway Feature,No traffic control,100 - 110 km/h,Sealed - Dry,Clear,Daylight,Curved - view open,Level,301,Veh'S Same Direction: Rear End,Rear-end,N,0,0,1,0,1,1,0,1,0,0,0,0
355038,Hospitalisation,2021,June,Friday,10,Angle,Multi-Vehicle,153.116745,-27.54517445,Gateway Art Rd Ramp Xk,Mt Gravatt - Capalaba Rd,Redland Sub-Arterial Road,Rochedale,Brisbane City,4156,Upper Mount Gravatt,South Brisbane,Brisbane,SEQ South,Metropolitan,Wishart,Mt Gravatt,Brisbane - South,Major Cities,Mansfield,Bonner,State-controlled,Intersection - Cross,Operating traffic lights,60 km/h,Sealed - Dry,Clear,Darkness - Lighted,Straight,Grade,104,Veh'S Adjacent Approach: Thru-Right,Intersection from adjacent approaches,W,0,1,0,0,1,3,0,0,0,0,0,0
355039,Hospitalisation,2021,June,Friday,22,Fall from vehicle,Single Vehicle,153.061646,-27.56034245,Griffith Arterial Rd,,Griffith Arterial Road,Robertson,Brisbane City,4109,Upper Mount Gravatt,South Brisbane,Brisbane,SEQ South,Metropolitan,Salisbury - Nathan,Nathan,Brisbane - South,Major Cities,Toohey,Moreton,State-controlled,No Roadway Feature,No traffic control,70 km/h,Sealed - Dry,Clear,Darkness - Lighted,Straight,Crest,705,Off Path-Straight:Out Of Control On Cway,Out of control on straight,W,0,1,0,0,1,0,1,0,0,0,0,0
355040,Medical treatment,2021,June,Friday,16,Rear-end,Multi-Vehicle,153.050699,-27.55874445,Kessels Rd,Troughton Rd,Griffith Arterial Road,Coopers Plains,Brisbane City,4108,Upper Mount Gravatt,South Brisbane,Brisbane,SEQ South,Metropolitan,Salisbury - Nathan,Nathan,Brisbane - South,Major Cities,Toohey,Moreton,State-controlled,Intersection - Cross,Operating traffic lights,70 km/h,Sealed - Dry,Clear,Daylight,Straight,Level,301,Veh'S Same Direction: Rear End,Rear-end,E,0,0,1,0,1,1,0,1,0,0,0,0
355041,Minor injury,2021,June,Saturday,12,Rear-end,Multi-Vehicle,153.1065998,-27.58675498,Pacific Hwy,,South-East Arterial Road (Pacific Motorway),Eight Mile Plains,Brisbane City,4113,Upper Mount Gravatt,South Brisbane,Brisbane,SEQ South,Metropolitan,Rochedale - Burbank,Mt Gravatt,Brisbane - South,Major Cities,Mansfield,Bonner,State-controlled,No Roadway Feature,No traffic control,100 - 110 km/h,Sealed - Dry,Clear,Daylight,Straight,Level,301,Veh'S Same Direction: Rear End,Rear-end,N,0,0,0,1,1,2,0,0,0,0,0,0
355042,Minor injury,2021,June,Sunday,17,Angle,Multi-Vehicle,153.065924,-27.55025745,Klumpp Rd,Mains Rd,South-East Arterial Road (Pacific Motorway),Upper Mount Gravatt,Brisbane City,4122,Upper Mount Gravatt,South Brisbane,Brisbane,SEQ South,Metropolitan,Salisbury - Nathan,Nathan,Brisbane - South,Major Cities,Toohey,Moreton,State-controlled,Intersection - Interchange,Operating traffic lights,60 km/h,Sealed - Dry,Clear,Darkness - Lighted,Straight,Level,202,Veh'S Opposite Approach: Thru-Right,Opposing vehicles turning,W,0,0,0,1,1,2,0,0,0,0,0,0
355043,Minor injury,2021,June,Sunday,19,Rear-end,Multi-Vehicle,153.0669253,-27.55646568,Mains Rd,,Nathan Connection Arterial Road,Macgregor,Brisbane City,4109,Upper Mount Gravatt,South Brisbane,Brisbane,SEQ South,Metropolitan,Macgregor (qld),Mt Gravatt,Brisbane - South,Major Cities,Toohey,Moreton,State-controlled,No Roadway Feature,No traffic control,60 km/h,Sealed - Dry,Clear,Daylight,Straight,Level,301,Veh'S Same Direction: Rear End,Rear-end,S,0,0,0,1,1,2,0,0,0,0,0,0
355044,Minor injury,2021,June,Sunday,15,Angle,Multi-Vehicle,153.085287,-27.58826345,Daw Rd,Warrigal Rd,,Eight Mile Plains,Brisbane City,4113,Upper Mount Gravatt,South Brisbane,Brisbane,SEQ South,Metropolitan,Eight Mile Plains,Mt Gravatt,Brisbane - South,Major Cities,Toohey,Moreton,Locally-controlled,Intersection - T-Junction,No traffic control,60 km/h,Sealed - Dry,Clear,Daylight,Straight,Level,202,Veh'S Opposite Approach: Thru-Right,Opposing vehicles turning,S,0,0,0,1,1,2,0,0,0,0,0,0
355045,Minor injury,2021,June,Monday,10,Hit object,Single Vehicle,153.063938,-27.57778645,Kylie St,Norinda St,,Sunnybank,Brisbane City,4109,Upper Mount Gravatt,South Brisbane,Brisbane,SEQ South,Metropolitan,Sunnybank,Sunnybank,Brisbane - South,Major Cities,Toohey,Moreton,Locally-controlled,Intersection - T-Junction,No traffic control,0 - 50 km/h,Sealed - Dry,Clear,Daylight,Straight,Level,703,Off Path-Straight: Left Off Cway Hit Obj,Off carriageway on straight hit object,S,0,0,0,1,1,1,0,0,0,0,0,0
355046,Hospitalisation,2021,June,Tuesday,10,Sideswipe,Multi-Vehicle,153.087368,-27.56491745,Logan Rd,,Logan Sub-Arterial Road,Upper Mount Gravatt,Brisbane City,4122,Upper Mount Gravatt,South Brisbane,Brisbane,SEQ South,Metropolitan,Upper Mount Gravatt,Mt Gravatt,Brisbane - South,Major Cities,Mansfield,Bonner,State-controlled,No Roadway Feature,No traffic control,60 km/h,Sealed - Dry,Clear,Daylight,Straight,Level,306,Veh'S Same Direction: Lane Change Right,Lane changes,S,0,1,0,0,1,2,0,0,0,0,0,0
355047,Medical treatment,2021,June,Thursday,8,Rear-end,Multi-Vehicle,153.116745,-27.54517445,Gateway Art Rd Ramp Xk,Mt Gravatt - Capalaba Rd,Redland Sub-Arterial Road,Rochedale,Brisbane City,4156,Upper Mount Gravatt,South Brisbane,Brisbane,SEQ South,Metropolitan,Wishart,Mt Gravatt,Brisbane - South,Major Cities,Mansfield,Bonner,State-controlled,Intersection - Interchange,Operating traffic lights,60 km/h,Sealed - Wet,Clear,Daylight,Curved - view open,Grade,301,Veh'S Same Direction: Rear End,Rear-end,W,0,0,2,0,2,1,0,1,0,0,0,0
355048,Medical treatment,2021,June,Friday,7,Angle,Multi-Vehicle,153.088947,-27.56201845,Newnham Rd,Tryon St,,Upper Mount Gravatt,Brisbane City,4122,Upper Mount Gravatt,South Brisbane,Brisbane,SEQ South,Metropolitan,Wishart,Mt Gravatt,Brisbane - South,Major Cities,Mansfield,Bonner,Locally-controlled,Intersection - T-Junction,Give way sign,60 km/h,Sealed - Wet,Clear,Daylight,Straight,Level,104,Veh'S Adjacent Approach: Thru-Right,Intersection from adjacent approaches,N,0,0,2,0,2,2,0,0,0,0,0,0
355049,Medical treatment,2021,June,Saturday,14,Rear-end,Multi-Vehicle,153.07067,-27.57274345,Comley St,Granadilla St,,Macgregor,Brisbane City,4109,Upper Mount Gravatt,South Brisbane,Brisbane,SEQ South,Metropolitan,Macgregor (qld),Mt Gravatt,Brisbane - South,Major Cities,Toohey,Moreton,Locally-controlled,Intersection - T-Junction,No traffic control,0 - 50 km/h,Sealed - Dry,Clear,Daylight,Straight,Grade,302,Veh'S Same Direction: Left Rear,Rear-end,S,0,0,1,1,2,2,0,0,0,0,0,0
355050,Minor injury,2021,June,Sunday,10,Hit object,Single Vehicle,153.079962,-27.54909545,Logan Rd,Mt Gravatt Rd,,Upper Mount Gravatt,Brisbane City,4122,Upper Mount Gravatt,South Brisbane,Brisbane,SEQ South,Metropolitan,Upper Mount Gravatt,Mt Gravatt,Brisbane - South,Major Cities,Mansfield,Bonner,Locally-controlled,Intersection - T-Junction,No traffic control,60 km/h,Sealed - Dry,Clear,Daylight,Straight,Level,201,Veh'S Opposite Approach: Head On,Head-on,S,0,0,0,1,1,3,0,0,0,0,0,0
355051,Medical treatment,2021,June,Sunday,7,Angle,Multi-Vehicle,153.090321,-27.55571645,Mt Gravatt - Capalaba Rd,Newnham Rd,Redland Sub-Arterial Road,Upper Mount Gravatt,Brisbane City,4122,Upper Mount Gravatt,South Brisbane,Brisbane,SEQ South,Metropolitan,Wishart,Mt Gravatt,Brisbane - South,Major Cities,Mansfield,Bonner,State-controlled,Intersection - Cross,Operating traffic lights,60 km/h,Sealed - Dry,Clear,Dawn/Dusk,Straight,Crest,101,Veh'S Adjacent Approach: Thru-Thru,Intersection from adjacent approaches,S,0,0,1,0,1,1,1,0,0,0,0,0
355052,Medical treatment,2021,June,Sunday,12,Hit parked vehicle,Single Vehicle,153.081221,-27.55983445,Kessels Rd,Logan Rd,Redland Sub-Arterial Road,Upper Mount Gravatt,Brisbane City,4122,Upper Mount Gravatt,South Brisbane,Brisbane,SEQ South,Metropolitan,Upper Mount Gravatt,Mt Gravatt,Brisbane - South,Major Cities,Mansfield,Bonner,State-controlled,Intersection - Cross,Operating traffic lights,60 km/h,Sealed - Dry,Clear,Daylight,Straight,Level,301,Veh'S Same Direction: Rear End,Rear-end,S,0,0,1,0,1,2,0,0,0,0,0,0
355053,Medical treatment,2021,June,Tuesday,8,Rear-end,Multi-Vehicle,153.0409911,-27.55545027,Orange Grove Rd,,,Salisbury,Brisbane City,4107,Upper Mount Gravatt,South Brisbane,Brisbane,SEQ South,Metropolitan,Salisbury - Nathan,Nathan,Brisbane - South,Major Cities,Toohey,Moreton,Locally-controlled,No Roadway Feature,No traffic control,60 km/h,Sealed - Wet,Clear,Daylight,Straight,Crest,301,Veh'S Same Direction: Rear End,Rear-end,S,0,0,2,0,2,3,0,0,0,0,0,0
355581,Hospitalisation,2021,January,Friday,10,Rear-end,Multi-Vehicle,153.309172,-27.85935448,Pacific Hwy,Service Centre Access,Pacific Highway (Pacific Motorway),Upper Coomera,Gold Coast City,4209,Coomera,Gold Coast,South Eastern,SEQ South,South Coast,Upper Coomera - Willow Vale,Ormeau - Oxenford,Gold Coast,Major Cities,Coomera,Forde,State-controlled,Intersection - Interchange,Operating traffic lights,60 km/h,Sealed - Dry,Clear,Daylight,Straight,Grade,406,Veh'S Manoeuvring: Leaving Driveway,Vehicle leaving driveway,N,0,1,0,0,1,4,0,0,0,0,0,0
355582,Hospitalisation,2021,January,Saturday,5,Hit object,Single Vehicle,153.3050036,-27.92495526,Kopps Rd,,,Pacific Pines,Gold Coast City,4211,Nerang,Gold Coast,South Eastern,SEQ South,South Coast,Pacific Pines - Gaven,Nerang,Gold Coast,Major Cities,Gaven,Fadden,Locally-controlled,No Roadway Feature,No traffic control,60 km/h,Sealed - Wet,Clear,Daylight,Curved - view open,Grade,804,Off Path-Curve: Off Cway Lt Bend Hit Obj,Off carriageway on curve hit object,W,0,1,0,0,1,1,0,0,0,0,0,0
355583,Hospitalisation,2021,January,Saturday,12,Angle,Multi-Vehicle,153.293979,-27.82053947,Salzburg Rd,Yawalpah Rd,,Pimpama,Gold Coast City,4209,Coomera,Gold Coast,South Eastern,SEQ South,South Coast,Pimpama,Ormeau - Oxenford,Gold Coast,Major Cities,Coomera,Fadden,Locally-controlled,Intersection - T-Junction,Operating traffic lights,70 km/h,Sealed - Dry,Clear,Daylight,Straight,Level,202,Veh'S Opposite Approach: Thru-Right,Opposing vehicles turning,W,0,1,3,0,4,2,0,0,0,0,0,0
355584,Hospitalisation,2021,January,Monday,15,Angle,Multi-Vehicle,153.292674,-27.79981047,Pimpama - Jacobs Well Rd,Wharf Rd,,Pimpama,Gold Coast City,4209,Coomera,Gold Coast,South Eastern,SEQ South,South Coast,Pimpama,Ormeau - Oxenford,Gold Coast,Major Cities,Coomera,Fadden,Locally-controlled,Intersection - Cross,Stop sign,60 km/h,Sealed - Wet,Raining,Daylight,Curved - view open,Level,102,Veh'S Adjacent Approach: Right-Thru,Intersection from adjacent approaches,E,0,1,0,1,2,2,0,0,0,0,0,0
355585,Medical treatment,2021,January,Monday,14,Rear-end,Multi-Vehicle,153.3154979,-27.90387648,Pacific Hwy,,,Oxenford,Gold Coast City,4210,Coomera,Gold Coast,South Eastern,SEQ South,South Coast,Oxenford - Maudsland,Ormeau - Oxenford,Gold Coast,Major Cities,Theodore,Fadden,Locally-controlled,Bridge/Causeway,No traffic control,60 km/h,Sealed - Wet,Raining,Daylight,Straight,Level,301,Veh'S Same Direction: Rear End,Rear-end,N,0,0,1,0,1,2,0,0,0,0,0,0
355586,Hospitalisation,2021,January,Tuesday,21,Angle,Multi-Vehicle,153.314156,-27.88524448,Hope Island Rd,Old Pacific Hwy,Pacific Highway (Pacific Motorway),Oxenford,Gold Coast City,4210,Coomera,Gold Coast,South Eastern,SEQ South,South Coast,Oxenford - Maudsland,Ormeau - Oxenford,Gold Coast,Major Cities,Theodore,Fadden,State-controlled,Intersection - Cross,Operating traffic lights,60 km/h,Sealed - Dry,Clear,Darkness - Lighted,Straight,Level,101,Veh'S Adjacent Approach: Thru-Thru,Intersection from adjacent approaches,E,0,1,0,0,1,2,0,0,0,0,0,0
355587,Minor injury,2021,January,Tuesday,19,Angle,Multi-Vehicle,153.303669,-27.85633748,Days Rd,Williamson Rd,,Upper Coomera,Gold Coast City,4209,Coomera,Gold Coast,South Eastern,SEQ South,South Coast,Upper Coomera - Willow Vale,Ormeau - Oxenford,Gold Coast,Major Cities,Coomera,Forde,Locally-controlled,Intersection - T-Junction,Give way sign,60 km/h,Sealed - Wet,Clear,Darkness - Lighted,Curved - view open,Level,104,Veh'S Adjacent Approach: Thru-Right,Intersection from adjacent approaches,W,0,0,0,1,1,2,0,0,0,0,0,0
355588,Minor injury,2021,January,Tuesday,11,Angle,Multi-Vehicle,153.303669,-27.85633748,Days Rd,Williamson Rd,,Upper Coomera,Gold Coast City,4209,Coomera,Gold Coast,South Eastern,SEQ South,South Coast,Upper Coomera - Willow Vale,Ormeau - Oxenford,Gold Coast,Major Cities,Coomera,Forde,Locally-controlled,No Roadway Feature,Give way sign,60 km/h,Sealed - Dry,Clear,Daylight,Curved - view open,Level,406,Veh'S Manoeuvring: Leaving Driveway,Vehicle leaving driveway,S,0,0,0,1,1,2,0,0,0,0,0,0
355589,Hospitalisation,2021,January,Tuesday,0,Hit object,Single Vehicle,153.332635,-27.81823348,Kerkin Rd N,,,Pimpama,Gold Coast City,4209,Coomera,Gold Coast,South Eastern,SEQ South,South Coast,Pimpama,Ormeau - Oxenford,Gold Coast,Major Cities,Coomera,Fadden,Locally-controlled,No Roadway Feature,No traffic control,80 - 90 km/h,Sealed - Dry,Clear,Darkness - Not lighted,Curved - view open,Level,803,Off Path-Curve: Off Cway Rt Bend Hit Obj,Off carriageway on curve hit object,N,0,1,0,0,1,1,0,0,0,0,0,0
355590,Medical treatment,2021,January,Tuesday,15,Rear-end,Multi-Vehicle,153.315604,-27.88165448,Pacific Hwy,,Pacific Highway (Pacific Motorway),Helensvale,Gold Coast City,4212,Coomera,Gold Coast,South Eastern,SEQ South,South Coast,Helensvale,Ormeau - Oxenford,Gold Coast,Major Cities,Theodore,Fadden,State-controlled,Intersection - Interchange,No traffic control,100 - 110 km/h,Sealed - Dry,Clear,Daylight,Straight,Level,301,Veh'S Same Direction: Rear End,Rear-end,S,0,0,1,0,1,3,0,0,0,0,0,0