Crash_Severity,Crash_Year,Crash_Month,Crash_Day_Of_Week,Crash_Hour,Crash_Nature,Crash_Type,Crash_Longitude,Crash_Latitude,Crash_Street,Crash_Street_Intersecting,State_Road_Name,Loc_Suburb,Loc_Local_Government_Area,Loc_Post_Code,Loc_Police_Division,Loc_Police_District,Loc_Police_Region,Loc_Queensland_Transport_Region,Loc_Main_Roads_Region,Loc_ABS_Statistical_Area_2,Loc_ABS_Statistical_Area_3,Loc_ABS_Statistical_Area_4,Loc_ABS_Remoteness,Loc_State_Electorate,Loc_Federal_Electorate,Crash_Controlling_Authority,Crash_Roadway_Feature,Crash_Traffic_Control,Crash_Speed_Limit,Crash_Road_Surface_Condition,Crash_Atmospheric_Condition,Crash_Lighting_Condition,Crash_Road_Horiz_Align,Crash_Road_Vert_Align,Crash_DCA_Code,Crash_DCA_Description,Crash_DCA_Group_Description,DCA_Key_Approach_Dir,Count_Casualty_Fatality,Count_Casualty_Hospitalised,Count_Casualty_MedicallyTreated,Count_Casualty_MinorInjury,Count_Casualty_Total,Count_Unit_Car,Count_Unit_Motorcycle_Moped,Count_Unit_Truck,Count_Unit_Bus,Count_Unit_Bicycle,Count_Unit_Pedestrian,Count_Unit_Other,
355641,Hospitalisation,2021,March,Thursday,17,Angle,Multi-Vehicle,153.3199,-27.86726248,Beattie Rd,,,Coomera,Gold Coast City,4209,Coomera,Gold Coast,South Eastern,SEQ South,South Coast,Coomera,Ormeau - Oxenford,Gold Coast,Major Cities,Theodore,Fadden,Locally-controlled,No Roadway Feature,Give way sign,60 km/h,Sealed - Dry,Clear,Daylight,Straight,Level,406,Veh'S Manoeuvring: Leaving Driveway,Vehicle leaving driveway,E,0,1,0,0,1,2,0,0,0,0,0,0
355642,Medical treatment,2021,March,Thursday,18,Rear-end,Multi-Vehicle,153.3167409,-27.90481248,Pacific Hwy,,Pacific Highway (Pacific Motorway),Helensvale,Gold Coast City,4212,Coomera,Gold Coast,South Eastern,SEQ South,South Coast,Helensvale,Ormeau - Oxenford,Gold Coast,Major Cities,Theodore,Fadden,State-controlled,No Roadway Feature,No traffic control,100 - 110 km/h,Sealed - Dry,Clear,Dawn/Dusk,Straight,Level,301,Veh'S Same Direction: Rear End,Rear-end,S,0,0,1,0,1,2,0,0,0,0,0,0
355643,Medical treatment,2021,March,Friday,15,Rear-end,Multi-Vehicle,153.334733,-27.82709848,Yawalpah Rd,,,Pimpama,Gold Coast City,4209,Coomera,Gold Coast,South Eastern,SEQ South,South Coast,Pimpama,Ormeau - Oxenford,Gold Coast,Major Cities,Coomera,Fadden,Locally-controlled,No Roadway Feature,No traffic control,60 km/h,Sealed - Dry,Clear,Daylight,Straight,Level,301,Veh'S Same Direction: Rear End,Rear-end,U,0,0,1,0,1,2,0,0,0,0,0,0
355644,Hospitalisation,2021,March,Sunday,16,Angle,Multi-Vehicle,153.3167069,-27.88552348,Hope Island Rd,Pacific Hwy,Pacific Highway (Pacific Motorway),Helensvale,Gold Coast City,4212,Coomera,Gold Coast,South Eastern,SEQ South,South Coast,Helensvale,Ormeau - Oxenford,Gold Coast,Major Cities,Theodore,Fadden,State-controlled,Intersection - Cross,Operating traffic lights,70 km/h,Sealed - Dry,Clear,Daylight,Straight,Level,101,Veh'S Adjacent Approach: Thru-Thru,Intersection from adjacent approaches,S,0,5,1,0,6,2,0,0,0,0,0,0
355645,Medical treatment,2021,March,Monday,8,Sideswipe,Multi-Vehicle,153.283251,-27.88826847,Highland Wy,Reserve Rd,,Upper Coomera,Gold Coast City,4209,Coomera,Gold Coast,South Eastern,SEQ South,South Coast,Upper Coomera - Willow Vale,Ormeau - Oxenford,Gold Coast,Major Cities,Theodore,Forde,Locally-controlled,Intersection - Roundabout,Give way sign,60 km/h,Sealed - Dry,Clear,Daylight,Curved - view open,Level,308,Veh'S Same Direction: Right Turn S/Swipe,Parallel lanes turning,N,0,0,1,0,1,2,0,0,0,0,0,0
355646,Medical treatment,2021,March,Tuesday,6,Rear-end,Multi-Vehicle,153.3071378,-27.85676438,Pacific Hwy,,Pacific Highway (Pacific Motorway),Upper Coomera,Gold Coast City,4209,Coomera,Gold Coast,South Eastern,SEQ South,South Coast,Upper Coomera - Willow Vale,Ormeau - Oxenford,Gold Coast,Major Cities,Coomera,Forde,State-controlled,Intersection - Interchange,No traffic control,100 - 110 km/h,Sealed - Wet,Raining,Daylight,Curved - view open,Level,301,Veh'S Same Direction: Rear End,Rear-end,N,0,0,1,0,1,2,0,0,0,0,0,0
355647,Hospitalisation,2021,March,Wednesday,1,Hit object,Single Vehicle,153.339676,-27.85439748,Oakey Ck Rd,,,Coomera,Gold Coast City,4209,Coomera,Gold Coast,South Eastern,SEQ South,South Coast,Coomera,Ormeau - Oxenford,Gold Coast,Major Cities,Coomera,Fadden,Locally-controlled,No Roadway Feature,No traffic control,0 - 50 km/h,Sealed - Dry,Clear,Darkness - Lighted,Curved - view open,Grade,804,Off Path-Curve: Off Cway Lt Bend Hit Obj,Off carriageway on curve hit object,E,0,1,0,0,1,1,0,0,0,0,0,0
355648,Hospitalisation,2021,March,Friday,18,Angle,Multi-Vehicle,153.335718,-27.85120548,Foxwell Rd,,,Coomera,Gold Coast City,4209,Coomera,Gold Coast,South Eastern,SEQ South,South Coast,Coomera,Ormeau - Oxenford,Gold Coast,Major Cities,Coomera,Fadden,Locally-controlled,No Roadway Feature,No traffic control,60 km/h,Sealed - Dry,Clear,Darkness - Lighted,Straight,Level,406,Veh'S Manoeuvring: Leaving Driveway,Vehicle leaving driveway,N,0,1,0,0,1,1,1,0,0,0,0,0
355649,Hospitalisation,2021,March,Monday,15,Angle,Multi-Vehicle,153.261633,-27.80053547,Tillyroen Rd,Upper Ormeau Rd,,Kingsholme,Gold Coast City,4208,Coomera,Gold Coast,South Eastern,SEQ South,South Coast,Upper Coomera - Willow Vale,Ormeau - Oxenford,Gold Coast,Major Cities,Coomera,Forde,Locally-controlled,Intersection - T-Junction,Give way sign,60 km/h,Sealed - Wet,Raining,Daylight,Straight,Level,104,Veh'S Adjacent Approach: Thru-Right,Intersection from adjacent approaches,N,0,1,0,1,2,2,0,0,0,0,0,0
355859,Medical treatment,2021,January,Friday,13,Hit object,Single Vehicle,151.810409,-24.5103188,Tableland Rd,,,Mount Maria,Gladstone Region,4674,Rosedale,Capricornia,Central,Central,Central Queensland,Agnes Water - Miriam Vale,Gladstone,Central Queensland,Outer Regional,Burnett,Flynn,Locally-controlled,No Roadway Feature,No traffic control,100 - 110 km/h,Sealed - Dry,Clear,Daylight,Curved - view open,Grade,804,Off Path-Curve: Off Cway Lt Bend Hit Obj,Off carriageway on curve hit object,S,0,0,1,0,1,1,0,0,0,0,0,0
355860,Hospitalisation,2021,January,Saturday,16,Hit object,Single Vehicle,151.8461795,-24.60217131,Tableland Rd,,Bundaberg - Miriam Vale Road,Berajondo,Gladstone Region,4674,Rosedale,Capricornia,Central,Central,Central Queensland,Agnes Water - Miriam Vale,Gladstone,Central Queensland,Outer Regional,Burnett,Flynn,State-controlled,No Roadway Feature,No traffic control,100 - 110 km/h,Sealed - Wet,Raining,Daylight,Curved - view obscured,Level,803,Off Path-Curve: Off Cway Rt Bend Hit Obj,Off carriageway on curve hit object,S,0,1,0,0,1,0,1,0,0,0,0,0
355861,Hospitalisation,2021,February,Sunday,13,Overturned,Single Vehicle,151.8114589,-24.50477573,Tableland Rd,,Bundaberg - Miriam Vale Road,Mount Maria,Gladstone Region,4674,Rosedale,Capricornia,Central,Central,Central Queensland,Agnes Water - Miriam Vale,Gladstone,Central Queensland,Outer Regional,Burnett,Flynn,State-controlled,No Roadway Feature,No traffic control,100 - 110 km/h,Sealed - Dry,Clear,Daylight,Curved - view open,Dip,805,Off Path-Curve: Out Of Control On Cway,Out of control on curve,S,0,1,1,0,2,1,0,0,0,0,0,0
355862,Hospitalisation,2021,March,Friday,19,Hit object,Single Vehicle,151.9254185,-24.62300331,Lowmead Rd,,Bundaberg - Miriam Vale Road,Rosedale,Gladstone Region,4674,Rosedale,Capricornia,Central,Central,Central Queensland,Agnes Water - Miriam Vale,Gladstone,Central Queensland,Outer Regional,Burnett,Flynn,State-controlled,Bridge/Causeway,No traffic control,100 - 110 km/h,Sealed - Dry,Clear,Darkness - Not lighted,Straight,Grade,705,Off Path-Straight:Out Of Control On Cway,Out of control on straight,E,0,1,0,0,1,1,0,0,0,0,0,0
355863,Hospitalisation,2021,May,Thursday,0,Hit animal,Other,151.7203823,-24.38863601,Fingerboard Rd,,Bundaberg - Miriam Vale Road,Mount Tom,Gladstone Region,4677,Rosedale,Capricornia,Central,Central,Central Queensland,Agnes Water - Miriam Vale,Gladstone,Central Queensland,Outer Regional,Burnett,Flynn,State-controlled,No Roadway Feature,No traffic control,100 - 110 km/h,Sealed - Dry,Clear,Darkness - Not lighted,Curved - view obscured,Level,609,Pass & Misc: Hit Animal,Hit animal,W,0,1,0,0,1,1,0,0,0,0,0,0
355864,Fatal,2021,May,Tuesday,17,Hit object,Single Vehicle,151.8687745,-24.52851131,Invalid Street From Police,,,Euleilah,Gladstone Region,4674,Rosedale,Capricornia,Central,Central,Central Queensland,Agnes Water - Miriam Vale,Gladstone,Central Queensland,Outer Regional,Burnett,Flynn,Locally-controlled,No Roadway Feature,No traffic control,100 - 110 km/h,Sealed - Dry,Clear,Darkness - Not lighted,Curved - view open,Crest,804,Off Path-Curve: Off Cway Lt Bend Hit Obj,Off carriageway on curve hit object,N,1,0,0,0,1,1,0,0,0,0,0,0
355865,Hospitalisation,2021,June,Wednesday,15,Hit object,Single Vehicle,151.9604029,-24.63057292,Lowmead Rd,,Bundaberg - Miriam Vale Road,Rosedale,Gladstone Region,4674,Rosedale,Capricornia,Central,Central,Central Queensland,Agnes Water - Miriam Vale,Gladstone,Central Queensland,Outer Regional,Burnett,Flynn,State-controlled,No Roadway Feature,No traffic control,100 - 110 km/h,Sealed - Dry,Clear,Daylight,Straight,Dip,703,Off Path-Straight: Left Off Cway Hit Obj,Off carriageway on straight hit object,E,0,1,0,0,1,1,0,0,0,0,0,0
356098,Hospitalisation,2021,January,Sunday,16,Angle,Multi-Vehicle,149.0829691,-21.19064703,Stockroute Rd,Walkerston - Homebush Rd,,Palmyra,Mackay Region,4751,Walkerston,Mackay,Central,Central,Central Queensland,Walkerston - Eton,Mackay,Mackay - Isaac - Whitsunday,Outer Regional,Mirani,Capricornia,Locally-controlled,Intersection - Cross,Stop sign,100 - 110 km/h,Sealed - Dry,Clear,Daylight,Straight,Level,101,Veh'S Adjacent Approach: Thru-Thru,Intersection from adjacent approaches,W,0,2,0,0,2,2,0,0,0,0,0,0
356099,Medical treatment,2021,February,Sunday,15,Hit object,Single Vehicle,149.0406378,-21.18586491,Bergmans Rd,,,Greenmount,Mackay Region,4751,Walkerston,Mackay,Central,Central,Central Queensland,Walkerston - Eton,Mackay,Mackay - Isaac - Whitsunday,Outer Regional,Mirani,Capricornia,Locally-controlled,No Roadway Feature,No traffic control,80 - 90 km/h,Sealed - Dry,Clear,Daylight,Straight,Level,703,Off Path-Straight: Left Off Cway Hit Obj,Off carriageway on straight hit object,,0,0,1,0,1,1,0,0,0,0,0,0
356100,Hospitalisation,2021,February,Thursday,18,Angle,Multi-Vehicle,149.0829691,-21.19064703,Stockroute Rd,Walkerston - Homebush Rd,,Palmyra,Mackay Region,4751,Walkerston,Mackay,Central,Central,Central Queensland,Walkerston - Eton,Mackay,Mackay - Isaac - Whitsunday,Outer Regional,Mirani,Capricornia,Locally-controlled,Intersection - Cross,Stop sign,80 - 90 km/h,Sealed - Dry,Clear,Dawn/Dusk,Straight,Level,101,Veh'S Adjacent Approach: Thru-Thru,Intersection from adjacent approaches,N,0,2,0,0,2,2,0,0,0,0,0,0
356101,Hospitalisation,2021,March,Monday,4,Overturned,Single Vehicle,148.9341161,-21.30865002,Peak Downs Hwy,,Peak Downs Highway (Nebo - Mackay),Eton,Mackay Region,4741,Eton,Mackay,Central,Central,Central Queensland,Walkerston - Eton,Mackay,Mackay - Isaac - Whitsunday,Outer Regional,Mirani,Capricornia,State-controlled,No Roadway Feature,No traffic control,100 - 110 km/h,Sealed - Dry,Clear,Darkness - Not lighted,Straight,Level,705,Off Path-Straight:Out Of Control On Cway,Out of control on straight,S,0,1,0,0,1,1,0,0,0,0,0,0
356102,Hospitalisation,2021,March,Sunday,13,Head-on,Multi-Vehicle,149.0098221,-21.21959102,Peak Downs Hwy,,Peak Downs Highway (Nebo - Mackay),Victoria Plains,Mackay Region,4751,Eton,Mackay,Central,Central,Central Queensland,Walkerston - Eton,Mackay,Mackay - Isaac - Whitsunday,Outer Regional,Mirani,Capricornia,State-controlled,No Roadway Feature,No traffic control,100 - 110 km/h,Sealed - Dry,Clear,Daylight,Straight,Grade,201,Veh'S Opposite Approach: Head On,Head-on,N,0,1,0,0,1,2,0,0,0,0,0,0
356103,Hospitalisation,2021,May,Tuesday,17,Angle,Multi-Vehicle,149.0244281,-21.19207902,Peak Downs Hwy,Rocky Waterhole - Wollingford Rd,Peak Downs Highway (Nebo - Mackay),Victoria Plains,Mackay Region,4751,Walkerston,Mackay,Central,Central,Central Queensland,Walkerston - Eton,Mackay,Mackay - Isaac - Whitsunday,Outer Regional,Mirani,Capricornia,State-controlled,Intersection - Cross,No traffic control,100 - 110 km/h,Sealed - Dry,Clear,Dawn/Dusk,Straight,Dip,408,Veh'S Manoeuvring: Entering From Footway,Vehicle leaving driveway,S,0,2,0,0,2,2,0,0,0,0,0,0
356104,Hospitalisation,2021,May,Wednesday,19,Hit object,Single Vehicle,149.0263291,-21.19055602,Peak Downs Hwy,,Peak Downs Highway (Nebo - Mackay),Greenmount,Mackay Region,4751,Walkerston,Mackay,Central,Central,Central Queensland,Walkerston - Eton,Mackay,Mackay - Isaac - Whitsunday,Outer Regional,Mirani,Capricornia,State-controlled,No Roadway Feature,No traffic control,100 - 110 km/h,Sealed - Dry,Clear,Darkness - Not lighted,Straight,Grade,703,Off Path-Straight: Left Off Cway Hit Obj,Off carriageway on straight hit object,N,0,1,0,0,1,0,0,1,0,0,0,0
356105,Hospitalisation,2021,May,Sunday,13,Fall from vehicle,Single Vehicle,149.0497701,-21.28443803,Sarina - Homebush Rd,,Sarina - Homebush Road,Homebush,Mackay Region,4740,Eton,Mackay,Central,Central,Central Queensland,Walkerston - Eton,Mackay,Mackay - Isaac - Whitsunday,Outer Regional,Mirani,Capricornia,State-controlled,No Roadway Feature,No traffic control,80 - 90 km/h,Sealed - Dry,Clear,Daylight,Curved - view open,Level,805,Off Path-Curve: Out Of Control On Cway,Out of control on curve,E,0,1,0,0,1,0,1,0,0,0,0,0
356494,Hospitalisation,2021,January,Friday,2,Hit object,Single Vehicle,153.121821,-27.66909246,Kingston Rd,Station Rd,Brisbane - Beenleigh Road,Loganlea,Logan City,4131,Logan Central,Logan,South Eastern,SEQ South,South Coast,Loganlea,Loganlea - Carbrook,Logan - Beaudesert,Major Cities,Waterford,Rankin,State-controlled,Intersection - T-Junction,Operating traffic lights,70 km/h,Sealed - Wet,Raining,Darkness - Lighted,Straight,Level,703,Off Path-Straight: Left Off Cway Hit Obj,Off carriageway on straight hit object,N,0,1,0,0,1,1,0,0,0,0,0,0
356495,Medical treatment,2021,January,Friday,10,Angle,Multi-Vehicle,153.123583,-27.65070146,Adelaide St,Queens Rd,,Slacks Creek,Logan City,4127,Logan Central,Logan,South Eastern,SEQ South,South Coast,Slacks Creek,Springwood - Kingston,Logan - Beaudesert,Major Cities,Waterford,Rankin,Locally-controlled,Intersection - T-Junction,Give way sign,60 km/h,Sealed - Dry,Raining,Daylight,Straight,Grade,104,Veh'S Adjacent Approach: Thru-Right,Intersection from adjacent approaches,W,0,0,1,0,1,2,0,0,0,0,0,0
356496,Medical treatment,2021,January,Wednesday,14,Sideswipe,Multi-Vehicle,153.144333,-27.64320246,Pacific Hwy,,Pacific Highway (Pacific Motorway),Slacks Creek,Logan City,4127,Springwood,Logan,South Eastern,SEQ South,South Coast,Slacks Creek,Springwood - Kingston,Logan - Beaudesert,Major Cities,Waterford,Rankin,State-controlled,Intersection - Interchange,No traffic control,60 km/h,Sealed - Dry,Clear,Daylight,Curved - view open,Level,306,Veh'S Same Direction: Lane Change Right,Lane changes,W,0,0,1,1,2,1,0,1,0,0,0,0
356497,Hospitalisation,2021,January,Thursday,10,Head-on,Multi-Vehicle,153.10974,-27.62770445,Ewing Rd,Karen St,,Woodridge,Logan City,4114,Logan Central,Logan,South Eastern,SEQ South,South Coast,Woodridge,Springwood - Kingston,Logan - Beaudesert,Major Cities,Woodridge,Rankin,Locally-controlled,Intersection - T-Junction,No traffic control,60 km/h,Sealed - Dry,Clear,Daylight,Straight,Crest,201,Veh'S Opposite Approach: Head On,Head-on,N,0,2,0,0,2,2,0,0,0,0,0,0
356498,Hospitalisation,2021,January,Saturday,4,Angle,Multi-Vehicle,153.115694,-27.62035546,Compton Rd,Kingston Rd,Brisbane - Beenleigh Road,Woodridge,Logan City,4114,Logan Central,Logan,South Eastern,SEQ South,South Coast,Underwood,Springwood - Kingston,Logan - Beaudesert,Major Cities,Woodridge,Rankin,State-controlled,Intersection - Cross,Operating traffic lights,70 km/h,Sealed - Dry,Clear,Dawn/Dusk,Straight,Level,308,Veh'S Same Direction: Right Turn S/Swipe,Parallel lanes turning,N,0,1,0,0,1,2,0,0,0,0,0,0
356499,Hospitalisation,2021,January,Saturday,23,Hit object,Single Vehicle,153.11765,-27.66019946,Juers St,Kingston Rd,Brisbane - Beenleigh Road,Kingston,Logan City,4114,Logan Central,Logan,South Eastern,SEQ South,South Coast,Kingston (qld.),Springwood - Kingston,Logan - Beaudesert,Major Cities,Woodridge,Rankin,State-controlled,Intersection - Cross,Operating traffic lights,70 km/h,Sealed - Dry,Clear,Darkness - Lighted,Straight,Level,708,Off Path-Straight: Mounts Traffic Island,Off carriageway on straight hit object,E,0,1,0,0,1,1,0,0,0,0,0,0
356500,Medical treatment,2021,January,Tuesday,14,Sideswipe,Multi-Vehicle,153.1208976,-27.66679144,Kingston Rd,,Brisbane - Beenleigh Road,Loganlea,Logan City,4131,Logan Central,Logan,South Eastern,SEQ South,South Coast,Loganlea,Loganlea - Carbrook,Logan - Beaudesert,Major Cities,Waterford,Rankin,State-controlled,No Roadway Feature,No traffic control,70 km/h,Sealed - Dry,Clear,Daylight,Straight,Level,307,Veh'S Same Direction: Lane Change Left,Lane changes,S,0,0,1,0,1,1,0,1,0,0,0,0
356501,Hospitalisation,2021,January,Tuesday,22,Hit object,Single Vehicle,153.13531,-27.67056646,Catalina St,Station Rd,,Loganlea,Logan City,4131,Logan Central,Logan,South Eastern,SEQ South,South Coast,Loganlea,Loganlea - Carbrook,Logan - Beaudesert,Major Cities,Waterford,Forde,Locally-controlled,Intersection - T-Junction,No traffic control,60 km/h,Sealed - Dry,Clear,Darkness - Lighted,Straight,Level,703,Off Path-Straight: Left Off Cway Hit Obj,Off carriageway on straight hit object,E,0,1,0,0,1,1,0,0,0,0,0,0
356502,Hospitalisation,2021,January,Wednesday,13,Sideswipe,Multi-Vehicle,153.1441564,-27.64858989,Loganlea Rd,,,Slacks Creek,Logan City,4127,Springwood,Logan,South Eastern,SEQ South,South Coast,Slacks Creek,Springwood - Kingston,Logan - Beaudesert,Major Cities,Waterford,Rankin,Locally-controlled,No Roadway Feature,No traffic control,70 km/h,Sealed - Dry,Clear,Daylight,Curved - view open,Level,307,Veh'S Same Direction: Lane Change Left,Lane changes,S,0,1,0,0,1,1,0,1,0,0,0,0
356503,Hospitalisation,2021,January,Thursday,11,Hit object,Single Vehicle,153.09906,-27.63478845,Oates Ave,Railway Pde,,Woodridge,Logan City,4114,Logan Central,Logan,South Eastern,SEQ South,South Coast,Woodridge,Springwood - Kingston,Logan - Beaudesert,Major Cities,Woodridge,Rankin,Locally-controlled,Intersection - T-Junction,No traffic control,60 km/h,Sealed - Dry,Clear,Daylight,Straight,Level,703,Off Path-Straight: Left Off Cway Hit Obj,Off carriageway on straight hit object,S,0,1,0,0,1,1,0,0,0,0,0,0
356504,Hospitalisation,2021,January,Thursday,14,Angle,Multi-Vehicle,153.098959,-27.64978545,Bardon Rd,Karri Ave,,Logan Central,Logan City,4114,Logan Central,Logan,South Eastern,SEQ South,South Coast,Logan Central,Springwood - Kingston,Logan - Beaudesert,Major Cities,Woodridge,Rankin,Locally-controlled,Intersection - T-Junction,No traffic control,60 km/h,Sealed - Dry,Clear,Daylight,Straight,Level,102,Veh'S Adjacent Approach: Right-Thru,Intersection from adjacent approaches,W,0,1,0,0,1,1,1,0,0,0,0,0
356505,Minor injury,2021,January,Thursday,15,Angle,Multi-Vehicle,153.111584,-27.65934446,Attunga St,Juers St,,Kingston,Logan City,4114,Logan Central,Logan,South Eastern,SEQ South,South Coast,Kingston (qld.),Springwood - Kingston,Logan - Beaudesert,Major Cities,Woodridge,Rankin,Locally-controlled,Intersection - T-Junction,Operating traffic lights,60 km/h,Sealed - Dry,Clear,Daylight,Straight,Level,104,Veh'S Adjacent Approach: Thru-Right,Intersection from adjacent approaches,E,0,0,0,1,1,2,0,0,0,0,0,0
356506,Medical treatment,2021,January,Thursday,17,Rear-end,Multi-Vehicle,153.116778,-27.62495046,Kingston Rd,Moss St,Brisbane - Beenleigh Road,Slacks Creek,Logan City,4127,Logan Central,Logan,South Eastern,SEQ South,South Coast,Woodridge,Springwood - Kingston,Logan - Beaudesert,Major Cities,Woodridge,Rankin,State-controlled,Intersection - T-Junction,Give way sign,60 km/h,Sealed - Dry,Clear,Daylight,Curved - view open,Level,302,Veh'S Same Direction: Left Rear,Rear-end,N,0,0,1,0,1,2,0,0,0,0,0,0
356507,Medical treatment,2021,January,Friday,14,Rear-end,Multi-Vehicle,153.121727,-27.68199446,Kingston Rd,Logan Reserve Rd,Brisbane - Beenleigh Road,Waterford West,Logan City,4133,Logan Central,Logan,South Eastern,SEQ South,South Coast,Waterford West,Loganlea - Carbrook,Logan - Beaudesert,Major Cities,Waterford,Forde,State-controlled,Intersection - T-Junction,Give way sign,60 km/h,Sealed - Dry,Clear,Daylight,Straight,Level,302,Veh'S Same Direction: Left Rear,Rear-end,N,0,0,1,0,1,2,0,0,0,0,0,0
356508,Minor injury,2021,January,Friday,7,Rear-end,Multi-Vehicle,153.136999,-27.68745346,Loganlea Rd,Short St,,Loganlea,Logan City,4131,Logan Central,Logan,South Eastern,SEQ South,South Coast,Loganlea,Loganlea - Carbrook,Logan - Beaudesert,Major Cities,Waterford,Forde,Locally-controlled,Intersection - T-Junction,Give way sign,0 - 50 km/h,Sealed - Dry,Clear,Daylight,Straight,Level,303,Veh'S Same Direction: Right Rear,Rear-end,N,0,0,0,2,2,2,0,0,0,0,0,0
356509,Medical treatment,2021,January,Saturday,20,Rear-end,Multi-Vehicle,153.121484,-27.67728546,Kingston Rd,,Brisbane - Beenleigh Road,Loganlea,Logan City,4131,Logan Central,Logan,South Eastern,SEQ South,South Coast,Waterford West,Loganlea - Carbrook,Logan - Beaudesert,Major Cities,Woodridge,Forde,State-controlled,No Roadway Feature,No traffic control,70 km/h,Sealed - Dry,Clear,Darkness - Lighted,Straight,Level,303,Veh'S Same Direction: Right Rear,Rear-end,S,0,0,1,0,1,3,0,0,0,0,0,0
356510,Medical treatment,2021,January,Sunday,15,Rear-end,Multi-Vehicle,153.1300862,-27.62858113,Pacific Hwy,,Pacific Highway (Pacific Motorway),Springwood,Logan City,4127,Springwood,Logan,South Eastern,SEQ South,South Coast,Springwood,Springwood - Kingston,Logan - Beaudesert,Major Cities,Springwood,Rankin,State-controlled,No Roadway Feature,No traffic control,100 - 110 km/h,Sealed - Dry,Clear,Daylight,Straight,Level,301,Veh'S Same Direction: Rear End,Rear-end,N,0,0,1,2,3,2,0,0,0,0,0,0
356511,Medical treatment,2021,January,Sunday,9,Rear-end,Multi-Vehicle,153.118579,-27.64384646,Kingston Rd,,Brisbane - Beenleigh Road,Slacks Creek,Logan City,4127,Logan Central,Logan,South Eastern,SEQ South,South Coast,Logan Central,Springwood - Kingston,Logan - Beaudesert,Major Cities,Woodridge,Rankin,State-controlled,No Roadway Feature,No traffic control,60 km/h,Sealed - Dry,Clear,Daylight,Straight,Level,301,Veh'S Same Direction: Rear End,Rear-end,S,0,0,1,0,1,2,0,0,0,0,0,0
356512,Hospitalisation,2021,January,Tuesday,0,Hit object,Single Vehicle,153.09856,-27.61932345,Kurrajong St,Licola St,,Woodridge,Logan City,4114,Logan Central,Logan,South Eastern,SEQ South,South Coast,Woodridge,Springwood - Kingston,Logan - Beaudesert,Major Cities,Woodridge,Rankin,Locally-controlled,Intersection - T-Junction,No traffic control,0 - 50 km/h,Sealed - Dry,Clear,Darkness - Lighted,Straight,Level,700,Off Path-Straight: Other,Other,N,0,1,0,0,1,1,0,0,0,0,0,0
356513,Minor injury,2021,January,Tuesday,11,Angle,Multi-Vehicle,153.1046,-27.63692145,Blackwood Rd,Croydon Rd,,Logan Central,Logan City,4114,Logan Central,Logan,South Eastern,SEQ South,South Coast,Logan Central,Springwood - Kingston,Logan - Beaudesert,Major Cities,Woodridge,Rankin,Locally-controlled,Intersection - Cross,Stop sign,60 km/h,Sealed - Dry,Clear,Daylight,Straight,Level,101,Veh'S Adjacent Approach: Thru-Thru,Intersection from adjacent approaches,E,0,0,0,1,1,2,0,0,0,0,0,0
356514,Hospitalisation,2021,January,Thursday,13,Rear-end,Multi-Vehicle,153.139594,-27.66782746,Edenlea Dr,Loganlea Rd,,Meadowbrook,Logan City,4131,Logan Central,Logan,South Eastern,SEQ South,South Coast,Loganlea,Loganlea - Carbrook,Logan - Beaudesert,Major Cities,Waterford,Forde,Locally-controlled,Intersection - Cross,Operating traffic lights,60 km/h,Sealed - Dry,Clear,Daylight,Straight,Level,301,Veh'S Same Direction: Rear End,Rear-end,S,0,1,0,0,1,1,0,1,0,0,0,0
356515,Medical treatment,2021,January,Thursday,14,Rear-end,Multi-Vehicle,153.13097,-27.69127946,Kingston Rd,,Brisbane - Beenleigh Road,Waterford West,Logan City,4133,Logan Central,Logan,South Eastern,SEQ South,South Coast,Waterford West,Loganlea - Carbrook,Logan - Beaudesert,Major Cities,Waterford,Forde,State-controlled,No Roadway Feature,No traffic control,70 km/h,Sealed - Dry,Clear,Daylight,Straight,Level,301,Veh'S Same Direction: Rear End,Rear-end,E,0,0,1,0,1,2,0,0,0,0,0,0
356516,Hospitalisation,2021,January,Saturday,10,Hit parked vehicle,Single Vehicle,153.114908,-27.61608446,Kingston Rd,,Brisbane - Beenleigh Road,Underwood,Logan City,4119,Logan Central,Logan,South Eastern,SEQ South,South Coast,Underwood,Springwood - Kingston,Logan - Beaudesert,Major Cities,Waterford,Rankin,State-controlled,No Roadway Feature,No traffic control,70 km/h,Unsealed - Dry,Clear,Daylight,Curved - view open,Level,803,Off Path-Curve: Off Cway Rt Bend Hit Obj,Off carriageway on curve hit object,S,0,1,0,0,1,2,0,0,0,0,0,0
356517,Hospitalisation,2021,January,Saturday,18,Head-on,Multi-Vehicle,153.1457625,-27.65384863,Loganlea Rd,,,Slacks Creek,Logan City,4127,Springwood,Logan,South Eastern,SEQ South,South Coast,Slacks Creek,Springwood - Kingston,Logan - Beaudesert,Major Cities,Waterford,Rankin,Locally-controlled,No Roadway Feature,No traffic control,70 km/h,Sealed - Dry,Clear,Dawn/Dusk,Curved - view open,Level,201,Veh'S Opposite Approach: Head On,Head-on,N,0,4,0,0,4,2,0,0,0,0,0,0