Crash_Severity,Crash_Year,Crash_Month,Crash_Day_Of_Week,Crash_Hour,Crash_Nature,Crash_Type,Crash_Longitude,Crash_Latitude,Crash_Street,Crash_Street_Intersecting,State_Road_Name,Loc_Suburb,Loc_Local_Government_Area,Loc_Post_Code,Loc_Police_Division,Loc_Police_District,Loc_Police_Region,Loc_Queensland_Transport_Region,Loc_Main_Roads_Region,Loc_ABS_Statistical_Area_2,Loc_ABS_Statistical_Area_3,Loc_ABS_Statistical_Area_4,Loc_ABS_Remoteness,Loc_State_Electorate,Loc_Federal_Electorate,Crash_Controlling_Authority,Crash_Roadway_Feature,Crash_Traffic_Control,Crash_Speed_Limit,Crash_Road_Surface_Condition,Crash_Atmospheric_Condition,Crash_Lighting_Condition,Crash_Road_Horiz_Align,Crash_Road_Vert_Align,Crash_DCA_Code,Crash_DCA_Description,Crash_DCA_Group_Description,DCA_Key_Approach_Dir,Count_Casualty_Fatality,Count_Casualty_Hospitalised,Count_Casualty_MedicallyTreated,Count_Casualty_MinorInjury,Count_Casualty_Total,Count_Unit_Car,Count_Unit_Motorcycle_Moped,Count_Unit_Truck,Count_Unit_Bus,Count_Unit_Bicycle,Count_Unit_Pedestrian,Count_Unit_Other,
356518,Hospitalisation,2021,February,Monday,8,Angle,Multi-Vehicle,153.098647,-27.63355845,Station Rd,,,Woodridge,Logan City,4114,Logan Central,Logan,South Eastern,SEQ South,South Coast,Woodridge,Springwood - Kingston,Logan - Beaudesert,Major Cities,Woodridge,Rankin,Locally-controlled,No Roadway Feature,No traffic control,60 km/h,Sealed - Dry,Clear,Daylight,Straight,Level,408,Veh'S Manoeuvring: Entering From Footway,Vehicle leaving driveway,S,0,1,0,0,1,1,0,0,0,1,0,0
356519,Medical treatment,2021,February,Tuesday,7,Rear-end,Multi-Vehicle,153.14109,-27.65983446,Loganlea Rd,,,Meadowbrook,Logan City,4131,Logan Central,Logan,South Eastern,SEQ South,South Coast,Loganlea,Loganlea - Carbrook,Logan - Beaudesert,Major Cities,Waterford,Rankin,Locally-controlled,No Roadway Feature,No traffic control,60 km/h,Sealed - Wet,Clear,Daylight,Curved - view open,Level,301,Veh'S Same Direction: Rear End,Rear-end,S,0,0,1,0,1,3,0,0,0,0,0,0
356520,Medical treatment,2021,February,Tuesday,14,Rear-end,Multi-Vehicle,153.117307,-27.65719946,Kingston Rd,,Brisbane - Beenleigh Road,Kingston,Logan City,4114,Logan Central,Logan,South Eastern,SEQ South,South Coast,Kingston (qld.),Springwood - Kingston,Logan - Beaudesert,Major Cities,Woodridge,Rankin,State-controlled,Bridge/Causeway,No traffic control,60 km/h,Sealed - Dry,Clear,Daylight,Straight,Level,301,Veh'S Same Direction: Rear End,Rear-end,N,0,0,1,0,1,2,0,0,0,0,0,0
356521,Hospitalisation,2021,February,Wednesday,20,Angle,Multi-Vehicle,153.112785,-27.61198045,Ferguson St,Kingston Rd,Brisbane - Beenleigh Road,Underwood,Logan City,4119,Logan Central,Logan,South Eastern,SEQ South,South Coast,Underwood,Springwood - Kingston,Logan - Beaudesert,Major Cities,Waterford,Rankin,State-controlled,Intersection - Cross,Operating traffic lights,70 km/h,Sealed - Dry,Clear,Darkness - Lighted,Straight,Level,202,Veh'S Opposite Approach: Thru-Right,Opposing vehicles turning,N,0,1,0,0,1,2,0,0,0,0,0,0
356522,Medical treatment,2021,February,Thursday,17,Rear-end,Multi-Vehicle,153.110068,-27.62588345,Ewing Rd,Monash St,,Woodridge,Logan City,4114,Logan Central,Logan,South Eastern,SEQ South,South Coast,Woodridge,Springwood - Kingston,Logan - Beaudesert,Major Cities,Woodridge,Rankin,Locally-controlled,Intersection - T-Junction,No traffic control,60 km/h,Sealed - Dry,Clear,Dawn/Dusk,Straight,Grade,303,Veh'S Same Direction: Right Rear,Rear-end,N,0,0,1,1,2,2,0,0,0,0,0,0
356523,Hospitalisation,2021,February,Thursday,18,Hit object,Single Vehicle,153.1180894,-27.65370877,Kingston Rd,,Brisbane - Beenleigh Road,Kingston,Logan City,4114,Logan Central,Logan,South Eastern,SEQ South,South Coast,Kingston (qld.),Springwood - Kingston,Logan - Beaudesert,Major Cities,Woodridge,Rankin,State-controlled,No Roadway Feature,No traffic control,70 km/h,Sealed - Dry,Clear,Darkness - Lighted,Straight,Crest,201,Veh'S Opposite Approach: Head On,Head-on,N,0,2,1,0,3,3,0,0,0,0,0,0
356524,Fatal,2021,February,Friday,6,Angle,Multi-Vehicle,153.12053,-27.61553946,Baker St,Compton Rd,,Slacks Creek,Logan City,4127,Logan Central,Logan,South Eastern,SEQ South,South Coast,Slacks Creek,Springwood - Kingston,Logan - Beaudesert,Major Cities,Waterford,Rankin,Locally-controlled,Intersection - Cross,Operating traffic lights,70 km/h,Sealed - Dry,Clear,Daylight,Straight,Grade,202,Veh'S Opposite Approach: Thru-Right,Opposing vehicles turning,,1,0,1,0,2,1,1,0,0,0,0,0
356525,Hospitalisation,2021,February,Saturday,18,Sideswipe,Multi-Vehicle,153.137647,-27.63861146,Pacific Hwy,Paradise Rd,Springwood Connection Road,Slacks Creek,Logan City,4127,Springwood,Logan,South Eastern,SEQ South,South Coast,Slacks Creek,Springwood - Kingston,Logan - Beaudesert,Major Cities,Waterford,Rankin,State-controlled,Intersection - Roundabout,No traffic control,60 km/h,Sealed - Dry,Clear,Darkness - Lighted,Straight,Level,307,Veh'S Same Direction: Lane Change Left,Lane changes,W,0,1,0,0,1,2,0,0,0,0,0,0
356526,Hospitalisation,2021,February,Wednesday,14,Rear-end,Multi-Vehicle,153.099096,-27.65680745,Corvi St,Juers St,,Kingston,Logan City,4114,Logan Central,Logan,South Eastern,SEQ South,South Coast,Kingston (qld.),Springwood - Kingston,Logan - Beaudesert,Major Cities,Woodridge,Rankin,Locally-controlled,Intersection - T-Junction,No traffic control,60 km/h,Sealed - Dry,Clear,Daylight,Straight,Level,303,Veh'S Same Direction: Right Rear,Rear-end,E,0,1,0,0,1,2,0,0,0,0,0,0
356527,Hospitalisation,2021,February,Wednesday,16,Hit pedestrian,Hit pedestrian,153.132134,-27.64042246,Meakin Rd,Paradise Rd,Springwood Connection Road,Slacks Creek,Logan City,4127,Springwood,Logan,South Eastern,SEQ South,South Coast,Slacks Creek,Springwood - Kingston,Logan - Beaudesert,Major Cities,Waterford,Rankin,State-controlled,Intersection - T-Junction,Operating traffic lights,60 km/h,Sealed - Dry,Clear,Daylight,Straight,Level,3,Ped'N: Far Side Vehicle Hit From Left,Pedestrian,E,0,1,0,0,1,1,0,0,0,0,1,0
356528,Hospitalisation,2021,February,Wednesday,22,Angle,Multi-Vehicle,153.11588,-27.64608246,Ellen St,,,Logan Central,Logan City,4114,Logan Central,Logan,South Eastern,SEQ South,South Coast,Logan Central,Springwood - Kingston,Logan - Beaudesert,Major Cities,Woodridge,Rankin,Locally-controlled,No Roadway Feature,No traffic control,60 km/h,Sealed - Dry,Clear,Darkness - Not lighted,Straight,Level,406,Veh'S Manoeuvring: Leaving Driveway,Vehicle leaving driveway,E,0,1,0,0,1,3,0,0,0,0,0,0
356529,Hospitalisation,2021,February,Friday,6,Angle,Multi-Vehicle,153.136199,-27.69213746,Kingston Rd,Loganlea Rd,Brisbane - Beenleigh Road,Waterford West,Logan City,4133,Logan Central,Logan,South Eastern,SEQ South,South Coast,Waterford West,Loganlea - Carbrook,Logan - Beaudesert,Major Cities,Waterford,Forde,State-controlled,Intersection - Cross,No traffic control,70 km/h,Sealed - Dry,Clear,Daylight,Straight,Level,202,Veh'S Opposite Approach: Thru-Right,Opposing vehicles turning,E,0,1,0,0,1,1,0,1,0,0,0,0
356530,Medical treatment,2021,February,Saturday,17,Rear-end,Multi-Vehicle,153.137127,-27.68657046,Loganlea Rd,,,Loganlea,Logan City,4131,Logan Central,Logan,South Eastern,SEQ South,South Coast,Loganlea,Loganlea - Carbrook,Logan - Beaudesert,Major Cities,Waterford,Forde,Locally-controlled,No Roadway Feature,No traffic control,70 km/h,Sealed - Dry,Clear,Daylight,Straight,Level,301,Veh'S Same Direction: Rear End,Rear-end,N,0,0,1,0,1,2,0,0,0,0,0,0
356531,Hospitalisation,2021,February,Monday,1,Hit object,Single Vehicle,153.129602,-27.67524846,Monash Rd,,,Loganlea,Logan City,4131,Logan Central,Logan,South Eastern,SEQ South,South Coast,Loganlea,Loganlea - Carbrook,Logan - Beaudesert,Major Cities,Waterford,Forde,Locally-controlled,No Roadway Feature,No traffic control,0 - 50 km/h,Sealed - Dry,Clear,Darkness - Lighted,Straight,Level,703,Off Path-Straight: Left Off Cway Hit Obj,Off carriageway on straight hit object,E,0,2,0,3,5,1,0,0,0,0,0,0
356532,Minor injury,2021,February,Tuesday,15,Rear-end,Multi-Vehicle,153.118656,-27.63000446,Kingston Rd,,Brisbane - Beenleigh Road,Slacks Creek,Logan City,4127,Logan Central,Logan,South Eastern,SEQ South,South Coast,Woodridge,Springwood - Kingston,Logan - Beaudesert,Major Cities,Waterford,Rankin,State-controlled,No Roadway Feature,No traffic control,60 km/h,Sealed - Wet,Clear,Daylight,Straight,Dip,301,Veh'S Same Direction: Rear End,Rear-end,S,0,0,0,2,2,3,0,0,0,0,0,0
356533,Medical treatment,2021,February,Tuesday,13,Rear-end,Multi-Vehicle,153.121906,-27.63893346,Janice St,Paradise Rd,Springwood Connection Road,Slacks Creek,Logan City,4127,Springwood,Logan,South Eastern,SEQ South,South Coast,Slacks Creek,Springwood - Kingston,Logan - Beaudesert,Major Cities,Waterford,Rankin,State-controlled,Intersection - T-Junction,No traffic control,60 km/h,Sealed - Wet,Raining,Daylight,Straight,Level,303,Veh'S Same Direction: Right Rear,Rear-end,E,0,0,1,0,1,2,0,0,0,0,0,0
356534,Medical treatment,2021,February,Thursday,18,Rear-end,Multi-Vehicle,153.122563,-27.68627346,Kingston Rd,Muchow Rd,Brisbane - Beenleigh Road,Loganlea,Logan City,4131,Logan Central,Logan,South Eastern,SEQ South,South Coast,Waterford West,Loganlea - Carbrook,Logan - Beaudesert,Major Cities,Waterford,Forde,State-controlled,Intersection - T-Junction,Operating traffic lights,70 km/h,Sealed - Wet,Raining,Dawn/Dusk,Straight,Level,301,Veh'S Same Direction: Rear End,Rear-end,N,0,0,1,0,1,1,0,0,1,0,0,0
356535,Hospitalisation,2021,February,Friday,6,Hit parked vehicle,Single Vehicle,153.116221,-27.66155246,Laughlin St,,,Kingston,Logan City,4114,Logan Central,Logan,South Eastern,SEQ South,South Coast,Kingston (qld.),Springwood - Kingston,Logan - Beaudesert,Major Cities,Woodridge,Rankin,Locally-controlled,No Roadway Feature,No traffic control,0 - 50 km/h,Sealed - Wet,Raining,Dawn/Dusk,Straight,Level,704,Off Path-Straight:Right Off Cway Hit Obj,Off carriageway on straight hit object,E,0,1,0,0,1,2,0,0,0,0,0,0
356536,Medical treatment,2021,February,Saturday,11,Angle,Multi-Vehicle,153.104968,-27.63833145,Station Rd,,,Logan Central,Logan City,4114,Logan Central,Logan,South Eastern,SEQ South,South Coast,Logan Central,Springwood - Kingston,Logan - Beaudesert,Major Cities,Woodridge,Rankin,Locally-controlled,No Roadway Feature,No traffic control,0 - 50 km/h,Sealed - Dry,Clear,Daylight,Straight,Level,401,Veh'S Manoeuvring: Leaving Parking,Vehicle leaving driveway,E,0,0,1,0,1,2,0,0,0,0,0,0
356537,Minor injury,2021,February,Monday,17,Hit object,Single Vehicle,153.118959,-27.63405488,Kingston Rd,,Brisbane - Beenleigh Road,Slacks Creek,Logan City,4127,Logan Central,Logan,South Eastern,SEQ South,South Coast,Woodridge,Springwood - Kingston,Logan - Beaudesert,Major Cities,Waterford,Rankin,State-controlled,No Roadway Feature,No traffic control,60 km/h,Sealed - Wet,Raining,Daylight,Straight,Level,700,Off Path-Straight: Other,Other,S,0,0,0,1,1,1,0,0,0,0,0,0
356538,Minor injury,2021,February,Monday,6,Rear-end,Multi-Vehicle,153.1368379,-27.63963062,Pacific Hwy,Paradise Rd,Springwood Connection Road,Slacks Creek,Logan City,4127,Springwood,Logan,South Eastern,SEQ South,South Coast,Slacks Creek,Springwood - Kingston,Logan - Beaudesert,Major Cities,Waterford,Rankin,State-controlled,Intersection - Roundabout,Give way sign,60 km/h,Sealed - Dry,Clear,Daylight,Curved - view open,Level,302,Veh'S Same Direction: Left Rear,Rear-end,W,0,0,0,1,1,2,0,0,0,0,0,0
356539,Medical treatment,2021,February,Wednesday,16,Rear-end,Multi-Vehicle,153.118546,-27.64241946,Kingston Rd,Wembley Rd,Springwood Connection Road,Logan Central,Logan City,4114,Logan Central,Logan,South Eastern,SEQ South,South Coast,Logan Central,Springwood - Kingston,Logan - Beaudesert,Major Cities,Woodridge,Rankin,State-controlled,Intersection - T-Junction,No traffic control,60 km/h,Sealed - Dry,Clear,Daylight,Straight,Level,302,Veh'S Same Direction: Left Rear,Rear-end,E,0,0,1,1,2,2,0,0,0,0,0,0
356540,Minor injury,2021,February,Wednesday,15,Rear-end,Multi-Vehicle,153.11729,-27.65880946,Kingston Rd,,Brisbane - Beenleigh Road,Kingston,Logan City,4114,Logan Central,Logan,South Eastern,SEQ South,South Coast,Kingston (qld.),Springwood - Kingston,Logan - Beaudesert,Major Cities,Woodridge,Rankin,State-controlled,No Roadway Feature,No traffic control,70 km/h,Sealed - Wet,Clear,Daylight,Curved - view open,Level,301,Veh'S Same Direction: Rear End,Rear-end,S,0,0,0,1,1,3,0,0,0,0,0,0
356541,Minor injury,2021,February,Friday,14,Hit pedestrian,Hit pedestrian,153.118984,-27.63620346,Kingston Rd,,Brisbane - Beenleigh Road,Slacks Creek,Logan City,4127,Logan Central,Logan,South Eastern,SEQ South,South Coast,Slacks Creek,Springwood - Kingston,Logan - Beaudesert,Major Cities,Waterford,Rankin,State-controlled,No Roadway Feature,No traffic control,0 - 50 km/h,Sealed - Dry,Clear,Daylight,Straight,Grade,7,Ped'N: Hit By Vehicle Enter/Leave D'Way,Pedestrian,U,0,0,0,1,1,0,0,0,0,0,1,1
356542,Hospitalisation,2021,March,Monday,8,Angle,Multi-Vehicle,153.114898,-27.64592146,Ellen St,,,Logan Central,Logan City,4114,Logan Central,Logan,South Eastern,SEQ South,South Coast,Logan Central,Springwood - Kingston,Logan - Beaudesert,Major Cities,Woodridge,Rankin,Locally-controlled,No Roadway Feature,No traffic control,0 - 50 km/h,Sealed - Dry,Clear,Daylight,Straight,Level,408,Veh'S Manoeuvring: Entering From Footway,Vehicle leaving driveway,E,0,1,1,0,2,2,0,0,0,0,0,0
356543,Medical treatment,2021,March,Tuesday,5,Rear-end,Multi-Vehicle,153.10967,-27.62809645,Ewing Rd,,,Woodridge,Logan City,4114,Logan Central,Logan,South Eastern,SEQ South,South Coast,Woodridge,Springwood - Kingston,Logan - Beaudesert,Major Cities,Woodridge,Rankin,Locally-controlled,No Roadway Feature,No traffic control,60 km/h,Sealed - Wet,Raining,Dawn/Dusk,Straight,Grade,301,Veh'S Same Direction: Rear End,Rear-end,S,0,0,1,1,2,3,0,0,0,0,0,0
356544,Minor injury,2021,March,Tuesday,15,Rear-end,Multi-Vehicle,153.0963612,-27.65399465,Bardon Rd,,,Kingston,Logan City,4114,Logan Central,Logan,South Eastern,SEQ South,South Coast,Logan Central,Springwood - Kingston,Logan - Beaudesert,Major Cities,Woodridge,Rankin,Locally-controlled,No Roadway Feature,No traffic control,60 km/h,Sealed - Dry,Clear,Daylight,Straight,Level,301,Veh'S Same Direction: Rear End,Rear-end,S,0,0,0,1,1,2,0,0,0,0,0,0
356545,Hospitalisation,2021,March,Wednesday,15,Hit parked vehicle,Single Vehicle,153.1281152,-27.64951189,Andrew St,,,Slacks Creek,Logan City,4127,Logan Central,Logan,South Eastern,SEQ South,South Coast,Slacks Creek,Springwood - Kingston,Logan - Beaudesert,Major Cities,Waterford,Rankin,Locally-controlled,No Roadway Feature,No traffic control,60 km/h,Sealed - Dry,Clear,Daylight,Straight,Level,601,Veh'S On Path: Parked,Hit parked vehicle,W,0,1,0,0,1,3,0,0,0,0,0,0
356546,Medical treatment,2021,March,Wednesday,23,Hit parked vehicle,Single Vehicle,153.1061482,-27.66047593,Sapium St,,,Kingston,Logan City,4114,Logan Central,Logan,South Eastern,SEQ South,South Coast,Kingston (qld.),Springwood - Kingston,Logan - Beaudesert,Major Cities,Woodridge,Rankin,Locally-controlled,No Roadway Feature,No traffic control,0 - 50 km/h,Sealed - Dry,Clear,Darkness - Lighted,Straight,Grade,601,Veh'S On Path: Parked,Hit parked vehicle,E,0,0,1,0,1,2,0,0,0,0,0,0
356547,Hospitalisation,2021,March,Thursday,9,Rear-end,Multi-Vehicle,153.109413,-27.64372445,Curry St,Mayes Ave,,Logan Central,Logan City,4114,Logan Central,Logan,South Eastern,SEQ South,South Coast,Logan Central,Springwood - Kingston,Logan - Beaudesert,Major Cities,Woodridge,Rankin,Locally-controlled,Intersection - T-Junction,No traffic control,60 km/h,Sealed - Dry,Clear,Daylight,Straight,Level,301,Veh'S Same Direction: Rear End,Rear-end,S,0,1,0,1,2,3,0,0,0,0,0,0
356548,Minor injury,2021,March,Friday,9,Sideswipe,Multi-Vehicle,153.1396114,-27.66663013,Loganlea Rd,,,Meadowbrook,Logan City,4131,Logan Central,Logan,South Eastern,SEQ South,South Coast,Loganlea,Loganlea - Carbrook,Logan - Beaudesert,Major Cities,Waterford,Forde,Locally-controlled,No Roadway Feature,No traffic control,70 km/h,Sealed - Dry,Clear,Daylight,Straight,Level,307,Veh'S Same Direction: Lane Change Left,Lane changes,N,0,0,0,1,1,2,0,0,0,0,0,0
356549,Medical treatment,2021,March,Monday,15,Rear-end,Multi-Vehicle,153.132534,-27.64045346,Paradise Rd,,Springwood Connection Road,Slacks Creek,Logan City,4127,Springwood,Logan,South Eastern,SEQ South,South Coast,Slacks Creek,Springwood - Kingston,Logan - Beaudesert,Major Cities,Waterford,Rankin,State-controlled,No Roadway Feature,No traffic control,60 km/h,Sealed - Dry,Clear,Daylight,Straight,Level,301,Veh'S Same Direction: Rear End,Rear-end,W,0,0,1,0,1,2,0,0,0,0,0,0
356550,Minor injury,2021,March,Tuesday,5,Rear-end,Multi-Vehicle,153.128281,-27.66739346,Logan Mwy,,Logan Motorway (Gailes - Loganholme),Loganlea,Logan City,4131,Logan Central,Logan,South Eastern,SEQ South,South Coast,Loganlea,Loganlea - Carbrook,Logan - Beaudesert,Major Cities,Waterford,Rankin,State-controlled,No Roadway Feature,No traffic control,100 - 110 km/h,Sealed - Wet,Raining,Dawn/Dusk,Straight,Level,301,Veh'S Same Direction: Rear End,Rear-end,W,0,0,0,1,1,2,0,0,0,0,0,0
356551,Hospitalisation,2021,March,Wednesday,17,Angle,Multi-Vehicle,153.138664,-27.65302446,Queens Rd,,,Slacks Creek,Logan City,4127,Logan Central,Logan,South Eastern,SEQ South,South Coast,Slacks Creek,Springwood - Kingston,Logan - Beaudesert,Major Cities,Waterford,Rankin,Locally-controlled,No Roadway Feature,No traffic control,60 km/h,Sealed - Dry,Clear,Daylight,Straight,Level,408,Veh'S Manoeuvring: Entering From Footway,Vehicle leaving driveway,E,0,1,0,0,1,2,0,0,0,0,0,0
356552,Medical treatment,2021,March,Wednesday,15,Angle,Multi-Vehicle,153.108327,-27.64106045,Wembley Rd,,Springwood Connection Road,Logan Central,Logan City,4114,Logan Central,Logan,South Eastern,SEQ South,South Coast,Logan Central,Springwood - Kingston,Logan - Beaudesert,Major Cities,Woodridge,Rankin,State-controlled,No Roadway Feature,No traffic control,60 km/h,Sealed - Dry,Clear,Daylight,Straight,Level,406,Veh'S Manoeuvring: Leaving Driveway,Vehicle leaving driveway,W,0,0,1,0,1,2,0,0,0,0,0,0
356553,Hospitalisation,2021,March,Saturday,14,Hit pedestrian,Hit pedestrian,153.128031,-27.67666546,Bruce Cres,,,Loganlea,Logan City,4131,Logan Central,Logan,South Eastern,SEQ South,South Coast,Loganlea,Loganlea - Carbrook,Logan - Beaudesert,Major Cities,Waterford,Forde,Locally-controlled,No Roadway Feature,No traffic control,0 - 50 km/h,Sealed - Dry,Clear,Daylight,Straight,Level,3,Ped'N: Far Side Vehicle Hit From Left,Pedestrian,S,0,1,0,0,1,1,0,0,0,0,1,0
356554,Medical treatment,2021,March,Sunday,6,Head-on,Multi-Vehicle,153.118546,-27.64257246,Kingston Rd,Wembley Rd,Brisbane - Beenleigh Road,Logan Central,Logan City,4114,Logan Central,Logan,South Eastern,SEQ South,South Coast,Logan Central,Springwood - Kingston,Logan - Beaudesert,Major Cities,Woodridge,Rankin,State-controlled,Intersection - T-Junction,Operating traffic lights,70 km/h,Sealed - Dry,Clear,Daylight,Straight,Grade,202,Veh'S Opposite Approach: Thru-Right,Opposing vehicles turning,S,0,0,2,0,2,2,0,0,0,0,0,0
356555,Medical treatment,2021,March,Monday,7,Angle,Multi-Vehicle,153.1189491,-27.63372684,Kingston Rd,,Brisbane - Beenleigh Road,Slacks Creek,Logan City,4127,Logan Central,Logan,South Eastern,SEQ South,South Coast,Woodridge,Springwood - Kingston,Logan - Beaudesert,Major Cities,Waterford,Rankin,State-controlled,No Roadway Feature,No traffic control,70 km/h,Sealed - Dry,Clear,Daylight,Straight,Level,400,Veh'S Manoeuvring: Other,Other,N,0,0,1,0,1,0,0,0,0,1,0,1
356556,Hospitalisation,2021,March,Thursday,15,Sideswipe,Multi-Vehicle,153.114312,-27.65971946,Juers St,,,Kingston,Logan City,4114,Logan Central,Logan,South Eastern,SEQ South,South Coast,Kingston (qld.),Springwood - Kingston,Logan - Beaudesert,Major Cities,Woodridge,Rankin,Locally-controlled,No Roadway Feature,No traffic control,60 km/h,Sealed - Dry,Clear,Daylight,Straight,Level,500,Veh'S Overtaking: Other,Other,,0,1,0,0,1,3,0,0,0,0,0,0
356557,Minor injury,2021,March,Saturday,20,Hit object,Single Vehicle,153.110043,-27.65213745,Camelia Ave,,,Logan Central,Logan City,4114,Logan Central,Logan,South Eastern,SEQ South,South Coast,Logan Central,Springwood - Kingston,Logan - Beaudesert,Major Cities,Woodridge,Rankin,Locally-controlled,No Roadway Feature,No traffic control,0 - 50 km/h,Sealed - Dry,Clear,Darkness - Not lighted,Straight,Level,704,Off Path-Straight:Right Off Cway Hit Obj,Off carriageway on straight hit object,E,0,0,0,1,1,1,0,0,0,0,0,0
356558,Medical treatment,2021,March,Monday,0,Hit object,Single Vehicle,153.117987,-27.65419846,Clare Rd,Ken May Wy,Brisbane - Beenleigh Road,Kingston,Logan City,4114,Logan Central,Logan,South Eastern,SEQ South,South Coast,Kingston (qld.),Springwood - Kingston,Logan - Beaudesert,Major Cities,Woodridge,Rankin,State-controlled,Intersection - T-Junction,Operating traffic lights,60 km/h,Sealed - Wet,Clear,Darkness - Lighted,Straight,Level,708,Off Path-Straight: Mounts Traffic Island,Off carriageway on straight hit object,S,0,0,1,0,1,1,0,0,0,0,0,0
356559,Hospitalisation,2021,March,Wednesday,16,Rear-end,Multi-Vehicle,153.122091,-27.67431646,Kingston Rd,Monash Rd,Brisbane - Beenleigh Road,Loganlea,Logan City,4131,Logan Central,Logan,South Eastern,SEQ South,South Coast,Loganlea,Loganlea - Carbrook,Logan - Beaudesert,Major Cities,Waterford,Forde,State-controlled,Intersection - Cross,Operating traffic lights,70 km/h,Sealed - Dry,Clear,Daylight,Straight,Level,301,Veh'S Same Direction: Rear End,Rear-end,S,0,2,0,0,2,2,0,0,0,0,0,0
356560,Hospitalisation,2021,March,Monday,14,Rear-end,Multi-Vehicle,153.1256515,-27.66786102,Logan Mwy,,Logan Motorway (Gailes - Loganholme),Loganlea,Logan City,4131,Logan Central,Logan,South Eastern,SEQ South,South Coast,Loganlea,Loganlea - Carbrook,Logan - Beaudesert,Major Cities,Waterford,Rankin,State-controlled,No Roadway Feature,No traffic control,100 - 110 km/h,Sealed - Dry,Clear,Daylight,Straight,Level,301,Veh'S Same Direction: Rear End,Rear-end,E,0,1,0,0,1,2,0,2,0,0,0,0
356561,Medical treatment,2021,March,Monday,18,Rear-end,Multi-Vehicle,153.1222183,-27.66952943,Kingston Rd,,Brisbane - Beenleigh Road,Loganlea,Logan City,4131,Logan Central,Logan,South Eastern,SEQ South,South Coast,Loganlea,Loganlea - Carbrook,Logan - Beaudesert,Major Cities,Waterford,Forde,State-controlled,No Roadway Feature,No traffic control,70 km/h,Sealed - Dry,Clear,Darkness - Not lighted,Straight,Level,301,Veh'S Same Direction: Rear End,Rear-end,S,0,0,1,0,1,2,0,0,0,0,0,0
356562,Hospitalisation,2021,April,Thursday,6,Angle,Multi-Vehicle,153.121727,-27.68199446,Kingston Rd,Logan Reserve Rd,Brisbane - Beenleigh Road,Waterford West,Logan City,4133,Logan Central,Logan,South Eastern,SEQ South,South Coast,Waterford West,Loganlea - Carbrook,Logan - Beaudesert,Major Cities,Waterford,Forde,State-controlled,Intersection - T-Junction,No traffic control,70 km/h,Sealed - Dry,Clear,Daylight,Straight,Level,202,Veh'S Opposite Approach: Thru-Right,Opposing vehicles turning,S,0,1,0,1,2,2,0,0,0,0,0,0
356563,Hospitalisation,2021,April,Friday,16,Hit object,Single Vehicle,153.116258,-27.67130246,Mudgee St,,,Kingston,Logan City,4114,Logan Central,Logan,South Eastern,SEQ South,South Coast,Kingston (qld.),Springwood - Kingston,Logan - Beaudesert,Major Cities,Woodridge,Rankin,Locally-controlled,No Roadway Feature,No traffic control,0 - 50 km/h,Sealed - Dry,Clear,Daylight,Curved - view open,Level,803,Off Path-Curve: Off Cway Rt Bend Hit Obj,Off carriageway on curve hit object,S,0,1,0,0,1,0,1,0,0,0,0,0
356564,Medical treatment,2021,April,Friday,19,Hit parked vehicle,Single Vehicle,153.103094,-27.65707345,Juers St,,,Kingston,Logan City,4114,Logan Central,Logan,South Eastern,SEQ South,South Coast,Kingston (qld.),Springwood - Kingston,Logan - Beaudesert,Major Cities,Woodridge,Rankin,Locally-controlled,No Roadway Feature,No traffic control,60 km/h,Sealed - Dry,Clear,Darkness - Lighted,Curved - view open,Level,803,Off Path-Curve: Off Cway Rt Bend Hit Obj,Off carriageway on curve hit object,E,0,0,1,0,1,2,0,0,0,0,0,0
356565,Medical treatment,2021,April,Sunday,19,Hit object,Single Vehicle,153.105956,-27.64138745,Wembley Rd,,Springwood Connection Road,Logan Central,Logan City,4114,Logan Central,Logan,South Eastern,SEQ South,South Coast,Logan Central,Springwood - Kingston,Logan - Beaudesert,Major Cities,Woodridge,Rankin,State-controlled,No Roadway Feature,No traffic control,60 km/h,Sealed - Wet,Raining,Darkness - Lighted,Straight,Grade,708,Off Path-Straight: Mounts Traffic Island,Off carriageway on straight hit object,W,0,0,1,0,1,1,0,0,0,0,0,0
356566,Hospitalisation,2021,April,Monday,10,Angle,Multi-Vehicle,153.123318,-27.66503846,Battle St,Jutland St,,Loganlea,Logan City,4131,Logan Central,Logan,South Eastern,SEQ South,South Coast,Loganlea,Loganlea - Carbrook,Logan - Beaudesert,Major Cities,Waterford,Rankin,Locally-controlled,Intersection - T-Junction,No traffic control,60 km/h,Sealed - Wet,Raining,Daylight,Curved - view open,Level,106,Veh'S Adjacent Approach: Left-Right,Intersection from adjacent approaches,W,0,1,0,1,2,2,0,0,0,0,0,0