Crash_Severity,Crash_Year,Crash_Month,Crash_Day_Of_Week,Crash_Hour,Crash_Nature,Crash_Type,Crash_Longitude,Crash_Latitude,Crash_Street,Crash_Street_Intersecting,State_Road_Name,Loc_Suburb,Loc_Local_Government_Area,Loc_Post_Code,Loc_Police_Division,Loc_Police_District,Loc_Police_Region,Loc_Queensland_Transport_Region,Loc_Main_Roads_Region,Loc_ABS_Statistical_Area_2,Loc_ABS_Statistical_Area_3,Loc_ABS_Statistical_Area_4,Loc_ABS_Remoteness,Loc_State_Electorate,Loc_Federal_Electorate,Crash_Controlling_Authority,Crash_Roadway_Feature,Crash_Traffic_Control,Crash_Speed_Limit,Crash_Road_Surface_Condition,Crash_Atmospheric_Condition,Crash_Lighting_Condition,Crash_Road_Horiz_Align,Crash_Road_Vert_Align,Crash_DCA_Code,Crash_DCA_Description,Crash_DCA_Group_Description,DCA_Key_Approach_Dir,Count_Casualty_Fatality,Count_Casualty_Hospitalised,Count_Casualty_MedicallyTreated,Count_Casualty_MinorInjury,Count_Casualty_Total,Count_Unit_Car,Count_Unit_Motorcycle_Moped,Count_Unit_Truck,Count_Unit_Bus,Count_Unit_Bicycle,Count_Unit_Pedestrian,Count_Unit_Other,
356751,Medical treatment,2021,January,Thursday,16,Rear-end,Multi-Vehicle,152.9712811,-27.10882144,Buchanan Rd,,,Morayfield,Moreton Bay Region,4506,Caboolture,Moreton,North Coast,SEQ North,North Coast,Morayfield - East,Caboolture,Moreton Bay - North,Major Cities,Morayfield,Longman,Locally-controlled,No Roadway Feature,No traffic control,60 km/h,Sealed - Dry,Clear,Daylight,Straight,Grade,301,Veh'S Same Direction: Rear End,Rear-end,W,0,0,1,0,1,2,0,0,0,0,0,0
356752,Medical treatment,2021,January,Friday,6,Angle,Multi-Vehicle,152.9506111,-27.06989443,Dances Rd,Pumicestone Rd,D'Aguilar Highway (Caboolture - Kilcoy),Caboolture,Moreton Bay Region,4510,Caboolture,Moreton,North Coast,SEQ North,North Coast,Caboolture,Caboolture,Moreton Bay - North,Major Cities,Pumicestone,Longman,State-controlled,Intersection - Cross,Operating traffic lights,60 km/h,Sealed - Dry,Clear,Daylight,Straight,Level,202,Veh'S Opposite Approach: Thru-Right,Opposing vehicles turning,N,0,0,2,0,2,2,0,0,0,0,0,0
356753,Hospitalisation,2021,January,Saturday,10,Hit object,Single Vehicle,152.8805561,-27.15773643,Haywood Rd,,,Moorina,Moreton Bay Region,4506,Burpengary,Moreton,North Coast,SEQ North,North Coast,Upper Caboolture,Narangba - Burpengary,Moreton Bay - North,Major Cities,Glass House,Longman,Locally-controlled,No Roadway Feature,No traffic control,60 km/h,Sealed - Dry,Clear,Daylight,Straight,Level,703,Off Path-Straight: Left Off Cway Hit Obj,Off carriageway on straight hit object,N,0,1,0,0,1,1,0,0,0,0,0,0
356754,Medical treatment,2021,January,Monday,21,Hit pedestrian,Hit pedestrian,152.9702101,-27.05934444,Castle Ct,,,Caboolture,Moreton Bay Region,4510,Caboolture,Moreton,North Coast,SEQ North,North Coast,Caboolture,Caboolture,Moreton Bay - North,Major Cities,Pumicestone,Longman,Locally-controlled,No Roadway Feature,No traffic control,0 - 50 km/h,Sealed - Dry,Clear,Darkness - Lighted,Straight,Level,0,Ped'N: Hit Other,Other,W,0,0,1,0,1,1,0,0,0,0,1,0
356755,Medical treatment,2021,January,Tuesday,13,Hit object,Single Vehicle,152.9756811,-27.08991373,Bruce Hwy,,Bruce Highway (Brisbane - Gympie),Caboolture,Moreton Bay Region,4510,Caboolture,Moreton,North Coast,SEQ North,North Coast,Caboolture,Caboolture,Moreton Bay - North,Major Cities,Pumicestone,Longman,State-controlled,No Roadway Feature,No traffic control,100 - 110 km/h,Sealed - Dry,Clear,Daylight,Straight,Level,301,Veh'S Same Direction: Rear End,Rear-end,S,0,0,1,0,1,3,0,0,0,0,0,0
356756,Medical treatment,2021,January,Friday,14,Rear-end,Multi-Vehicle,152.9380691,-27.09563743,Torrens Rd,,,Caboolture South,Moreton Bay Region,4510,Caboolture,Moreton,North Coast,SEQ North,North Coast,Caboolture - South,Caboolture,Moreton Bay - North,Major Cities,Morayfield,Longman,Locally-controlled,No Roadway Feature,No traffic control,60 km/h,Sealed - Dry,Clear,Daylight,Straight,Level,301,Veh'S Same Direction: Rear End,Rear-end,E,0,0,3,0,3,2,0,0,0,0,0,0
356757,Hospitalisation,2021,January,Saturday,16,Hit object,Single Vehicle,152.955438,-27.0859726,Esme Ave,,,Caboolture,Moreton Bay Region,4510,Caboolture,Moreton,North Coast,SEQ North,North Coast,Caboolture,Caboolture,Moreton Bay - North,Major Cities,Morayfield,Longman,Locally-controlled,No Roadway Feature,No traffic control,0 - 50 km/h,Sealed - Dry,Clear,Daylight,Curved - view obscured,Grade,808,Off Path-Curve: Mounts Traffic Island,Off carriageway on curve hit object,N,0,1,0,0,1,1,0,0,0,0,0,0
356758,Medical treatment,2021,January,Saturday,16,Angle,Multi-Vehicle,152.9482261,-27.11237343,Oakey Flat Rd,Walkers Rd,,Morayfield,Moreton Bay Region,4506,Caboolture,Moreton,North Coast,SEQ North,North Coast,Caboolture - South,Caboolture,Moreton Bay - North,Major Cities,Morayfield,Longman,Locally-controlled,Intersection - T-Junction,Give way sign,60 km/h,Sealed - Dry,Clear,Daylight,Straight,Crest,107,Veh'S Adjacent Approach: Thru-Left,Intersection from adjacent approaches,W,0,0,1,0,1,2,0,0,0,0,0,0
356759,Hospitalisation,2021,February,Monday,5,Sideswipe,Multi-Vehicle,152.9781411,-27.14372844,Bruce Hwy,Uhlmann Rd,Bruce Highway (Brisbane - Gympie),Burpengary,Moreton Bay Region,4505,Burpengary,Moreton,North Coast,SEQ North,North Coast,Burpengary,Narangba - Burpengary,Moreton Bay - North,Major Cities,Kurwongbah,Longman,State-controlled,Intersection - Interchange,No traffic control,100 - 110 km/h,Sealed - Wet,Clear,Daylight,Straight,Level,307,Veh'S Same Direction: Lane Change Left,Lane changes,N,0,1,0,0,1,1,0,0,0,0,0,1
356760,Hospitalisation,2021,February,Monday,19,Fall from vehicle,Single Vehicle,152.8896256,-27.09224259,Bellmere Rd,,,Bellmere,Moreton Bay Region,4510,Caboolture,Moreton,North Coast,SEQ North,North Coast,Wamuran,Caboolture,Moreton Bay - North,Major Cities,Glass House,Longman,Locally-controlled,No Roadway Feature,No traffic control,80 - 90 km/h,Sealed - Dry,Clear,Darkness - Not lighted,Curved - view open,Level,805,Off Path-Curve: Out Of Control On Cway,Out of control on curve,E,0,1,0,0,1,0,1,0,0,0,0,0
356761,Hospitalisation,2021,February,Tuesday,6,Hit object,Single Vehicle,152.9762251,-27.10897344,Bruce Hwy,,Bruce Highway (Brisbane - Gympie),Morayfield,Moreton Bay Region,4506,Caboolture,Moreton,North Coast,SEQ North,North Coast,Morayfield - East,Caboolture,Moreton Bay - North,Major Cities,Morayfield,Longman,State-controlled,No Roadway Feature,No traffic control,100 - 110 km/h,Sealed - Dry,Clear,Daylight,Straight,Level,703,Off Path-Straight: Left Off Cway Hit Obj,Off carriageway on straight hit object,N,0,1,0,0,1,1,0,0,0,0,0,0
356762,Minor injury,2021,February,Tuesday,16,Hit object,Single Vehicle,152.9023591,-27.05747643,D'Aguilar Hwy,Lord La,D'Aguilar Highway (Caboolture - Kilcoy),Moodlu,Moreton Bay Region,4510,Caboolture,Moreton,North Coast,SEQ North,North Coast,Caboolture,Caboolture,Moreton Bay - North,Major Cities,Pumicestone,Longman,State-controlled,Intersection - T-Junction,No traffic control,100 - 110 km/h,Sealed - Dry,Clear,Daylight,Straight,Level,703,Off Path-Straight: Left Off Cway Hit Obj,Off carriageway on straight hit object,E,0,0,0,1,1,1,0,0,0,0,0,0
356763,Hospitalisation,2021,February,Wednesday,0,Hit object,Single Vehicle,152.9147181,-27.06771643,King St,,Caboolture Connection Road,Caboolture,Moreton Bay Region,4510,Caboolture,Moreton,North Coast,SEQ North,North Coast,Caboolture,Caboolture,Moreton Bay - North,Major Cities,Morayfield,Longman,State-controlled,No Roadway Feature,No traffic control,70 km/h,Sealed - Wet,Raining,Darkness - Lighted,Curved - view open,Level,803,Off Path-Curve: Off Cway Rt Bend Hit Obj,Off carriageway on curve hit object,W,0,1,0,0,1,1,0,0,0,0,0,0
356764,Hospitalisation,2021,February,Saturday,3,Hit object,Single Vehicle,152.9774993,-27.13030019,Bruce Hwy,,Bruce Highway (Brisbane - Gympie),Burpengary,Moreton Bay Region,4505,Burpengary,Moreton,North Coast,SEQ North,North Coast,Burpengary - East,Caboolture,Moreton Bay - North,Major Cities,Bancroft,Longman,State-controlled,No Roadway Feature,No traffic control,100 - 110 km/h,Sealed - Dry,Clear,Darkness - Lighted,Straight,Level,704,Off Path-Straight:Right Off Cway Hit Obj,Off carriageway on straight hit object,N,0,1,0,0,1,1,0,0,0,0,0,0
356765,Medical treatment,2021,February,Monday,14,Angle,Multi-Vehicle,152.9615221,-27.09401044,Raff Rd,,,Caboolture South,Moreton Bay Region,4510,Caboolture,Moreton,North Coast,SEQ North,North Coast,Morayfield - East,Caboolture,Moreton Bay - North,Major Cities,Morayfield,Longman,Locally-controlled,No Roadway Feature,No traffic control,0 - 50 km/h,Sealed - Dry,Clear,Daylight,Straight,Level,406,Veh'S Manoeuvring: Leaving Driveway,Vehicle leaving driveway,W,0,0,2,0,2,2,0,1,0,0,0,0
356766,Medical treatment,2021,February,Thursday,13,Hit pedestrian,Hit pedestrian,152.9232671,-27.08951643,Rhiannon Ct,,,Bellmere,Moreton Bay Region,4510,Caboolture,Moreton,North Coast,SEQ North,North Coast,Caboolture - South,Caboolture,Moreton Bay - North,Major Cities,Morayfield,Longman,Locally-controlled,No Roadway Feature,No traffic control,0 - 50 km/h,Sealed - Dry,Clear,Daylight,Straight,Crest,900,Pass & Misc: Other,Other,,0,0,2,0,2,1,0,0,0,0,1,0
356767,Minor injury,2021,February,Thursday,17,Sideswipe,Multi-Vehicle,152.9740484,-27.04137947,Pumicestone Rd,,,Caboolture,Moreton Bay Region,4516,Caboolture,Moreton,North Coast,SEQ North,North Coast,Elimbah,Caboolture,Moreton Bay - North,Major Cities,Pumicestone,Longman,Locally-controlled,Merge Lane,No traffic control,80 - 90 km/h,Sealed - Dry,Clear,Dawn/Dusk,Curved - view open,Grade,305,Veh'S Same Direction: Lane Side Swipe,Lane changes,N,0,0,0,1,1,2,0,0,0,0,0,0
356768,Medical treatment,2021,February,Friday,17,Head-on,Multi-Vehicle,152.9553771,-27.16103344,Rowley Rd,,,Burpengary,Moreton Bay Region,4505,Burpengary,Moreton,North Coast,SEQ North,North Coast,Burpengary,Narangba - Burpengary,Moreton Bay - North,Major Cities,Morayfield,Longman,Locally-controlled,Bridge/Causeway,No traffic control,60 km/h,Sealed - Dry,Clear,Daylight,Curved - view open,Grade,201,Veh'S Opposite Approach: Head On,Head-on,E,0,0,1,0,1,2,0,0,0,0,0,0
356769,Medical treatment,2021,February,Friday,18,Angle,Multi-Vehicle,152.9412841,-27.05788843,Central Springs Pde,Old Gympie Rd,,Caboolture,Moreton Bay Region,4510,Caboolture,Moreton,North Coast,SEQ North,North Coast,Caboolture,Caboolture,Moreton Bay - North,Major Cities,Pumicestone,Longman,Locally-controlled,Intersection - T-Junction,No traffic control,80 - 90 km/h,Sealed - Dry,Clear,Dawn/Dusk,Straight,Grade,202,Veh'S Opposite Approach: Thru-Right,Opposing vehicles turning,S,0,0,2,0,2,2,0,0,0,0,0,0
356770,Minor injury,2021,February,Friday,22,Hit object,Single Vehicle,152.9442541,-27.09302843,Moon St,Rosemary St,,Caboolture South,Moreton Bay Region,4510,Caboolture,Moreton,North Coast,SEQ North,North Coast,Caboolture - South,Caboolture,Moreton Bay - North,Major Cities,Morayfield,Longman,Locally-controlled,Intersection - T-Junction,No traffic control,0 - 50 km/h,Sealed - Dry,Clear,Darkness - Lighted,Straight,Level,708,Off Path-Straight: Mounts Traffic Island,Off carriageway on straight hit object,W,0,0,0,1,1,1,0,0,0,0,0,0
356771,Hospitalisation,2021,February,Saturday,16,Hit object,Single Vehicle,152.9304141,-27.10978043,Walkers Rd,,,Morayfield,Moreton Bay Region,4506,Caboolture,Moreton,North Coast,SEQ North,North Coast,Caboolture - South,Caboolture,Moreton Bay - North,Major Cities,Morayfield,Longman,Locally-controlled,No Roadway Feature,No traffic control,70 km/h,Sealed - Dry,Clear,Daylight,Straight,Crest,705,Off Path-Straight:Out Of Control On Cway,Out of control on straight,W,0,1,0,0,1,1,0,0,0,0,0,0
356772,Minor injury,2021,February,Sunday,16,Angle,Multi-Vehicle,152.9507591,-27.08881943,Morayfield Rd,Stringfellow Rd,Burpengary - Caboolture Road,Caboolture,Moreton Bay Region,4510,Caboolture,Moreton,North Coast,SEQ North,North Coast,Caboolture,Caboolture,Moreton Bay - North,Major Cities,Morayfield,Longman,State-controlled,No Roadway Feature,Stop sign,60 km/h,Sealed - Dry,Clear,Daylight,Straight,Level,406,Veh'S Manoeuvring: Leaving Driveway,Vehicle leaving driveway,S,0,0,0,1,1,2,0,0,0,0,0,0
356773,Medical treatment,2021,February,Monday,14,Rear-end,Multi-Vehicle,152.9685941,-27.10836144,Graham Rd,Weier Rd,,Morayfield,Moreton Bay Region,4506,Caboolture,Moreton,North Coast,SEQ North,North Coast,Morayfield - East,Caboolture,Moreton Bay - North,Major Cities,Morayfield,Longman,Locally-controlled,Intersection - Roundabout,Give way sign,60 km/h,Sealed - Dry,Clear,Daylight,Straight,Grade,301,Veh'S Same Direction: Rear End,Rear-end,E,0,0,1,0,1,2,0,0,0,0,0,0
356774,Medical treatment,2021,February,Tuesday,16,Rear-end,Multi-Vehicle,152.9488531,-27.09928043,Morayfield Rd,,Burpengary - Caboolture Road,Caboolture South,Moreton Bay Region,4510,Caboolture,Moreton,North Coast,SEQ North,North Coast,Caboolture - South,Caboolture,Moreton Bay - North,Major Cities,Morayfield,Longman,State-controlled,No Roadway Feature,No traffic control,60 km/h,Sealed - Wet,Raining,Daylight,Straight,Level,301,Veh'S Same Direction: Rear End,Rear-end,S,0,0,1,0,1,4,0,0,0,0,0,0
356775,Medical treatment,2021,February,Tuesday,14,Rear-end,Multi-Vehicle,152.9523361,-27.08180343,Beerburrum Rd,Bertha St,Beerburrum Road,Caboolture,Moreton Bay Region,4510,Caboolture,Moreton,North Coast,SEQ North,North Coast,Caboolture,Caboolture,Moreton Bay - North,Major Cities,Morayfield,Longman,State-controlled,Intersection - Cross,Operating traffic lights,60 km/h,Sealed - Dry,Clear,Daylight,Curved - view open,Level,301,Veh'S Same Direction: Rear End,Rear-end,S,0,0,1,0,1,2,0,0,0,0,0,0
356776,Medical treatment,2021,February,Tuesday,8,Hit pedestrian,Hit pedestrian,152.9513036,-27.08256243,East St,,,Caboolture,Moreton Bay Region,4510,Caboolture,Moreton,North Coast,SEQ North,North Coast,Caboolture,Caboolture,Moreton Bay - North,Major Cities,Morayfield,Longman,Locally-controlled,No Roadway Feature,No traffic control,60 km/h,Sealed - Dry,Clear,Daylight,Straight,Level,0,Ped'N: Hit Other,Other,E,0,0,1,0,1,1,0,0,0,0,1,0
356777,Minor injury,2021,February,Wednesday,15,Hit object,Single Vehicle,152.9147581,-27.10517143,Dobson La,,,Upper Caboolture,Moreton Bay Region,4510,Caboolture,Moreton,North Coast,SEQ North,North Coast,Caboolture - South,Caboolture,Moreton Bay - North,Major Cities,Glass House,Longman,Locally-controlled,No Roadway Feature,No traffic control,0 - 50 km/h,Sealed - Wet,Raining,Daylight,Straight,Level,704,Off Path-Straight:Right Off Cway Hit Obj,Off carriageway on straight hit object,N,0,0,0,1,1,1,0,0,0,0,0,0
356778,Medical treatment,2021,February,Sunday,13,Rear-end,Multi-Vehicle,152.9785718,-26.99079363,Bruce Hwy On Ramp,,Bruce Highway (Brisbane - Gympie),Elimbah,Moreton Bay Region,4516,Beerwah,Sunshine Coast,North Coast,SEQ North,North Coast,Elimbah,Caboolture,Moreton Bay - North,Major Cities,Pumicestone,Longman,State-controlled,Intersection - Interchange,No traffic control,80 - 90 km/h,Sealed - Dry,Clear,Daylight,Curved - view open,Grade,301,Veh'S Same Direction: Rear End,Rear-end,S,0,0,1,0,1,1,0,0,0,0,0,1
356779,Hospitalisation,2021,February,Monday,16,Overturned,Single Vehicle,152.9801011,-26.98482944,Bruce Hwy,,Bruce Highway (Brisbane - Gympie),Elimbah,Moreton Bay Region,4516,Beerwah,Sunshine Coast,North Coast,SEQ North,North Coast,Elimbah,Caboolture,Moreton Bay - North,Major Cities,Pumicestone,Longman,State-controlled,No Roadway Feature,No traffic control,100 - 110 km/h,Sealed - Dry,Clear,Daylight,Curved - view open,Level,900,Pass & Misc: Other,Other,S,0,1,0,0,1,1,0,1,0,0,0,0
356780,Fatal,2021,February,Thursday,9,Angle,Multi-Vehicle,152.9794111,-27.03986544,Bruce Hwy On Ramp,Pumicestone Rd,Pumicestone Road,Caboolture,Moreton Bay Region,4516,Caboolture,Moreton,North Coast,SEQ North,North Coast,Elimbah,Caboolture,Moreton Bay - North,Major Cities,Pumicestone,Longman,State-controlled,Intersection - Interchange,Give way sign,60 km/h,Sealed - Wet,Raining,Daylight,Straight,Grade,102,Veh'S Adjacent Approach: Right-Thru,Intersection from adjacent approaches,S,1,0,0,1,2,1,1,0,0,0,0,0
356781,Medical treatment,2021,February,Friday,9,Rear-end,Multi-Vehicle,152.9446991,-27.11864743,Oakey Flat Rd,Sheoak St,,Morayfield,Moreton Bay Region,4506,Burpengary,Moreton,North Coast,SEQ North,North Coast,Caboolture - South,Caboolture,Moreton Bay - North,Major Cities,Morayfield,Longman,Locally-controlled,Intersection - T-Junction,Road/Rail worker,0 - 50 km/h,Sealed - Dry,Clear,Daylight,Straight,Level,301,Veh'S Same Direction: Rear End,Rear-end,,0,0,1,0,1,1,0,1,0,0,0,0
356782,Hospitalisation,2021,February,Saturday,6,Angle,Multi-Vehicle,152.9651501,-27.05130544,Platinum Rd,Pumicestone Rd,,Caboolture,Moreton Bay Region,4510,Caboolture,Moreton,North Coast,SEQ North,North Coast,Caboolture,Caboolture,Moreton Bay - North,Major Cities,Pumicestone,Longman,Locally-controlled,Intersection - Roundabout,Give way sign,60 km/h,Sealed - Dry,Clear,Daylight,Straight,Level,408,Veh'S Manoeuvring: Entering From Footway,Vehicle leaving driveway,E,0,1,0,0,1,1,0,0,0,1,0,0
356783,Minor injury,2021,March,Tuesday,15,Rear-end,Multi-Vehicle,152.9789046,-27.13908856,Uhlmann Rd,,Burpengary - Caboolture Road,Burpengary East,Moreton Bay Region,4505,Deception Bay,Moreton,North Coast,SEQ North,North Coast,Burpengary - East,Caboolture,Moreton Bay - North,Major Cities,Bancroft,Longman,State-controlled,No Roadway Feature,No traffic control,60 km/h,Sealed - Dry,Clear,Daylight,Straight,Crest,301,Veh'S Same Direction: Rear End,Rear-end,E,0,0,0,1,1,4,0,0,0,0,0,0
356784,Medical treatment,2021,March,Friday,16,Sideswipe,Multi-Vehicle,152.9774441,-27.00574644,Bruce Hwy,,Bruce Highway (Brisbane - Gympie),Elimbah,Moreton Bay Region,4516,Caboolture,Moreton,North Coast,SEQ North,North Coast,Elimbah,Caboolture,Moreton Bay - North,Major Cities,Pumicestone,Longman,State-controlled,No Roadway Feature,No traffic control,100 - 110 km/h,Sealed - Dry,Clear,Daylight,Straight,Level,305,Veh'S Same Direction: Lane Side Swipe,Lane changes,S,0,0,1,0,1,3,0,1,0,0,0,0
356785,Medical treatment,2021,March,Friday,18,Rear-end,Multi-Vehicle,152.9746471,-27.13912544,Uhlmann Rd,,Burpengary - Caboolture Road,Burpengary,Moreton Bay Region,4505,Burpengary,Moreton,North Coast,SEQ North,North Coast,Burpengary,Narangba - Burpengary,Moreton Bay - North,Major Cities,Kurwongbah,Longman,State-controlled,No Roadway Feature,No traffic control,60 km/h,Sealed - Dry,Clear,Dawn/Dusk,Straight,Level,301,Veh'S Same Direction: Rear End,Rear-end,E,0,0,1,1,2,3,0,0,0,0,0,0
356786,Minor injury,2021,March,Saturday,11,Rear-end,Multi-Vehicle,152.9754071,-27.08915344,Bruce Hwy,,Bruce Highway (Brisbane - Gympie),Caboolture,Moreton Bay Region,4510,Caboolture,Moreton,North Coast,SEQ North,North Coast,Caboolture,Caboolture,Moreton Bay - North,Major Cities,Pumicestone,Longman,State-controlled,No Roadway Feature,No traffic control,80 - 90 km/h,Sealed - Dry,Clear,Daylight,Straight,Level,301,Veh'S Same Direction: Rear End,Rear-end,N,0,0,0,2,2,2,0,0,0,0,0,0
356787,Hospitalisation,2021,March,Saturday,16,Hit object,Single Vehicle,152.9642231,-27.03255044,Bigmor Dr,,,Elimbah,Moreton Bay Region,4516,Caboolture,Moreton,North Coast,SEQ North,North Coast,Elimbah,Caboolture,Moreton Bay - North,Major Cities,Pumicestone,Longman,Locally-controlled,No Roadway Feature,No traffic control,60 km/h,Sealed - Dry,Clear,Daylight,Curved - view open,Level,803,Off Path-Curve: Off Cway Rt Bend Hit Obj,Off carriageway on curve hit object,S,0,1,0,0,1,1,0,0,0,0,0,0
356788,Medical treatment,2021,March,Monday,11,Rear-end,Multi-Vehicle,152.9506571,-27.08935343,Morayfield Rd,,Burpengary - Caboolture Road,Caboolture,Moreton Bay Region,4510,Caboolture,Moreton,North Coast,SEQ North,North Coast,Caboolture,Caboolture,Moreton Bay - North,Major Cities,Morayfield,Longman,State-controlled,Bridge/Causeway,No traffic control,60 km/h,Sealed - Dry,Clear,Daylight,Straight,Level,301,Veh'S Same Direction: Rear End,Rear-end,S,0,0,1,0,1,4,0,1,0,0,0,0
356789,Hospitalisation,2021,March,Tuesday,22,Hit object,Single Vehicle,152.9753861,-27.08935744,Bruce Hwy,Bruce Hwy,Bruce Highway (Brisbane - Gympie),Caboolture,Moreton Bay Region,4510,Caboolture,Moreton,North Coast,SEQ North,North Coast,Caboolture,Caboolture,Moreton Bay - North,Major Cities,Pumicestone,Longman,State-controlled,Intersection - Interchange,No traffic control,100 - 110 km/h,Sealed - Dry,Clear,Darkness - Lighted,Straight,Level,704,Off Path-Straight:Right Off Cway Hit Obj,Off carriageway on straight hit object,N,0,1,0,0,1,1,0,0,0,0,0,0
356790,Medical treatment,2021,March,Tuesday,9,Rear-end,Multi-Vehicle,152.9614081,-27.13210644,Morayfield Rd,,Burpengary - Caboolture Road,Burpengary,Moreton Bay Region,4505,Burpengary,Moreton,North Coast,SEQ North,North Coast,Burpengary,Narangba - Burpengary,Moreton Bay - North,Major Cities,Kurwongbah,Longman,State-controlled,No Roadway Feature,No traffic control,60 km/h,Sealed - Dry,Clear,Daylight,Straight,Level,301,Veh'S Same Direction: Rear End,Rear-end,E,0,0,1,0,1,2,0,1,0,0,0,0
356791,Medical treatment,2021,March,Tuesday,15,Rear-end,Multi-Vehicle,152.9317211,-27.10420643,Caboolture River Rd,Cresthaven Dr,,Morayfield,Moreton Bay Region,4506,Caboolture,Moreton,North Coast,SEQ North,North Coast,Caboolture - South,Caboolture,Moreton Bay - North,Major Cities,Morayfield,Longman,Locally-controlled,Intersection - T-Junction,Give way sign,60 km/h,Sealed - Dry,Clear,Daylight,Straight,Level,302,Veh'S Same Direction: Left Rear,Rear-end,N,0,0,1,0,1,2,0,0,0,0,0,0
356792,Medical treatment,2021,March,Friday,15,Angle,Multi-Vehicle,152.9510751,-27.08635743,Elliott St,Morayfield Rd,Burpengary - Caboolture Road,Caboolture,Moreton Bay Region,4510,Caboolture,Moreton,North Coast,SEQ North,North Coast,Caboolture,Caboolture,Moreton Bay - North,Major Cities,Morayfield,Longman,State-controlled,Intersection - Cross,Operating traffic lights,60 km/h,Sealed - Dry,Clear,Daylight,Straight,Grade,202,Veh'S Opposite Approach: Thru-Right,Opposing vehicles turning,N,0,0,1,1,2,2,0,0,0,0,0,0
356793,Hospitalisation,2021,March,Saturday,18,Angle,Multi-Vehicle,152.9500461,-27.07628343,Beerburrum Rd,Henzell Rd,Beerburrum Road,Caboolture,Moreton Bay Region,4510,Caboolture,Moreton,North Coast,SEQ North,North Coast,Caboolture,Caboolture,Moreton Bay - North,Major Cities,Morayfield,Longman,State-controlled,Intersection - T-Junction,Operating traffic lights,60 km/h,Sealed - Dry,Clear,Darkness - Lighted,Straight,Level,202,Veh'S Opposite Approach: Thru-Right,Opposing vehicles turning,S,0,1,0,0,1,2,0,0,0,0,0,0
356794,Medical treatment,2021,March,Sunday,2,Angle,Multi-Vehicle,152.9823661,-27.13850144,Buckley Rd,Burpengary Village Shopping Centre Accs,,Burpengary East,Moreton Bay Region,4505,Deception Bay,Moreton,North Coast,SEQ North,North Coast,Burpengary - East,Caboolture,Moreton Bay - North,Major Cities,Bancroft,Longman,Locally-controlled,No Roadway Feature,No traffic control,60 km/h,Sealed - Dry,Clear,Daylight,Straight,Level,202,Veh'S Opposite Approach: Thru-Right,Opposing vehicles turning,S,0,0,1,0,1,1,1,0,0,0,0,0
356795,Medical treatment,2021,March,Monday,18,Hit object,Single Vehicle,152.9768601,-27.10643744,Bruce Hwy On Ramp,,Bruce Highway (Brisbane - Gympie),Morayfield,Moreton Bay Region,4506,Deception Bay,Moreton,North Coast,SEQ North,North Coast,Burpengary - East,Caboolture,Moreton Bay - North,Major Cities,Bancroft,Longman,State-controlled,Intersection - Interchange,No traffic control,0 - 50 km/h,Sealed - Wet,Raining,Darkness - Lighted,Curved - view open,Grade,804,Off Path-Curve: Off Cway Lt Bend Hit Obj,Off carriageway on curve hit object,S,0,0,1,0,1,1,0,0,0,0,0,0
356796,Fatal,2021,March,Wednesday,14,Rear-end,Multi-Vehicle,152.9769331,-27.12524544,Bruce Hwy,,Bruce Highway (Brisbane - Gympie),Morayfield,Moreton Bay Region,4506,Burpengary,Moreton,North Coast,SEQ North,North Coast,Morayfield - East,Caboolture,Moreton Bay - North,Major Cities,Morayfield,Longman,State-controlled,Intersection - Interchange,No traffic control,60 km/h,Sealed - Wet,Raining,Daylight,Curved - view open,Level,400,Veh'S Manoeuvring: Other,Other,N,2,5,0,0,7,2,0,0,0,0,0,0
356797,Hospitalisation,2021,March,Thursday,7,Hit object,Single Vehicle,152.9792411,-27.12056344,Hardwood Dr,,,Morayfield,Moreton Bay Region,4506,Deception Bay,Moreton,North Coast,SEQ North,North Coast,Burpengary - East,Caboolture,Moreton Bay - North,Major Cities,Bancroft,Longman,Locally-controlled,No Roadway Feature,No traffic control,80 - 90 km/h,Sealed - Wet,Raining,Daylight,Curved - view obscured,Grade,803,Off Path-Curve: Off Cway Rt Bend Hit Obj,Off carriageway on curve hit object,E,0,1,0,0,1,0,0,1,0,0,0,0
356798,Hospitalisation,2021,March,Thursday,21,Angle,Multi-Vehicle,152.9795331,-27.13911244,Bruce Hwy,Bruce Hwy On Ramp,Burpengary - Caboolture Road,Burpengary East,Moreton Bay Region,4505,Deception Bay,Moreton,North Coast,SEQ North,North Coast,Burpengary - East,Caboolture,Moreton Bay - North,Major Cities,Bancroft,Longman,State-controlled,Intersection - Interchange,Operating traffic lights,60 km/h,Sealed - Dry,Clear,Darkness - Lighted,Straight,Grade,104,Veh'S Adjacent Approach: Thru-Right,Intersection from adjacent approaches,E,0,1,0,0,1,2,0,0,0,0,0,0