Crash_Severity,Crash_Year,Crash_Month,Crash_Day_Of_Week,Crash_Hour,Crash_Nature,Crash_Type,Crash_Longitude,Crash_Latitude,Crash_Street,Crash_Street_Intersecting,State_Road_Name,Loc_Suburb,Loc_Local_Government_Area,Loc_Post_Code,Loc_Police_Division,Loc_Police_District,Loc_Police_Region,Loc_Queensland_Transport_Region,Loc_Main_Roads_Region,Loc_ABS_Statistical_Area_2,Loc_ABS_Statistical_Area_3,Loc_ABS_Statistical_Area_4,Loc_ABS_Remoteness,Loc_State_Electorate,Loc_Federal_Electorate,Crash_Controlling_Authority,Crash_Roadway_Feature,Crash_Traffic_Control,Crash_Speed_Limit,Crash_Road_Surface_Condition,Crash_Atmospheric_Condition,Crash_Lighting_Condition,Crash_Road_Horiz_Align,Crash_Road_Vert_Align,Crash_DCA_Code,Crash_DCA_Description,Crash_DCA_Group_Description,DCA_Key_Approach_Dir,Count_Casualty_Fatality,Count_Casualty_Hospitalised,Count_Casualty_MedicallyTreated,Count_Casualty_MinorInjury,Count_Casualty_Total,Count_Unit_Car,Count_Unit_Motorcycle_Moped,Count_Unit_Truck,Count_Unit_Bus,Count_Unit_Bicycle,Count_Unit_Pedestrian,Count_Unit_Other,
358267,Hospitalisation,2021,June,Sunday,9,Hit object,Single Vehicle,152.1761371,-27.55373936,Warrego Hwy,,Warrego Highway (Ipswich - Toowoomba),Grantham,Lockyer Valley Region,4347,Helidon,Darling Downs,Southern,SEQ South,Southern Queensland,Lockyer Valley - West,Toowoomba,Toowoomba,Inner Regional,Lockyer,Wright,State-controlled,No Roadway Feature,No traffic control,100 - 110 km/h,Sealed - Dry,Clear,Daylight,Curved - view open,Level,803,Off Path-Curve: Off Cway Rt Bend Hit Obj,Off carriageway on curve hit object,W,0,1,0,0,1,1,0,0,0,0,0,0
358268,Hospitalisation,2021,June,Tuesday,12,Angle,Multi-Vehicle,152.2289611,-27.62661137,Ropeley Rockside Rd,Steinhardts Rd,,Lower Tenthill,Lockyer Valley Region,4343,Gatton,Darling Downs,Southern,SEQ South,Southern Queensland,Lockyer Valley - West,Toowoomba,Toowoomba,Inner Regional,Lockyer,Wright,Locally-controlled,Intersection - Cross,Give way sign,100 - 110 km/h,Sealed - Dry,Clear,Daylight,Straight,Level,101,Veh'S Adjacent Approach: Thru-Thru,Intersection from adjacent approaches,W,0,1,0,0,1,2,0,0,0,0,0,0
358269,Hospitalisation,2021,June,Tuesday,16,Rear-end,Multi-Vehicle,152.1654591,-27.56682836,Gatton - Helidon Rd,,Gatton - Helidon Road,Grantham,Lockyer Valley Region,4347,Helidon,Darling Downs,Southern,SEQ South,Southern Queensland,Lockyer Valley - West,Toowoomba,Toowoomba,Inner Regional,Lockyer,Wright,State-controlled,No Roadway Feature,No traffic control,100 - 110 km/h,Sealed - Wet,Raining,Dawn/Dusk,Curved - view obscured,Level,301,Veh'S Same Direction: Rear End,Rear-end,W,0,1,0,0,1,3,0,0,0,0,0,0
358581,Minor injury,2021,January,Thursday,9,Rear-end,Multi-Vehicle,153.044736,-27.63845145,Algester Rd,Beaudesert Rd,Mount Lindesay Arterial Road,Parkinson,Brisbane City,4115,Calamvale,South Brisbane,Brisbane,SEQ South,Metropolitan,Parkinson - Drewvale,Rocklea - Acacia Ridge,Brisbane - South,Major Cities,Stretton,Rankin,State-controlled,Intersection - T-Junction,Give way sign,60 km/h,Sealed - Dry,Clear,Daylight,Straight,Level,302,Veh'S Same Direction: Left Rear,Rear-end,N,0,0,0,1,1,2,0,0,0,0,0,0
358582,Minor injury,2021,January,Wednesday,21,Rear-end,Multi-Vehicle,153.099952,-27.64336245,Bardon Rd,Wembley Rd,Springwood Connection Road,Logan Central,Logan City,4114,Logan Central,Logan,South Eastern,SEQ South,South Coast,Logan Central,Springwood - Kingston,Logan - Beaudesert,Major Cities,Woodridge,Rankin,State-controlled,Intersection - T-Junction,Operating traffic lights,60 km/h,Sealed - Dry,Clear,Darkness - Lighted,Curved - view open,Level,303,Veh'S Same Direction: Right Rear,Rear-end,N,0,0,0,1,1,2,0,0,0,0,0,0
358583,Hospitalisation,2021,January,Saturday,15,Rear-end,Multi-Vehicle,153.061793,-27.61262945,Gowan Rd,,,Stretton,Brisbane City,4116,Calamvale,South Brisbane,Brisbane,SEQ South,Metropolitan,Calamvale - Stretton,Rocklea - Acacia Ridge,Brisbane - South,Major Cities,Stretton,Rankin,Locally-controlled,No Roadway Feature,No traffic control,60 km/h,Sealed - Wet,Raining,Daylight,Straight,Level,301,Veh'S Same Direction: Rear End,Rear-end,S,0,1,0,0,1,2,0,0,0,0,0,0
358584,Medical treatment,2021,January,Sunday,9,Angle,Multi-Vehicle,153.0607918,-27.61797647,Gowan Rd,,,Calamvale,Brisbane City,4116,Calamvale,South Brisbane,Brisbane,SEQ South,Metropolitan,Calamvale - Stretton,Rocklea - Acacia Ridge,Brisbane - South,Major Cities,Stretton,Rankin,Locally-controlled,No Roadway Feature,No traffic control,60 km/h,Sealed - Dry,Clear,Daylight,Straight,Level,408,Veh'S Manoeuvring: Entering From Footway,Vehicle leaving driveway,N,0,0,1,1,2,2,0,0,0,0,0,0
358585,Medical treatment,2021,January,Monday,16,Angle,Multi-Vehicle,153.06859,-27.65030945,Illaweena St,,,Karawatha,Brisbane City,4117,Calamvale,South Brisbane,Brisbane,SEQ South,Metropolitan,Calamvale - Stretton,Rocklea - Acacia Ridge,Brisbane - South,Major Cities,Stretton,Rankin,Locally-controlled,No Roadway Feature,No traffic control,60 km/h,Sealed - Wet,Raining,Daylight,Curved - view obscured,Level,201,Veh'S Opposite Approach: Head On,Head-on,S,0,0,1,0,1,2,0,0,0,0,0,0
358586,Medical treatment,2021,January,Wednesday,9,Angle,Multi-Vehicle,153.022043,-27.65779545,Johnson Rd,,,Parkinson,Brisbane City,4115,Browns Plains,Logan,South Eastern,SEQ South,Metropolitan,Parkinson - Drewvale,Rocklea - Acacia Ridge,Brisbane - South,Major Cities,Algester,Rankin,Locally-controlled,No Roadway Feature,No traffic control,70 km/h,Sealed - Dry,Clear,Daylight,Straight,Grade,308,Veh'S Same Direction: Right Turn S/Swipe,Parallel lanes turning,W,0,0,2,0,2,1,1,0,0,0,0,0
358587,Hospitalisation,2021,January,Monday,21,Hit parked vehicle,Single Vehicle,153.051596,-27.63201445,Honeysuckle Way,,,Calamvale,Brisbane City,4116,Calamvale,South Brisbane,Brisbane,SEQ South,Metropolitan,Calamvale - Stretton,Rocklea - Acacia Ridge,Brisbane - South,Major Cities,Stretton,Rankin,Locally-controlled,No Roadway Feature,No traffic control,60 km/h,Sealed - Dry,Clear,Darkness - Lighted,Straight,Level,803,Off Path-Curve: Off Cway Rt Bend Hit Obj,Off carriageway on curve hit object,W,0,1,0,0,1,2,0,0,0,0,0,0
358588,Medical treatment,2021,January,Tuesday,15,Rear-end,Multi-Vehicle,153.044886,-27.63835745,Beaudesert Rd,Illaweena St,Mount Lindesay Arterial Road,Calamvale,Brisbane City,4116,Calamvale,South Brisbane,Brisbane,SEQ South,Metropolitan,Calamvale - Stretton,Rocklea - Acacia Ridge,Brisbane - South,Major Cities,Stretton,Rankin,State-controlled,Intersection - Cross,Operating traffic lights,70 km/h,Sealed - Dry,Clear,Daylight,Straight,Level,301,Veh'S Same Direction: Rear End,Rear-end,S,0,0,2,0,2,2,0,0,0,0,0,0
358589,Hospitalisation,2021,January,Friday,20,Hit object,Single Vehicle,153.060952,-27.6296233,The Parkway,,,Stretton,Brisbane City,4116,Calamvale,South Brisbane,Brisbane,SEQ South,Metropolitan,Calamvale - Stretton,Rocklea - Acacia Ridge,Brisbane - South,Major Cities,Stretton,Rankin,Locally-controlled,No Roadway Feature,No traffic control,0 - 50 km/h,Sealed - Dry,Clear,Darkness - Not lighted,Curved - view open,Level,804,Off Path-Curve: Off Cway Lt Bend Hit Obj,Off carriageway on curve hit object,S,0,1,0,0,1,1,0,0,0,0,0,0
358590,Hospitalisation,2021,February,Tuesday,9,Hit object,Single Vehicle,153.046652,-27.63229145,Beaudesert Rd,,Mount Lindesay Arterial Road,Calamvale,Brisbane City,4116,Calamvale,South Brisbane,Brisbane,SEQ South,Metropolitan,Calamvale - Stretton,Rocklea - Acacia Ridge,Brisbane - South,Major Cities,Stretton,Rankin,State-controlled,No Roadway Feature,No traffic control,70 km/h,Sealed - Wet,Raining,Daylight,Curved - view open,Level,201,Veh'S Opposite Approach: Head On,Head-on,S,0,1,0,0,1,2,0,0,0,0,0,0
358591,Hospitalisation,2021,February,Tuesday,14,Angle,Multi-Vehicle,153.061514,-27.61408145,Gowan Rd,Penson St,,Calamvale,Brisbane City,4116,Calamvale,South Brisbane,Brisbane,SEQ South,Metropolitan,Calamvale - Stretton,Rocklea - Acacia Ridge,Brisbane - South,Major Cities,Stretton,Rankin,Locally-controlled,Intersection - T-Junction,Give way sign,60 km/h,Sealed - Dry,Clear,Daylight,Straight,Level,408,Veh'S Manoeuvring: Entering From Footway,Vehicle leaving driveway,S,0,1,0,0,1,1,1,0,0,0,0,0
358592,Hospitalisation,2021,February,Tuesday,13,Rear-end,Multi-Vehicle,153.036526,-27.66003845,Central Ct,Johnson Rd,Mount Lindesay Highway (Brisbane - Beaudesert),Parkinson,Brisbane City,4115,Browns Plains,Logan,South Eastern,SEQ South,Metropolitan,Parkinson - Drewvale,Rocklea - Acacia Ridge,Brisbane - South,Major Cities,Algester,Rankin,State-controlled,Intersection - Cross,Operating traffic lights,60 km/h,Sealed - Dry,Clear,Daylight,Straight,Level,301,Veh'S Same Direction: Rear End,Rear-end,E,0,1,0,0,1,2,0,0,0,0,0,0
358593,Medical treatment,2021,February,Wednesday,8,Angle,Multi-Vehicle,153.057673,-27.63553745,Gowan Rd,,,Stretton,Brisbane City,4116,Calamvale,South Brisbane,Brisbane,SEQ South,Metropolitan,Calamvale - Stretton,Rocklea - Acacia Ridge,Brisbane - South,Major Cities,Stretton,Rankin,Locally-controlled,No Roadway Feature,Give way sign,0 - 50 km/h,Sealed - Dry,Clear,Daylight,Straight,Level,406,Veh'S Manoeuvring: Leaving Driveway,Vehicle leaving driveway,S,0,0,4,0,4,2,0,0,0,0,0,0
358594,Minor injury,2021,February,Thursday,6,Rear-end,Multi-Vehicle,153.0428849,-27.64720365,Logan Mwy,,Logan Motorway (Gailes - Loganholme),Drewvale,Brisbane City,4116,Calamvale,South Brisbane,Brisbane,SEQ South,Metropolitan,Parkinson - Drewvale,Rocklea - Acacia Ridge,Brisbane - South,Major Cities,Stretton,Rankin,State-controlled,No Roadway Feature,No traffic control,100 - 110 km/h,Sealed - Dry,Clear,Dawn/Dusk,Straight,Level,301,Veh'S Same Direction: Rear End,Rear-end,W,0,0,0,1,1,2,0,0,0,0,0,0
358595,Hospitalisation,2021,February,Monday,8,Rear-end,Multi-Vehicle,153.018338,-27.64283845,Logan Mwy,,Logan Motorway (Gailes - Loganholme),Parkinson,Brisbane City,4115,Calamvale,South Brisbane,Brisbane,SEQ South,Metropolitan,Parkinson - Drewvale,Rocklea - Acacia Ridge,Brisbane - South,Major Cities,Algester,Rankin,State-controlled,No Roadway Feature,No traffic control,100 - 110 km/h,Sealed - Dry,Clear,Daylight,Straight,Level,301,Veh'S Same Direction: Rear End,Rear-end,W,0,1,0,0,1,2,0,2,0,0,0,0
358596,Medical treatment,2021,February,Monday,11,Rear-end,Multi-Vehicle,153.048728,-27.62316645,Beaudesert Rd,,Mount Lindesay Arterial Road,Calamvale,Brisbane City,4116,Calamvale,South Brisbane,Brisbane,SEQ South,Metropolitan,Calamvale - Stretton,Rocklea - Acacia Ridge,Brisbane - South,Major Cities,Stretton,Rankin,State-controlled,No Roadway Feature,No traffic control,70 km/h,Sealed - Dry,Clear,Daylight,Straight,Level,301,Veh'S Same Direction: Rear End,Rear-end,S,0,0,1,0,1,2,0,0,0,0,0,0
358597,Medical treatment,2021,February,Tuesday,8,Rear-end,Multi-Vehicle,153.04344,-27.60472945,Algester Rd,Beaudesert Rd,Mount Lindesay Arterial Road,Calamvale,Brisbane City,4116,Acacia Ridge,South Brisbane,Brisbane,SEQ South,Metropolitan,Calamvale - Stretton,Rocklea - Acacia Ridge,Brisbane - South,Major Cities,Algester,Rankin,State-controlled,Merge Lane,No traffic control,60 km/h,Sealed - Dry,Clear,Daylight,Straight,Level,301,Veh'S Same Direction: Rear End,Rear-end,W,0,0,1,2,3,2,0,0,0,0,0,0
358598,Minor injury,2021,March,Monday,16,Rear-end,Multi-Vehicle,153.051262,-27.61142245,Beaudesert Rd,,Mount Lindesay Arterial Road,Calamvale,Brisbane City,4116,Calamvale,South Brisbane,Brisbane,SEQ South,Metropolitan,Calamvale - Stretton,Rocklea - Acacia Ridge,Brisbane - South,Major Cities,Stretton,Rankin,State-controlled,No Roadway Feature,No traffic control,70 km/h,Sealed - Wet,Raining,Daylight,Straight,Grade,303,Veh'S Same Direction: Right Rear,Rear-end,N,0,0,0,1,1,3,0,0,0,0,0,0
358599,Medical treatment,2021,March,Monday,15,Sideswipe,Multi-Vehicle,153.067899,-27.65073845,Logan Mwy,,Logan Motorway (Gailes - Loganholme),Drewvale,Brisbane City,4116,Calamvale,South Brisbane,Brisbane,SEQ South,Metropolitan,Parkinson - Drewvale,Rocklea - Acacia Ridge,Brisbane - South,Major Cities,Stretton,Rankin,State-controlled,No Roadway Feature,No traffic control,100 - 110 km/h,Sealed - Dry,Clear,Daylight,Straight,Level,306,Veh'S Same Direction: Lane Change Right,Lane changes,E,0,0,1,1,2,1,0,1,0,0,0,0
358600,Medical treatment,2021,March,Wednesday,17,Angle,Multi-Vehicle,153.04633,-27.63867045,Illaweena St,,,Drewvale,Brisbane City,4116,Calamvale,South Brisbane,Brisbane,SEQ South,Metropolitan,Parkinson - Drewvale,Rocklea - Acacia Ridge,Brisbane - South,Major Cities,Stretton,Rankin,Locally-controlled,No Roadway Feature,No traffic control,60 km/h,Sealed - Dry,Clear,Dawn/Dusk,Straight,Level,406,Veh'S Manoeuvring: Leaving Driveway,Vehicle leaving driveway,W,0,0,1,0,1,1,1,0,0,0,0,0
358601,Medical treatment,2021,March,Sunday,17,Hit object,Single Vehicle,153.068559,-27.65025045,Illaweena St,,Logan Motorway (Gailes - Loganholme),Drewvale,Brisbane City,4116,Calamvale,South Brisbane,Brisbane,SEQ South,Metropolitan,Parkinson - Drewvale,Rocklea - Acacia Ridge,Brisbane - South,Major Cities,Stretton,Rankin,State-controlled,No Roadway Feature,No traffic control,60 km/h,Sealed - Dry,Clear,Daylight,Curved - view open,Level,803,Off Path-Curve: Off Cway Rt Bend Hit Obj,Off carriageway on curve hit object,W,0,0,1,0,1,1,0,0,0,0,0,0
358602,Medical treatment,2021,March,Sunday,10,Angle,Multi-Vehicle,153.060215,-27.62125045,Gowan Rd,Lacebark St,,Calamvale,Brisbane City,4116,Calamvale,South Brisbane,Brisbane,SEQ South,Metropolitan,Calamvale - Stretton,Rocklea - Acacia Ridge,Brisbane - South,Major Cities,Stretton,Rankin,Locally-controlled,Intersection - T-Junction,Give way sign,60 km/h,Sealed - Dry,Clear,Daylight,Straight,Level,105,Veh'S Adjacent Approach: Right-Right,Intersection from adjacent approaches,W,0,0,1,0,1,2,0,0,0,0,0,0
358603,Hospitalisation,2021,March,Monday,16,Rear-end,Multi-Vehicle,153.059431,-27.62527345,Gowan Rd,Kameruka St,,Calamvale,Brisbane City,4116,Calamvale,South Brisbane,Brisbane,SEQ South,Metropolitan,Calamvale - Stretton,Rocklea - Acacia Ridge,Brisbane - South,Major Cities,Stretton,Rankin,Locally-controlled,Intersection - Cross,Operating traffic lights,60 km/h,Sealed - Wet,Raining,Daylight,Straight,Level,303,Veh'S Same Direction: Right Rear,Rear-end,N,0,1,0,0,1,2,0,0,0,0,0,0
358604,Minor injury,2021,March,Thursday,11,Rear-end,Multi-Vehicle,153.044066,-27.60533345,Beaudesert Rd,,Mount Lindesay Arterial Road,Calamvale,Brisbane City,4116,Acacia Ridge,South Brisbane,Brisbane,SEQ South,Metropolitan,Calamvale - Stretton,Rocklea - Acacia Ridge,Brisbane - South,Major Cities,Algester,Rankin,State-controlled,No Roadway Feature,No traffic control,70 km/h,Sealed - Dry,Clear,Daylight,Straight,Level,301,Veh'S Same Direction: Rear End,Rear-end,N,0,0,0,1,1,2,0,0,0,0,0,0
358605,Medical treatment,2021,March,Friday,18,Angle,Multi-Vehicle,153.050115,-27.61989645,Beaudesert Rd,Ormskirk St,Mount Lindesay Arterial Road,Calamvale,Brisbane City,4116,Calamvale,South Brisbane,Brisbane,SEQ South,Metropolitan,Calamvale - Stretton,Rocklea - Acacia Ridge,Brisbane - South,Major Cities,Stretton,Rankin,State-controlled,Intersection - T-Junction,Operating traffic lights,70 km/h,Sealed - Dry,Clear,Darkness - Lighted,Straight,Level,202,Veh'S Opposite Approach: Thru-Right,Opposing vehicles turning,S,0,0,2,0,2,2,0,0,0,0,0,0
358606,Hospitalisation,2021,March,Tuesday,4,Rear-end,Multi-Vehicle,153.051221,-27.61102145,Beaudesert Rd,Mt Lindesay Art. Rd,Mount Lindesay Arterial Road,Calamvale,Brisbane City,4116,Calamvale,South Brisbane,Brisbane,SEQ South,Metropolitan,Sunnybank Hills,Sunnybank,Brisbane - South,Major Cities,Stretton,Moreton,State-controlled,Intersection - T-Junction,Operating traffic lights,70 km/h,Sealed - Wet,Raining,Darkness - Lighted,Curved - view open,Level,301,Veh'S Same Direction: Rear End,Rear-end,W,0,1,0,0,1,2,0,0,0,0,0,0
358607,Hospitalisation,2021,March,Tuesday,7,Angle,Multi-Vehicle,153.061725,-27.61292245,Gowan Rd,Malmsey St,,Calamvale,Brisbane City,4116,Calamvale,South Brisbane,Brisbane,SEQ South,Metropolitan,Calamvale - Stretton,Rocklea - Acacia Ridge,Brisbane - South,Major Cities,Stretton,Rankin,Locally-controlled,Intersection - T-Junction,No traffic control,60 km/h,Sealed - Wet,Raining,Daylight,Straight,Level,408,Veh'S Manoeuvring: Entering From Footway,Vehicle leaving driveway,N,0,1,0,0,1,2,0,0,0,0,0,0
358608,Medical treatment,2021,March,Wednesday,16,Angle,Multi-Vehicle,153.074016,-27.61227045,Compton Rd,Piccadilly Way,,Stretton,Brisbane City,4116,Calamvale,South Brisbane,Brisbane,SEQ South,Metropolitan,Calamvale - Stretton,Rocklea - Acacia Ridge,Brisbane - South,Major Cities,Stretton,Rankin,Locally-controlled,Intersection - T-Junction,Operating traffic lights,70 km/h,Sealed - Dry,Clear,Daylight,Straight,Level,104,Veh'S Adjacent Approach: Thru-Right,Intersection from adjacent approaches,W,0,0,1,1,2,2,0,0,0,0,0,0
358609,Hospitalisation,2021,March,Wednesday,17,Angle,Multi-Vehicle,153.042475,-27.60649045,Algester Rd,Woodland St,,Algester,Brisbane City,4115,Calamvale,South Brisbane,Brisbane,SEQ South,Metropolitan,Algester,Rocklea - Acacia Ridge,Brisbane - South,Major Cities,Algester,Rankin,Locally-controlled,Intersection - T-Junction,No traffic control,60 km/h,Sealed - Dry,Clear,Daylight,Curved - view open,Level,202,Veh'S Opposite Approach: Thru-Right,Opposing vehicles turning,S,0,1,0,0,1,1,1,0,0,0,0,0
358610,Medical treatment,2021,March,Wednesday,7,Rear-end,Multi-Vehicle,153.053064,-27.64822845,Logan Mwy,,Logan Motorway (Gailes - Loganholme),Drewvale,Brisbane City,4116,Calamvale,South Brisbane,Brisbane,SEQ South,Metropolitan,Parkinson - Drewvale,Rocklea - Acacia Ridge,Brisbane - South,Major Cities,Stretton,Rankin,State-controlled,No Roadway Feature,No traffic control,100 - 110 km/h,Sealed - Dry,Clear,Daylight,Straight,Level,301,Veh'S Same Direction: Rear End,Rear-end,W,0,0,1,0,1,2,0,0,0,0,0,0
358611,Hospitalisation,2021,March,Thursday,21,Angle,Multi-Vehicle,153.061983,-27.61144745,Compton Rd,Gowan Rd,,Calamvale,Brisbane City,4116,Calamvale,South Brisbane,Brisbane,SEQ South,Metropolitan,Calamvale - Stretton,Rocklea - Acacia Ridge,Brisbane - South,Major Cities,Stretton,Rankin,Locally-controlled,Intersection - Cross,Operating traffic lights,60 km/h,Sealed - Dry,Clear,Darkness - Lighted,Straight,Dip,202,Veh'S Opposite Approach: Thru-Right,Opposing vehicles turning,E,0,1,0,1,2,2,0,0,0,0,0,0
358612,Hospitalisation,2021,March,Monday,15,Rear-end,Multi-Vehicle,153.032992,-27.65937045,Johnson Rd,Southlink St,,Parkinson,Brisbane City,4115,Browns Plains,Logan,South Eastern,SEQ South,Metropolitan,Parkinson - Drewvale,Rocklea - Acacia Ridge,Brisbane - South,Major Cities,Algester,Rankin,Locally-controlled,Intersection - Cross,Operating traffic lights,60 km/h,Sealed - Dry,Clear,Daylight,Straight,Level,301,Veh'S Same Direction: Rear End,Rear-end,E,0,3,0,0,3,3,1,0,0,0,0,0
358613,Medical treatment,2021,April,Thursday,15,Rear-end,Multi-Vehicle,153.051285,-27.61116345,Beaudesert Rd,Compton Rd,Mount Lindesay Arterial Road,Calamvale,Brisbane City,4116,Calamvale,South Brisbane,Brisbane,SEQ South,Metropolitan,Sunnybank Hills,Sunnybank,Brisbane - South,Major Cities,Stretton,Moreton,State-controlled,Intersection - T-Junction,Give way sign,60 km/h,Sealed - Dry,Clear,Darkness - Lighted,Straight,Level,302,Veh'S Same Direction: Left Rear,Rear-end,W,0,0,1,0,1,2,0,0,0,0,0,0
358614,Minor injury,2021,April,Thursday,18,Rear-end,Multi-Vehicle,153.048477,-27.62363645,Beaudesert Rd,Kameruka St,Mount Lindesay Arterial Road,Calamvale,Brisbane City,4116,Calamvale,South Brisbane,Brisbane,SEQ South,Metropolitan,Calamvale - Stretton,Rocklea - Acacia Ridge,Brisbane - South,Major Cities,Stretton,Rankin,State-controlled,Intersection - T-Junction,Give way sign,60 km/h,Sealed - Dry,Clear,Darkness - Lighted,Straight,Crest,301,Veh'S Same Direction: Rear End,Rear-end,W,0,0,0,2,2,2,0,0,0,0,0,0
358615,Medical treatment,2021,April,Tuesday,16,Rear-end,Multi-Vehicle,153.049722,-27.62106145,Beaudesert Rd,,Mount Lindesay Arterial Road,Calamvale,Brisbane City,4116,Calamvale,South Brisbane,Brisbane,SEQ South,Metropolitan,Calamvale - Stretton,Rocklea - Acacia Ridge,Brisbane - South,Major Cities,Stretton,Rankin,State-controlled,No Roadway Feature,No traffic control,70 km/h,Sealed - Wet,Raining,Dawn/Dusk,Straight,Level,301,Veh'S Same Direction: Rear End,Rear-end,S,0,0,1,0,1,1,1,0,0,0,0,0
358616,Minor injury,2021,April,Friday,8,Head-on,Multi-Vehicle,153.043655,-27.63157845,Lakewood Ave,,,Parkinson,Brisbane City,4115,Calamvale,South Brisbane,Brisbane,SEQ South,Metropolitan,Parkinson - Drewvale,Rocklea - Acacia Ridge,Brisbane - South,Major Cities,Algester,Rankin,Locally-controlled,Intersection - T-Junction,No traffic control,0 - 50 km/h,Sealed - Dry,Clear,Daylight,Straight,Level,201,Veh'S Opposite Approach: Head On,Head-on,E,0,0,0,1,1,2,0,0,0,0,0,0
358617,Hospitalisation,2021,April,Saturday,17,Angle,Multi-Vehicle,153.068307,-27.65405745,Anderson St,Wembley Rd,,Berrinba,Logan City,4117,Crestmead,Logan,South Eastern,SEQ South,South Coast,Logan Central,Springwood - Kingston,Logan - Beaudesert,Major Cities,Woodridge,Rankin,Locally-controlled,Intersection - Cross,Operating traffic lights,60 km/h,Sealed - Dry,Clear,Daylight,Straight,Level,202,Veh'S Opposite Approach: Thru-Right,Opposing vehicles turning,N,0,1,1,0,2,2,0,0,0,0,0,0
358618,Medical treatment,2021,April,Thursday,8,Rear-end,Multi-Vehicle,153.046369,-27.62942379,Beaudesert Rd,,Mount Lindesay Arterial Road,Calamvale,Brisbane City,4116,Calamvale,South Brisbane,Brisbane,SEQ South,Metropolitan,Calamvale - Stretton,Rocklea - Acacia Ridge,Brisbane - South,Major Cities,Algester,Rankin,State-controlled,No Roadway Feature,No traffic control,70 km/h,Sealed - Dry,Clear,Daylight,Straight,Level,301,Veh'S Same Direction: Rear End,Rear-end,N,0,0,2,0,2,3,0,1,0,0,0,0
358619,Hospitalisation,2021,April,Thursday,10,Hit object,Single Vehicle,153.0450367,-27.61844436,Hamish St,,,Calamvale,Brisbane City,4116,Calamvale,South Brisbane,Brisbane,SEQ South,Metropolitan,Calamvale - Stretton,Rocklea - Acacia Ridge,Brisbane - South,Major Cities,Algester,Rankin,Locally-controlled,No Roadway Feature,No traffic control,0 - 50 km/h,Sealed - Dry,Clear,Darkness - Lighted,Curved - view open,Dip,804,Off Path-Curve: Off Cway Lt Bend Hit Obj,Off carriageway on curve hit object,S,0,1,0,0,1,2,0,0,0,0,0,0
358620,Minor injury,2021,April,Thursday,9,Rear-end,Multi-Vehicle,153.041544,-27.64807645,Beaudesert Rd,Logan Mwy Ramp De,Mount Lindesay Arterial Road,Drewvale,Brisbane City,4116,Calamvale,South Brisbane,Brisbane,SEQ South,Metropolitan,Parkinson - Drewvale,Rocklea - Acacia Ridge,Brisbane - South,Major Cities,Stretton,Rankin,State-controlled,Intersection - Interchange,Operating traffic lights,80 - 90 km/h,Sealed - Dry,Clear,Daylight,Straight,Grade,301,Veh'S Same Direction: Rear End,Rear-end,S,0,0,0,2,2,1,0,1,0,0,0,0
358621,Medical treatment,2021,April,Wednesday,14,Angle,Multi-Vehicle,153.061983,-27.61144745,Compton Rd,Gowan Rd,,Calamvale,Brisbane City,4116,Calamvale,South Brisbane,Brisbane,SEQ South,Metropolitan,Calamvale - Stretton,Rocklea - Acacia Ridge,Brisbane - South,Major Cities,Stretton,Rankin,Locally-controlled,Intersection - Cross,Operating traffic lights,70 km/h,Sealed - Dry,Clear,Daylight,Straight,Grade,104,Veh'S Adjacent Approach: Thru-Right,Intersection from adjacent approaches,W,0,0,1,0,1,2,0,0,0,0,0,0
358622,Hospitalisation,2021,April,Thursday,7,Angle,Multi-Vehicle,153.066938,-27.61486445,Kardella St,Penson St,,Stretton,Brisbane City,4116,Calamvale,South Brisbane,Brisbane,SEQ South,Metropolitan,Calamvale - Stretton,Rocklea - Acacia Ridge,Brisbane - South,Major Cities,Stretton,Rankin,Locally-controlled,Intersection - Roundabout,Give way sign,0 - 50 km/h,Sealed - Dry,Clear,Daylight,Straight,Grade,107,Veh'S Adjacent Approach: Thru-Left,Intersection from adjacent approaches,W,0,1,0,0,1,1,1,0,0,0,0,0
358623,Hospitalisation,2021,April,Friday,7,Angle,Multi-Vehicle,153.050482,-27.63919145,Doulton St,Illaweena St,,Calamvale,Brisbane City,4116,Calamvale,South Brisbane,Brisbane,SEQ South,Metropolitan,Calamvale - Stretton,Rocklea - Acacia Ridge,Brisbane - South,Major Cities,Stretton,Rankin,Locally-controlled,Intersection - T-Junction,Give way sign,60 km/h,Sealed - Dry,Clear,Daylight,Straight,Level,107,Veh'S Adjacent Approach: Thru-Left,Intersection from adjacent approaches,E,0,1,0,0,1,1,1,0,0,0,0,0
358624,Medical treatment,2021,April,Friday,7,Rear-end,Multi-Vehicle,153.045174,-27.63659045,Beaudesert Rd,,Mount Lindesay Arterial Road,Parkinson,Brisbane City,4115,Calamvale,South Brisbane,Brisbane,SEQ South,Metropolitan,Parkinson - Drewvale,Rocklea - Acacia Ridge,Brisbane - South,Major Cities,Algester,Rankin,State-controlled,No Roadway Feature,No traffic control,80 - 90 km/h,Sealed - Dry,Clear,Daylight,Straight,Grade,301,Veh'S Same Direction: Rear End,Rear-end,N,0,0,1,0,1,2,0,0,0,0,0,0
358625,Hospitalisation,2021,April,Friday,20,Rear-end,Multi-Vehicle,153.048857,-27.62291645,Beaudesert Rd,,Mount Lindesay Arterial Road,Calamvale,Brisbane City,4116,Calamvale,South Brisbane,Brisbane,SEQ South,Metropolitan,Calamvale - Stretton,Rocklea - Acacia Ridge,Brisbane - South,Major Cities,Stretton,Rankin,State-controlled,No Roadway Feature,No traffic control,80 - 90 km/h,Sealed - Dry,Clear,Darkness - Lighted,Straight,Level,301,Veh'S Same Direction: Rear End,Rear-end,S,0,3,0,0,3,3,0,0,0,0,0,0