Crash_Severity,Crash_Year,Crash_Month,Crash_Day_Of_Week,Crash_Hour,Crash_Nature,Crash_Type,Crash_Longitude,Crash_Latitude,Crash_Street,Crash_Street_Intersecting,State_Road_Name,Loc_Suburb,Loc_Local_Government_Area,Loc_Post_Code,Loc_Police_Division,Loc_Police_District,Loc_Police_Region,Loc_Queensland_Transport_Region,Loc_Main_Roads_Region,Loc_ABS_Statistical_Area_2,Loc_ABS_Statistical_Area_3,Loc_ABS_Statistical_Area_4,Loc_ABS_Remoteness,Loc_State_Electorate,Loc_Federal_Electorate,Crash_Controlling_Authority,Crash_Roadway_Feature,Crash_Traffic_Control,Crash_Speed_Limit,Crash_Road_Surface_Condition,Crash_Atmospheric_Condition,Crash_Lighting_Condition,Crash_Road_Horiz_Align,Crash_Road_Vert_Align,Crash_DCA_Code,Crash_DCA_Description,Crash_DCA_Group_Description,DCA_Key_Approach_Dir,Count_Casualty_Fatality,Count_Casualty_Hospitalised,Count_Casualty_MedicallyTreated,Count_Casualty_MinorInjury,Count_Casualty_Total,Count_Unit_Car,Count_Unit_Motorcycle_Moped,Count_Unit_Truck,Count_Unit_Bus,Count_Unit_Bicycle,Count_Unit_Pedestrian,Count_Unit_Other,
358626,Hospitalisation,2021,April,Thursday,9,Hit object,Single Vehicle,153.027193,-27.64398445,Logan Mwy,,Logan Motorway (Gailes - Loganholme),Parkinson,Brisbane City,4115,Calamvale,South Brisbane,Brisbane,SEQ South,Metropolitan,Parkinson - Drewvale,Rocklea - Acacia Ridge,Brisbane - South,Major Cities,Algester,Rankin,State-controlled,No Roadway Feature,No traffic control,80 - 90 km/h,Sealed - Dry,Clear,Daylight,Straight,Level,703,Off Path-Straight: Left Off Cway Hit Obj,Off carriageway on straight hit object,E,0,2,0,0,2,0,1,0,0,0,0,0
358627,Medical treatment,2021,May,Saturday,0,Angle,Multi-Vehicle,153.04322,-27.60444745,Algester Rd,Beaudesert Rd,Mount Lindesay Arterial Road,Calamvale,Brisbane City,4116,Acacia Ridge,South Brisbane,Brisbane,SEQ South,Metropolitan,Calamvale - Stretton,Rocklea - Acacia Ridge,Brisbane - South,Major Cities,Algester,Rankin,State-controlled,Intersection - T-Junction,Operating traffic lights,70 km/h,Sealed - Wet,Raining,Darkness - Lighted,Curved - view open,Level,202,Veh'S Opposite Approach: Thru-Right,Opposing vehicles turning,E,0,0,4,0,4,2,0,0,0,0,0,0
358628,Hospitalisation,2021,May,Wednesday,16,Sideswipe,Multi-Vehicle,153.0600652,-27.62207443,Gowan Rd,,,Calamvale,Brisbane City,4116,Calamvale,South Brisbane,Brisbane,SEQ South,Metropolitan,Calamvale - Stretton,Rocklea - Acacia Ridge,Brisbane - South,Major Cities,Stretton,Rankin,Locally-controlled,No Roadway Feature,No traffic control,60 km/h,Sealed - Dry,Clear,Daylight,Straight,Level,408,Veh'S Manoeuvring: Entering From Footway,Vehicle leaving driveway,S,0,1,1,0,2,2,0,0,0,0,0,0
358629,Hospitalisation,2021,May,Monday,6,Sideswipe,Multi-Vehicle,153.063487,-27.64831445,Gateway Arterial Rd,Logan Mwy,Logan Motorway (Gailes - Loganholme),Drewvale,Brisbane City,4116,Calamvale,South Brisbane,Brisbane,SEQ South,Metropolitan,Parkinson - Drewvale,Rocklea - Acacia Ridge,Brisbane - South,Major Cities,Stretton,Rankin,State-controlled,Intersection - Interchange,No traffic control,80 - 90 km/h,Sealed - Dry,Clear,Daylight,Straight,Level,300,Veh'S Same Direction: Other,Other,W,0,1,0,0,1,2,0,0,0,0,0,0
358630,Hospitalisation,2021,May,Friday,8,Head-on,Multi-Vehicle,153.016522,-27.63907245,Kakadu St,Yengo St,,Parkinson,Brisbane City,4115,Calamvale,South Brisbane,Brisbane,SEQ South,Metropolitan,Parkinson - Drewvale,Rocklea - Acacia Ridge,Brisbane - South,Major Cities,Algester,Rankin,Locally-controlled,Intersection - T-Junction,No traffic control,0 - 50 km/h,Sealed - Dry,Clear,Daylight,Curved - view open,Level,201,Veh'S Opposite Approach: Head On,Head-on,N,0,1,0,0,1,1,0,0,0,1,0,0
358631,Medical treatment,2021,May,Saturday,10,Angle,Multi-Vehicle,153.061537,-27.61390245,Gowan Rd,,,Calamvale,Brisbane City,4116,Calamvale,South Brisbane,Brisbane,SEQ South,Metropolitan,Calamvale - Stretton,Rocklea - Acacia Ridge,Brisbane - South,Major Cities,Stretton,Rankin,Locally-controlled,No Roadway Feature,No traffic control,60 km/h,Sealed - Dry,Clear,Daylight,Straight,Dip,406,Veh'S Manoeuvring: Leaving Driveway,Vehicle leaving driveway,N,0,0,1,0,1,2,0,0,0,0,0,0
358632,Hospitalisation,2021,May,Monday,15,Rear-end,Multi-Vehicle,153.044314,-27.60553045,Beaudesert Rd,,Mount Lindesay Arterial Road,Calamvale,Brisbane City,4116,Acacia Ridge,South Brisbane,Brisbane,SEQ South,Metropolitan,Sunnybank Hills,Sunnybank,Brisbane - South,Major Cities,Stretton,Moreton,State-controlled,No Roadway Feature,No traffic control,70 km/h,Sealed - Dry,Clear,Daylight,Straight,Level,301,Veh'S Same Direction: Rear End,Rear-end,N,0,1,0,0,1,1,0,1,0,0,0,0
358633,Minor injury,2021,May,Tuesday,8,Sideswipe,Multi-Vehicle,153.0506464,-27.61047543,Beaudesert Rd,,Mount Lindesay Arterial Road,Calamvale,Brisbane City,4116,Acacia Ridge,South Brisbane,Brisbane,SEQ South,Metropolitan,Calamvale - Stretton,Rocklea - Acacia Ridge,Brisbane - South,Major Cities,Algester,Rankin,State-controlled,No Roadway Feature,No traffic control,70 km/h,Sealed - Dry,Clear,Daylight,Curved - view open,Level,306,Veh'S Same Direction: Lane Change Right,Lane changes,N,0,0,0,1,1,2,0,0,0,0,0,0
358634,Hospitalisation,2021,May,Tuesday,15,Angle,Multi-Vehicle,153.034562,-27.61847145,Algester Rd,Ormskirk St,,Algester,Brisbane City,4115,Calamvale,South Brisbane,Brisbane,SEQ South,Metropolitan,Algester,Rocklea - Acacia Ridge,Brisbane - South,Major Cities,Algester,Rankin,Locally-controlled,Intersection - T-Junction,Give way sign,60 km/h,Sealed - Dry,Clear,Daylight,Straight,Level,104,Veh'S Adjacent Approach: Thru-Right,Intersection from adjacent approaches,S,0,1,0,0,1,2,0,0,0,0,0,0
358635,Medical treatment,2021,May,Tuesday,13,Rear-end,Multi-Vehicle,153.071366,-27.65434045,Logan Mwy,,Logan Motorway (Gailes - Loganholme),Berrinba,Logan City,4117,Crestmead,Logan,South Eastern,SEQ South,South Coast,Logan Central,Springwood - Kingston,Logan - Beaudesert,Major Cities,Woodridge,Rankin,State-controlled,Intersection - Interchange,No traffic control,60 km/h,Sealed - Dry,Clear,Daylight,Curved - view open,Level,301,Veh'S Same Direction: Rear End,Rear-end,S,0,0,1,0,1,3,0,0,0,0,0,0
358636,Hospitalisation,2021,May,Friday,16,Angle,Multi-Vehicle,153.040397,-27.62321245,Benhiam St,Formby St,,Calamvale,Brisbane City,4116,Calamvale,South Brisbane,Brisbane,SEQ South,Metropolitan,Calamvale - Stretton,Rocklea - Acacia Ridge,Brisbane - South,Major Cities,Algester,Rankin,Locally-controlled,Intersection - T-Junction,No traffic control,60 km/h,Sealed - Dry,Clear,Daylight,Straight,Level,202,Veh'S Opposite Approach: Thru-Right,Opposing vehicles turning,S,0,1,0,0,1,2,0,0,0,0,0,0
358637,Medical treatment,2021,May,Monday,8,Rear-end,Multi-Vehicle,153.0465521,-27.63089651,Beaudesert Rd,,Mount Lindesay Arterial Road,Calamvale,Brisbane City,4116,Calamvale,South Brisbane,Brisbane,SEQ South,Metropolitan,Calamvale - Stretton,Rocklea - Acacia Ridge,Brisbane - South,Major Cities,Algester,Rankin,State-controlled,No Roadway Feature,No traffic control,60 km/h,Sealed - Dry,Clear,Daylight,Straight,Level,303,Veh'S Same Direction: Right Rear,Rear-end,N,0,0,1,0,1,4,0,0,0,0,0,0
358638,Minor injury,2021,May,Wednesday,11,Rear-end,Multi-Vehicle,153.0452259,-27.63688754,Beaudesert Rd,,Mount Lindesay Arterial Road,Calamvale,Brisbane City,4116,Calamvale,South Brisbane,Brisbane,SEQ South,Metropolitan,Calamvale - Stretton,Rocklea - Acacia Ridge,Brisbane - South,Major Cities,Stretton,Rankin,State-controlled,No Roadway Feature,No traffic control,70 km/h,Sealed - Dry,Clear,Daylight,Straight,Level,301,Veh'S Same Direction: Rear End,Rear-end,S,0,0,0,1,1,2,1,0,0,0,0,0
358639,Medical treatment,2021,May,Thursday,13,Sideswipe,Multi-Vehicle,153.047077,-27.64758545,Logan Mwy Ramp Dd,,Logan Motorway (Gailes - Loganholme),Drewvale,Brisbane City,4116,Calamvale,South Brisbane,Brisbane,SEQ South,Metropolitan,Parkinson - Drewvale,Rocklea - Acacia Ridge,Brisbane - South,Major Cities,Stretton,Rankin,State-controlled,Intersection - Interchange,No traffic control,80 - 90 km/h,Sealed - Dry,Clear,Daylight,Straight,Level,307,Veh'S Same Direction: Lane Change Left,Lane changes,W,0,0,1,0,1,1,0,1,0,0,0,0
358640,Minor injury,2021,May,Friday,13,Rear-end,Multi-Vehicle,153.041818,-27.60235745,Beaudesert Rd,,Mount Lindesay Arterial Road,Algester,Brisbane City,4115,Acacia Ridge,South Brisbane,Brisbane,SEQ South,Metropolitan,Algester,Rocklea - Acacia Ridge,Brisbane - South,Major Cities,Algester,Rankin,State-controlled,No Roadway Feature,No traffic control,70 km/h,Sealed - Dry,Clear,Daylight,Straight,Level,301,Veh'S Same Direction: Rear End,Rear-end,W,0,0,0,1,1,2,0,0,0,0,0,0
358641,Medical treatment,2021,June,Tuesday,15,Angle,Multi-Vehicle,153.05805,-27.63283145,Gowan Rd,Honeysuckle Way,,Calamvale,Brisbane City,4116,Calamvale,South Brisbane,Brisbane,SEQ South,Metropolitan,Calamvale - Stretton,Rocklea - Acacia Ridge,Brisbane - South,Major Cities,Stretton,Rankin,Locally-controlled,Intersection - T-Junction,Give way sign,60 km/h,Sealed - Dry,Clear,Daylight,Straight,Grade,202,Veh'S Opposite Approach: Thru-Right,Opposing vehicles turning,S,0,0,2,0,2,3,0,0,0,0,0,0
358642,Hospitalisation,2021,June,Thursday,15,Rear-end,Multi-Vehicle,153.044665,-27.63958345,Beaudesert Rd,,Mount Lindesay Arterial Road,Parkinson,Brisbane City,4115,Calamvale,South Brisbane,Brisbane,SEQ South,Metropolitan,Parkinson - Drewvale,Rocklea - Acacia Ridge,Brisbane - South,Major Cities,Stretton,Rankin,State-controlled,No Roadway Feature,No traffic control,70 km/h,Sealed - Wet,Raining,Daylight,Straight,Level,301,Veh'S Same Direction: Rear End,Rear-end,N,0,2,0,0,2,2,0,0,0,0,0,0
358643,Medical treatment,2021,June,Sunday,13,Rear-end,Multi-Vehicle,153.0710528,-27.6513718,Wembley Rd,,Springwood Connection Road,Karawatha,Brisbane City,4117,Logan Central,Logan,South Eastern,SEQ South,Metropolitan,Calamvale - Stretton,Rocklea - Acacia Ridge,Brisbane - South,Major Cities,Stretton,Rankin,State-controlled,No Roadway Feature,No traffic control,60 km/h,Sealed - Dry,Clear,Daylight,Curved - view open,Level,301,Veh'S Same Direction: Rear End,Rear-end,E,0,0,1,0,1,2,0,0,0,0,0,0
358644,Hospitalisation,2021,June,Wednesday,3,Hit object,Single Vehicle,153.0740493,-27.61764882,Lancaster Crct,,,Stretton,Brisbane City,4116,Calamvale,South Brisbane,Brisbane,SEQ South,Metropolitan,Calamvale - Stretton,Rocklea - Acacia Ridge,Brisbane - South,Major Cities,Stretton,Rankin,Locally-controlled,Intersection - Roundabout,No traffic control,0 - 50 km/h,Sealed - Dry,Clear,Darkness - Lighted,Curved - view open,Level,808,Off Path-Curve: Mounts Traffic Island,Off carriageway on curve hit object,N,0,1,0,0,1,1,0,0,0,0,0,0
358645,Medical treatment,2021,June,Monday,5,Rear-end,Multi-Vehicle,153.04272,-27.60541845,Algester Rd,,,Algester,Brisbane City,4115,Calamvale,South Brisbane,Brisbane,SEQ South,Metropolitan,Algester,Rocklea - Acacia Ridge,Brisbane - South,Major Cities,Algester,Rankin,Locally-controlled,No Roadway Feature,No traffic control,60 km/h,Sealed - Dry,Clear,Daylight,Straight,Level,301,Veh'S Same Direction: Rear End,Rear-end,N,0,0,1,0,1,2,0,0,0,0,0,0
358646,Medical treatment,2021,June,Wednesday,18,Rear-end,Multi-Vehicle,153.043134,-27.60437145,Algester Rd,Beaudesert Rd,Mount Lindesay Arterial Road,Calamvale,Brisbane City,4116,Acacia Ridge,South Brisbane,Brisbane,SEQ South,Metropolitan,Calamvale - Stretton,Rocklea - Acacia Ridge,Brisbane - South,Major Cities,Stretton,Rankin,State-controlled,Intersection - T-Junction,Operating traffic lights,60 km/h,Sealed - Dry,Clear,Dawn/Dusk,Straight,Level,301,Veh'S Same Direction: Rear End,Rear-end,W,0,0,2,1,3,2,0,0,0,0,0,0
358647,Medical treatment,2021,June,Wednesday,15,Angle,Multi-Vehicle,153.07128,-27.65457045,Anderson St,Logan Mwy,Springwood Connection Road,Berrinba,Logan City,4117,Crestmead,Logan,South Eastern,SEQ South,South Coast,Browns Plains,Browns Plains,Logan - Beaudesert,Major Cities,Woodridge,Rankin,State-controlled,Intersection - Interchange,No traffic control,60 km/h,Sealed - Dry,Clear,Daylight,Straight,Level,202,Veh'S Opposite Approach: Thru-Right,Opposing vehicles turning,W,0,0,1,0,1,2,0,0,0,0,0,0
358648,Medical treatment,2021,June,Thursday,15,Sideswipe,Multi-Vehicle,153.0671826,-27.62358422,Gateway Arterial Rd,,Gateway Extension Motorway (Drewvale - Eight Mile Plains),Stretton,Brisbane City,4116,Calamvale,South Brisbane,Brisbane,SEQ South,Metropolitan,Calamvale - Stretton,Rocklea - Acacia Ridge,Brisbane - South,Major Cities,Stretton,Rankin,State-controlled,No Roadway Feature,No traffic control,100 - 110 km/h,Sealed - Dry,Clear,Daylight,Curved - view open,Level,307,Veh'S Same Direction: Lane Change Left,Lane changes,S,0,0,1,0,1,1,0,1,0,0,0,0
358649,Hospitalisation,2021,June,Friday,15,Rear-end,Multi-Vehicle,153.0612,-27.61583045,Gowan Rd,,,Stretton,Brisbane City,4116,Calamvale,South Brisbane,Brisbane,SEQ South,Metropolitan,Calamvale - Stretton,Rocklea - Acacia Ridge,Brisbane - South,Major Cities,Stretton,Rankin,Locally-controlled,No Roadway Feature,No traffic control,60 km/h,Sealed - Dry,Clear,Daylight,Straight,Level,301,Veh'S Same Direction: Rear End,Rear-end,S,0,1,1,0,2,1,0,0,1,0,0,0
358650,Medical treatment,2021,June,Saturday,10,Rear-end,Multi-Vehicle,153.020451,-27.65751545,Johnson Rd,,,Parkinson,Brisbane City,4115,Browns Plains,Logan,South Eastern,SEQ South,Metropolitan,Parkinson - Drewvale,Rocklea - Acacia Ridge,Brisbane - South,Major Cities,Algester,Rankin,Locally-controlled,No Roadway Feature,No traffic control,70 km/h,Sealed - Dry,Clear,Daylight,Straight,Level,301,Veh'S Same Direction: Rear End,Rear-end,E,0,0,2,0,2,3,0,0,0,0,0,0
358651,Minor injury,2021,June,Monday,5,Rear-end,Multi-Vehicle,153.083533,-27.65394345,Eucalypt Ct,Gilmore Rd,,Berrinba,Logan City,4117,Logan Central,Logan,South Eastern,SEQ South,South Coast,Logan Central,Springwood - Kingston,Logan - Beaudesert,Major Cities,Woodridge,Rankin,Locally-controlled,Intersection - T-Junction,No traffic control,60 km/h,Sealed - Dry,Clear,Darkness - Lighted,Straight,Level,301,Veh'S Same Direction: Rear End,Rear-end,E,0,0,0,1,1,2,0,0,0,0,0,0
358652,Medical treatment,2021,June,Wednesday,15,Rear-end,Multi-Vehicle,153.039665,-27.64605945,Logan Mwy,,Logan Motorway (Gailes - Loganholme),Parkinson,Brisbane City,4115,Calamvale,South Brisbane,Brisbane,SEQ South,Metropolitan,Parkinson - Drewvale,Rocklea - Acacia Ridge,Brisbane - South,Major Cities,Algester,Rankin,State-controlled,Intersection - Interchange,No traffic control,100 - 110 km/h,Sealed - Dry,Clear,Daylight,Straight,Level,301,Veh'S Same Direction: Rear End,Rear-end,E,0,0,2,0,2,1,0,1,0,0,0,0
358653,Medical treatment,2021,June,Tuesday,9,Rear-end,Multi-Vehicle,153.0315106,-27.64467911,Logan Mwy,,Logan Motorway (Gailes - Loganholme),Parkinson,Brisbane City,4115,Calamvale,South Brisbane,Brisbane,SEQ South,Metropolitan,Parkinson - Drewvale,Rocklea - Acacia Ridge,Brisbane - South,Major Cities,Algester,Rankin,State-controlled,No Roadway Feature,No traffic control,100 - 110 km/h,Sealed - Dry,Clear,Daylight,Straight,Level,301,Veh'S Same Direction: Rear End,Rear-end,E,0,0,1,0,1,0,0,2,0,0,0,0
358841,Medical treatment,2021,January,Sunday,14,Rear-end,Multi-Vehicle,153.1633959,-28.01858746,Kidston St,Lamington National Park Rd,Lamington National Park Road,Canungra,Scenic Rim Region,4275,Canungra,Logan,South Eastern,SEQ South,South Coast,Tamborine - Canungra,Gold Coast Hinterland,Gold Coast,Inner Regional,Scenic Rim,Wright,State-controlled,Intersection - T-Junction,No traffic control,0 - 50 km/h,Sealed - Dry,Clear,Daylight,Curved - view open,Grade,303,Veh'S Same Direction: Right Rear,Rear-end,N,0,0,1,0,1,2,0,0,0,0,0,0
358842,Minor injury,2021,January,Wednesday,13,Rear-end,Multi-Vehicle,153.192591,-28.02158206,Beaudesert - Nerang Rd,,Beaudesert - Nerang Road,Witheren,Scenic Rim Region,4275,Canungra,Logan,South Eastern,SEQ South,South Coast,Tamborine - Canungra,Gold Coast Hinterland,Gold Coast,Inner Regional,Scenic Rim,Wright,State-controlled,No Roadway Feature,No traffic control,60 km/h,Unsealed - Dry,Clear,Daylight,Curved - view obscured,Dip,301,Veh'S Same Direction: Rear End,Rear-end,S,0,0,0,1,1,2,1,0,0,0,0,1
358843,Hospitalisation,2021,January,Saturday,7,Head-on,Multi-Vehicle,153.1996009,-28.08509447,Beechmont Rd,,,Beechmont,Scenic Rim Region,4211,Canungra,Logan,South Eastern,SEQ South,South Coast,Tamborine - Canungra,Gold Coast Hinterland,Gold Coast,Inner Regional,Scenic Rim,Wright,Locally-controlled,No Roadway Feature,No traffic control,80 - 90 km/h,Sealed - Dry,Clear,Daylight,Curved - view obscured,Grade,201,Veh'S Opposite Approach: Head On,Head-on,S,0,2,0,0,2,0,2,0,0,0,0,0
358844,Hospitalisation,2021,January,Sunday,9,Fall from vehicle,Single Vehicle,153.2003333,-28.12300207,Beechmont Rd,,Beechmont Road,Beechmont,Scenic Rim Region,4211,Canungra,Logan,South Eastern,SEQ South,South Coast,Tamborine - Canungra,Gold Coast Hinterland,Gold Coast,Inner Regional,Scenic Rim,Wright,State-controlled,No Roadway Feature,No traffic control,60 km/h,Sealed - Dry,Clear,Daylight,Curved - view obscured,Level,805,Off Path-Curve: Out Of Control On Cway,Out of control on curve,N,0,1,0,0,1,0,1,0,0,0,0,0
358845,Hospitalisation,2021,February,Wednesday,19,Angle,Multi-Vehicle,153.1140587,-27.90830998,Mundoolun Connection Rd,,Mundoolun Connection Road,Tamborine,Scenic Rim Region,4270,Canungra,Logan,South Eastern,SEQ South,South Coast,Tamborine - Canungra,Gold Coast Hinterland,Gold Coast,Inner Regional,Scenic Rim,Wright,State-controlled,No Roadway Feature,No traffic control,100 - 110 km/h,Sealed - Wet,Clear,Darkness - Not lighted,Straight,Grade,406,Veh'S Manoeuvring: Leaving Driveway,Vehicle leaving driveway,S,0,1,0,0,1,2,0,0,0,0,0,0
358846,Hospitalisation,2021,March,Sunday,13,Angle,Multi-Vehicle,153.110639,-27.90372146,Beaudesert - Beenleigh Rd,Mundoolun Connection Rd,Beaudesert - Beenleigh Road,Tamborine,Scenic Rim Region,4270,Canungra,Logan,South Eastern,SEQ South,South Coast,Tamborine - Canungra,Gold Coast Hinterland,Gold Coast,Inner Regional,Scenic Rim,Wright,State-controlled,Intersection - T-Junction,Give way sign,80 - 90 km/h,Sealed - Dry,Clear,Daylight,Curved - view open,Level,104,Veh'S Adjacent Approach: Thru-Right,Intersection from adjacent approaches,S,0,1,0,0,1,2,0,0,0,0,0,0
358847,Fatal,2021,March,Monday,6,Hit object,Single Vehicle,153.1602839,-28.02079446,Coburg Rd,,,Canungra,Scenic Rim Region,4275,Canungra,Logan,South Eastern,SEQ South,South Coast,Tamborine - Canungra,Gold Coast Hinterland,Gold Coast,Inner Regional,Scenic Rim,Wright,Locally-controlled,Bridge/Causeway,No traffic control,60 km/h,Sealed - Wet,Raining,Daylight,Curved - view open,Dip,607,Veh'S On Path: Temporary Object On C'Way,Other,E,1,0,0,0,1,1,0,0,0,0,0,0
358848,Medical treatment,2021,May,Tuesday,16,Hit object,Single Vehicle,153.212765,-27.96523847,Guanaba Rd,,Tamborine - Nerang Road,Tamborine Mountain,Scenic Rim Region,4272,North Tamborine,Logan,South Eastern,SEQ South,South Coast,Tamborine - Canungra,Gold Coast Hinterland,Gold Coast,Major Cities,Scenic Rim,Wright,State-controlled,No Roadway Feature,No traffic control,60 km/h,Sealed - Dry,Clear,Darkness - Lighted,Curved - view obscured,Grade,803,Off Path-Curve: Off Cway Rt Bend Hit Obj,Off carriageway on curve hit object,E,0,0,2,0,2,1,0,0,0,0,0,0
358849,Hospitalisation,2021,May,Saturday,18,Rear-end,Multi-Vehicle,153.1607109,-28.02307546,King St,,Lamington National Park Road,Canungra,Scenic Rim Region,4275,Canungra,Logan,South Eastern,SEQ South,South Coast,Tamborine - Canungra,Gold Coast Hinterland,Gold Coast,Inner Regional,Scenic Rim,Wright,State-controlled,No Roadway Feature,No traffic control,60 km/h,Sealed - Dry,Clear,Darkness - Not lighted,Straight,Crest,301,Veh'S Same Direction: Rear End,Rear-end,S,0,1,0,0,1,2,0,0,0,0,0,0
358850,Hospitalisation,2021,May,Friday,9,Hit object,Single Vehicle,153.11817,-27.97085246,Beaudesert - Nerang Rd,,Beaudesert - Nerang Road,Biddaddaba,Scenic Rim Region,4275,Canungra,Logan,South Eastern,SEQ South,South Coast,Beaudesert,Beaudesert,Logan - Beaudesert,Inner Regional,Scenic Rim,Wright,State-controlled,No Roadway Feature,No traffic control,0 - 50 km/h,Sealed - Dry,Clear,Daylight,Curved - view open,Level,400,Veh'S Manoeuvring: Other,Other,W,0,2,0,0,2,1,0,0,0,0,0,0
358851,Minor injury,2021,May,Sunday,10,Head-on,Multi-Vehicle,153.2073689,-28.11369847,Beechmont Rd,,Beechmont Road,Beechmont,Scenic Rim Region,4211,Canungra,Logan,South Eastern,SEQ South,South Coast,Tamborine - Canungra,Gold Coast Hinterland,Gold Coast,Inner Regional,Scenic Rim,Wright,State-controlled,No Roadway Feature,No traffic control,60 km/h,Sealed - Dry,Clear,Daylight,Curved - view open,Level,201,Veh'S Opposite Approach: Head On,Head-on,N,0,0,0,1,1,1,1,0,0,0,0,0
358852,Medical treatment,2021,June,Monday,5,Angle,Multi-Vehicle,153.1646849,-28.01714846,Christie St,Kidston St,Beaudesert - Nerang Road,Canungra,Scenic Rim Region,4275,Canungra,Logan,South Eastern,SEQ South,South Coast,Tamborine - Canungra,Gold Coast Hinterland,Gold Coast,Inner Regional,Scenic Rim,Wright,State-controlled,Intersection - T-Junction,Give way sign,0 - 50 km/h,Sealed - Dry,Clear,Dawn/Dusk,Straight,Level,102,Veh'S Adjacent Approach: Right-Thru,Intersection from adjacent approaches,N,0,0,1,0,1,1,1,0,0,0,0,0
358853,Hospitalisation,2021,June,Friday,13,Angle,Multi-Vehicle,153.110639,-27.90372146,Beaudesert - Beenleigh Rd,Mundoolun Connection Rd,Beaudesert - Beenleigh Road,Tamborine,Scenic Rim Region,4270,Canungra,Logan,South Eastern,SEQ South,South Coast,Tamborine - Canungra,Gold Coast Hinterland,Gold Coast,Inner Regional,Scenic Rim,Wright,State-controlled,Intersection - T-Junction,No traffic control,80 - 90 km/h,Sealed - Dry,Clear,Daylight,Straight,Level,202,Veh'S Opposite Approach: Thru-Right,Opposing vehicles turning,E,0,1,0,0,1,2,0,0,0,0,0,0
358854,Medical treatment,2021,June,Tuesday,11,Head-on,Multi-Vehicle,153.1467889,-27.96741747,Beaudesert - Nerang Rd,,Beaudesert - Nerang Road,Wonglepong,Scenic Rim Region,4275,Canungra,Logan,South Eastern,SEQ South,South Coast,Tamborine - Canungra,Gold Coast Hinterland,Gold Coast,Inner Regional,Scenic Rim,Wright,State-controlled,No Roadway Feature,No traffic control,60 km/h,Sealed - Wet,Clear,Daylight,Curved - view obscured,Grade,201,Veh'S Opposite Approach: Head On,Head-on,W,0,0,1,1,2,1,0,1,0,0,0,0
358855,Hospitalisation,2021,June,Tuesday,11,Head-on,Multi-Vehicle,153.2069609,-28.01727347,Beaudesert - Nerang Rd,,Beaudesert - Nerang Road,Witheren,Scenic Rim Region,4275,Canungra,Logan,South Eastern,SEQ South,South Coast,Tamborine - Canungra,Gold Coast Hinterland,Gold Coast,Inner Regional,Scenic Rim,Wright,State-controlled,No Roadway Feature,No traffic control,80 - 90 km/h,Sealed - Wet,Clear,Daylight,Curved - view open,Grade,201,Veh'S Opposite Approach: Head On,Head-on,W,0,2,0,0,2,2,0,0,0,0,0,0
358856,Medical treatment,2021,June,Friday,20,Overturned,Single Vehicle,153.1800024,-27.90418963,Tamborine Mountain Rd,,Tamborine Mountain Road,Tamborine Mountain,Scenic Rim Region,4272,North Tamborine,Logan,South Eastern,SEQ South,South Coast,Tamborine - Canungra,Gold Coast Hinterland,Gold Coast,Inner Regional,Scenic Rim,Wright,State-controlled,No Roadway Feature,No traffic control,60 km/h,Sealed - Wet,Raining,Darkness - Not lighted,Curved - view open,Grade,802,Off Path-Curve: Off Cway Left Bend,Off carriageway on curve,S,0,0,1,0,1,1,0,0,0,0,0,0
358857,Medical treatment,2021,June,Sunday,14,Overturned,Single Vehicle,153.132904,-27.88401646,Tamborine Mountain Rd,,Tamborine Mountain Road,Tamborine,Scenic Rim Region,4270,North Tamborine,Logan,South Eastern,SEQ South,South Coast,Tamborine - Canungra,Gold Coast Hinterland,Gold Coast,Inner Regional,Scenic Rim,Wright,State-controlled,No Roadway Feature,No traffic control,80 - 90 km/h,Sealed - Dry,Clear,Daylight,Straight,Level,502,Veh'S Overtaking: Out Of Control,Off carriageway on straight,E,0,0,1,0,1,2,0,0,0,0,0,0
358858,Medical treatment,2021,June,Tuesday,17,Rear-end,Multi-Vehicle,153.2060819,-28.01703847,Beaudesert - Nerang Rd,,Beaudesert - Nerang Road,Witheren,Scenic Rim Region,4275,Canungra,Logan,South Eastern,SEQ South,South Coast,Tamborine - Canungra,Gold Coast Hinterland,Gold Coast,Inner Regional,Scenic Rim,Wright,State-controlled,No Roadway Feature,No traffic control,60 km/h,Sealed - Dry,Clear,Darkness - Not lighted,Straight,Grade,301,Veh'S Same Direction: Rear End,Rear-end,W,0,0,1,0,1,2,0,0,0,0,0,0
358859,Hospitalisation,2021,May,Wednesday,13,Sideswipe,Multi-Vehicle,152.781025,-27.61326442,Barrett St,Brisbane Rd,Ipswich - Cunningham Hwy Connection Road,East Ipswich,Ipswich City,4305,Ipswich,Ipswich,Southern,SEQ South,Metropolitan,Ipswich - East,Ipswich Inner,Ipswich,Major Cities,Ipswich,Blair,State-controlled,Intersection - T-Junction,No traffic control,60 km/h,Sealed - Dry,Clear,Daylight,Straight,Level,307,Veh'S Same Direction: Lane Change Left,Lane changes,W,0,1,0,0,1,2,0,0,0,0,0,0
358860,Medical treatment,2021,May,Thursday,10,Angle,Multi-Vehicle,152.764441,-27.62879242,Briggs Rd,Turner St,,Ipswich,Ipswich City,4305,Yamanto,Ipswich,Southern,SEQ South,Metropolitan,Ipswich - Central,Ipswich Inner,Ipswich,Major Cities,Ipswich,Blair,Locally-controlled,Intersection - Cross,No traffic control,60 km/h,Sealed - Dry,Clear,Daylight,Straight,Grade,102,Veh'S Adjacent Approach: Right-Thru,Intersection from adjacent approaches,E,0,0,1,0,1,1,0,1,0,0,0,0