Crash_Severity,Crash_Year,Crash_Month,Crash_Day_Of_Week,Crash_Hour,Crash_Nature,Crash_Type,Crash_Longitude,Crash_Latitude,Crash_Street,Crash_Street_Intersecting,State_Road_Name,Loc_Suburb,Loc_Local_Government_Area,Loc_Post_Code,Loc_Police_Division,Loc_Police_District,Loc_Police_Region,Loc_Queensland_Transport_Region,Loc_Main_Roads_Region,Loc_ABS_Statistical_Area_2,Loc_ABS_Statistical_Area_3,Loc_ABS_Statistical_Area_4,Loc_ABS_Remoteness,Loc_State_Electorate,Loc_Federal_Electorate,Crash_Controlling_Authority,Crash_Roadway_Feature,Crash_Traffic_Control,Crash_Speed_Limit,Crash_Road_Surface_Condition,Crash_Atmospheric_Condition,Crash_Lighting_Condition,Crash_Road_Horiz_Align,Crash_Road_Vert_Align,Crash_DCA_Code,Crash_DCA_Description,Crash_DCA_Group_Description,DCA_Key_Approach_Dir,Count_Casualty_Fatality,Count_Casualty_Hospitalised,Count_Casualty_MedicallyTreated,Count_Casualty_MinorInjury,Count_Casualty_Total,Count_Unit_Car,Count_Unit_Motorcycle_Moped,Count_Unit_Truck,Count_Unit_Bus,Count_Unit_Bicycle,Count_Unit_Pedestrian,Count_Unit_Other,
358861,Hospitalisation,2021,May,Friday,18,Hit pedestrian,Hit pedestrian,152.826687,-27.60114619,Brisbane Rd,,Ipswich - Cunningham Hwy Connection Road,Ebbw Vale,Ipswich City,4304,Booval,Ipswich,Southern,SEQ South,Metropolitan,Bundamba,Ipswich Inner,Ipswich,Major Cities,Bundamba,Blair,State-controlled,No Roadway Feature,No traffic control,70 km/h,Sealed - Dry,Clear,Darkness - Lighted,Straight,Level,4,Ped'N: Play; Work; Stand; Lie On C'Way,Pedestrian,S,0,1,0,0,1,1,0,0,0,0,1,0
358862,Minor injury,2021,May,Friday,15,Rear-end,Multi-Vehicle,152.7909,-27.60875342,Bergin St,Wattle St,,Booval,Ipswich City,4304,Booval,Ipswich,Southern,SEQ South,Metropolitan,Ipswich - East,Ipswich Inner,Ipswich,Major Cities,Ipswich,Blair,Locally-controlled,Intersection - T-Junction,Give way sign,0 - 50 km/h,Sealed - Dry,Clear,Daylight,Straight,Level,302,Veh'S Same Direction: Left Rear,Rear-end,N,0,0,0,1,1,2,0,0,0,0,0,0
358863,Hospitalisation,2021,May,Saturday,9,Hit object,Single Vehicle,152.806587,-27.62511542,Mary St,,,Blackstone,Ipswich City,4304,Booval,Ipswich,Southern,SEQ South,Metropolitan,Bundamba,Ipswich Inner,Ipswich,Major Cities,Bundamba,Blair,Locally-controlled,No Roadway Feature,No traffic control,60 km/h,Sealed - Dry,Clear,Daylight,Curved - view open,Grade,804,Off Path-Curve: Off Cway Lt Bend Hit Obj,Off carriageway on curve hit object,E,0,1,0,0,1,1,0,0,0,0,0,0
358864,Hospitalisation,2021,May,Thursday,5,Angle,Multi-Vehicle,152.749486,-27.61860242,Brisbane St,Tiger St,,West Ipswich,Ipswich City,4305,Ipswich,Ipswich,Southern,SEQ South,Metropolitan,Ipswich - Central,Ipswich Inner,Ipswich,Major Cities,Ipswich,Blair,Locally-controlled,Intersection - Cross,Operating traffic lights,60 km/h,Sealed - Dry,Clear,Darkness - Lighted,Straight,Level,104,Veh'S Adjacent Approach: Thru-Right,Intersection from adjacent approaches,S,0,2,0,0,2,2,0,0,0,0,0,0
358865,Minor injury,2021,May,Thursday,6,Angle,Multi-Vehicle,152.76348,-27.62767242,Quarry La,Salisbury Rd,,Ipswich,Ipswich City,4305,Yamanto,Ipswich,Southern,SEQ South,Metropolitan,Ipswich - Central,Ipswich Inner,Ipswich,Major Cities,Ipswich,Blair,Locally-controlled,Intersection - T-Junction,Give way sign,60 km/h,Sealed - Dry,Clear,Daylight,Straight,Level,107,Veh'S Adjacent Approach: Thru-Left,Intersection from adjacent approaches,W,0,0,0,2,2,2,0,0,0,0,0,0
358866,Minor injury,2021,May,Friday,11,Rear-end,Multi-Vehicle,152.747047,-27.60662942,Harlin Rd,Macrae St,,Coalfalls,Ipswich City,4305,Ipswich,Ipswich,Southern,SEQ South,Metropolitan,Ipswich - Central,Ipswich Inner,Ipswich,Major Cities,Ipswich,Blair,Locally-controlled,Intersection - T-Junction,No traffic control,60 km/h,Sealed - Dry,Clear,Daylight,Straight,Level,302,Veh'S Same Direction: Left Rear,Rear-end,N,0,0,0,1,1,2,0,0,0,0,0,0
358867,Hospitalisation,2021,May,Saturday,14,Sideswipe,Multi-Vehicle,152.80794,-27.63562842,Cunningham Hwy,,Cunningham Highway (Ipswich - Warwick),Swanbank,Ipswich City,4306,Booval,Ipswich,Southern,SEQ South,Metropolitan,Ripley,Ipswich Inner,Ipswich,Major Cities,Bundamba,Blair,State-controlled,No Roadway Feature,No traffic control,100 - 110 km/h,Sealed - Dry,Clear,Daylight,Straight,Level,306,Veh'S Same Direction: Lane Change Right,Lane changes,S,0,1,0,0,1,3,0,0,0,0,0,0
358868,Medical treatment,2021,May,Monday,16,Angle,Multi-Vehicle,152.7609895,-27.61406784,East St,,Ipswich - Warrego Hwy Connection Road,Ipswich,Ipswich City,4305,Ipswich,Ipswich,Southern,SEQ South,Metropolitan,Ipswich - Central,Ipswich Inner,Ipswich,Major Cities,Ipswich,Blair,State-controlled,No Roadway Feature,No traffic control,0 - 50 km/h,Sealed - Dry,Clear,Daylight,Straight,Level,400,Veh'S Manoeuvring: Other,Other,E,0,0,1,0,1,1,0,0,0,1,0,0
358869,Medical treatment,2021,May,Tuesday,11,Angle,Multi-Vehicle,152.778035,-27.62834242,Grange Rd,Robertson Rd,,Raceview,Ipswich City,4305,Ipswich,Ipswich,Southern,SEQ South,Metropolitan,Raceview,Ipswich Inner,Ipswich,Major Cities,Ipswich,Blair,Locally-controlled,Intersection - T-Junction,Operating traffic lights,60 km/h,Sealed - Dry,Clear,Daylight,Straight,Level,202,Veh'S Opposite Approach: Thru-Right,Opposing vehicles turning,W,0,0,1,0,1,2,0,0,0,0,0,0
358870,Medical treatment,2021,May,Tuesday,15,Hit pedestrian,Hit pedestrian,152.758055,-27.61717942,Nicholas St,Roderick St,,Ipswich,Ipswich City,4305,Ipswich,Ipswich,Southern,SEQ South,Metropolitan,Ipswich - Central,Ipswich Inner,Ipswich,Major Cities,Ipswich,Blair,Locally-controlled,Intersection - Cross,Give way sign,0 - 50 km/h,Unsealed - Dry,Clear,Daylight,Straight,Level,1,Ped'N: Near Side Vehicle Hit From Right,Pedestrian,E,0,0,1,0,1,1,0,0,0,0,1,0
358871,Hospitalisation,2021,May,Friday,13,Sideswipe,Multi-Vehicle,152.7613758,-27.61570887,Limestone St,,Ipswich - Cunningham Hwy Connection Road,Ipswich,Ipswich City,4305,Ipswich,Ipswich,Southern,SEQ South,Metropolitan,Ipswich - Central,Ipswich Inner,Ipswich,Major Cities,Ipswich,Blair,State-controlled,No Roadway Feature,No traffic control,0 - 50 km/h,Sealed - Dry,Clear,Daylight,Straight,Level,306,Veh'S Same Direction: Lane Change Right,Lane changes,W,0,2,0,0,2,2,0,0,0,0,0,0
358872,Hospitalisation,2021,May,Saturday,11,Angle,Multi-Vehicle,152.761023,-27.62017042,Gray St,Warwick Rd,Ipswich - Cunningham Hwy Connection Road,Ipswich,Ipswich City,4305,Ipswich,Ipswich,Southern,SEQ South,Metropolitan,Ipswich - Central,Ipswich Inner,Ipswich,Major Cities,Ipswich,Blair,State-controlled,Intersection - Cross,Operating traffic lights,60 km/h,Sealed - Dry,Clear,Daylight,Straight,Level,101,Veh'S Adjacent Approach: Thru-Thru,Intersection from adjacent approaches,W,0,1,0,0,1,1,1,0,0,0,0,0
358873,Hospitalisation,2021,May,Monday,18,Sideswipe,Multi-Vehicle,152.83647,-27.63834743,Greenwood Vlge Rd,Redbank Plains Rd,,Redbank Plains,Ipswich City,4301,Goodna,Ipswich,Southern,SEQ South,Metropolitan,Redbank Plains,Springfield - Redbank,Ipswich,Major Cities,Bundamba,Blair,Locally-controlled,Intersection - T-Junction,No traffic control,70 km/h,Sealed - Dry,Clear,Darkness - Lighted,Straight,Grade,308,Veh'S Same Direction: Right Turn S/Swipe,Parallel lanes turning,W,0,2,0,0,2,2,0,0,0,0,0,0
358874,Medical treatment,2021,May,Wednesday,13,Angle,Multi-Vehicle,152.753534,-27.58137342,Holdsworth Rd,Waterworks Rd,Warrego Highway (Ipswich - Toowoomba),North Ipswich,Ipswich City,4305,Karana Downs,Ipswich,Southern,SEQ South,Metropolitan,Brassall,Ipswich Inner,Ipswich,Major Cities,Ipswich West,Blair,State-controlled,Intersection - Interchange,Stop sign,60 km/h,Sealed - Dry,Clear,Daylight,Straight,Level,101,Veh'S Adjacent Approach: Thru-Thru,Intersection from adjacent approaches,S,0,0,1,0,1,2,0,0,0,0,0,0
358875,Hospitalisation,2021,May,Thursday,18,Hit pedestrian,Hit pedestrian,152.751706,-27.61530742,Brisbane St,Burnett St,,West Ipswich,Ipswich City,4305,Ipswich,Ipswich,Southern,SEQ South,Metropolitan,Ipswich - Central,Ipswich Inner,Ipswich,Major Cities,Ipswich,Blair,Locally-controlled,Intersection - Cross,Pedestrian crossing sign,60 km/h,Sealed - Dry,Clear,Daylight,Straight,Level,1,Ped'N: Near Side Vehicle Hit From Right,Pedestrian,W,0,1,0,0,1,1,0,0,0,0,1,0
358876,Medical treatment,2021,May,Saturday,13,Head-on,Multi-Vehicle,152.7004471,-27.57765141,Brisbane Valley Hwy,Warrego Hwy,Brisbane Valley Highway (Ipswich - Harlin),Blacksoil,Ipswich City,4306,Karana Downs,Ipswich,Southern,SEQ South,Metropolitan,Leichhardt - One Mile,Ipswich Inner,Ipswich,Major Cities,Ipswich West,Blair,State-controlled,Intersection - Interchange,Operating traffic lights,60 km/h,Sealed - Dry,Clear,Daylight,Straight,Level,202,Veh'S Opposite Approach: Thru-Right,Opposing vehicles turning,S,0,0,1,0,1,2,0,0,0,0,0,0
358877,Hospitalisation,2021,May,Saturday,20,Angle,Multi-Vehicle,152.740945,-27.59768842,Vogel Rd,Workshops St,,Brassall,Ipswich City,4305,Karana Downs,Ipswich,Southern,SEQ South,Metropolitan,Brassall,Ipswich Inner,Ipswich,Major Cities,Ipswich West,Blair,Locally-controlled,Intersection - Cross,Stop sign,60 km/h,Sealed - Dry,Clear,Darkness - Lighted,Straight,Level,104,Veh'S Adjacent Approach: Thru-Right,Intersection from adjacent approaches,S,0,1,0,2,3,2,0,0,0,0,0,0
358878,Hospitalisation,2021,May,Sunday,6,Angle,Multi-Vehicle,152.7531235,-27.57997682,Kholo Rd,Riverside Dr,Warrego Highway (Ipswich - Toowoomba),Muirlea,Ipswich City,4306,Karana Downs,Ipswich,Southern,SEQ South,Metropolitan,Ipswich - North,Ipswich Inner,Ipswich,Major Cities,Ipswich West,Blair,State-controlled,Intersection - Cross,No traffic control,60 km/h,Sealed - Dry,Clear,Darkness - Lighted,Curved - view open,Crest,202,Veh'S Opposite Approach: Thru-Right,Opposing vehicles turning,N,0,4,0,1,5,2,0,0,0,0,0,0
358879,Medical treatment,2021,June,Saturday,11,Angle,Multi-Vehicle,152.762365,-27.60753142,Lowry St,Pine St,,North Ipswich,Ipswich City,4305,Ipswich,Ipswich,Southern,SEQ South,Metropolitan,North Ipswich - Tivoli,Ipswich Inner,Ipswich,Major Cities,Ipswich West,Blair,Locally-controlled,Intersection - Roundabout,Give way sign,0 - 50 km/h,Sealed - Dry,Clear,Daylight,Straight,Level,101,Veh'S Adjacent Approach: Thru-Thru,Intersection from adjacent approaches,N,0,0,1,0,1,2,0,0,0,0,0,0
358880,Medical treatment,2021,June,Sunday,15,Rear-end,Multi-Vehicle,152.773439,-27.61935542,Blackstone Rd,,,Newtown,Ipswich City,4305,Ipswich,Ipswich,Southern,SEQ South,Metropolitan,Ipswich - East,Ipswich Inner,Ipswich,Major Cities,Ipswich,Blair,Locally-controlled,No Roadway Feature,No traffic control,60 km/h,Sealed - Dry,Clear,Daylight,Straight,Dip,302,Veh'S Same Direction: Left Rear,Rear-end,E,0,0,1,0,1,2,0,0,0,0,0,0
358881,Hospitalisation,2021,June,Saturday,7,Hit parked vehicle,Single Vehicle,152.7307651,-27.58935042,Henry St,,,Brassall,Ipswich City,4305,Karana Downs,Ipswich,Southern,SEQ South,Metropolitan,Brassall,Ipswich Inner,Ipswich,Major Cities,Ipswich West,Blair,Locally-controlled,No Roadway Feature,No traffic control,60 km/h,Sealed - Dry,Clear,Daylight,Straight,Grade,601,Veh'S On Path: Parked,Hit parked vehicle,N,0,1,0,0,1,3,0,0,0,0,0,0
358882,Hospitalisation,2021,June,Tuesday,13,Hit object,Single Vehicle,152.815662,-27.62038243,Cooneanna St,,,Blackstone,Ipswich City,4304,Booval,Ipswich,Southern,SEQ South,Metropolitan,Bundamba,Ipswich Inner,Ipswich,Major Cities,Bundamba,Blair,Locally-controlled,No Roadway Feature,No traffic control,0 - 50 km/h,Sealed - Dry,Clear,Daylight,Straight,Level,400,Veh'S Manoeuvring: Other,Other,E,0,1,0,0,1,0,0,0,0,0,0,1
358883,Hospitalisation,2021,June,Tuesday,20,Hit object,Single Vehicle,152.803279,-27.62465942,Hill St,Mary St,,Blackstone,Ipswich City,4304,Booval,Ipswich,Southern,SEQ South,Metropolitan,Bundamba,Ipswich Inner,Ipswich,Major Cities,Bundamba,Blair,Locally-controlled,Intersection - T-Junction,No traffic control,60 km/h,Sealed - Dry,Clear,Darkness - Lighted,Curved - view open,Level,803,Off Path-Curve: Off Cway Rt Bend Hit Obj,Off carriageway on curve hit object,E,0,1,0,0,1,1,0,0,0,0,0,0
358884,Medical treatment,2021,June,Wednesday,17,Rear-end,Multi-Vehicle,152.7647961,-27.62783362,Salisbury Rd,,,Eastern Heights,Ipswich City,4305,Yamanto,Ipswich,Southern,SEQ South,Metropolitan,Ipswich - East,Ipswich Inner,Ipswich,Major Cities,Ipswich,Blair,Locally-controlled,No Roadway Feature,No traffic control,60 km/h,Sealed - Dry,Clear,Dawn/Dusk,Straight,Dip,301,Veh'S Same Direction: Rear End,Rear-end,W,0,0,1,0,1,3,0,0,0,0,0,0
358885,Minor injury,2021,June,Thursday,9,Angle,Multi-Vehicle,152.814729,-27.60246342,Bird St,Bognuda St,,Bundamba,Ipswich City,4304,Booval,Ipswich,Southern,SEQ South,Metropolitan,Bundamba,Ipswich Inner,Ipswich,Major Cities,Bundamba,Blair,Locally-controlled,Intersection - Cross,No traffic control,60 km/h,Sealed - Dry,Clear,Daylight,Straight,Level,308,Veh'S Same Direction: Right Turn S/Swipe,Parallel lanes turning,N,0,0,0,1,1,2,0,0,0,0,0,0
358886,Hospitalisation,2021,June,Tuesday,5,Hit object,Single Vehicle,152.787112,-27.64065542,South Station Rd,,,Raceview,Ipswich City,4305,Yamanto,Ipswich,Southern,SEQ South,Metropolitan,Raceview,Ipswich Inner,Ipswich,Major Cities,Ipswich,Blair,Locally-controlled,No Roadway Feature,No traffic control,60 km/h,Sealed - Dry,Clear,Dawn/Dusk,Straight,Dip,500,Veh'S Overtaking: Other,Other,,0,1,0,0,1,1,1,0,0,0,0,0
358887,Minor injury,2021,June,Tuesday,17,Angle,Multi-Vehicle,152.749603,-27.62317242,Hooper St,Pound St,,West Ipswich,Ipswich City,4305,Ipswich,Ipswich,Southern,SEQ South,Metropolitan,Ipswich - Central,Ipswich Inner,Ipswich,Major Cities,Ipswich,Blair,Locally-controlled,Intersection - T-Junction,Give way sign,0 - 50 km/h,Sealed - Dry,Clear,Darkness - Lighted,Straight,Level,104,Veh'S Adjacent Approach: Thru-Right,Intersection from adjacent approaches,E,0,0,0,2,2,2,0,0,0,0,0,0
358888,Minor injury,2021,June,Thursday,19,Angle,Multi-Vehicle,152.761693,-27.60872242,Pine St,The Terrace,Ipswich - Warrego Hwy Connection Road,North Ipswich,Ipswich City,4305,Ipswich,Ipswich,Southern,SEQ South,Metropolitan,North Ipswich - Tivoli,Ipswich Inner,Ipswich,Major Cities,Ipswich West,Blair,State-controlled,Intersection - Roundabout,Give way sign,0 - 50 km/h,Sealed - Dry,Clear,Darkness - Lighted,Straight,Grade,309,Veh'S Same Direction: Left Turn S/Swipe,Parallel lanes turning,N,0,0,0,1,1,2,0,0,0,0,0,0
358889,Hospitalisation,2021,June,Saturday,18,Angle,Multi-Vehicle,152.794588,-27.64713742,Fischer Rd,Parkhead St,Swanbank Road,Raceview,Ipswich City,4305,Yamanto,Ipswich,Southern,SEQ South,Metropolitan,Ripley,Ipswich Inner,Ipswich,Major Cities,Ipswich,Blair,State-controlled,Intersection - Cross,Give way sign,60 km/h,Sealed - Wet,Clear,Darkness - Lighted,Straight,Level,101,Veh'S Adjacent Approach: Thru-Thru,Intersection from adjacent approaches,S,0,1,0,0,1,3,0,0,0,0,0,0
358890,Medical treatment,2021,June,Tuesday,12,Angle,Multi-Vehicle,152.753912,-27.61628642,Roderick St,Waghorn St,,Ipswich,Ipswich City,4305,Ipswich,Ipswich,Southern,SEQ South,Metropolitan,Ipswich - Central,Ipswich Inner,Ipswich,Major Cities,Ipswich,Blair,Locally-controlled,Intersection - Cross,Stop sign,0 - 50 km/h,Sealed - Dry,Clear,Daylight,Straight,Level,101,Veh'S Adjacent Approach: Thru-Thru,Intersection from adjacent approaches,W,0,0,2,0,2,2,0,0,0,0,0,0
358891,Hospitalisation,2021,June,Tuesday,13,Angle,Multi-Vehicle,152.7534271,-27.58114594,Holdsworth Rd,,Warrego Highway (Ipswich - Toowoomba),North Ipswich,Ipswich City,4305,Karana Downs,Ipswich,Southern,SEQ South,Metropolitan,North Ipswich - Tivoli,Ipswich Inner,Ipswich,Major Cities,Ipswich West,Blair,State-controlled,Intersection - Interchange,Stop sign,60 km/h,Sealed - Dry,Clear,Daylight,Straight,Level,104,Veh'S Adjacent Approach: Thru-Right,Intersection from adjacent approaches,S,0,1,3,0,4,2,0,0,0,0,0,0
358892,Medical treatment,2021,June,Tuesday,14,Rear-end,Multi-Vehicle,152.77888,-27.62344842,Grange Rd,Idolwood St,,Silkstone,Ipswich City,4304,Ipswich,Ipswich,Southern,SEQ South,Metropolitan,Ipswich - East,Ipswich Inner,Ipswich,Major Cities,Ipswich,Blair,Locally-controlled,Intersection - T-Junction,No traffic control,60 km/h,Sealed - Dry,Clear,Daylight,Straight,Level,303,Veh'S Same Direction: Right Rear,Rear-end,S,0,0,2,0,2,2,0,0,0,0,0,0
358893,Medical treatment,2021,June,Tuesday,13,Angle,Multi-Vehicle,152.76289,-27.60780442,Lowry St,,,North Ipswich,Ipswich City,4305,Ipswich,Ipswich,Southern,SEQ South,Metropolitan,North Ipswich - Tivoli,Ipswich Inner,Ipswich,Major Cities,Ipswich West,Blair,Locally-controlled,No Roadway Feature,No traffic control,0 - 50 km/h,Sealed - Dry,Clear,Daylight,Straight,Level,202,Veh'S Opposite Approach: Thru-Right,Opposing vehicles turning,E,0,0,1,0,1,2,0,0,0,0,0,0
358894,Medical treatment,2021,March,Saturday,6,Hit object,Single Vehicle,152.868235,-27.60400543,Ipswich Mwy,,Cunningham Highway (Ipswich Motorway),Redbank,Ipswich City,4301,Goodna,Ipswich,Southern,SEQ South,Metropolitan,Collingwood Park - Redbank,Springfield - Redbank,Ipswich,Major Cities,Bundamba,Oxley,State-controlled,No Roadway Feature,No traffic control,100 - 110 km/h,Sealed - Dry,Clear,Daylight,Straight,Level,703,Off Path-Straight: Left Off Cway Hit Obj,Off carriageway on straight hit object,W,0,0,1,0,1,1,0,0,0,0,0,0
358895,Minor injury,2021,March,Saturday,18,Rear-end,Multi-Vehicle,152.832193,-27.59773243,Brisbane Rd,,Ipswich - Cunningham Hwy Connection Road,Dinmore,Ipswich City,4303,Goodna,Ipswich,Southern,SEQ South,Metropolitan,Bundamba,Ipswich Inner,Ipswich,Major Cities,Bundamba,Blair,State-controlled,No Roadway Feature,No traffic control,0 - 50 km/h,Sealed - Dry,Clear,Darkness - Lighted,Straight,Level,400,Veh'S Manoeuvring: Other,Other,S,0,0,0,1,1,1,0,0,0,0,0,1
358896,Minor injury,2021,March,Sunday,22,Angle,Multi-Vehicle,152.8716469,-27.64659144,Jones Rd,Keidges Rd,,Redbank Plains,Ipswich City,4301,Goodna,Ipswich,Southern,SEQ South,Metropolitan,Bellbird Park - Brookwater,Springfield - Redbank,Ipswich,Major Cities,Bundamba,Oxley,Locally-controlled,Intersection - Cross,Operating traffic lights,60 km/h,Sealed - Dry,Clear,Darkness - Lighted,Straight,Level,101,Veh'S Adjacent Approach: Thru-Thru,Intersection from adjacent approaches,S,0,0,0,2,2,2,0,0,0,0,0,0
358897,Medical treatment,2021,March,Thursday,9,Rear-end,Multi-Vehicle,152.8578296,-27.62087705,Collingwood Dr,,,Collingwood Park,Ipswich City,4301,Goodna,Ipswich,Southern,SEQ South,Metropolitan,Collingwood Park - Redbank,Springfield - Redbank,Ipswich,Major Cities,Bundamba,Blair,Locally-controlled,No Roadway Feature,No traffic control,60 km/h,Sealed - Dry,Clear,Daylight,Straight,Dip,301,Veh'S Same Direction: Rear End,Rear-end,N,0,0,1,0,1,3,0,0,0,0,0,0
358898,Medical treatment,2021,March,Sunday,23,Hit parked vehicle,Single Vehicle,152.923828,-27.63564944,Mikkelsen Rd,,,Camira,Ipswich City,4300,Goodna,Ipswich,Southern,SEQ South,Metropolitan,Camira - Gailes,Springfield - Redbank,Ipswich,Major Cities,Jordan,Oxley,Locally-controlled,No Roadway Feature,No traffic control,0 - 50 km/h,Sealed - Wet,Raining,Darkness - Lighted,Straight,Crest,601,Veh'S On Path: Parked,Hit parked vehicle,W,0,0,1,0,1,2,0,0,0,0,0,0
358899,Minor injury,2021,March,Monday,21,Sideswipe,Multi-Vehicle,152.849175,-27.59724643,Ipswich Mwy,,Cunningham Highway (Ipswich Motorway),Riverview,Ipswich City,4303,Goodna,Ipswich,Southern,SEQ South,Metropolitan,Riverview,Ipswich Inner,Ipswich,Major Cities,Bundamba,Blair,State-controlled,Intersection - Interchange,No traffic control,100 - 110 km/h,Sealed - Wet,Raining,Darkness - Lighted,Straight,Level,307,Veh'S Same Direction: Lane Change Left,Lane changes,W,0,0,0,1,1,2,0,0,0,0,0,0
358900,Medical treatment,2021,March,Monday,23,Hit object,Single Vehicle,152.871737,-27.61215843,Duncan St,,,Collingwood Park,Ipswich City,4301,Goodna,Ipswich,Southern,SEQ South,Metropolitan,Collingwood Park - Redbank,Springfield - Redbank,Ipswich,Major Cities,Bundamba,Oxley,Locally-controlled,No Roadway Feature,No traffic control,60 km/h,Sealed - Wet,Raining,Darkness - Lighted,Curved - view open,Grade,803,Off Path-Curve: Off Cway Rt Bend Hit Obj,Off carriageway on curve hit object,E,0,0,1,0,1,1,0,0,0,0,0,0
358901,Hospitalisation,2021,March,Tuesday,10,Hit parked vehicle,Single Vehicle,152.936621,-27.61707844,Logan Mwy,,Logan Motorway (Gailes - Loganholme),Carole Park,Ipswich City,4300,Goodna,Ipswich,Southern,SEQ South,Metropolitan,Carole Park,Springfield - Redbank,Ipswich,Major Cities,Jordan,Oxley,State-controlled,No Roadway Feature,No traffic control,100 - 110 km/h,Sealed - Wet,Raining,Daylight,Straight,Level,305,Veh'S Same Direction: Lane Side Swipe,Lane changes,W,0,1,0,0,1,1,0,1,1,0,0,0
358902,Hospitalisation,2021,March,Tuesday,21,Angle,Multi-Vehicle,152.878825,-27.60648543,Cross St,Dowden St,,Redbank,Ipswich City,4301,Goodna,Ipswich,Southern,SEQ South,Metropolitan,Collingwood Park - Redbank,Springfield - Redbank,Ipswich,Major Cities,Bundamba,Oxley,Locally-controlled,No Roadway Feature,No traffic control,0 - 50 km/h,Sealed - Wet,Raining,Darkness - Lighted,Curved - view open,Level,804,Off Path-Curve: Off Cway Lt Bend Hit Obj,Off carriageway on curve hit object,W,0,1,0,0,1,1,0,0,0,0,0,0
358903,Minor injury,2021,March,Thursday,17,Rear-end,Multi-Vehicle,152.931292,-27.65042844,Centenary Hwy,,Centenary Motorway (Yamanto - Ellen Grove),Greenbank,Logan City,4124,Goodna,Ipswich,Southern,SEQ South,South Coast,Camira - Gailes,Springfield - Redbank,Ipswich,Major Cities,Jordan,Oxley,State-controlled,No Roadway Feature,No traffic control,100 - 110 km/h,Sealed - Dry,Clear,Daylight,Straight,Level,301,Veh'S Same Direction: Rear End,Rear-end,S,0,0,0,1,1,3,0,0,0,0,0,0
358904,Hospitalisation,2021,March,Friday,15,Hit pedestrian,Hit pedestrian,152.871859,-27.64571243,Redbank Plains Rd,,,Bellbird Park,Ipswich City,4300,Goodna,Ipswich,Southern,SEQ South,Metropolitan,Bellbird Park - Brookwater,Springfield - Redbank,Ipswich,Major Cities,Bundamba,Oxley,Locally-controlled,No Roadway Feature,No traffic control,60 km/h,Sealed - Dry,Clear,Daylight,Straight,Grade,2,Ped'N: Hit Emerging Behind Vehicle,Pedestrian,S,0,1,0,0,1,0,0,0,1,0,1,0
358905,Medical treatment,2021,March,Saturday,10,Rear-end,Multi-Vehicle,152.8993589,-27.60993623,Queen St,Smiths Rd,,Goodna,Ipswich City,4300,Goodna,Ipswich,Southern,SEQ South,Metropolitan,Goodna,Springfield - Redbank,Ipswich,Major Cities,Bundamba,Oxley,Locally-controlled,Intersection - Roundabout,Give way sign,60 km/h,Sealed - Dry,Clear,Daylight,Straight,Level,301,Veh'S Same Direction: Rear End,Rear-end,W,0,0,1,0,1,1,0,0,0,0,0,0
358906,Fatal,2021,March,Saturday,19,Fall from vehicle,Single Vehicle,152.940208,-27.62281844,Logan Mwy,,Logan Motorway (Gailes - Loganholme),Carole Park,Ipswich City,4300,Goodna,Ipswich,Southern,SEQ South,Metropolitan,Carole Park,Springfield - Redbank,Ipswich,Major Cities,Inala,Oxley,State-controlled,No Roadway Feature,No traffic control,100 - 110 km/h,Sealed - Dry,Clear,Darkness - Lighted,Straight,Level,301,Veh'S Same Direction: Rear End,Rear-end,W,1,1,0,1,3,1,1,0,0,0,0,0
358907,Medical treatment,2021,March,Monday,15,Rear-end,Multi-Vehicle,152.8575633,-27.62211384,Collingwood Dr,,,Collingwood Park,Ipswich City,4301,Goodna,Ipswich,Southern,SEQ South,Metropolitan,Collingwood Park - Redbank,Springfield - Redbank,Ipswich,Major Cities,Bundamba,Blair,Locally-controlled,No Roadway Feature,No traffic control,60 km/h,Sealed - Dry,Clear,Daylight,Straight,Crest,301,Veh'S Same Direction: Rear End,Rear-end,S,0,0,1,0,1,3,0,0,0,0,0,0
358908,Minor injury,2021,March,Wednesday,21,Angle,Multi-Vehicle,152.930519,-27.61227144,Boundary Rd,,Logan Motorway (Gailes - Loganholme),Carole Park,Ipswich City,4300,Goodna,Ipswich,Southern,SEQ South,Metropolitan,Carole Park,Springfield - Redbank,Ipswich,Major Cities,Jordan,Oxley,State-controlled,Intersection - Interchange,No traffic control,60 km/h,Sealed - Dry,Clear,Darkness - Lighted,Straight,Level,104,Veh'S Adjacent Approach: Thru-Right,Intersection from adjacent approaches,S,0,0,0,1,1,2,0,0,0,0,0,0
358909,Medical treatment,2021,April,Monday,17,Rear-end,Multi-Vehicle,152.871583,-27.64656743,Jones Rd,Redbank Plains Rd,,Redbank Plains,Ipswich City,4301,Goodna,Ipswich,Southern,SEQ South,Metropolitan,Redbank Plains,Springfield - Redbank,Ipswich,Major Cities,Bundamba,Oxley,Locally-controlled,Intersection - Cross,Operating traffic lights,60 km/h,Sealed - Dry,Clear,Dawn/Dusk,Straight,Level,302,Veh'S Same Direction: Left Rear,Rear-end,S,0,0,1,1,2,2,0,0,0,0,0,0
358910,Minor injury,2021,April,Friday,9,Angle,Multi-Vehicle,152.879114,-27.64734843,Augusta Pkwy,Jones Rd,,Augustine Heights,Ipswich City,4300,Goodna,Ipswich,Southern,SEQ South,Metropolitan,Bellbird Park - Brookwater,Springfield - Redbank,Ipswich,Major Cities,Bundamba,Oxley,Locally-controlled,Merge Lane,Operating traffic lights,60 km/h,Sealed - Dry,Clear,Daylight,Straight,Crest,202,Veh'S Opposite Approach: Thru-Right,Opposing vehicles turning,W,0,0,0,1,1,2,0,0,0,0,0,0
358911,Hospitalisation,2021,April,Friday,12,Fall from vehicle,Single Vehicle,152.8703596,-27.60035203,Brisbane Rd,,,Redbank,Ipswich City,4301,Goodna,Ipswich,Southern,SEQ South,Metropolitan,Collingwood Park - Redbank,Springfield - Redbank,Ipswich,Major Cities,Bundamba,Oxley,Locally-controlled,No Roadway Feature,No traffic control,60 km/h,Sealed - Dry,Clear,Daylight,Straight,Level,705,Off Path-Straight:Out Of Control On Cway,Out of control on straight,E,0,1,0,0,1,1,1,0,0,0,0,0