Crash_Severity,Crash_Year,Crash_Month,Crash_Day_Of_Week,Crash_Hour,Crash_Nature,Crash_Type,Crash_Longitude,Crash_Latitude,Crash_Street,Crash_Street_Intersecting,State_Road_Name,Loc_Suburb,Loc_Local_Government_Area,Loc_Post_Code,Loc_Police_Division,Loc_Police_District,Loc_Police_Region,Loc_Queensland_Transport_Region,Loc_Main_Roads_Region,Loc_ABS_Statistical_Area_2,Loc_ABS_Statistical_Area_3,Loc_ABS_Statistical_Area_4,Loc_ABS_Remoteness,Loc_State_Electorate,Loc_Federal_Electorate,Crash_Controlling_Authority,Crash_Roadway_Feature,Crash_Traffic_Control,Crash_Speed_Limit,Crash_Road_Surface_Condition,Crash_Atmospheric_Condition,Crash_Lighting_Condition,Crash_Road_Horiz_Align,Crash_Road_Vert_Align,Crash_DCA_Code,Crash_DCA_Description,Crash_DCA_Group_Description,DCA_Key_Approach_Dir,Count_Casualty_Fatality,Count_Casualty_Hospitalised,Count_Casualty_MedicallyTreated,Count_Casualty_MinorInjury,Count_Casualty_Total,Count_Unit_Car,Count_Unit_Motorcycle_Moped,Count_Unit_Truck,Count_Unit_Bus,Count_Unit_Bicycle,Count_Unit_Pedestrian,Count_Unit_Other,
358912,Medical treatment,2021,April,Sunday,15,Angle,Multi-Vehicle,152.866968,-27.60178843,Brisbane Rd,Tile St,,Redbank,Ipswich City,4301,Goodna,Ipswich,Southern,SEQ South,Metropolitan,Collingwood Park - Redbank,Springfield - Redbank,Ipswich,Major Cities,Bundamba,Oxley,Locally-controlled,Intersection - T-Junction,Give way sign,0 - 50 km/h,Sealed - Dry,Clear,Daylight,Straight,Level,102,Veh'S Adjacent Approach: Right-Thru,Intersection from adjacent approaches,S,0,0,1,0,1,2,0,0,0,0,0,0
358913,Medical treatment,2021,April,Tuesday,9,Hit object,Single Vehicle,152.848613,-27.64426443,Christine Cr,,,Redbank Plains,Ipswich City,4301,Springfield,Ipswich,Southern,SEQ South,Metropolitan,Redbank Plains,Springfield - Redbank,Ipswich,Major Cities,Bundamba,Blair,Locally-controlled,No Roadway Feature,No traffic control,0 - 50 km/h,Sealed - Dry,Clear,Daylight,Curved - view open,Grade,804,Off Path-Curve: Off Cway Lt Bend Hit Obj,Off carriageway on curve hit object,S,0,0,4,0,4,1,0,0,0,0,0,0
358914,Hospitalisation,2021,April,Tuesday,19,Rear-end,Multi-Vehicle,152.804447,-27.68687242,Centenary Hwy,,Centenary Motorway (Yamanto - Ellen Grove),Ripley,Ipswich City,4306,Yamanto,Ipswich,Southern,SEQ South,Metropolitan,Ripley,Ipswich Inner,Ipswich,Major Cities,Ipswich,Blair,State-controlled,No Roadway Feature,No traffic control,100 - 110 km/h,Sealed - Dry,Clear,Darkness - Not lighted,Curved - view obscured,Level,301,Veh'S Same Direction: Rear End,Rear-end,W,0,2,0,1,3,2,0,0,0,0,0,0
358915,Minor injury,2021,April,Wednesday,17,Rear-end,Multi-Vehicle,152.897618,-27.61159943,Queen St,,,Goodna,Ipswich City,4300,Goodna,Ipswich,Southern,SEQ South,Metropolitan,Goodna,Springfield - Redbank,Ipswich,Major Cities,Bundamba,Oxley,Locally-controlled,No Roadway Feature,No traffic control,60 km/h,Sealed - Dry,Clear,Dawn/Dusk,Straight,Level,301,Veh'S Same Direction: Rear End,Rear-end,S,0,0,0,1,1,2,0,0,0,0,0,0
358916,Hospitalisation,2021,April,Thursday,17,Fall from vehicle,Single Vehicle,152.8649263,-27.60448655,Ipswich Mwy,,Cunningham Highway (Ipswich Motorway),Redbank,Ipswich City,4301,Goodna,Ipswich,Southern,SEQ South,Metropolitan,Collingwood Park - Redbank,Springfield - Redbank,Ipswich,Major Cities,Bundamba,Oxley,State-controlled,No Roadway Feature,No traffic control,100 - 110 km/h,Sealed - Dry,Clear,Dawn/Dusk,Curved - view open,Level,900,Pass & Misc: Other,Other,W,0,1,0,0,1,0,1,1,0,0,0,0
358917,Hospitalisation,2021,April,Thursday,22,Head-on,Multi-Vehicle,152.9085975,-27.6670723,Springfield Greenbank Art Rd,,,Springfield,Ipswich City,4300,Springfield,Ipswich,Southern,SEQ South,Metropolitan,Springfield,Springfield - Redbank,Ipswich,Major Cities,Jordan,Oxley,Locally-controlled,No Roadway Feature,No traffic control,60 km/h,Sealed - Dry,Clear,Darkness - Lighted,Straight,Level,201,Veh'S Opposite Approach: Head On,Head-on,N,0,2,0,0,2,2,0,0,0,0,0,0
358918,Medical treatment,2021,April,Thursday,19,Hit pedestrian,Hit pedestrian,152.901904,-27.67751343,Main St,North Star Crossing,,Springfield Central,Ipswich City,4300,Springfield,Ipswich,Southern,SEQ South,Metropolitan,Springfield Lakes,Springfield - Redbank,Ipswich,Major Cities,Jordan,Blair,Locally-controlled,No Roadway Feature,Pedestrian crossing sign,0 - 50 km/h,Sealed - Dry,Clear,Darkness - Lighted,Straight,Level,3,Ped'N: Far Side Vehicle Hit From Left,Pedestrian,U,0,0,1,0,1,1,0,0,0,0,1,0
358919,Hospitalisation,2021,April,Sunday,4,Hit object,Single Vehicle,152.916083,-27.66720533,Centenary Hwy,,Centenary Motorway (Yamanto - Ellen Grove),Springfield Lakes,Ipswich City,4300,Springfield,Ipswich,Southern,SEQ South,Metropolitan,Springfield Lakes,Springfield - Redbank,Ipswich,Major Cities,Jordan,Oxley,State-controlled,No Roadway Feature,No traffic control,100 - 110 km/h,Sealed - Dry,Clear,Darkness - Lighted,Straight,Level,201,Veh'S Opposite Approach: Head On,Head-on,N,0,3,0,0,3,2,0,0,0,0,0,0
358920,Medical treatment,2021,April,Monday,17,Rear-end,Multi-Vehicle,152.919532,-27.65350644,Commercial Dr,Springfield Pky,,Springfield,Ipswich City,4300,Springfield,Ipswich,Southern,SEQ South,Metropolitan,Springfield,Springfield - Redbank,Ipswich,Major Cities,Jordan,Oxley,Locally-controlled,Intersection - T-Junction,Give way sign,0 - 50 km/h,Sealed - Dry,Clear,Daylight,Straight,Level,302,Veh'S Same Direction: Left Rear,Rear-end,W,0,0,1,0,1,2,0,0,0,0,0,0
358921,Minor injury,2021,April,Tuesday,9,Angle,Multi-Vehicle,152.895824,-27.61333543,Alice St,Queen St,,Goodna,Ipswich City,4300,Goodna,Ipswich,Southern,SEQ South,Metropolitan,Goodna,Springfield - Redbank,Ipswich,Major Cities,Bundamba,Oxley,Locally-controlled,Intersection - Cross,Operating traffic lights,60 km/h,Sealed - Dry,Clear,Daylight,Straight,Level,202,Veh'S Opposite Approach: Thru-Right,Opposing vehicles turning,W,0,0,0,1,1,2,0,0,0,0,0,0
358922,Hospitalisation,2021,April,Tuesday,15,Rear-end,Multi-Vehicle,152.908731,-27.68032343,Sinnathamby Blvd,,,Springfield Central,Ipswich City,4300,Springfield,Ipswich,Southern,SEQ South,Metropolitan,Springfield Lakes,Springfield - Redbank,Ipswich,Major Cities,Jordan,Blair,Locally-controlled,No Roadway Feature,No traffic control,70 km/h,Sealed - Dry,Clear,Daylight,Curved - view open,Grade,301,Veh'S Same Direction: Rear End,Rear-end,N,0,2,0,0,2,1,0,1,0,0,0,0
358923,Hospitalisation,2021,April,Wednesday,14,Hit pedestrian,Hit pedestrian,152.910288,-27.69033244,Parkland Dr,Springfield Central Bvd,,Springfield Lakes,Ipswich City,4300,Springfield,Ipswich,Southern,SEQ South,Metropolitan,Springfield Lakes,Springfield - Redbank,Ipswich,Major Cities,Jordan,Blair,Locally-controlled,Intersection - Cross,Operating traffic lights,60 km/h,Sealed - Dry,Clear,Daylight,Curved - view open,Dip,3,Ped'N: Far Side Vehicle Hit From Left,Pedestrian,W,0,1,0,0,1,1,0,0,0,0,1,0
358924,Hospitalisation,2021,April,Wednesday,15,Hit pedestrian,Hit pedestrian,152.872026,-27.60237743,Ipswich Mwy,,Cunningham Highway (Ipswich Motorway),Redbank,Ipswich City,4301,Goodna,Ipswich,Southern,SEQ South,Metropolitan,Collingwood Park - Redbank,Springfield - Redbank,Ipswich,Major Cities,Bundamba,Oxley,State-controlled,No Roadway Feature,No traffic control,100 - 110 km/h,Sealed - Dry,Clear,Daylight,Straight,Level,4,Ped'N: Play; Work; Stand; Lie On C'Way,Pedestrian,E,0,1,0,0,1,1,0,0,0,0,1,0
358925,Medical treatment,2021,April,Wednesday,9,Angle,Multi-Vehicle,152.933465,-27.61949844,Cobalt St,Emery St,,Carole Park,Ipswich City,4300,Goodna,Ipswich,Southern,SEQ South,Metropolitan,Carole Park,Springfield - Redbank,Ipswich,Major Cities,Jordan,Oxley,Locally-controlled,No Roadway Feature,No traffic control,60 km/h,Sealed - Dry,Clear,Daylight,Straight,Level,202,Veh'S Opposite Approach: Thru-Right,Opposing vehicles turning,E,0,0,1,0,1,2,0,0,0,0,0,0
358926,Medical treatment,2021,April,Friday,9,Sideswipe,Multi-Vehicle,152.9340518,-27.64736444,Centenary Hwy,,Centenary Motorway (Yamanto - Ellen Grove),Greenbank,Logan City,4124,Goodna,Ipswich,Southern,SEQ South,South Coast,Camira - Gailes,Springfield - Redbank,Ipswich,Major Cities,Jordan,Oxley,State-controlled,No Roadway Feature,No traffic control,100 - 110 km/h,Sealed - Dry,Clear,Daylight,Straight,Level,307,Veh'S Same Direction: Lane Change Left,Lane changes,N,0,0,1,0,1,1,0,1,0,0,0,0
358927,Hospitalisation,2021,April,Sunday,21,Angle,Multi-Vehicle,152.885646,-27.62757943,Brennan St,Redbank Plains Rd,,Goodna,Ipswich City,4300,Goodna,Ipswich,Southern,SEQ South,Metropolitan,Goodna,Springfield - Redbank,Ipswich,Major Cities,Bundamba,Oxley,Locally-controlled,Intersection - T-Junction,Operating traffic lights,70 km/h,Sealed - Dry,Clear,Darkness - Lighted,Curved - view open,Level,202,Veh'S Opposite Approach: Thru-Right,Opposing vehicles turning,N,0,1,0,0,1,2,0,0,0,0,0,0
358928,Minor injury,2021,April,Monday,13,Hit object,Single Vehicle,152.8032417,-27.68735234,Centenary Hwy,,Centenary Motorway (Yamanto - Ellen Grove),Ripley,Ipswich City,4306,Yamanto,Ipswich,Southern,SEQ South,Metropolitan,Ripley,Ipswich Inner,Ipswich,Major Cities,Ipswich,Blair,State-controlled,Intersection - Roundabout,No traffic control,60 km/h,Sealed - Dry,Clear,Daylight,Curved - view open,Level,703,Off Path-Straight: Left Off Cway Hit Obj,Off carriageway on straight hit object,E,0,0,0,2,2,1,0,0,0,0,0,0
358929,Minor injury,2021,April,Wednesday,7,Rear-end,Multi-Vehicle,152.833877,-27.59709243,Brisbane Rd,,Ipswich - Cunningham Hwy Connection Road,Dinmore,Ipswich City,4303,Goodna,Ipswich,Southern,SEQ South,Metropolitan,Bundamba,Ipswich Inner,Ipswich,Major Cities,Bundamba,Blair,State-controlled,No Roadway Feature,No traffic control,70 km/h,Sealed - Dry,Clear,Daylight,Curved - view open,Level,301,Veh'S Same Direction: Rear End,Rear-end,S,0,0,0,1,1,2,0,0,0,0,0,0
358930,Minor injury,2021,April,Wednesday,16,Hit parked vehicle,Single Vehicle,152.8119845,-27.6988426,Parkway Av,,,South Ripley,Ipswich City,4306,Yamanto,Ipswich,Southern,SEQ South,Metropolitan,Ripley,Ipswich Inner,Ipswich,Major Cities,Bundamba,Blair,Locally-controlled,No Roadway Feature,No traffic control,60 km/h,Sealed - Dry,Clear,Dawn/Dusk,Straight,Level,703,Off Path-Straight: Left Off Cway Hit Obj,Off carriageway on straight hit object,E,0,0,0,1,1,2,0,0,0,0,0,0
358931,Medical treatment,2021,April,Thursday,4,Hit object,Single Vehicle,152.880693,-27.58712657,Monash St,,,Redbank,Ipswich City,4301,Goodna,Ipswich,Southern,SEQ South,Metropolitan,Collingwood Park - Redbank,Springfield - Redbank,Ipswich,Major Cities,Bundamba,Oxley,Locally-controlled,No Roadway Feature,No traffic control,60 km/h,Sealed - Dry,Clear,Darkness - Lighted,Curved - view open,Level,803,Off Path-Curve: Off Cway Rt Bend Hit Obj,Off carriageway on curve hit object,E,0,0,2,0,2,1,0,1,0,0,0,0
358932,Hospitalisation,2021,April,Friday,6,Head-on,Multi-Vehicle,152.894659,-27.61452743,Queen St,,,Goodna,Ipswich City,4300,Goodna,Ipswich,Southern,SEQ South,Metropolitan,Goodna,Springfield - Redbank,Ipswich,Major Cities,Bundamba,Oxley,Locally-controlled,No Roadway Feature,No traffic control,60 km/h,Sealed - Dry,Clear,Daylight,Straight,Grade,201,Veh'S Opposite Approach: Head On,Head-on,S,0,1,0,1,2,2,0,0,0,0,0,0
358933,Hospitalisation,2021,April,Friday,10,Head-on,Multi-Vehicle,152.91631,-27.61837544,Formation St,Old Logan Rd,,Carole Park,Ipswich City,4300,Goodna,Ipswich,Southern,SEQ South,Metropolitan,Carole Park,Springfield - Redbank,Ipswich,Major Cities,Jordan,Oxley,Locally-controlled,Intersection - Cross,Operating traffic lights,60 km/h,Sealed - Dry,Clear,Daylight,Straight,Level,202,Veh'S Opposite Approach: Thru-Right,Opposing vehicles turning,S,0,1,0,0,1,3,0,0,0,0,0,0
358934,Hospitalisation,2021,May,Saturday,15,Angle,Multi-Vehicle,152.856558,-27.62801043,Collingwood Dr,,,Collingwood Park,Ipswich City,4301,Goodna,Ipswich,Southern,SEQ South,Metropolitan,Collingwood Park - Redbank,Springfield - Redbank,Ipswich,Major Cities,Bundamba,Blair,Locally-controlled,No Roadway Feature,No traffic control,60 km/h,Sealed - Dry,Clear,Daylight,Straight,Grade,408,Veh'S Manoeuvring: Entering From Footway,Vehicle leaving driveway,S,0,1,0,0,1,2,0,0,0,0,0,0
358935,Hospitalisation,2021,May,Saturday,19,Hit object,Single Vehicle,152.802957,-27.68806442,Centenary Hwy,Ripley Rd,Centenary Motorway (Yamanto - Ellen Grove),Ripley,Ipswich City,4306,Yamanto,Ipswich,Southern,SEQ South,Metropolitan,Ripley,Ipswich Inner,Ipswich,Major Cities,Ipswich,Blair,State-controlled,Intersection - Roundabout,Give way sign,60 km/h,Sealed - Wet,Raining,Darkness - Lighted,Curved - view open,Grade,804,Off Path-Curve: Off Cway Lt Bend Hit Obj,Off carriageway on curve hit object,S,0,1,0,0,1,1,0,0,0,0,0,0
358936,Hospitalisation,2021,May,Saturday,20,Hit object,Single Vehicle,152.887862,-27.60391043,Whitmore Cres,,,Goodna,Ipswich City,4300,Goodna,Ipswich,Southern,SEQ South,Metropolitan,Goodna,Springfield - Redbank,Ipswich,Major Cities,Bundamba,Oxley,Locally-controlled,No Roadway Feature,No traffic control,0 - 50 km/h,Sealed - Wet,Raining,Darkness - Lighted,Curved - view open,Dip,803,Off Path-Curve: Off Cway Rt Bend Hit Obj,Off carriageway on curve hit object,E,0,2,0,0,2,1,0,0,0,0,0,0
358937,Medical treatment,2021,May,Saturday,19,Angle,Multi-Vehicle,152.884654,-27.62801743,Eagle St,Redbank Plains Rd,,Bellbird Park,Ipswich City,4300,Goodna,Ipswich,Southern,SEQ South,Metropolitan,Bellbird Park - Brookwater,Springfield - Redbank,Ipswich,Major Cities,Bundamba,Oxley,Locally-controlled,Intersection - T-Junction,No traffic control,70 km/h,Sealed - Dry,Clear,Darkness - Lighted,Straight,Grade,202,Veh'S Opposite Approach: Thru-Right,Opposing vehicles turning,S,0,0,1,0,1,2,0,0,0,0,0,0
358938,Hospitalisation,2021,May,Tuesday,20,Angle,Multi-Vehicle,152.9087779,-27.68277646,Sinnathamby Blvd,,,Springfield Central,Ipswich City,4300,Springfield,Ipswich,Southern,SEQ South,Metropolitan,Springfield Lakes,Springfield - Redbank,Ipswich,Major Cities,Jordan,Blair,Locally-controlled,Intersection - T-Junction,Operating traffic lights,60 km/h,Sealed - Dry,Clear,Darkness - Lighted,Straight,Level,202,Veh'S Opposite Approach: Thru-Right,Opposing vehicles turning,S,0,2,0,0,2,2,0,0,0,0,0,0
358939,Minor injury,2021,May,Tuesday,14,Rear-end,Multi-Vehicle,152.901788,-27.60913643,Cunningham Hwy,,Cunningham Highway (Ipswich Motorway),Goodna,Ipswich City,4300,Goodna,Ipswich,Southern,SEQ South,Metropolitan,Goodna,Springfield - Redbank,Ipswich,Major Cities,Bundamba,Oxley,State-controlled,No Roadway Feature,No traffic control,100 - 110 km/h,Sealed - Dry,Clear,Daylight,Curved - view open,Level,301,Veh'S Same Direction: Rear End,Rear-end,E,0,0,0,1,1,2,0,0,0,0,0,0
358940,Hospitalisation,2021,May,Friday,20,Angle,Multi-Vehicle,152.916464,-27.68595844,Springfield Greenbank Art Rd,,,Springfield Lakes,Ipswich City,4300,Springfield,Ipswich,Southern,SEQ South,Metropolitan,Springfield Lakes,Springfield - Redbank,Ipswich,Major Cities,Jordan,Blair,Locally-controlled,No Roadway Feature,No traffic control,60 km/h,Sealed - Dry,Clear,Darkness - Lighted,Curved - view open,Grade,201,Veh'S Opposite Approach: Head On,Head-on,E,0,1,0,0,1,2,0,0,0,0,0,0
358941,Hospitalisation,2021,May,Saturday,6,Angle,Multi-Vehicle,152.91631,-27.61837544,Formation St,Old Logan Rd,,Carole Park,Ipswich City,4300,Goodna,Ipswich,Southern,SEQ South,Metropolitan,Carole Park,Springfield - Redbank,Ipswich,Major Cities,Jordan,Oxley,Locally-controlled,Intersection - T-Junction,Operating traffic lights,70 km/h,Sealed - Dry,Clear,Daylight,Straight,Level,202,Veh'S Opposite Approach: Thru-Right,Opposing vehicles turning,S,0,1,0,1,2,2,0,0,0,0,0,0
358942,Hospitalisation,2021,May,Sunday,17,Hit parked vehicle,Single Vehicle,152.916043,-27.60860244,Old Logan Rd,,,Gailes,Ipswich City,4300,Goodna,Ipswich,Southern,SEQ South,Metropolitan,Camira - Gailes,Springfield - Redbank,Ipswich,Major Cities,Jordan,Oxley,Locally-controlled,No Roadway Feature,No traffic control,60 km/h,Sealed - Dry,Clear,Darkness - Lighted,Curved - view open,Level,805,Off Path-Curve: Out Of Control On Cway,Out of control on curve,S,0,2,0,0,2,2,0,0,0,0,0,0
358943,Minor injury,2021,May,Monday,15,Sideswipe,Multi-Vehicle,152.899204,-27.60975143,Queen St,Smiths Rd,,Goodna,Ipswich City,4300,Goodna,Ipswich,Southern,SEQ South,Metropolitan,Goodna,Springfield - Redbank,Ipswich,Major Cities,Bundamba,Oxley,Locally-controlled,Intersection - Roundabout,Give way sign,0 - 50 km/h,Sealed - Dry,Clear,Daylight,Straight,Level,308,Veh'S Same Direction: Right Turn S/Swipe,Parallel lanes turning,E,0,0,0,2,2,3,0,0,0,0,0,0
358944,Minor injury,2021,May,Wednesday,13,Hit object,Single Vehicle,152.902139,-27.67545943,Southern Cross Crct,,,Springfield Central,Ipswich City,4300,Springfield,Ipswich,Southern,SEQ South,Metropolitan,Springfield Lakes,Springfield - Redbank,Ipswich,Major Cities,Jordan,Blair,Locally-controlled,No Roadway Feature,No traffic control,0 - 50 km/h,Sealed - Dry,Clear,Daylight,Straight,Level,703,Off Path-Straight: Left Off Cway Hit Obj,Off carriageway on straight hit object,E,0,0,0,1,1,1,0,0,0,0,0,0
358945,Minor injury,2021,May,Wednesday,12,Hit pedestrian,Hit pedestrian,152.89821,-27.60948343,Smiths Rd,,,Goodna,Ipswich City,4300,Goodna,Ipswich,Southern,SEQ South,Metropolitan,Goodna,Springfield - Redbank,Ipswich,Major Cities,Bundamba,Oxley,Locally-controlled,No Roadway Feature,Give way sign,0 - 50 km/h,Sealed - Dry,Clear,Daylight,Straight,Level,7,Ped'N: Hit By Vehicle Enter/Leave D'Way,Pedestrian,N,0,0,0,1,1,1,0,0,0,0,1,0
358946,Medical treatment,2021,May,Thursday,12,Angle,Multi-Vehicle,152.851882,-27.59914443,Ipswich St,,,Riverview,Ipswich City,4303,Goodna,Ipswich,Southern,SEQ South,Metropolitan,Riverview,Ipswich Inner,Ipswich,Major Cities,Bundamba,Blair,Locally-controlled,No Roadway Feature,No traffic control,0 - 50 km/h,Sealed - Dry,Clear,Daylight,Straight,Level,308,Veh'S Same Direction: Right Turn S/Swipe,Parallel lanes turning,S,0,0,1,1,2,2,0,0,0,0,0,0
358947,Hospitalisation,2021,May,Friday,16,Angle,Multi-Vehicle,152.918954,-27.65384744,Springfield Pky,,,Springfield,Ipswich City,4300,Springfield,Ipswich,Southern,SEQ South,Metropolitan,Springfield,Springfield - Redbank,Ipswich,Major Cities,Jordan,Oxley,Locally-controlled,No Roadway Feature,No traffic control,60 km/h,Sealed - Dry,Clear,Daylight,Curved - view open,Level,408,Veh'S Manoeuvring: Entering From Footway,Vehicle leaving driveway,S,0,1,0,0,1,1,0,0,0,1,0,0
358948,Hospitalisation,2021,May,Friday,20,Angle,Multi-Vehicle,152.898308,-27.61369843,Alice St,Church St,,Goodna,Ipswich City,4300,Goodna,Ipswich,Southern,SEQ South,Metropolitan,Goodna,Springfield - Redbank,Ipswich,Major Cities,Bundamba,Oxley,Locally-controlled,Intersection - Cross,Operating traffic lights,60 km/h,Sealed - Dry,Clear,Darkness - Lighted,Straight,Grade,101,Veh'S Adjacent Approach: Thru-Thru,Intersection from adjacent approaches,W,0,1,0,1,2,2,0,0,0,0,0,0
358949,Hospitalisation,2021,May,Friday,22,Angle,Multi-Vehicle,152.9362163,-27.62254322,Cobalt St,,,Carole Park,Ipswich City,4300,Goodna,Ipswich,Southern,SEQ South,Metropolitan,Carole Park,Springfield - Redbank,Ipswich,Major Cities,Jordan,Oxley,Locally-controlled,No Roadway Feature,No traffic control,60 km/h,Sealed - Dry,Clear,Dawn/Dusk,Straight,Level,408,Veh'S Manoeuvring: Entering From Footway,Vehicle leaving driveway,S,0,1,0,0,1,1,1,0,0,0,0,0
358950,Medical treatment,2021,May,Friday,20,Angle,Multi-Vehicle,152.850497,-27.65658943,Alawoona St,School Rd,,Redbank Plains,Ipswich City,4301,Springfield,Ipswich,Southern,SEQ South,Metropolitan,Redbank Plains,Springfield - Redbank,Ipswich,Major Cities,Bundamba,Blair,Locally-controlled,Intersection - Cross,Operating traffic lights,60 km/h,Sealed - Dry,Clear,Darkness - Lighted,Straight,Level,101,Veh'S Adjacent Approach: Thru-Thru,Intersection from adjacent approaches,E,0,0,1,0,1,2,0,0,0,0,0,0
358951,Hospitalisation,2021,May,Wednesday,22,Hit object,Single Vehicle,152.884512,-27.62778315,Eagle St,,,Bellbird Park,Ipswich City,4300,Goodna,Ipswich,Southern,SEQ South,Metropolitan,Bellbird Park - Brookwater,Springfield - Redbank,Ipswich,Major Cities,Bundamba,Oxley,Locally-controlled,No Roadway Feature,No traffic control,60 km/h,Sealed - Dry,Clear,Darkness - Lighted,Curved - view open,Level,803,Off Path-Curve: Off Cway Rt Bend Hit Obj,Off carriageway on curve hit object,E,0,1,0,0,1,1,0,0,0,0,0,0
358952,Hospitalisation,2021,May,Friday,3,Hit parked vehicle,Single Vehicle,152.877391,-27.58629443,Monash St,,,Redbank,Ipswich City,4301,Goodna,Ipswich,Southern,SEQ South,Metropolitan,Collingwood Park - Redbank,Springfield - Redbank,Ipswich,Major Cities,Bundamba,Oxley,Locally-controlled,No Roadway Feature,No traffic control,60 km/h,Sealed - Dry,Clear,Darkness - Lighted,Curved - view open,Level,803,Off Path-Curve: Off Cway Rt Bend Hit Obj,Off carriageway on curve hit object,W,0,1,0,0,1,1,0,1,0,0,0,0
358953,Medical treatment,2021,May,Friday,16,Angle,Multi-Vehicle,152.899097,-27.60951243,Queen St,Smiths Rd,,Goodna,Ipswich City,4300,Goodna,Ipswich,Southern,SEQ South,Metropolitan,Goodna,Springfield - Redbank,Ipswich,Major Cities,Bundamba,Oxley,Locally-controlled,Intersection - Roundabout,Give way sign,0 - 50 km/h,Sealed - Dry,Clear,Daylight,Straight,Level,101,Veh'S Adjacent Approach: Thru-Thru,Intersection from adjacent approaches,N,0,0,1,0,1,1,1,0,0,0,0,0
358954,Medical treatment,2021,May,Friday,13,Rear-end,Multi-Vehicle,152.873087,-27.63860643,Redbank Plains Rd,,,Bellbird Park,Ipswich City,4300,Goodna,Ipswich,Southern,SEQ South,Metropolitan,Bellbird Park - Brookwater,Springfield - Redbank,Ipswich,Major Cities,Bundamba,Oxley,Locally-controlled,No Roadway Feature,No traffic control,60 km/h,Sealed - Dry,Clear,Daylight,Straight,Crest,301,Veh'S Same Direction: Rear End,Rear-end,S,0,0,1,0,1,2,0,0,0,0,0,0
358955,Hospitalisation,2021,May,Monday,18,Angle,Multi-Vehicle,152.89733,-27.67752843,Sinnathamby Blvd,South West Art Rd On Ramp,,Springfield Central,Ipswich City,4300,Springfield,Ipswich,Southern,SEQ South,Metropolitan,Springfield Lakes,Springfield - Redbank,Ipswich,Major Cities,Jordan,Blair,Locally-controlled,Intersection - Interchange,Operating traffic lights,70 km/h,Sealed - Dry,Clear,Darkness - Lighted,Straight,Level,202,Veh'S Opposite Approach: Thru-Right,Opposing vehicles turning,N,0,2,0,0,2,2,0,0,0,0,0,0
358956,Medical treatment,2021,May,Tuesday,18,Sideswipe,Multi-Vehicle,152.899204,-27.60975143,Queen St,Smiths Rd,,Goodna,Ipswich City,4300,Goodna,Ipswich,Southern,SEQ South,Metropolitan,Goodna,Springfield - Redbank,Ipswich,Major Cities,Bundamba,Oxley,Locally-controlled,Intersection - Roundabout,No traffic control,60 km/h,Sealed - Dry,Clear,Darkness - Lighted,Curved - view open,Grade,309,Veh'S Same Direction: Left Turn S/Swipe,Parallel lanes turning,S,0,0,1,0,1,2,0,0,0,0,0,0
358957,Hospitalisation,2021,May,Wednesday,11,Hit pedestrian,Hit pedestrian,152.871583,-27.64656743,Jones Rd,Redbank Plains Rd,,Redbank Plains,Ipswich City,4301,Goodna,Ipswich,Southern,SEQ South,Metropolitan,Redbank Plains,Springfield - Redbank,Ipswich,Major Cities,Bundamba,Oxley,Locally-controlled,Intersection - Cross,Operating traffic lights,70 km/h,Sealed - Dry,Clear,Daylight,Straight,Level,1,Ped'N: Near Side Vehicle Hit From Right,Pedestrian,E,0,1,0,0,1,1,0,0,0,0,1,0
358958,Minor injury,2021,May,Wednesday,5,Rear-end,Multi-Vehicle,152.9060947,-27.60902795,Ipswich Mwy,,Cunningham Highway (Ipswich Motorway),Goodna,Ipswich City,4300,Goodna,Ipswich,Southern,SEQ South,Metropolitan,Goodna,Springfield - Redbank,Ipswich,Major Cities,Bundamba,Oxley,State-controlled,No Roadway Feature,No traffic control,100 - 110 km/h,Sealed - Dry,Clear,Darkness - Lighted,Straight,Level,301,Veh'S Same Direction: Rear End,Rear-end,N,0,0,0,2,2,3,0,0,0,0,0,0
358959,Medical treatment,2021,May,Thursday,15,Rear-end,Multi-Vehicle,152.897378,-27.67720443,Main St,Sinnathamby Blvd,Centenary Motorway (Yamanto - Ellen Grove),Springfield Central,Ipswich City,4300,Springfield,Ipswich,Southern,SEQ South,Metropolitan,Springfield Lakes,Springfield - Redbank,Ipswich,Major Cities,Jordan,Blair,State-controlled,Intersection - Interchange,No traffic control,100 - 110 km/h,Sealed - Dry,Clear,Daylight,Straight,Level,302,Veh'S Same Direction: Left Rear,Rear-end,E,0,0,1,0,1,2,0,0,0,0,0,0
358960,Minor injury,2021,May,Saturday,6,Hit object,Single Vehicle,152.90116,-27.60765443,Woogaroo St,,,Goodna,Ipswich City,4300,Goodna,Ipswich,Southern,SEQ South,Metropolitan,Goodna,Springfield - Redbank,Ipswich,Major Cities,Bundamba,Oxley,Locally-controlled,No Roadway Feature,No traffic control,60 km/h,Sealed - Dry,Clear,Daylight,Straight,Level,703,Off Path-Straight: Left Off Cway Hit Obj,Off carriageway on straight hit object,E,0,0,0,1,1,1,0,0,0,0,0,0
358961,Medical treatment,2021,May,Sunday,0,Hit object,Single Vehicle,152.913632,-27.66768144,Springfield Lakes Blvd,Springfield Pky,Centenary Motorway (Yamanto - Ellen Grove),Springfield,Ipswich City,4300,Springfield,Ipswich,Southern,SEQ South,Metropolitan,Springfield,Springfield - Redbank,Ipswich,Major Cities,Jordan,Oxley,State-controlled,Intersection - Interchange,Give way sign,70 km/h,Sealed - Dry,Clear,Darkness - Lighted,Straight,Dip,703,Off Path-Straight: Left Off Cway Hit Obj,Off carriageway on straight hit object,N,0,0,2,0,2,1,0,0,0,0,0,0